[
    {
        "type": "message",
        "subtype": "channel_join",
        "ts": "1560350280.000200",
        "user": "UKAH5USAD",
        "text": "<@UKAH5USAD> has joined the channel"
    },
    {
        "client_msg_id": "b5111d42-ea2d-4bfb-9931-da74a9ab135c",
        "type": "message",
        "text": "Not familiar with Presto, I'll look into it; if there's anything we have to configure\/install, I probably can't use it",
        "user": "UKEJJEQ3H",
        "ts": "1560350493.000700",
        "team": "TC0C1HURK",
        "user_team": "TC0C1HURK",
        "source_team": "TC0C1HURK",
        "user_profile": {
            "avatar_hash": "g924bc014790",
            "image_72": "https:\/\/secure.gravatar.com\/avatar\/b924bc0147903cbd7a4506d7d26ab328.jpg?s=72&d=https%3A%2F%2Fa.slack-edge.com%2Fdf10d%2Fimg%2Favatars%2Fava_0025-72.png",
            "first_name": "",
            "real_name": "Kamran",
            "display_name": "Kamran",
            "team": "TC0C1HURK",
            "name": "kamran.ayub",
            "is_restricted": false,
            "is_ultra_restricted": false
        }
    },
    {
        "client_msg_id": "B5F9CA88-3249-4C6F-B2C0-FF23A22718CA",
        "type": "message",
        "text": "<@UKEJJEQ3H> Yep. It’ll require separate cluster in fact. Ok. Let’s stick with thrift driver then.",
        "user": "UC19HAUAK",
        "ts": "1560354867.001900",
        "team": "TC0C1HURK",
        "user_team": "TC0C1HURK",
        "source_team": "TC0C1HURK",
        "user_profile": {
            "avatar_hash": "066a042e018c",
            "image_72": "https:\/\/avatars.slack-edge.com\/2019-12-07\/866588520998_066a042e018ca831a195_72.png",
            "first_name": "Pavel",
            "real_name": "Pavel Tiunov",
            "display_name": "pavel",
            "team": "TC0C1HURK",
            "name": "pavel",
            "is_restricted": false,
            "is_ultra_restricted": false
        }
    },
    {
        "client_msg_id": "6e4f49b1-a898-4cae-8b69-e6ebd198ce5b",
        "type": "message",
        "text": "<@UKEJJEQ3H> <@UC19HAUAK> so just to be clear instead of using the JDBC driver directly we are going to use the node-thrift-hive package",
        "user": "UK1F7RL11",
        "ts": "1560400899.000700",
        "team": "TC0C1HURK",
        "user_team": "TC0C1HURK",
        "source_team": "TC0C1HURK",
        "user_profile": {
            "avatar_hash": "g8d6826e3477",
            "image_72": "https:\/\/secure.gravatar.com\/avatar\/b8d6826e347757b4a132f3a651b91ded.jpg?s=72&d=https%3A%2F%2Fa.slack-edge.com%2Fdf10d%2Fimg%2Favatars%2Fava_0014-72.png",
            "first_name": "",
            "real_name": "Ethan Mahintorabi",
            "display_name": "Ethan Mahintorabi",
            "team": "TC0C1HURK",
            "name": "emahintorabi",
            "is_restricted": false,
            "is_ultra_restricted": false
        }
    },
    {
        "client_msg_id": "C6F64E75-75B1-4D7D-94BB-BA22E9DCEA18",
        "type": "message",
        "text": "Yep. Right. I think it’ll the simplest approach.",
        "user": "UC19HAUAK",
        "ts": "1560401108.001500",
        "team": "TC0C1HURK",
        "user_team": "TC0C1HURK",
        "source_team": "TC0C1HURK",
        "user_profile": {
            "avatar_hash": "066a042e018c",
            "image_72": "https:\/\/avatars.slack-edge.com\/2019-12-07\/866588520998_066a042e018ca831a195_72.png",
            "first_name": "Pavel",
            "real_name": "Pavel Tiunov",
            "display_name": "pavel",
            "team": "TC0C1HURK",
            "name": "pavel",
            "is_restricted": false,
            "is_ultra_restricted": false
        }
    },
    {
        "client_msg_id": "f1a60cd4-851f-4c11-a093-bfd772dc12d9",
        "type": "message",
        "text": "Cool sounds good",
        "user": "UK1F7RL11",
        "ts": "1560401208.001700",
        "team": "TC0C1HURK",
        "user_team": "TC0C1HURK",
        "source_team": "TC0C1HURK",
        "user_profile": {
            "avatar_hash": "g8d6826e3477",
            "image_72": "https:\/\/secure.gravatar.com\/avatar\/b8d6826e347757b4a132f3a651b91ded.jpg?s=72&d=https%3A%2F%2Fa.slack-edge.com%2Fdf10d%2Fimg%2Favatars%2Fava_0014-72.png",
            "first_name": "",
            "real_name": "Ethan Mahintorabi",
            "display_name": "Ethan Mahintorabi",
            "team": "TC0C1HURK",
            "name": "emahintorabi",
            "is_restricted": false,
            "is_ultra_restricted": false
        }
    },
    {
        "client_msg_id": "fb60b676-01ef-4b96-b98a-d1c932f76c52",
        "type": "message",
        "text": "We likely should use <https:\/\/github.com\/imjuni\/jshs2> instead of the above as it is built specifically against HiveServer2 which seems to be the preferred implementation",
        "user": "UK1F7RL11",
        "ts": "1560401690.002400",
        "team": "TC0C1HURK",
        "user_team": "TC0C1HURK",
        "source_team": "TC0C1HURK",
        "user_profile": {
            "avatar_hash": "g8d6826e3477",
            "image_72": "https:\/\/secure.gravatar.com\/avatar\/b8d6826e347757b4a132f3a651b91ded.jpg?s=72&d=https%3A%2F%2Fa.slack-edge.com%2Fdf10d%2Fimg%2Favatars%2Fava_0014-72.png",
            "first_name": "",
            "real_name": "Ethan Mahintorabi",
            "display_name": "Ethan Mahintorabi",
            "team": "TC0C1HURK",
            "name": "emahintorabi",
            "is_restricted": false,
            "is_ultra_restricted": false
        },
        "attachments": [
            {
                "service_name": "GitHub",
                "title": "imjuni\/jshs2",
                "title_link": "https:\/\/github.com\/imjuni\/jshs2",
                "text": "jsHS2 is a node.js client driver for hive server 2 - imjuni\/jshs2",
                "fallback": "GitHub: imjuni\/jshs2",
                "thumb_url": "https:\/\/avatars1.githubusercontent.com\/u\/1166575?s=400&v=4",
                "from_url": "https:\/\/github.com\/imjuni\/jshs2",
                "thumb_width": 250,
                "thumb_height": 250,
                "service_icon": "https:\/\/a.slack-edge.com\/bfaba\/img\/unfurl_icons\/github.png",
                "id": 1,
                "original_url": "https:\/\/github.com\/imjuni\/jshs2"
            }
        ]
    },
    {
        "type": "message",
        "subtype": "channel_join",
        "ts": "1560401875.002700",
        "user": "UKH7JJZ2Q",
        "text": "<@UKH7JJZ2Q> has joined the channel"
    }
]