[
    {
        "client_msg_id": "d6fae895-6961-414a-a2c2-76e2cda33673",
        "type": "message",
        "text": "Hey <@USXQYTRTL>! You can hit two Cube.js queries and calculate difference on client side: one for 24th Jan to 30th and another one for 17th of Jan to 23rd of Jan. If you don't need to order on such comparison most of the times comparison is more client side operation rather than server side.",
        "user": "UC19HAUAK",
        "ts": "1580403934.007800",
        "team": "TC0C1HURK",
        "user_team": "TC0C1HURK",
        "source_team": "TC0C1HURK",
        "user_profile": {
            "avatar_hash": "066a042e018c",
            "image_72": "https:\/\/avatars.slack-edge.com\/2019-12-07\/866588520998_066a042e018ca831a195_72.png",
            "first_name": "Pavel",
            "real_name": "Pavel Tiunov",
            "display_name": "pavel",
            "team": "TC0C1HURK",
            "name": "pavel",
            "is_restricted": false,
            "is_ultra_restricted": false
        },
        "blocks": [
            {
                "type": "rich_text",
                "block_id": "Vnhoe",
                "elements": [
                    {
                        "type": "rich_text_section",
                        "elements": [
                            {
                                "type": "text",
                                "text": "Hey "
                            },
                            {
                                "type": "user",
                                "user_id": "USXQYTRTL"
                            },
                            {
                                "type": "text",
                                "text": "! You can hit two Cube.js queries and calculate difference on client side: one for 24th Jan to 30th and another one for 17th of Jan to 23rd of Jan. If you don't need to order on such comparison most of the times comparison is more client side operation rather than server side."
                            }
                        ]
                    }
                ]
            }
        ],
        "thread_ts": "1580368866.005100",
        "parent_user_id": "USXQYTRTL"
    }
]