[
    {
        "type": "message",
        "subtype": "channel_join",
        "ts": "1585228886.000200",
        "user": "U010W02L5JS",
        "text": "<@U010W02L5JS> has joined the channel"
    },
    {
        "client_msg_id": "e6377a10-04c2-4c80-b178-e1e6dfb6723c",
        "type": "message",
        "text": "Hi all.",
        "user": "U010W02L5JS",
        "ts": "1585228899.000500",
        "team": "TC0C1HURK",
        "user_team": "TC0C1HURK",
        "source_team": "TC0C1HURK",
        "user_profile": {
            "avatar_hash": "g710f03e7ede",
            "image_72": "https:\/\/secure.gravatar.com\/avatar\/710f03e7edeb0de922a2c5351f5fef96.jpg?s=72&d=https%3A%2F%2Fa.slack-edge.com%2Fdf10d%2Fimg%2Favatars%2Fava_0000-72.png",
            "first_name": "",
            "real_name": "Edré Quintão Moreira",
            "display_name": "Edré Quintão Moreira",
            "team": "TC0C1HURK",
            "name": "edreqm",
            "is_restricted": false,
            "is_ultra_restricted": false
        },
        "blocks": [
            {
                "type": "rich_text",
                "block_id": "ZL0gI",
                "elements": [
                    {
                        "type": "rich_text_section",
                        "elements": [
                            {
                                "type": "text",
                                "text": "Hi all."
                            }
                        ]
                    }
                ]
            }
        ]
    },
    {
        "client_msg_id": "a56e5562-913f-4bbf-84e1-941cc392a256",
        "type": "message",
        "text": "I'm trying to use cubejs with hive, but I'm getting the following error",
        "user": "U010W02L5JS",
        "ts": "1585228930.001200",
        "team": "TC0C1HURK",
        "user_team": "TC0C1HURK",
        "source_team": "TC0C1HURK",
        "user_profile": {
            "avatar_hash": "g710f03e7ede",
            "image_72": "https:\/\/secure.gravatar.com\/avatar\/710f03e7edeb0de922a2c5351f5fef96.jpg?s=72&d=https%3A%2F%2Fa.slack-edge.com%2Fdf10d%2Fimg%2Favatars%2Fava_0000-72.png",
            "first_name": "",
            "real_name": "Edré Quintão Moreira",
            "display_name": "Edré Quintão Moreira",
            "team": "TC0C1HURK",
            "name": "edreqm",
            "is_restricted": false,
            "is_ultra_restricted": false
        },
        "blocks": [
            {
                "type": "rich_text",
                "block_id": "zpQzL",
                "elements": [
                    {
                        "type": "rich_text_section",
                        "elements": [
                            {
                                "type": "text",
                                "text": "I'm trying to use cubejs with hive, but I'm getting the following error"
                            }
                        ]
                    }
                ]
            }
        ]
    },
    {
        "client_msg_id": "90c74c9d-0f91-45c4-92cc-5ed2e90d857c",
        "type": "message",
        "text": "When issuing cubejs create sigep_hive -d hive",
        "user": "U010W02L5JS",
        "ts": "1585228964.001500",
        "team": "TC0C1HURK",
        "user_team": "TC0C1HURK",
        "source_team": "TC0C1HURK",
        "user_profile": {
            "avatar_hash": "g710f03e7ede",
            "image_72": "https:\/\/secure.gravatar.com\/avatar\/710f03e7edeb0de922a2c5351f5fef96.jpg?s=72&d=https%3A%2F%2Fa.slack-edge.com%2Fdf10d%2Fimg%2Favatars%2Fava_0000-72.png",
            "first_name": "",
            "real_name": "Edré Quintão Moreira",
            "display_name": "Edré Quintão Moreira",
            "team": "TC0C1HURK",
            "name": "edreqm",
            "is_restricted": false,
            "is_ultra_restricted": false
        },
        "blocks": [
            {
                "type": "rich_text",
                "block_id": "8=v",
                "elements": [
                    {
                        "type": "rich_text_section",
                        "elements": [
                            {
                                "type": "text",
                                "text": "When issuing cubejs create sigep_hive -d hive"
                            }
                        ]
                    }
                ]
            }
        ]
    },
    {
        "client_msg_id": "2b179ae3-432e-4f33-8540-6956bdd31715",
        "type": "message",
        "text": "Cube.js Error ---------------------------------------\n\nError: Cannot find module 'thrift'\n    at Function.Module._resolveFilename (internal\/modules\/cjs\/loader.js:668:15)\n    at Function.Module._load (internal\/modules\/cjs\/loader.js:591:27)\n    at Module.require (internal\/modules\/cjs\/loader.js:723:19)\n    at require (internal\/modules\/cjs\/helpers.js:14:16)\n    at Object.&lt;anonymous&gt; (\/root\/sigep_hive\/node_modules\/@cubejs-backend\/hive-driver\/driver\/TSaslTransport.js:1:16)\n    at Module._compile (internal\/modules\/cjs\/loader.js:816:30)\n    at Object.Module._extensions..js (internal\/modules\/cjs\/loader.js:827:10)\n    at Module.load (internal\/modules\/cjs\/loader.js:685:32)\n    at Function.Module._load (internal\/modules\/cjs\/loader.js:620:12)\n    at Module.require (internal\/modules\/cjs\/loader.js:723:19)",
        "user": "U010W02L5JS",
        "ts": "1585228977.001700",
        "team": "TC0C1HURK",
        "user_team": "TC0C1HURK",
        "source_team": "TC0C1HURK",
        "user_profile": {
            "avatar_hash": "g710f03e7ede",
            "image_72": "https:\/\/secure.gravatar.com\/avatar\/710f03e7edeb0de922a2c5351f5fef96.jpg?s=72&d=https%3A%2F%2Fa.slack-edge.com%2Fdf10d%2Fimg%2Favatars%2Fava_0000-72.png",
            "first_name": "",
            "real_name": "Edré Quintão Moreira",
            "display_name": "Edré Quintão Moreira",
            "team": "TC0C1HURK",
            "name": "edreqm",
            "is_restricted": false,
            "is_ultra_restricted": false
        },
        "blocks": [
            {
                "type": "rich_text",
                "block_id": "PpY",
                "elements": [
                    {
                        "type": "rich_text_section",
                        "elements": [
                            {
                                "type": "text",
                                "text": "Cube.js Error ---------------------------------------\n\nError: Cannot find module 'thrift'\n    at Function.Module._resolveFilename (internal\/modules\/cjs\/loader.js:668:15)\n    at Function.Module._load (internal\/modules\/cjs\/loader.js:591:27)\n    at Module.require (internal\/modules\/cjs\/loader.js:723:19)\n    at require (internal\/modules\/cjs\/helpers.js:14:16)\n    at Object.<anonymous> (\/root\/sigep_hive\/node_modules\/@cubejs-backend\/hive-driver\/driver\/TSaslTransport.js:1:16)\n    at Module._compile (internal\/modules\/cjs\/loader.js:816:30)\n    at Object.Module._extensions..js (internal\/modules\/cjs\/loader.js:827:10)\n    at Module.load (internal\/modules\/cjs\/loader.js:685:32)\n    at Function.Module._load (internal\/modules\/cjs\/loader.js:620:12)\n    at Module.require (internal\/modules\/cjs\/loader.js:723:19)"
                            }
                        ]
                    }
                ]
            }
        ],
        "thread_ts": "1585228977.001700",
        "reply_count": 2,
        "reply_users_count": 2,
        "latest_reply": "1585306508.003900",
        "reply_users": [
            "UC19HAUAK",
            "U010W02L5JS"
        ],
        "replies": [
            {
                "user": "UC19HAUAK",
                "ts": "1585253006.003700"
            },
            {
                "user": "U010W02L5JS",
                "ts": "1585306508.003900"
            }
        ],
        "subscribed": false
    },
    {
        "client_msg_id": "95a5f167-7c90-46fa-8d63-7c2dd445130b",
        "type": "message",
        "text": "I can see thrift module in node_modules folder under sigep_hive project folder",
        "user": "U010W02L5JS",
        "ts": "1585229093.002600",
        "team": "TC0C1HURK",
        "user_team": "TC0C1HURK",
        "source_team": "TC0C1HURK",
        "user_profile": {
            "avatar_hash": "g710f03e7ede",
            "image_72": "https:\/\/secure.gravatar.com\/avatar\/710f03e7edeb0de922a2c5351f5fef96.jpg?s=72&d=https%3A%2F%2Fa.slack-edge.com%2Fdf10d%2Fimg%2Favatars%2Fava_0000-72.png",
            "first_name": "",
            "real_name": "Edré Quintão Moreira",
            "display_name": "Edré Quintão Moreira",
            "team": "TC0C1HURK",
            "name": "edreqm",
            "is_restricted": false,
            "is_ultra_restricted": false
        },
        "blocks": [
            {
                "type": "rich_text",
                "block_id": "UWb",
                "elements": [
                    {
                        "type": "rich_text_section",
                        "elements": [
                            {
                                "type": "text",
                                "text": "I can see thrift module in node_modules folder under sigep_hive project folder"
                            }
                        ]
                    }
                ]
            }
        ]
    },
    {
        "client_msg_id": "ff79980b-426f-4392-84cb-1080c7b4863e",
        "type": "message",
        "text": "Could you give me some hint?",
        "user": "U010W02L5JS",
        "ts": "1585229113.003100",
        "team": "TC0C1HURK",
        "user_team": "TC0C1HURK",
        "source_team": "TC0C1HURK",
        "user_profile": {
            "avatar_hash": "g710f03e7ede",
            "image_72": "https:\/\/secure.gravatar.com\/avatar\/710f03e7edeb0de922a2c5351f5fef96.jpg?s=72&d=https%3A%2F%2Fa.slack-edge.com%2Fdf10d%2Fimg%2Favatars%2Fava_0000-72.png",
            "first_name": "",
            "real_name": "Edré Quintão Moreira",
            "display_name": "Edré Quintão Moreira",
            "team": "TC0C1HURK",
            "name": "edreqm",
            "is_restricted": false,
            "is_ultra_restricted": false
        },
        "blocks": [
            {
                "type": "rich_text",
                "block_id": "BCA",
                "elements": [
                    {
                        "type": "rich_text_section",
                        "elements": [
                            {
                                "type": "text",
                                "text": "Could you give me some hint?"
                            }
                        ]
                    }
                ]
            }
        ]
    },
    {
        "client_msg_id": "3b992c9e-0e6f-4e7d-b4ff-f2790339f3e1",
        "type": "message",
        "text": "Hey <@U010W02L5JS>! Seems like something is broken. Could you please post an issue on github? Thanks!",
        "user": "UC19HAUAK",
        "ts": "1585253006.003700",
        "team": "TC0C1HURK",
        "user_team": "TC0C1HURK",
        "source_team": "TC0C1HURK",
        "user_profile": {
            "avatar_hash": "066a042e018c",
            "image_72": "https:\/\/avatars.slack-edge.com\/2019-12-07\/866588520998_066a042e018ca831a195_72.png",
            "first_name": "Pavel",
            "real_name": "Pavel Tiunov",
            "display_name": "pavel",
            "team": "TC0C1HURK",
            "name": "pavel",
            "is_restricted": false,
            "is_ultra_restricted": false
        },
        "blocks": [
            {
                "type": "rich_text",
                "block_id": "+JUL",
                "elements": [
                    {
                        "type": "rich_text_section",
                        "elements": [
                            {
                                "type": "text",
                                "text": "Hey "
                            },
                            {
                                "type": "user",
                                "user_id": "U010W02L5JS"
                            },
                            {
                                "type": "text",
                                "text": "! Seems like something is broken. Could you please post an issue on github? Thanks!"
                            }
                        ]
                    }
                ]
            }
        ],
        "thread_ts": "1585228977.001700",
        "parent_user_id": "U010W02L5JS"
    }
]