[
{
    "id": "CC0403RRR",
    "name": "general",
    "created": 1533058722,
    "creator": "UC1HAFW4E",
    "is_archived": false,
    "is_general": true,
    "members": [
        "UC19C212B",
        "UC19HAUAK",
        "UC1HAFW4E",
        "UC71GHPGR",
        "UC7E9GL11",
        "UC7EAD3DH",
        "UC7JX5RL2",
        "UC7T6UPQU",
        "UC7TSHQ91",
        "UC8LKK4A3",
        "UC8UPFF9U",
        "UC94LAVK9",
        "UC9STP1R7",
        "UCA24KNG2",
        "UCABJN1PG",
        "UCBFA92UA",
        "UCBJXNJ2E",
        "UCBNANWUR",
        "UCFC74XAS",
        "UCJBGE8TZ",
        "UCM677UGL",
        "UCN94HRPX",
        "UCNAJKV1D",
        "UCUU5UJH5",
        "UCYL5AVB8",
        "UD40K6GQG",
        "UD788H0KH",
        "UD98EJUD6",
        "UDBTS996C",
        "UDG3577QC",
        "UDLKMUH6G",
        "UDMLY6PUP",
        "UDS7RN4CU",
        "UE0EYV1G8",
        "UE49XKC4E",
        "UE61M8543",
        "UEASA3CUR",
        "UEB9MTL67",
        "UELJM5JMB",
        "UEMHKGZ53",
        "UFJHS83H9",
        "UFM9P48TA",
        "UFZJS8QHZ",
        "UG2L635U6",
        "UG8899M52",
        "UG8FM1Z8C",
        "UGBADBR9Q",
        "UGDAQ2S7K",
        "UGE7PAEAX",
        "UGGHWRXDF",
        "UGPBPKVLM",
        "UGTH2HHCH",
        "UGTPGFY4R",
        "UGYK0PEAG",
        "UGYPBQEL9",
        "UGZNFN490",
        "UH2NRL2HK",
        "UH37MMQBT",
        "UH4A7DSSU",
        "UH4G70RRU",
        "UH5LKTZBP",
        "UH67D9D8D",
        "UH6SQ6G9F",
        "UHALE8892",
        "UHC7QP54G",
        "UHDHBCUN4",
        "UHDMV5066",
        "UHEMDJPRS",
        "UHETZ5RS4",
        "UHF3XMGMS",
        "UHFA9V257",
        "UHFH97PPG",
        "UHFVDF8MU",
        "UHG0GJ4EQ",
        "UHGA051PW",
        "UHGHVP4JJ",
        "UHGPDKXRD",
        "UHH4BFNAJ",
        "UHHB5NL4C",
        "UHHD6AU7J",
        "UHJ32L4BV",
        "UHJKS9V0F",
        "UHKB88WF2",
        "UHKC635M3",
        "UHKEUV8P2",
        "UHKRVAZ1Q",
        "UHKS938G0",
        "UHL39QR32",
        "UHL401CN9",
        "UHLT3HETT",
        "UHMQFBCG4",
        "UHNC7LHFT",
        "UHPMTHTV0",
        "UHPSJV7GB",
        "UHQ3NBPA5",
        "UHR3ZFQCU",
        "UHRJBT2G6",
        "UHRMWTYN4",
        "UHS8U57RN",
        "UHSA7MJ1L",
        "UHSQGTJD8",
        "UHT5D121W",
        "UHTBRSSHF",
        "UHU8BF69G",
        "UHVGT8M6D",
        "UHVRE18LE",
        "UHW2Q9X8F",
        "UHXG7KV8S",
        "UHY0GJ86R",
        "UHY71LFNJ",
        "UJ05Q4QAJ",
        "UJ0P225EY",
        "UJ0TZSN6M",
        "UJ15TF24T",
        "UJ1D1PPTJ",
        "UJ1FZS4DU",
        "UJ1NFMJP5",
        "UJ2RF6LH1",
        "UJ3CLMK0V",
        "UJ3JP38LW",
        "UJ3MJLA9M",
        "UJ3UK05QW",
        "UJ41NS248",
        "UJ4533JGJ",
        "UJ4S3SU2X",
        "UJ56MQ9MX",
        "UJ5RZ4ZSS",
        "UJ6P3SMR6",
        "UJ6RS0V8F",
        "UJ75LTC2C",
        "UJ76WE3DX",
        "UJ85DC00N",
        "UJ8CA96D7",
        "UJ90AE34G",
        "UJ95XL2DV",
        "UJ9AT9XRU",
        "UJ9QV8CQ5",
        "UJA6FGGMD",
        "UJA7SPG74",
        "UJBP5CL6M",
        "UJG7QJ8T1",
        "UJGUVF2KW",
        "UJHFG9NDR",
        "UJJ86TRDY",
        "UJJLK7H0S",
        "UJK8Y0340",
        "UJM2VEWNR",
        "UJM86U9R9",
        "UJMAQCB51",
        "UJME8FKMH",
        "UJMPFB483",
        "UJN2CL44X",
        "UJNA3Q70V",
        "UJPF5SW5Q",
        "UJQDGHP7Y",
        "UJQPXES8H",
        "UJR7GK49H",
        "UJRQPSC9X",
        "UJS8236A3",
        "UJSSJC97D",
        "UJSSVBFN3",
        "UJTB6DZRA",
        "UJTD1QWSY",
        "UJX9GQBPE",
        "UJXANJSSF",
        "UJYERCNKH",
        "UJZ0V8F2T",
        "UJZ19647J",
        "UK0J91LJY",
        "UK0SBG571",
        "UK1F7RL11",
        "UK21MCXBL",
        "UK2N66877",
        "UK2UV0FV5",
        "UK332KZGS",
        "UK3MR5VSN",
        "UK45B3Q4C",
        "UK4QNSFC1",
        "UK4R4RA5R",
        "UK58ZFS7P",
        "UK5EM8BGQ",
        "UK67F8EDA",
        "UK7U7HQ87",
        "UK83Z2H1A",
        "UK84KD7G8",
        "UK8CKP6P7",
        "UK8EJNUKD",
        "UKA6H6Y0H",
        "UKAH5USAD",
        "UKBDPAAKD",
        "UKC1J432M",
        "UKEJJEQ3H",
        "UKEMEL2HY",
        "UKFHYDUFL",
        "UKG59BH45",
        "UKGD31P5Z",
        "UKGDS7RV4",
        "UKH2C8GMN",
        "UKH7JJZ2Q",
        "UKHJNDZQE",
        "UKK1AAZMK",
        "UKKG6Q86L",
        "UKL6WGC9G",
        "UKLQBHPHA",
        "UKNF0LQRL",
        "UKP3H604E",
        "UKRCUB9RR",
        "UKST6T6JH",
        "UKSVBSG3U",
        "UKT09QM7X",
        "UKT9PB596",
        "UKTCNMLSE",
        "UKTK99SDR",
        "UKU24LXL4",
        "UKVHP82SU",
        "UKVSA2JC9",
        "UKWASUNKS",
        "UKWGYV4TC",
        "UKWV28073",
        "UKX9L6CG5",
        "UKXAJENN5",
        "UKXB016SW",
        "UKXBC6TE2",
        "UKXGH8FUM",
        "UKY1AQX3J",
        "UKY44V4CE",
        "UKYJWAJS2",
        "UKYTM0KR7",
        "UKZHXS0AH",
        "UL00NAZGT",
        "UL0PMG3FE",
        "UL11RBELD",
        "UL1SUNULA",
        "UL28231ED",
        "UL2DNMNEQ",
        "UL2EQBWD7",
        "UL2GYF459",
        "UL35B6XK5",
        "UL35JNLUF",
        "UL37K4MB7",
        "UL3D8HSRF",
        "UL3L762BG",
        "UL3PZBD3J",
        "UL55T8A72",
        "UL620NYV9",
        "UL632738U",
        "UL73F65HA",
        "UL9C3UVD3",
        "UL9G540H2",
        "UL9HE2K0R",
        "UL9MWTJF2",
        "ULB1NFX0V",
        "ULCBM0GBA",
        "ULCEHBS59",
        "ULCPXF2CB",
        "ULCRK5PSN",
        "ULD1RCPFF",
        "ULDEXPA1G",
        "ULDT4B9FX",
        "ULE87CNA2",
        "ULECJT1S7",
        "ULEK2DV7G",
        "ULFB9TWCT",
        "ULFQND459",
        "ULG2S8NM6",
        "ULG6G5KAB",
        "ULGLFSNRX",
        "ULGVDKU7L",
        "ULH1HNPLM",
        "ULH6TNBKK",
        "ULH8DV8BD",
        "ULH8L3UCR",
        "ULHTL11V1",
        "ULJQHKNM8",
        "ULJQU1JCT",
        "ULJU7TD7G",
        "ULKS069JN",
        "ULL8V11C4",
        "ULLM6V5HT",
        "ULLP60HRN",
        "ULLPRUW3X",
        "ULLQLCCNS",
        "ULLTVDLCS",
        "ULM2WD0P9",
        "ULMJR3QJK",
        "ULN0RBCDD",
        "ULNEJ0Q81",
        "ULNN7DJ7N",
        "ULP24NSBF",
        "ULP6CETBJ",
        "ULPK5SZ0C",
        "ULPLM3LQM",
        "ULQ0RJ3EW",
        "ULQ4BRGMB",
        "ULQ4DEKB4",
        "ULQA7DTK7",
        "ULQASRJ69",
        "ULQPDCUAY",
        "ULQQN8YR3",
        "ULQV705HU",
        "ULR4DGU72",
        "ULR560R26",
        "ULRG4RP9U",
        "ULRH69NMV",
        "ULRN81BK8",
        "ULS3J5P7G",
        "ULS7RU8JJ",
        "ULS90CSDT",
        "ULSPWBW9X",
        "ULTJER3SM",
        "ULUAP9SKE",
        "ULUJYRSSU",
        "ULUUPCA66",
        "ULV2QH49X",
        "ULV6BHT52",
        "ULVJ9CTQF",
        "ULVL94V9S",
        "ULVNXR6SV",
        "ULVS51LJD",
        "ULW6JPWB0",
        "ULW9YLHUK",
        "ULWBMQHMW",
        "ULWH8PQH0",
        "ULWJ3UNF2",
        "ULX9JD70T",
        "ULXNUCNG2",
        "ULYDMPK6F",
        "ULYSE8ZM2",
        "ULYSWFRS5",
        "ULZ5FD6QL",
        "ULZ7VN2TU",
        "ULZ7WUMT7",
        "ULZKZPYMS",
        "ULZLZUTC1",
        "UM0J6NE12",
        "UM1PT4VB9",
        "UM2428T70",
        "UM242SM41",
        "UM28YB5NV",
        "UM2EZ85K4",
        "UM2QXLJ4D",
        "UM2TRT7FZ",
        "UM3310PGE",
        "UM36MSEKZ",
        "UM3B0S347",
        "UM3DF2A84",
        "UM3KS53HC",
        "UM3N7459Q",
        "UM3QHLT71",
        "UM3R18RFS",
        "UM4GGJFJA",
        "UM4TAUUDQ",
        "UM5ASQTED",
        "UM5HUC69M",
        "UM5KMD5B2",
        "UM623SC4W",
        "UM69ZG4AE",
        "UM6C4SXC0",
        "UM6MG2JDV",
        "UM6S412UF",
        "UM7PN9074",
        "UM8QWTK61",
        "UM8V4J55H",
        "UMAJ8RGKY",
        "UMBDLVA2C",
        "UMC0S2PUL",
        "UMCJC91PC",
        "UMD26AWDN",
        "UMDCERJTY",
        "UMDFY78HY",
        "UMDJCKP29",
        "UMDS6RSKV",
        "UMDUMK5UZ",
        "UME00G66T",
        "UME1DNNQ6",
        "UMEBJ3NV6",
        "UMFHGUY4W",
        "UMFQ7A36V",
        "UMH9ES2JX",
        "UMHQ5S63H",
        "UMHUQ1KGF",
        "UMJE2GS3U",
        "UMK0L8D8V",
        "UMKG504KH",
        "UML085DNJ",
        "UML2Y5ACC",
        "UML9DAGV8",
        "UMMH1HS92",
        "UMPFGMFH7",
        "UMPH2AMPA",
        "UMR5XCNH4",
        "UMR8AV7UH",
        "UMRC45GGP",
        "UMRHBT3L3",
        "UMS151GM8",
        "UMSN828BC",
        "UMT4WQGLR",
        "UMTK1S8QK",
        "UMU7UA9K2",
        "UMUCC37HV",
        "UMUG604NA",
        "UMV2KD9C6",
        "UMX06V3T9",
        "UMX0HBYMQ",
        "UMX3G8F6D",
        "UMX9A7HU6",
        "UMXN4PG83",
        "UMZ54JPU4",
        "UMZGSKQCU",
        "UMZSRTKC0",
        "UMZU3K3EF",
        "UN01SQ3RD",
        "UN02S87FV",
        "UN02WL8TS",
        "UN0AP6RBL",
        "UN0PB4C4F",
        "UN15WL4FQ",
        "UN1C0PFAP",
        "UN1RCJCPM",
        "UN1TLSM55",
        "UN2BM4F4P",
        "UN2DC1W9J",
        "UN3D16N79",
        "UN3H8C2CE",
        "UN3QHAMKK",
        "UN3S8RZK5",
        "UN4BL6KFS",
        "UN4NRMGTB",
        "UN4SEMF7D",
        "UN54558DC",
        "UN5AK4ECD",
        "UN5B03DNV",
        "UN6GVG1A9",
        "UN6LL6MPA",
        "UN6V18ECR",
        "UN90TGGR1",
        "UN980H6VA",
        "UN9MWF6CD",
        "UN9U4C4KC",
        "UNAEN8C7M",
        "UNAQ4G7T6",
        "UNASQ3Y8J",
        "UNC08TFDL",
        "UNCLKM4QY",
        "UNCSGGWAJ",
        "UND812W3B",
        "UNE1YNPDW",
        "UNE429Q84",
        "UNEF6LJTX",
        "UNEK448HE",
        "UNG0X28UE",
        "UNG4HTP42",
        "UNGJV3A6B",
        "UNGKLPM7E",
        "UNH5WL410",
        "UNHS5GGUT",
        "UNJ2L7W06",
        "UNKDXKPC7",
        "UNL89TDNY",
        "UNMG5P741",
        "UNNHL4Z6U",
        "UNP46FSN5",
        "UNQNF1YDU",
        "UNQS6LQCT",
        "UNRB9U6UU",
        "UNRPVF7FF",
        "UNS4PKYAK",
        "UNS7GP49J",
        "UNSLB7K09",
        "UNTMP63GD",
        "UNTN6EU74",
        "UNU3YG7C5",
        "UNV7UKBNH",
        "UNW9K3AF9",
        "UNWK0JSFQ",
        "UNX4MS1GX",
        "UNXNHGG2K",
        "UNY1C5JM6",
        "UNYA5NJTX",
        "UNYLRQ267",
        "UNYV5AZG8",
        "UNZ15P020",
        "UNZ620Z4H",
        "UNZ86KYEL",
        "UNZA6F8NL",
        "UP0ABHA81",
        "UP0E0A70B",
        "UP16045AS",
        "UP167GRA5",
        "UP21U9PUK",
        "UP29ZFHT9",
        "UP2CML8AY",
        "UP3M722MA",
        "UP4561Q6L",
        "UP4FTFUP2",
        "UP4MNBT4G",
        "UP52BU1S6",
        "UP5BEA40P",
        "UP5Q2A9V5",
        "UP616PFTP",
        "UP6BGTZ5H",
        "UP6KG3BGX",
        "UP79PCJDT",
        "UP8DG377D",
        "UP8T6DGE4",
        "UP989NGJV",
        "UP9LGMPMG",
        "UP9N92560",
        "UPA6LLEHJ",
        "UPAA755JL",
        "UPASZKJR2",
        "UPBBAHVE1",
        "UPBM9B29W",
        "UPCFRBA9K",
        "UPD2K66P9",
        "UPDLD3V6U",
        "UPEFA6QGH",
        "UPEQW062W",
        "UPF3UV0MR",
        "UPF8P3E0J",
        "UPFTFG350",
        "UPGGHD4A3",
        "UPHBP8YFN",
        "UPHBP951S",
        "UPHRBAML0",
        "UPHRKCPT7",
        "UPHRKDZLM",
        "UPJ3K203Y",
        "UPJ417N0K",
        "UPKB42N5T",
        "UPKHQH43E",
        "UPKM4B8H5",
        "UPKM4CTAT",
        "UPKM4DA0P",
        "UPKM4DQGP",
        "UPKSBFU7J",
        "UPL22EUNA",
        "UPL22FP54",
        "UPL22GFNJ",
        "UPLMQSG48",
        "UPM8FP68Y",
        "UPMRZ9Q07",
        "UPNBBLNSU",
        "UPPA22945",
        "UPPFM9H8A",
        "UPPGHRGTS",
        "UPPP4JEKV",
        "UPQM34ZFV",
        "UPRBHJE7R",
        "UPS8CRVGX",
        "UPS93LQ03",
        "UPSP5H9S4",
        "UPUA0U3L2",
        "UPUD48K4N",
        "UPUMBCFC3",
        "UPUNMS6KC",
        "UPUPY239B",
        "UPVKTTUUQ",
        "UPVLHKW83",
        "UPW29Q6CX",
        "UPW7J382E",
        "UPX004PC0",
        "UPX50LC80",
        "UPXE0D3J7",
        "UPXHE1NN7",
        "UPXQG897A",
        "UPYHEPA57",
        "UPZA6MQ2Y",
        "UPZHDUWAV",
        "UQ0EBDZB5",
        "UQ0G48L6B",
        "UQ0MZRJ6A",
        "UQ141PSLS",
        "UQ1HDUUPK",
        "UQ24BH6KD",
        "UQ2Q2QU20",
        "UQ2Q78L1H",
        "UQ360Q5R8",
        "UQ366VA3Y",
        "UQ3AX70KU",
        "UQ4KQDL0H",
        "UQ59E1LHL",
        "UQ601D56D",
        "UQ651K1DL",
        "UQ7S1JJUB",
        "UQ81SK2HG",
        "UQ84LAWPN",
        "UQ8BRS8KG",
        "UQ8RH3A2J",
        "UQ8TJEKM0",
        "UQ9AK1AQ5",
        "UQ9EWJ1MY",
        "UQ9U67E0P",
        "UQA17J8P8",
        "UQA5R9BRS",
        "UQAKA3ALD",
        "UQBBVCN4F",
        "UQCC0K0SF",
        "UQCMY1666",
        "UQCV9TEDA",
        "UQD4RMQG4",
        "UQDSKQQUV",
        "UQEFARP0T",
        "UQEHACADT",
        "UQF514ZV4",
        "UQG0HFCEP",
        "UQGD5FYNT",
        "UQGF0N4FM",
        "UQGJ9D27J",
        "UQGV2A823",
        "UQH6TR8MC",
        "UQHJXP9D0",
        "UQHNVECQJ",
        "UQJB2AU1G",
        "UQJD38Q3S",
        "UQJDJT6KD",
        "UQJE1G71C",
        "UQJL4PF0F",
        "UQK150XS7",
        "UQK6HPNH2",
        "UQK8YMABU",
        "UQKACSF40",
        "UQKBAHJ67",
        "UQKEWJK1A",
        "UQKRDNV7G",
        "UQL6SMC4W",
        "UQLBFNXNX",
        "UQLQWACC8",
        "UQM1MNFA4",
        "UQM78QP25",
        "UQMAZRACC",
        "UQMD7FR5J",
        "UQMGE6U78",
        "UQMH9AE84",
        "UQMMPL35E",
        "UQNJD7XH7",
        "UQNSAGENP",
        "UQP3MP82F",
        "UQP49FPCK",
        "UQPTF988P",
        "UQQ3ARF7U",
        "UQQ6Y06CD",
        "UQQF6NA8J",
        "UQQJ4BZ5H",
        "UQR84T89X",
        "UQR9ZRM4L",
        "UQRSHNCLV",
        "UQS5YC2J2",
        "UQSSWBJ10",
        "UQSUSGP0T",
        "UQTA06QTE",
        "UQU8M69AQ",
        "UQUEVA204",
        "UQURU00NR",
        "UQV6M4P47",
        "UQV98J5M1",
        "UQVGN8Y57",
        "UQVM4NG23",
        "UQVPFH0UW",
        "UQW0JHP70",
        "UQW1SQ2TG",
        "UQW6NACLX",
        "UQW9W26BU",
        "UQWD475TP",
        "UQWN4PJBV",
        "UQWSC57EC",
        "UQX3B7ZB8",
        "UQX83008P",
        "UQX86SZDK",
        "UQXC1HK5L",
        "UQXLY5PG8",
        "UQXMG0VEK",
        "UQY1NA0HK",
        "UQYEFNEHE",
        "UQYHJ0EJK",
        "UQZDYF0SC",
        "UQZF9SYN5",
        "UQZL3B3M3",
        "UQZRJ3MNK",
        "UR0DYBE0L",
        "UR0RYDR8C",
        "UR1A9AX0C",
        "UR1MPEEQG",
        "UR1SYKTEH",
        "UR1U1PDE3",
        "UR1UB1VT4",
        "UR2CUS9GW",
        "UR2PX81KK",
        "UR3S8JEAF",
        "UR489KJD9",
        "UR4TR9SDU",
        "UR5AT51EC",
        "UR5BR950A",
        "UR5DKKVSL",
        "UR5S0AA7P",
        "UR6FK76QZ",
        "UR6HB89TP",
        "UR6UVR127",
        "UR727M4F8",
        "UR7Q7PHHQ",
        "UR81FDRFG",
        "UR8ME5LMP",
        "UR8TS3HE1",
        "UR9NNS4DU",
        "URA5SANG4",
        "URAABKG2F",
        "URAG2MHE0",
        "URAJMA4QG",
        "URALZ1C4Q",
        "URB6CKPFA",
        "URB7050JH",
        "URBKT66FQ",
        "URBNT4XL6",
        "URBTBKN58",
        "URC8H0F6X",
        "URCC6QY4S",
        "UREJVR2KD",
        "URF3S7V39",
        "URFD017QE",
        "URFSRGEG3",
        "URFU2R6DQ",
        "URG03MR27",
        "URG2GJK71",
        "URG4R09NG",
        "URG4R0YJJ",
        "URGHRJJB1",
        "URGLMT9GB",
        "URGUA7SEB",
        "URH94TDEH",
        "URH9SEDAM",
        "URHM1THNW",
        "URHSRMJV6",
        "URHU39U3Y",
        "URJ0M34J0",
        "URKQXTDM1",
        "URL3MQELE",
        "URLH3MHK2",
        "URLT2LVRP",
        "URM0JU3CL",
        "URMKQ304A",
        "URMP07X97",
        "URMU200HE",
        "URN0VH51D",
        "URN3FHKME",
        "URN9UN056",
        "URNFV6VHB",
        "URNPCKLH4",
        "URNV62SDA",
        "URPFW0AP2",
        "URPMR2FLM",
        "URQ5S6U02",
        "URQ8ZMX29",
        "URQNVJPGF",
        "URRK6323B",
        "URRU0GD4J",
        "URS6PE0MQ",
        "URSF63ZNF",
        "URSFP8CBD",
        "URT1V5350",
        "URT7BJJSJ",
        "URTNUT3C3",
        "URUGEUG0Z",
        "URUKHM4N5",
        "URUTC0H0W",
        "URUV2HBJ6",
        "URV8FG2MA",
        "URVLHBHGB",
        "URVM9SVB7",
        "URVS57H6F",
        "URW1FT2EL",
        "URWGMP163",
        "URWU7G0RE",
        "URXL86PRQ",
        "URXP9CK3R",
        "URXSH6H42",
        "URZ0U9E7J",
        "URZCSMKAT",
        "URZCZGJGN",
        "US03ZTVJR",
        "US0A3QCCR",
        "US0E1BW8L",
        "US13HLU31",
        "US1P711C1",
        "US22Z071B",
        "US2C4LFEH",
        "US2CSTXUY",
        "US2P41EH2",
        "US2QZPAB1",
        "US3D288R5",
        "US4UTTC64",
        "US4VC7BTJ",
        "US55KHYAZ",
        "US5K3DL4A",
        "US616TPC6",
        "US6AV32CF",
        "US6JL71ME",
        "US6S2E478",
        "US77SBYBC",
        "US83C5HMW",
        "US84FE02C",
        "US8NKHYQH",
        "USA7N6V6K",
        "USAL7E9DY",
        "USB7UST5X",
        "USBA57V0T",
        "USBBZ6PEU",
        "USBR6LU6B",
        "USBSVG0SD",
        "USC8SN737",
        "USC9KPSKZ",
        "USD0PSMLL",
        "USD27ACHF",
        "USDM56VGR",
        "USDPYHAGJ",
        "USE3AUW8Y",
        "USE61H70W",
        "USE7692PQ",
        "USEEL1AHZ",
        "USEQ85Y4C",
        "USF0LE2AD",
        "USFBL20FR",
        "USG2AM893",
        "USG991QKG",
        "USGF5A9QR",
        "USGKTP2RJ",
        "USH12HLJE",
        "USHA8M534",
        "USHS8SNHM",
        "USJ26LCPM",
        "USJD46HAR",
        "USL2PGEAW",
        "USL9RKV45",
        "USLT0KMQW",
        "USLT17EAE",
        "USME20PJ7",
        "USML0LHNE",
        "USMM7QR7G",
        "USN3Q5B4N",
        "USNEMF89E",
        "USNQT8R7D",
        "USPAK7RTL",
        "USPAPAU9K",
        "USPD75XSS",
        "USPDB0275",
        "USPNT9DU2",
        "USQ4S7KTP",
        "USR0LTS9J",
        "USR25CNHZ",
        "USRP6KC9E",
        "USRPWTWD7",
        "USS4332GL",
        "USSL4PER1",
        "USSQH8H7G",
        "UST1VDELC",
        "UST8GRZG9",
        "USTLBJPTP",
        "USTLECDPY",
        "USU6J2NQ1",
        "USUU7QS8Y",
        "USV8LQKJ9",
        "USVCEA96F",
        "USVM91ZU0",
        "USVR636R1",
        "USVSWVBD4",
        "USVTNT16D",
        "USWBB4SDU",
        "USWF0MXHS",
        "USWGQDJ8L",
        "USWLU6UJ0",
        "USWMEJ6L8",
        "USWP4GFSN",
        "USX1PRUUX",
        "USX280HNK",
        "USXAF6WUW",
        "USXD8PV39",
        "USXQYTRTL",
        "USXTULMHC",
        "USXV693NY",
        "USY0ACDF1",
        "USY5YPF4M",
        "USYDGGPEZ",
        "USYHFAP55",
        "USYT4CEP7",
        "USZP36FJP",
        "USZQBJDD4",
        "USZSMDZQU",
        "USZUAEJ49",
        "UT0K0H8JC",
        "UT0KM359S",
        "UT0N3TXU5",
        "UT0RR3G2W",
        "UT0RWT2MB",
        "UT0T6KM9N",
        "UT16KMGQ0",
        "UT1FVR0EB",
        "UT1K0MAHH",
        "UT1MY1RGE",
        "UT1T4KGMR",
        "UT267C0PL",
        "UT2RD3DC3",
        "UT2SD82R0",
        "UT39YTADU",
        "UT3CS4Y4E",
        "UT3UEJECX",
        "UT4HA7YKA",
        "UT54BUDLG",
        "UT558G868",
        "UT61L5RB5",
        "UT64HRSUF",
        "UT6FZ3TN3",
        "UT7VARV2A",
        "UT8553FUJ",
        "UT8FXRD8S",
        "UT8LVB07J",
        "UT8P51W1F",
        "UT92XUCQY",
        "UT9ELHYG0",
        "UT9HG5SF6",
        "UTA6PBS8Y",
        "UTARCU6KW",
        "UTB027TS5",
        "UTB8YNX43",
        "UTBRE4RGT",
        "UTC60CXJR",
        "UTCEA75GX",
        "UTCKZ114G",
        "UTCLYE3M0",
        "UTCTHB2CW",
        "UTDU05QVC",
        "UTE0Y9DHC",
        "UTEGUQGFM",
        "UTF1G8UHX",
        "UTF9UPJJK",
        "UTFNDPAJ0",
        "UTG5PUA6B",
        "UTG71BTAA",
        "UTGGJ7596",
        "UTGK5R95Y",
        "UTH5GS0HL",
        "UTHF63F33",
        "UTHJXBYKS",
        "UTHKMJU3F",
        "UTHRCG61K",
        "UTJ6465S8",
        "UTKHABXGW",
        "UTKNK8K99",
        "UTL1S91V2",
        "UTLUY0U7P",
        "UTM3N4RV3",
        "UTMMURWMT",
        "UTN2FJ0Q4",
        "UTNG2NS82",
        "UTNK3412M",
        "UTNL20EUR",
        "UTNNF0MV0",
        "UTP17RB9D",
        "UTPH2BVHN",
        "UTQ4Q8TMJ",
        "UTQ6KCPEZ",
        "UTQN9PYAF",
        "UTR5TNQDP",
        "UTR9PGAGG",
        "UTRCR7BBK",
        "UTRGQS18C",
        "UTRGSKD24",
        "UTS5V6ULU",
        "UTSEDC4SF",
        "UTSGR4GCX",
        "UTSRE8E69",
        "UTSRXUZQT",
        "UTT491B1Q",
        "UTT7CHPAL",
        "UTTFMLBGS",
        "UTU7W5N9Z",
        "UTUEKR4A1",
        "UTUFN41DZ",
        "UTUHARYSH",
        "UTV6WASKC",
        "UTVGTP45C",
        "UTW2ZA6RE",
        "UTWB62V3M",
        "UTWTR1R26",
        "UTX86JSMS",
        "UTX8GQHE0",
        "UTX9617PE",
        "UTXCSLANN",
        "UTXCSM3T4",
        "UTY1G7GDR",
        "UTY35H4KU",
        "UTY9UUBHR",
        "UTYV111G8",
        "UTZ0CMU77",
        "UTZAAC0QN",
        "UU088BC7J",
        "UU0BMGADN",
        "UU0BQAREE",
        "UU0KNVBQE",
        "UU0RGA3TK",
        "UU1BCHK47",
        "UU1NGV37C",
        "UU1RD8YKF",
        "UU22K7M3L",
        "UU263L0FJ",
        "UU44DCK1N",
        "UU44H3EQG",
        "UU46HGVJ8",
        "UU5GKHM6D",
        "UU65BA53M",
        "UU66WH5QW",
        "UU67CN95E",
        "UU6H4PPNU",
        "UU6V8J4LW",
        "UU70PT4DR",
        "UU77G6S12",
        "UU7NFGEMS",
        "UU7V3RU8N",
        "UU82VRYAU",
        "UU86L3ZME",
        "UU87UJF3N",
        "UU8G767RN",
        "UU9EH0X39",
        "UUBDKAX8S",
        "UUBPB999C",
        "UUC038P8E",
        "UUC2GPJB1",
        "UUCABSG0K",
        "UUCMTV3E2",
        "UUD8P6GAH",
        "UUDFDQV5G",
        "UUDFW1J1H",
        "UUE2LQSKY",
        "UUE3G4P8A",
        "UUEAK899P",
        "UUEATSFK5",
        "UUEER3VT6",
        "UUEPJLPQ8",
        "UUFAQSH16",
        "UUFB52D7X",
        "UUGGSDWF9",
        "UUH0BNMA5",
        "UUH5W554Z",
        "UUHKKEYT0",
        "UUHSYBE4W",
        "UUJQVG5F1",
        "UUJTQBFC4",
        "UUKCE6CKH",
        "UUKRF8CPJ",
        "UUKRWUQH4",
        "UULPHKH6K",
        "UUML1V95M",
        "UUNJZ29EE",
        "UUPA1LE7P",
        "UUQ6XPC9W",
        "UUQKEFF38",
        "UURCH2HFH",
        "UURH3QVNF",
        "UURJZ8Y9X",
        "UURLVG9DM",
        "UUS9THUQN",
        "UUSA3DZRA",
        "UUSQW69RA",
        "UUSRC9DRN",
        "UUTGADLC9",
        "UUTHVK5T4",
        "UUUR8TT36",
        "UUV0TK6SU",
        "UUVH1SFU0",
        "UUW640AN4",
        "UUW6M8G5B",
        "UUWH1MAKX",
        "UUWR9EKKN",
        "UUWU42C6R",
        "UUXHFJZ70",
        "UUZ393JNN",
        "UV1987EDB",
        "UV1QU9XFT",
        "UV1SB294J",
        "UV270JWKZ",
        "UV36WPLP6",
        "UV3N8B38F",
        "UV4DHLXNW",
        "UV4F233LG",
        "UV585PM52",
        "UV5UAS7ML",
        "UV6SULS1G",
        "UV774850U",
        "UV85ZFAF7",
        "UV887MZ8U",
        "UV8E3H1AN",
        "UV8FXJVND",
        "UV8M6V2G1",
        "UV8TJMK6X",
        "UV8TQ7C5C",
        "UV8UL9S15",
        "UV9C3NLUQ",
        "UVBARJB0A",
        "UVBF2V337",
        "UVBHP292M",
        "UVBQK34UU",
        "UVCQPUX2A",
        "UVCR84353",
        "UVCSHQ6JG",
        "UVCSNTK4N",
        "UVD8USY31",
        "U0100HUAH53",
        "U0100SHPRNH",
        "U0101N0B2Q3",
        "U0101T8J7DZ",
        "U0102888YU8",
        "U0102TNDMS5",
        "U01038T883S",
        "U0103CB02EB",
        "U0104DNPX6X",
        "U01058QGPQS",
        "U0105AM8VEX",
        "U0105MDULUA",
        "U01069CHHQV",
        "U0106C4REKE",
        "U0107BWP8LA",
        "U0107QWRFMM",
        "U010A50F8NR",
        "U010B3LHB1S",
        "U010B4XTV9A",
        "U010BFPE2JC",
        "U010BR5U9U0",
        "U010C5PK327",
        "U010C6SFXEU",
        "U010C8L2C2V",
        "U010DEN69FH",
        "U010DPZ7SGN",
        "U010F6GCH7G",
        "U010FB4TBTM",
        "U010FU66J2D",
        "U010G2XD2F5",
        "U010HS288KX",
        "U010JT30AEB",
        "U010KS4U8EN",
        "U010L25R3HD",
        "U010L2SG5NJ",
        "U010LF33WNA",
        "U010MJ67FBM",
        "U010NNLTM5J",
        "U010PFHLU3H",
        "U010QFTAESU",
        "U010R0RGW56",
        "U010RA5J05V",
        "U010RNUK2HE",
        "U010RVCVC1Z",
        "U010S3BU61K",
        "U010S3EG70V",
        "U010T5NP76D",
        "U010TJDM2SX",
        "U010TQSJ692",
        "U010UDPK22F",
        "U010V2ABSH2",
        "U010W02L5JS",
        "U010W0LE4FL",
        "U010WK0UFGV",
        "U010WTCCKDE",
        "U010XFNN142",
        "U010YEKPPBN",
        "U010YGLRG8P",
        "U010YHDSPPW",
        "U0110KT22H5",
        "U01110RAE2Z",
        "U01119BQF5Y",
        "U0113057MMY",
        "U0113058MMY",
        "U0113R3DVDG",
        "U01142LUKHC",
        "U0114ALQ3JP",
        "U0114P4EQAW",
        "U0114PPTMDY",
        "U0114Q281S6",
        "U01157BC43H",
        "U0115M09J6R",
        "U01190A98UV",
        "U011914R4BY",
        "U01196RNHFA",
        "U011ADVBCJX",
        "U011AQGCWET",
        "U011B80NJ3H",
        "U011B923269",
        "U011BD55F7H",
        "U011BE1DC84",
        "U011C3F7WBD",
        "U011CC0D1JT",
        "U011CCTGMU3",
        "U011CJJ10HM",
        "U011CSRF9UN",
        "U011CV2A7NK",
        "U011DDZSJGG",
        "U011DJUDG05",
        "U011F66HBKL",
        "U011FEJS84U",
        "U011G3TLMC6",
        "U011GNH45GT",
        "U011HC7RAC9",
        "U011HPU9XNH",
        "U011JTAENTH",
        "U011K68SZN1",
        "U011KAU2VKL",
        "U011KAUQ91C",
        "U011KF1JEMC",
        "U011KSU6PRU",
        "U011LTT20MP",
        "U011M0BE98S",
        "U011MAAKBNG",
        "U011N3FSZ0W",
        "U011NB5M4M9",
        "U011PANAD47",
        "U011PBP2E66",
        "U011PGX85J6",
        "U011PVAM6TG",
        "U011Q4KNLAH",
        "U011Q8XHA0P",
        "U011QKHDU21",
        "U011RQW1HT5",
        "U011S0QJQ93",
        "U011SA2DWKY",
        "U011SCRUR4M",
        "U011SG3MFHA",
        "U011STZQ1L6",
        "U011TCKDJKF",
        "U011TDN6J84",
        "U011TLFF35M",
        "U011VDYM6BG",
        "U011VMHAL68",
        "U011W9D9LCW",
        "U011WB0AYBC",
        "U011WUDC0NA",
        "U011XB4BL48",
        "U011Y3RVBJM",
        "U011Y7S3S2V",
        "U011YKQ4UUD",
        "U011Z628WV9",
        "U011Z7VM1UN",
        "U011ZB906V7",
        "U011ZCSSFK3",
        "U012077JE11",
        "U0120HK94UR",
        "U0120LF3U4R",
        "U0120LXRT6H",
        "U0120SFNL0J",
        "U01222XP0AW",
        "U0123A458TG",
        "U0123JRB882",
        "U0123TFNY1M",
        "U0124D21K6V",
        "U0126M3B810",
        "U0127E76EAD",
        "U012807QJEP",
        "U01282AELHJ",
        "U0128GRJQBS",
        "U012CP32EEB",
        "U012D3P4W20",
        "U012DEXJYQ3",
        "U012E3WL9GT",
        "U012E5Z9TGC",
        "U012EGKPY3H",
        "U012EHHQ6VD",
        "U012EQPUGE6",
        "U012FBHM8JD",
        "U012FSCGXFB",
        "U012H54TN1K",
        "U012HAM0XE1",
        "U012JH4GKUP",
        "U012JSC9PKN",
        "U012JVAPA8J",
        "U012K03FGAG",
        "U012KB50DSA",
        "U012LH3SGTW",
        "U012MD5A0S0",
        "U012NFHKWKD",
        "U012NV1LH6E",
        "U012PTEC4P7",
        "U012Q5BJUG2",
        "U012Q7B6NQL",
        "U012R4KJ7NH",
        "U012RAZBL95",
        "U012RMYLGTH",
        "U012S7VQMA7",
        "U012S9729MZ",
        "U012SJ7PE68",
        "U012T8WTEFQ",
        "U012TCD1XS8",
        "U012TV9UF6U",
        "U012VJKS95Z",
        "U012VKQN3MH",
        "U012W7EMTGU",
        "U012WKPE0F5",
        "U012WNQDZU5",
        "U012XU8LGCT",
        "U012ZMPG1NV",
        "U0130C61F0F",
        "U0130PK4HJA",
        "U0130TDLFB3",
        "U0131PRHL90",
        "U0131R9CZJ6",
        "U0132LBJ23Y",
        "U0132NUQ5GC",
        "U01331L64T1",
        "U013374PJU8",
        "U0133EQJ1L6",
        "U0133HWAWTG",
        "U0133J06W0P",
        "U01347LHQPJ",
        "U0134FC6X45",
        "U0134G9760L",
        "U01357QPRV0",
        "U0135LYFA1E",
        "U0135QRCL1G",
        "U0136895W73",
        "U0137H3254K",
        "U0137KXQSB1",
        "U0137M32VEE",
        "U0137NM2M8C",
        "U0138654L1X",
        "U01388AD3RC",
        "U0138FS5YUD",
        "U0138H3MPQQ",
        "U0138M93Y80",
        "U01398B4ZAL",
        "U0139MCF2MQ",
        "U0139MZJH51",
        "U013B49J43V",
        "U013BC8JPEY",
        "U013BNU7ML0",
        "U013C2TNWLR",
        "U013CPPCBDZ",
        "U013E59QJ0G",
        "U013E9J3LDT",
        "U013ELGNSKV",
        "U013F9P3770",
        "U013FAVG3Q8",
        "U013FHJV0CD",
        "U013FLNET7D",
        "U013G63GC04",
        "U013G81B23G",
        "U013GAETMLM",
        "U013H48GFPU",
        "U013H5A2STB",
        "U013J5CRRDW",
        "U013JK9KXPB",
        "U013JMZAHR9",
        "U013LAWRS6S",
        "U013LC4N3PY",
        "U013LGVE6SZ",
        "U013LRFGWTW",
        "U013M5JD45U",
        "U013M5YRRM1",
        "U013N2ED1E3",
        "U013NBBP4CX",
        "U013P2HMLT1",
        "U013P72A0HH",
        "U013PSAC677",
        "U013PU8FD1Q",
        "U013QD6CG9Z",
        "U013QEFDW3V",
        "U013QKDFCR5",
        "U013QTK5Q4C",
        "U013S0VQAVD",
        "U013SKKFD26",
        "U013SPFRGCE",
        "U013TK8TQKB",
        "U013TK9HERX",
        "U013U2VTKS5",
        "U013UCH023X",
        "U013UCL1SF4",
        "U013V3S9ZT9",
        "U013VBEP1PA",
        "U013VBRLERJ",
        "U013VTJMFU6",
        "U013W2VJAP2",
        "U013X6X6ZDY",
        "U013YDYBZU4",
        "U013YUJQ0TG",
        "U0140CBG5PG",
        "U0140HN1M8Q",
        "U0140HVN015",
        "U0141AWTT6X",
        "U0143J075CH",
        "U0143STEZ41",
        "U01441PSMAS",
        "U01446U7NQL",
        "U0144U9HAP8",
        "U0145HWPHV5",
        "U0145TGKSRZ",
        "U0145TQG6BA",
        "U014646CG9L",
        "U01473XRB6J",
        "U0147B7S0LB",
        "U0148HR9HUY",
        "U0148LMLZ3R",
        "U0148P3G8E7",
        "U0148S62NMT",
        "U01494H6Q3X",
        "U01499DJJMV",
        "U0149LM4H6E",
        "U014AMKTELB",
        "U014B3G12LW",
        "U014CM9GVL6",
        "U014CUJ0604",
        "U014D9Y0FB8",
        "U014DL02YSH",
        "U014EC7FCNT",
        "U014ETPLWJC",
        "U014G9ZQPUG",
        "U014GDUEXL5",
        "U014H6LTSR4",
        "U014HT3MJDN",
        "U014K7L0CRW",
        "U014K8JUA67",
        "U014KDVQ82X",
        "U014KPQ5CMU",
        "U014L6PB2RZ",
        "U014LB680D7",
        "U014LL7QQ7R",
        "U014LTH8AE9",
        "U014NVAJ58U",
        "U014P0DA05R",
        "U014PN2GXDK",
        "U014PS8LMDE",
        "U014QEZ5QLB",
        "U014RGH04RE",
        "U014RT8ED47",
        "U014RTDPG1L",
        "U014SMHGQ9E",
        "U014TDHL2S0",
        "U014TMN1V27",
        "U014TNHAJMS",
        "U014UJ5SUGN",
        "U014WGZ81BJ",
        "U014X30CCF2",
        "U014XLRREQ7",
        "U014XT7A1LM",
        "U014ZJGDKD2",
        "U01501K37ND",
        "U0150FDGGSX",
        "U0150ND2GKY",
        "U015158BQBU",
        "U0151PMSB7D",
        "U0151S4N3GR",
        "U0152G4PGJE",
        "U0152L78LKZ",
        "U0153AMQBU0",
        "U0153LV9Q90",
        "U0154105GUE",
        "U0154N9CM24",
        "U0154URFVL4",
        "U01556W0JT0",
        "U0155K28KK8",
        "U0156A2739U",
        "U0156QRS5RQ",
        "U0157B6GAUT",
        "U0158V76QS0",
        "U01594YA83Z",
        "U015B287RRB",
        "U015B99PNAK",
        "U015BT9EDU1",
        "U015C1A39H6",
        "U015C7KDRM2",
        "U015CGNRP6V",
        "U015CMNB9HN",
        "U015CNA5BC7",
        "U015CQALTD1",
        "U015DA18PT4",
        "U015E9D85M5",
        "U015EUMCLNL",
        "U015H0ZU5HN",
        "U015H1MRUCT",
        "U015H4K3A7M",
        "U015HF9T3KP",
        "U015HJCS675",
        "U015HTM6BL4",
        "U015J7CPTRR",
        "U015JAWSU2F",
        "U015JVADQDP",
        "U015JVBPGVD",
        "U015KMAULTT",
        "U015LJNDWMV",
        "U015M3DRV43",
        "U015MAX7MLM",
        "U015MMLSUQM",
        "U015MTX4JVC",
        "U015N1XQL8Z",
        "U015N2C8CPM",
        "U015Q1AAH43",
        "U015Q5GTLN9",
        "U015QBS63B7",
        "U015QBZ9PMK",
        "U015QG90SAE",
        "U015QV08HPV",
        "U015RDG7QP3",
        "U015RFPAWDD",
        "U015RLAF1HP",
        "U015RQ1GM0Q",
        "U015RS9JF53",
        "U015RV6PKK5",
        "U015SE77Y4C",
        "U015SMS75L2",
        "U015SPYLKKM",
        "U015T9N7JEL",
        "U015U1DLAJC",
        "U015V2LERKK",
        "U015V69EMMX",
        "U015VDL22QM",
        "U015VJE51CY",
        "U015VMEAHDY",
        "U015VUR5B6C",
        "U015W2L2WQ5",
        "U015WPMDFPG",
        "U015WRLLCKF",
        "U015X2WKDHS",
        "U015XCH00QY",
        "U015Y2JCRPG",
        "U015Z6ETM2T",
        "U015ZCKLAFN",
        "U01609SQTS5",
        "U0160C17Z8D",
        "U01612MQ2CS",
        "U01612YN81W",
        "U01614SMH46",
        "U01618GB1U2",
        "U01619J49FA",
        "U0161FBQS77",
        "U0161H96UTX",
        "U0161JDSDS4",
        "U0161LL8CLE",
        "U0162MX3N2U",
        "U0162PWMS2V",
        "U0162RD62BC",
        "U01630S8WGP",
        "U01638KQE2G",
        "U0163DU6UHW",
        "U01645F102K",
        "U01649PLMTN",
        "U0165120SNB",
        "U01656S64D8",
        "U0165P1JN73",
        "U016620DU9H",
        "U01663PD0LB",
        "U01664RKF2Q",
        "U01667KDA5Q",
        "U0166AB9LNB",
        "U0166P8N81H",
        "U0166QJJ630",
        "U0167SMT2R0",
        "U0167V55GH1",
        "U0168GXUCQ6",
        "U0168SJJPFY",
        "U0169BMEBL6",
        "U0169P2V3SP",
        "U016AC190DT",
        "U016B0X1S2W",
        "U016BC3FWPN",
        "U016BPJAD70",
        "U016BQF6QSU",
        "U016BRE204E",
        "U016C49FNPL",
        "U016D1WU0KU",
        "U016DJBF9NE",
        "U016DRWB9FB",
        "U016ETKVC81",
        "U016FBFH11A",
        "U016FDKGT3M",
        "U016HACCQ5V",
        "U016HHRKWJE",
        "U016HJP4CA2",
        "U016JKT2E76",
        "U016KRUKLQ0",
        "U016L2N0Y9X",
        "U016LF7MWG5",
        "U016MM1ABHU",
        "U016N8MHKRT",
        "U016N98GY4Q",
        "U016N9BFZ36",
        "U016NRRDQQ6",
        "U016P5BPP0R",
        "U016PAWP5A6",
        "U016PB8TCTC",
        "U016Q92V4AE",
        "U016QHN9F7B",
        "U016QRLSJ4A",
        "U016RE24QPQ",
        "U016RPYQBJA",
        "U016RTW6CBA",
        "U016S854ER1",
        "U016SF9RAH5",
        "U016SQM143V",
        "U016T81B7RN",
        "U016T8L9LRW",
        "U016TTB25E3",
        "U016TUFSBJS",
        "U016U6X4H7H",
        "U016UDSQ2RY",
        "U016UDTSRF0",
        "U016UN0G70D",
        "U016VM6ULHL",
        "U016VRXAUCW",
        "U016W7DJLLT",
        "U016W7LTNKW",
        "U016W92KT1U",
        "U016X2DMQ1F",
        "U016XFXUS6S",
        "U016XRG3N7K",
        "U016Y3HMW1G",
        "U016YF0GANP",
        "U016ZGTFN1J",
        "U01702YNHDX",
        "U0170FN2M9A",
        "U01710M2S0M",
        "U01711VDQA1",
        "U0171EMTD5E",
        "U0171QWNUKV",
        "U01727MQN56",
        "U0172ELKEQM",
        "U0173LHQ6U9",
        "U01752B0UTY",
        "U01753WDMDL",
        "U0175MPSB9T",
        "U01762LJLUU",
        "U0176RN83GR",
        "U0177E4RQUA",
        "U0177NZJMD3",
        "U0177Q777FW",
        "U0177TYT88P",
        "U017855JX5X",
        "U0178EHEHNY",
        "U0178KP0L57",
        "U0178NHKAS0",
        "U0178NUM7FW",
        "U017AFSJUA1",
        "U017B00CSAE",
        "U017B2W3FGF",
        "U017BV8H0U9",
        "U017CV2EERF",
        "U017DNHB0HL",
        "U017DUKCUM7",
        "U017EPGA04T",
        "U017ETLHX0R",
        "U017GMZB58B",
        "U017H22NH6Y",
        "U017H6PFC3S",
        "U017H8EUN8G",
        "U017J6ADUHE",
        "U017JQ70XST",
        "U017KE4FSTB",
        "U017N9HRSBT",
        "U017P027EKT",
        "U017P88UBJA",
        "U017PJ886CQ",
        "U017PPN8Z6V",
        "U017PRSEQBT",
        "U017Q4WB2TV",
        "U017QFD7RJQ",
        "U017RAB4U3E",
        "U017RBQF95H",
        "U017RN51JDN",
        "U017RUPGJTW",
        "U017RV7C1D2",
        "U017SAT75M0",
        "U017T9J182W",
        "U017UG8ANSH",
        "U017UKSSG84",
        "U017UMDKWHK",
        "U017USPTH17",
        "U017V6YBQSE",
        "U017W31603C",
        "U017WGDBZ8V",
        "U017WLA8UNA",
        "U017YB81UHW",
        "U017YNPEV0D",
        "U017Z4B8AUW",
        "U017ZKNAB27",
        "U017ZLBNR1Q",
        "U017ZSL7ESC",
        "U01802EH9R9",
        "U0180JZN5EC",
        "U0180RCQ324",
        "U0183513007",
        "U0184G0M77V",
        "U0184RH7L5U",
        "U0185422NEN",
        "U0185PKK14M",
        "U0186G05YN5",
        "U018763B09G",
        "U0188M1JTCN",
        "U0188MTQMJ5",
        "U018934JW5U",
        "U0189LJTH4J",
        "U0189LLMJCA",
        "U0189MF51U5",
        "U018AAS80DA",
        "U018ANGHFFF",
        "U018ARM9J77",
        "U018B60C0K0",
        "U018BB9KYSF",
        "U018BDB8690",
        "U018BKVQDSP",
        "U018BNKNA3T",
        "U018BQFBJTX",
        "U018BTTJXKL",
        "U018CBY56JG",
        "U018CJJGKPE",
        "U018DCDFSV9",
        "U018DMMLCJY",
        "U018DNRTV43",
        "U018DQ2PFRS",
        "U018DRL6P5J",
        "U018E263NSZ",
        "U018E265RNZ",
        "U018FD41X8S",
        "U018FK65JN7",
        "U018FQEJ8BG",
        "U018FSCDN6L",
        "U018G6R6YUV",
        "U018GDX40M8",
        "U018GGUN0DU",
        "U018GSM9ETW",
        "U018H2YUHNV",
        "U018H39KDG9",
        "U018HBUD4H1",
        "U018HGYT9TK",
        "U018J9FQMH9",
        "U018JKWHCV8",
        "U018JTEF0CE",
        "U018KAHA010",
        "U018KF77S76",
        "U018L121472",
        "U018LKSBSF8",
        "U018LN2Q8D8",
        "U018NDST15H",
        "U018P6090Q1",
        "U018QDW4SAE",
        "U018RBAH10U",
        "U018RDKC813",
        "U018RKTJLG4",
        "U018RUJ79ND",
        "U018SGT9VFW",
        "U018SN2DPQU",
        "U018SR009Q8",
        "U018TDQ2WEP",
        "U018U23JDUZ",
        "U018W375DQU",
        "U018X0J5AJC",
        "U018Y1064E4",
        "U018Z0HMTTK",
        "U018Z2MQ1DF",
        "U0190L4NGHW",
        "U01927WKR1P",
        "U01932VMPPB",
        "U0194TCRKNU",
        "U019629CXH6",
        "U019C2PLWC8",
        "U019C4BNC4Q"
    ],
    "pins": [
        {
            "id": "1593103423.223900",
            "type": "C",
            "created": 1593103809,
            "user": "UC1HAFW4E",
            "owner": "UC1HAFW4E"
        }
    ],
    "topic": {
        "value": ":cube: This channel is for all questions and comments relating to Cube.js usage, data schema, performance, features, etc.\n\nPlease use threads when replying to questions to allow concurrent discussions.",
        "creator": "UC1HAFW4E",
        "last_set": 1588217595
    },
    "purpose": {
        "value": "This channel is for workspace-wide communication and announcements. All members are in this channel.",
        "creator": "UC1HAFW4E",
        "last_set": 1533058722
    }
},
{
    "id": "CC1908QHM",
    "name": "random",
    "created": 1533058722,
    "creator": "UC1HAFW4E",
    "is_archived": false,
    "is_general": false,
    "members": [
        "UC19C212B",
        "UC19HAUAK",
        "UC1HAFW4E",
        "UC71GHPGR",
        "UC7E9GL11",
        "UC7EAD3DH",
        "UC7JX5RL2",
        "UC7T6UPQU",
        "UC7TSHQ91",
        "UC8LKK4A3",
        "UC8UPFF9U",
        "UC94LAVK9",
        "UC9STP1R7",
        "UCA24KNG2",
        "UCABJN1PG",
        "UCBFA92UA",
        "UCBJXNJ2E",
        "UCBNANWUR",
        "UCFC74XAS",
        "UCJBGE8TZ",
        "UCM677UGL",
        "UCN94HRPX",
        "UCNAJKV1D",
        "UCUU5UJH5",
        "UCYL5AVB8",
        "UD40K6GQG",
        "UD788H0KH",
        "UD98EJUD6",
        "UDBTS996C",
        "UDG3577QC",
        "UDLKMUH6G",
        "UDMLY6PUP",
        "UDS7RN4CU",
        "UE0EYV1G8",
        "UE49XKC4E",
        "UE61M8543",
        "UEASA3CUR",
        "UEB9MTL67",
        "UELJM5JMB",
        "UEMHKGZ53",
        "UFJHS83H9",
        "UFM9P48TA",
        "UFZJS8QHZ",
        "UG2L635U6",
        "UG8899M52",
        "UG8FM1Z8C",
        "UGBADBR9Q",
        "UGDAQ2S7K",
        "UGE7PAEAX",
        "UGGHWRXDF",
        "UGPBPKVLM",
        "UGTH2HHCH",
        "UGTPGFY4R",
        "UGYK0PEAG",
        "UGYPBQEL9",
        "UGZNFN490",
        "UH2NRL2HK",
        "UH37MMQBT",
        "UH4A7DSSU",
        "UH4G70RRU",
        "UH5LKTZBP",
        "UH67D9D8D",
        "UH6SQ6G9F",
        "UHALE8892",
        "UHC7QP54G",
        "UHDHBCUN4",
        "UHDMV5066",
        "UHEMDJPRS",
        "UHETZ5RS4",
        "UHF3XMGMS",
        "UHFA9V257",
        "UHFH97PPG",
        "UHFVDF8MU",
        "UHG0GJ4EQ",
        "UHGA051PW",
        "UHGHVP4JJ",
        "UHGPDKXRD",
        "UHH4BFNAJ",
        "UHHB5NL4C",
        "UHHD6AU7J",
        "UHJ32L4BV",
        "UHJKS9V0F",
        "UHKB88WF2",
        "UHKC635M3",
        "UHKEUV8P2",
        "UHKRVAZ1Q",
        "UHKS938G0",
        "UHL39QR32",
        "UHL401CN9",
        "UHLT3HETT",
        "UHMQFBCG4",
        "UHNC7LHFT",
        "UHPMTHTV0",
        "UHPSJV7GB",
        "UHQ3NBPA5",
        "UHR3ZFQCU",
        "UHRJBT2G6",
        "UHRMWTYN4",
        "UHS8U57RN",
        "UHSA7MJ1L",
        "UHSQGTJD8",
        "UHT5D121W",
        "UHTBRSSHF",
        "UHU8BF69G",
        "UHVGT8M6D",
        "UHVRE18LE",
        "UHW2Q9X8F",
        "UHXG7KV8S",
        "UHY0GJ86R",
        "UHY71LFNJ",
        "UJ05Q4QAJ",
        "UJ0P225EY",
        "UJ0TZSN6M",
        "UJ15TF24T",
        "UJ1D1PPTJ",
        "UJ1FZS4DU",
        "UJ1NFMJP5",
        "UJ2RF6LH1",
        "UJ3CLMK0V",
        "UJ3JP38LW",
        "UJ3MJLA9M",
        "UJ3UK05QW",
        "UJ41NS248",
        "UJ4533JGJ",
        "UJ4S3SU2X",
        "UJ56MQ9MX",
        "UJ5RZ4ZSS",
        "UJ6P3SMR6",
        "UJ6RS0V8F",
        "UJ75LTC2C",
        "UJ76WE3DX",
        "UJ85DC00N",
        "UJ8CA96D7",
        "UJ90AE34G",
        "UJ95XL2DV",
        "UJ9AT9XRU",
        "UJ9QV8CQ5",
        "UJA6FGGMD",
        "UJA7SPG74",
        "UJBP5CL6M",
        "UJG7QJ8T1",
        "UJGUVF2KW",
        "UJHFG9NDR",
        "UJJ86TRDY",
        "UJJLK7H0S",
        "UJK8Y0340",
        "UJM2VEWNR",
        "UJM86U9R9",
        "UJMAQCB51",
        "UJME8FKMH",
        "UJMPFB483",
        "UJN2CL44X",
        "UJNA3Q70V",
        "UJPF5SW5Q",
        "UJQDGHP7Y",
        "UJQPXES8H",
        "UJR7GK49H",
        "UJRQPSC9X",
        "UJS8236A3",
        "UJSSJC97D",
        "UJSSVBFN3",
        "UJTB6DZRA",
        "UJTD1QWSY",
        "UJX9GQBPE",
        "UJXANJSSF",
        "UJYERCNKH",
        "UJZ0V8F2T",
        "UJZ19647J",
        "UK0J91LJY",
        "UK0SBG571",
        "UK1F7RL11",
        "UK21MCXBL",
        "UK2N66877",
        "UK2UV0FV5",
        "UK332KZGS",
        "UK3MR5VSN",
        "UK45B3Q4C",
        "UK4QNSFC1",
        "UK4R4RA5R",
        "UK58ZFS7P",
        "UK5EM8BGQ",
        "UK67F8EDA",
        "UK7U7HQ87",
        "UK83Z2H1A",
        "UK84KD7G8",
        "UK8CKP6P7",
        "UK8EJNUKD",
        "UKA6H6Y0H",
        "UKAH5USAD",
        "UKBDPAAKD",
        "UKC1J432M",
        "UKEJJEQ3H",
        "UKEMEL2HY",
        "UKFHYDUFL",
        "UKG59BH45",
        "UKGD31P5Z",
        "UKGDS7RV4",
        "UKH2C8GMN",
        "UKH7JJZ2Q",
        "UKHJNDZQE",
        "UKK1AAZMK",
        "UKKG6Q86L",
        "UKL6WGC9G",
        "UKLQBHPHA",
        "UKNF0LQRL",
        "UKP3H604E",
        "UKRCUB9RR",
        "UKST6T6JH",
        "UKSVBSG3U",
        "UKT09QM7X",
        "UKT9PB596",
        "UKTCNMLSE",
        "UKTK99SDR",
        "UKU24LXL4",
        "UKVHP82SU",
        "UKVSA2JC9",
        "UKWASUNKS",
        "UKWGYV4TC",
        "UKWV28073",
        "UKX9L6CG5",
        "UKXAJENN5",
        "UKXB016SW",
        "UKXBC6TE2",
        "UKXGH8FUM",
        "UKY1AQX3J",
        "UKY44V4CE",
        "UKYJWAJS2",
        "UKYTM0KR7",
        "UL00NAZGT",
        "UL0PMG3FE",
        "UL11RBELD",
        "UL1SUNULA",
        "UL28231ED",
        "UL2DNMNEQ",
        "UL2EQBWD7",
        "UL2GYF459",
        "UL35B6XK5",
        "UL35JNLUF",
        "UL37K4MB7",
        "UL3D8HSRF",
        "UL3L762BG",
        "UL3PZBD3J",
        "UL55T8A72",
        "UL620NYV9",
        "UL632738U",
        "UL73F65HA",
        "UL9C3UVD3",
        "UL9G540H2",
        "UL9HE2K0R",
        "UL9MWTJF2",
        "ULB1NFX0V",
        "ULCBM0GBA",
        "ULCEHBS59",
        "ULCPXF2CB",
        "ULCRK5PSN",
        "ULD1RCPFF",
        "ULDEXPA1G",
        "ULDT4B9FX",
        "ULE87CNA2",
        "ULECJT1S7",
        "ULEK2DV7G",
        "ULFB9TWCT",
        "ULFQND459",
        "ULG2S8NM6",
        "ULG6G5KAB",
        "ULGLFSNRX",
        "ULGVDKU7L",
        "ULH1HNPLM",
        "ULH6TNBKK",
        "ULH8DV8BD",
        "ULH8L3UCR",
        "ULHTL11V1",
        "ULJQHKNM8",
        "ULJQU1JCT",
        "ULJU7TD7G",
        "ULKS069JN",
        "ULL8V11C4",
        "ULLM6V5HT",
        "ULLP60HRN",
        "ULLPRUW3X",
        "ULLQLCCNS",
        "ULLTVDLCS",
        "ULM2WD0P9",
        "ULMJR3QJK",
        "ULN0RBCDD",
        "ULNEJ0Q81",
        "ULNN7DJ7N",
        "ULP24NSBF",
        "ULP6CETBJ",
        "ULPK5SZ0C",
        "ULPLM3LQM",
        "ULQ0RJ3EW",
        "ULQ4BRGMB",
        "ULQ4DEKB4",
        "ULQA7DTK7",
        "ULQASRJ69",
        "ULQPDCUAY",
        "ULQQN8YR3",
        "ULQV705HU",
        "ULR4DGU72",
        "ULR560R26",
        "ULRG4RP9U",
        "ULRH69NMV",
        "ULRN81BK8",
        "ULS3J5P7G",
        "ULS7RU8JJ",
        "ULS90CSDT",
        "ULSPWBW9X",
        "ULTJER3SM",
        "ULUAP9SKE",
        "ULUJYRSSU",
        "ULUUPCA66",
        "ULV2QH49X",
        "ULV6BHT52",
        "ULVJ9CTQF",
        "ULVL94V9S",
        "ULVNXR6SV",
        "ULVS51LJD",
        "ULW6JPWB0",
        "ULW9YLHUK",
        "ULWBMQHMW",
        "ULWH8PQH0",
        "ULWJ3UNF2",
        "ULX9JD70T",
        "ULXNUCNG2",
        "ULYDMPK6F",
        "ULYSE8ZM2",
        "ULYSWFRS5",
        "ULZ5FD6QL",
        "ULZ7VN2TU",
        "ULZ7WUMT7",
        "ULZKZPYMS",
        "ULZLZUTC1",
        "UM0J6NE12",
        "UM1PT4VB9",
        "UM2428T70",
        "UM242SM41",
        "UM28YB5NV",
        "UM2EZ85K4",
        "UM2QXLJ4D",
        "UM2TRT7FZ",
        "UM3310PGE",
        "UM36MSEKZ",
        "UM3B0S347",
        "UM3DF2A84",
        "UM3KS53HC",
        "UM3N7459Q",
        "UM3QHLT71",
        "UM3R18RFS",
        "UM4GGJFJA",
        "UM4TAUUDQ",
        "UM5ASQTED",
        "UM5HUC69M",
        "UM5KMD5B2",
        "UM623SC4W",
        "UM69ZG4AE",
        "UM6C4SXC0",
        "UM6MG2JDV",
        "UM6S412UF",
        "UM7PN9074",
        "UM8QWTK61",
        "UM8V4J55H",
        "UMAJ8RGKY",
        "UMBDLVA2C",
        "UMC0S2PUL",
        "UMCJC91PC",
        "UMD26AWDN",
        "UMDCERJTY",
        "UMDFY78HY",
        "UMDJCKP29",
        "UMDS6RSKV",
        "UMDUMK5UZ",
        "UME00G66T",
        "UME1DNNQ6",
        "UMEBJ3NV6",
        "UMFHGUY4W",
        "UMFQ7A36V",
        "UMH9ES2JX",
        "UMHQ5S63H",
        "UMHUQ1KGF",
        "UMJE2GS3U",
        "UMK0L8D8V",
        "UMKG504KH",
        "UML085DNJ",
        "UML2Y5ACC",
        "UML9DAGV8",
        "UMMH1HS92",
        "UMPFGMFH7",
        "UMPH2AMPA",
        "UMR5XCNH4",
        "UMR8AV7UH",
        "UMRC45GGP",
        "UMRHBT3L3",
        "UMS151GM8",
        "UMSN828BC",
        "UMT4WQGLR",
        "UMTK1S8QK",
        "UMU7UA9K2",
        "UMUCC37HV",
        "UMUG604NA",
        "UMV2KD9C6",
        "UMX06V3T9",
        "UMX0HBYMQ",
        "UMX3G8F6D",
        "UMX9A7HU6",
        "UMXN4PG83",
        "UMZ54JPU4",
        "UMZGSKQCU",
        "UMZSRTKC0",
        "UMZU3K3EF",
        "UN01SQ3RD",
        "UN02S87FV",
        "UN02WL8TS",
        "UN0AP6RBL",
        "UN0PB4C4F",
        "UN15WL4FQ",
        "UN1C0PFAP",
        "UN1RCJCPM",
        "UN1TLSM55",
        "UN2BM4F4P",
        "UN2DC1W9J",
        "UN3D16N79",
        "UN3H8C2CE",
        "UN3QHAMKK",
        "UN3S8RZK5",
        "UN4BL6KFS",
        "UN4NRMGTB",
        "UN4SEMF7D",
        "UN54558DC",
        "UN5AK4ECD",
        "UN5B03DNV",
        "UN6GVG1A9",
        "UN6LL6MPA",
        "UN6V18ECR",
        "UN90TGGR1",
        "UN980H6VA",
        "UN9MWF6CD",
        "UN9U4C4KC",
        "UNAEN8C7M",
        "UNAQ4G7T6",
        "UNASQ3Y8J",
        "UNC08TFDL",
        "UNCLKM4QY",
        "UNCSGGWAJ",
        "UND812W3B",
        "UNE1YNPDW",
        "UNE429Q84",
        "UNEF6LJTX",
        "UNEK448HE",
        "UNG0X28UE",
        "UNG4HTP42",
        "UNGJV3A6B",
        "UNGKLPM7E",
        "UNH5WL410",
        "UNHS5GGUT",
        "UNJ2L7W06",
        "UNKDXKPC7",
        "UNL89TDNY",
        "UNMG5P741",
        "UNNHL4Z6U",
        "UNP46FSN5",
        "UNQNF1YDU",
        "UNQS6LQCT",
        "UNRB9U6UU",
        "UNRPVF7FF",
        "UNS4PKYAK",
        "UNS7GP49J",
        "UNSLB7K09",
        "UNTMP63GD",
        "UNTN6EU74",
        "UNU3YG7C5",
        "UNV7UKBNH",
        "UNW9K3AF9",
        "UNWK0JSFQ",
        "UNX4MS1GX",
        "UNXNHGG2K",
        "UNY1C5JM6",
        "UNYA5NJTX",
        "UNYLRQ267",
        "UNYV5AZG8",
        "UNZ15P020",
        "UNZ620Z4H",
        "UNZ86KYEL",
        "UNZA6F8NL",
        "UP0ABHA81",
        "UP0E0A70B",
        "UP16045AS",
        "UP167GRA5",
        "UP21U9PUK",
        "UP29ZFHT9",
        "UP2CML8AY",
        "UP3M722MA",
        "UP4561Q6L",
        "UP4FTFUP2",
        "UP4MNBT4G",
        "UP52BU1S6",
        "UP5BEA40P",
        "UP5Q2A9V5",
        "UP616PFTP",
        "UP6BGTZ5H",
        "UP6KG3BGX",
        "UP79PCJDT",
        "UP8DG377D",
        "UP8T6DGE4",
        "UP989NGJV",
        "UP9LGMPMG",
        "UP9N92560",
        "UPA6LLEHJ",
        "UPAA755JL",
        "UPASZKJR2",
        "UPBBAHVE1",
        "UPBM9B29W",
        "UPCFRBA9K",
        "UPD2K66P9",
        "UPDLD3V6U",
        "UPEFA6QGH",
        "UPEQW062W",
        "UPF3UV0MR",
        "UPF8P3E0J",
        "UPFTFG350",
        "UPGGHD4A3",
        "UPHBP8YFN",
        "UPHBP951S",
        "UPHRBAML0",
        "UPHRKCPT7",
        "UPHRKDZLM",
        "UPJ3K203Y",
        "UPJ417N0K",
        "UPKB42N5T",
        "UPKHQH43E",
        "UPKM4B8H5",
        "UPKM4CTAT",
        "UPKM4DA0P",
        "UPKM4DQGP",
        "UPKSBFU7J",
        "UPL22EUNA",
        "UPL22FP54",
        "UPL22GFNJ",
        "UPLMQSG48",
        "UPM8FP68Y",
        "UPMRZ9Q07",
        "UPNBBLNSU",
        "UPPA22945",
        "UPPFM9H8A",
        "UPPGHRGTS",
        "UPPP4JEKV",
        "UPQM34ZFV",
        "UPRBHJE7R",
        "UPS8CRVGX",
        "UPS93LQ03",
        "UPSP5H9S4",
        "UPUA0U3L2",
        "UPUD48K4N",
        "UPUMBCFC3",
        "UPUNMS6KC",
        "UPUPY239B",
        "UPVKTTUUQ",
        "UPVLHKW83",
        "UPW29Q6CX",
        "UPW7J382E",
        "UPX004PC0",
        "UPX50LC80",
        "UPXHE1NN7",
        "UPXQG897A",
        "UPYHEPA57",
        "UPZA6MQ2Y",
        "UPZHDUWAV",
        "UQ0EBDZB5",
        "UQ0G48L6B",
        "UQ0MZRJ6A",
        "UQ141PSLS",
        "UQ1HDUUPK",
        "UQ24BH6KD",
        "UQ2Q2QU20",
        "UQ2Q78L1H",
        "UQ360Q5R8",
        "UQ366VA3Y",
        "UQ3AX70KU",
        "UQ4KQDL0H",
        "UQ59E1LHL",
        "UQ601D56D",
        "UQ651K1DL",
        "UQ7S1JJUB",
        "UQ81SK2HG",
        "UQ84LAWPN",
        "UQ8BRS8KG",
        "UQ8RH3A2J",
        "UQ8TJEKM0",
        "UQ9AK1AQ5",
        "UQ9EWJ1MY",
        "UQ9U67E0P",
        "UQA17J8P8",
        "UQA5R9BRS",
        "UQAKA3ALD",
        "UQBBVCN4F",
        "UQCC0K0SF",
        "UQCMY1666",
        "UQCV9TEDA",
        "UQD4RMQG4",
        "UQDSKQQUV",
        "UQEFARP0T",
        "UQEHACADT",
        "UQF514ZV4",
        "UQG0HFCEP",
        "UQGD5FYNT",
        "UQGF0N4FM",
        "UQGJ9D27J",
        "UQGV2A823",
        "UQH6TR8MC",
        "UQHJXP9D0",
        "UQHNVECQJ",
        "UQJB2AU1G",
        "UQJD38Q3S",
        "UQJDJT6KD",
        "UQJE1G71C",
        "UQJL4PF0F",
        "UQK150XS7",
        "UQK6HPNH2",
        "UQK8YMABU",
        "UQKACSF40",
        "UQKBAHJ67",
        "UQKEWJK1A",
        "UQKRDNV7G",
        "UQL6SMC4W",
        "UQLBFNXNX",
        "UQLQWACC8",
        "UQM1MNFA4",
        "UQM78QP25",
        "UQMAZRACC",
        "UQMD7FR5J",
        "UQMGE6U78",
        "UQMH9AE84",
        "UQMMPL35E",
        "UQNJD7XH7",
        "UQNSAGENP",
        "UQP3MP82F",
        "UQP49FPCK",
        "UQPTF988P",
        "UQQ3ARF7U",
        "UQQ6Y06CD",
        "UQQF6NA8J",
        "UQQJ4BZ5H",
        "UQR84T89X",
        "UQR9ZRM4L",
        "UQRSHNCLV",
        "UQS5YC2J2",
        "UQSSWBJ10",
        "UQSUSGP0T",
        "UQTA06QTE",
        "UQU8M69AQ",
        "UQUEVA204",
        "UQURU00NR",
        "UQV6M4P47",
        "UQV98J5M1",
        "UQVGN8Y57",
        "UQVM4NG23",
        "UQVPFH0UW",
        "UQW0JHP70",
        "UQW1SQ2TG",
        "UQW6NACLX",
        "UQW9W26BU",
        "UQWD475TP",
        "UQWN4PJBV",
        "UQWSC57EC",
        "UQX3B7ZB8",
        "UQX83008P",
        "UQX86SZDK",
        "UQXC1HK5L",
        "UQXLY5PG8",
        "UQXMG0VEK",
        "UQY1NA0HK",
        "UQYEFNEHE",
        "UQYHJ0EJK",
        "UQZDYF0SC",
        "UQZF9SYN5",
        "UQZL3B3M3",
        "UQZRJ3MNK",
        "UR0DYBE0L",
        "UR0RYDR8C",
        "UR1A9AX0C",
        "UR1MPEEQG",
        "UR1SYKTEH",
        "UR1U1PDE3",
        "UR1UB1VT4",
        "UR2CUS9GW",
        "UR2PX81KK",
        "UR3S8JEAF",
        "UR489KJD9",
        "UR4TR9SDU",
        "UR5AT51EC",
        "UR5BR950A",
        "UR5DKKVSL",
        "UR5S0AA7P",
        "UR6FK76QZ",
        "UR6HB89TP",
        "UR6UVR127",
        "UR727M4F8",
        "UR7Q7PHHQ",
        "UR81FDRFG",
        "UR8ME5LMP",
        "UR8TS3HE1",
        "UR9NNS4DU",
        "URA5SANG4",
        "URAABKG2F",
        "URAG2MHE0",
        "URAJMA4QG",
        "URALZ1C4Q",
        "URB6CKPFA",
        "URB7050JH",
        "URBKT66FQ",
        "URBNT4XL6",
        "URBTBKN58",
        "URC8H0F6X",
        "URCC6QY4S",
        "UREJVR2KD",
        "URF3S7V39",
        "URFD017QE",
        "URFSRGEG3",
        "URFU2R6DQ",
        "URG03MR27",
        "URG2GJK71",
        "URG4R09NG",
        "URG4R0YJJ",
        "URGHRJJB1",
        "URGLMT9GB",
        "URGUA7SEB",
        "URH94TDEH",
        "URH9SEDAM",
        "URHM1THNW",
        "URHSRMJV6",
        "URHU39U3Y",
        "URJ0M34J0",
        "URKQXTDM1",
        "URL3MQELE",
        "URLH3MHK2",
        "URLT2LVRP",
        "URM0JU3CL",
        "URMKQ304A",
        "URMP07X97",
        "URMU200HE",
        "URN0VH51D",
        "URN3FHKME",
        "URN9UN056",
        "URNFV6VHB",
        "URNPCKLH4",
        "URNV62SDA",
        "URPFW0AP2",
        "URPMR2FLM",
        "URQ5S6U02",
        "URQ8ZMX29",
        "URQNVJPGF",
        "URRK6323B",
        "URRU0GD4J",
        "URS6PE0MQ",
        "URSF63ZNF",
        "URSFP8CBD",
        "URT1V5350",
        "URT7BJJSJ",
        "URTNUT3C3",
        "URUGEUG0Z",
        "URUKHM4N5",
        "URUTC0H0W",
        "URUV2HBJ6",
        "URV8FG2MA",
        "URVLHBHGB",
        "URVM9SVB7",
        "URVS57H6F",
        "URW1FT2EL",
        "URWGMP163",
        "URWU7G0RE",
        "URXL86PRQ",
        "URXP9CK3R",
        "URXSH6H42",
        "URZ0U9E7J",
        "URZCSMKAT",
        "URZCZGJGN",
        "US03ZTVJR",
        "US0A3QCCR",
        "US0E1BW8L",
        "US13HLU31",
        "US1P711C1",
        "US22Z071B",
        "US2C4LFEH",
        "US2CSTXUY",
        "US2P41EH2",
        "US2QZPAB1",
        "US3D288R5",
        "US4UTTC64",
        "US4VC7BTJ",
        "US55KHYAZ",
        "US5K3DL4A",
        "US616TPC6",
        "US6AV32CF",
        "US6JL71ME",
        "US6S2E478",
        "US77SBYBC",
        "US83C5HMW",
        "US84FE02C",
        "US8NKHYQH",
        "USA7N6V6K",
        "USAL7E9DY",
        "USB7UST5X",
        "USBA57V0T",
        "USBBZ6PEU",
        "USBR6LU6B",
        "USBSVG0SD",
        "USC8SN737",
        "USC9KPSKZ",
        "USD0PSMLL",
        "USD27ACHF",
        "USDM56VGR",
        "USDPYHAGJ",
        "USE3AUW8Y",
        "USE61H70W",
        "USE7692PQ",
        "USEEL1AHZ",
        "USEQ85Y4C",
        "USF0LE2AD",
        "USFBL20FR",
        "USG2AM893",
        "USG991QKG",
        "USGF5A9QR",
        "USGKTP2RJ",
        "USH12HLJE",
        "USHA8M534",
        "USHS8SNHM",
        "USJ26LCPM",
        "USJD46HAR",
        "USL2PGEAW",
        "USL9RKV45",
        "USLT0KMQW",
        "USLT17EAE",
        "USME20PJ7",
        "USML0LHNE",
        "USMM7QR7G",
        "USN3Q5B4N",
        "USNEMF89E",
        "USNQT8R7D",
        "USPAK7RTL",
        "USPAPAU9K",
        "USPD75XSS",
        "USPDB0275",
        "USPNT9DU2",
        "USQ4S7KTP",
        "USR0LTS9J",
        "USR25CNHZ",
        "USRP6KC9E",
        "USRPWTWD7",
        "USS4332GL",
        "USSL4PER1",
        "USSQH8H7G",
        "UST1VDELC",
        "UST8GRZG9",
        "USTLBJPTP",
        "USTLECDPY",
        "USU6J2NQ1",
        "USUU7QS8Y",
        "USV8LQKJ9",
        "USVCEA96F",
        "USVM91ZU0",
        "USVR636R1",
        "USVSWVBD4",
        "USVTNT16D",
        "USWBB4SDU",
        "USWF0MXHS",
        "USWGQDJ8L",
        "USWLU6UJ0",
        "USWMEJ6L8",
        "USWP4GFSN",
        "USX1PRUUX",
        "USX280HNK",
        "USXAF6WUW",
        "USXD8PV39",
        "USXQYTRTL",
        "USXTULMHC",
        "USXV693NY",
        "USY0ACDF1",
        "USY5YPF4M",
        "USYDGGPEZ",
        "USYHFAP55",
        "USYT4CEP7",
        "USZP36FJP",
        "USZQBJDD4",
        "USZSMDZQU",
        "USZUAEJ49",
        "UT0K0H8JC",
        "UT0KM359S",
        "UT0N3TXU5",
        "UT0RR3G2W",
        "UT0RWT2MB",
        "UT0T6KM9N",
        "UT16KMGQ0",
        "UT1FVR0EB",
        "UT1K0MAHH",
        "UT1MY1RGE",
        "UT1T4KGMR",
        "UT267C0PL",
        "UT2RD3DC3",
        "UT2SD82R0",
        "UT39YTADU",
        "UT3CS4Y4E",
        "UT3UEJECX",
        "UT4HA7YKA",
        "UT54BUDLG",
        "UT558G868",
        "UT61L5RB5",
        "UT64HRSUF",
        "UT6FZ3TN3",
        "UT7VARV2A",
        "UT8553FUJ",
        "UT8FXRD8S",
        "UT8LVB07J",
        "UT8P51W1F",
        "UT92XUCQY",
        "UT9ELHYG0",
        "UT9HG5SF6",
        "UTA6PBS8Y",
        "UTARCU6KW",
        "UTB027TS5",
        "UTB8YNX43",
        "UTBRE4RGT",
        "UTC60CXJR",
        "UTCEA75GX",
        "UTCKZ114G",
        "UTCLYE3M0",
        "UTCTHB2CW",
        "UTDU05QVC",
        "UTE0Y9DHC",
        "UTEGUQGFM",
        "UTF1G8UHX",
        "UTF9UPJJK",
        "UTFNDPAJ0",
        "UTG5PUA6B",
        "UTG71BTAA",
        "UTGGJ7596",
        "UTGK5R95Y",
        "UTH5GS0HL",
        "UTHF63F33",
        "UTHJXBYKS",
        "UTHKMJU3F",
        "UTHRCG61K",
        "UTJ6465S8",
        "UTKHABXGW",
        "UTKNK8K99",
        "UTL1S91V2",
        "UTLUY0U7P",
        "UTM3N4RV3",
        "UTMMURWMT",
        "UTN2FJ0Q4",
        "UTNG2NS82",
        "UTNK3412M",
        "UTNL20EUR",
        "UTNNF0MV0",
        "UTP17RB9D",
        "UTPH2BVHN",
        "UTQ4Q8TMJ",
        "UTQ6KCPEZ",
        "UTQN9PYAF",
        "UTR5TNQDP",
        "UTR9PGAGG",
        "UTRCR7BBK",
        "UTRGQS18C",
        "UTRGSKD24",
        "UTS5V6ULU",
        "UTSEDC4SF",
        "UTSGR4GCX",
        "UTSRE8E69",
        "UTSRXUZQT",
        "UTT491B1Q",
        "UTT7CHPAL",
        "UTTFMLBGS",
        "UTU7W5N9Z",
        "UTUEKR4A1",
        "UTUFN41DZ",
        "UTUHARYSH",
        "UTV6WASKC",
        "UTVGTP45C",
        "UTW2ZA6RE",
        "UTWB62V3M",
        "UTWTR1R26",
        "UTX86JSMS",
        "UTX8GQHE0",
        "UTX9617PE",
        "UTXCSLANN",
        "UTXCSM3T4",
        "UTY1G7GDR",
        "UTY35H4KU",
        "UTY9UUBHR",
        "UTYV111G8",
        "UTZ0CMU77",
        "UTZAAC0QN",
        "UU088BC7J",
        "UU0BMGADN",
        "UU0BQAREE",
        "UU0KNVBQE",
        "UU0RGA3TK",
        "UU1BCHK47",
        "UU1NGV37C",
        "UU1RD8YKF",
        "UU22K7M3L",
        "UU263L0FJ",
        "UU44DCK1N",
        "UU44H3EQG",
        "UU46HGVJ8",
        "UU5GKHM6D",
        "UU65BA53M",
        "UU66WH5QW",
        "UU67CN95E",
        "UU6H4PPNU",
        "UU6V8J4LW",
        "UU70PT4DR",
        "UU77G6S12",
        "UU7NFGEMS",
        "UU7V3RU8N",
        "UU82VRYAU",
        "UU86L3ZME",
        "UU87UJF3N",
        "UU8G767RN",
        "UU9EH0X39",
        "UUBDKAX8S",
        "UUBPB999C",
        "UUC038P8E",
        "UUC2GPJB1",
        "UUCABSG0K",
        "UUCMTV3E2",
        "UUD8P6GAH",
        "UUDFDQV5G",
        "UUDFW1J1H",
        "UUE2LQSKY",
        "UUE3G4P8A",
        "UUEAK899P",
        "UUEATSFK5",
        "UUEER3VT6",
        "UUEPJLPQ8",
        "UUFAQSH16",
        "UUFB52D7X",
        "UUGGSDWF9",
        "UUH0BNMA5",
        "UUH5W554Z",
        "UUHKKEYT0",
        "UUHSYBE4W",
        "UUJQVG5F1",
        "UUJTQBFC4",
        "UUKCE6CKH",
        "UUKRF8CPJ",
        "UUKRWUQH4",
        "UULPHKH6K",
        "UUML1V95M",
        "UUNJZ29EE",
        "UUPA1LE7P",
        "UUQ6XPC9W",
        "UUQKEFF38",
        "UURCH2HFH",
        "UURH3QVNF",
        "UURJZ8Y9X",
        "UURLVG9DM",
        "UUS9THUQN",
        "UUSA3DZRA",
        "UUSQW69RA",
        "UUSRC9DRN",
        "UUTGADLC9",
        "UUTHVK5T4",
        "UUUR8TT36",
        "UUV0TK6SU",
        "UUVH1SFU0",
        "UUW640AN4",
        "UUW6M8G5B",
        "UUWH1MAKX",
        "UUWR9EKKN",
        "UUWU42C6R",
        "UUXHFJZ70",
        "UUZ393JNN",
        "UV1987EDB",
        "UV1QU9XFT",
        "UV1SB294J",
        "UV270JWKZ",
        "UV36WPLP6",
        "UV3N8B38F",
        "UV4DHLXNW",
        "UV4F233LG",
        "UV585PM52",
        "UV5UAS7ML",
        "UV6SULS1G",
        "UV774850U",
        "UV85ZFAF7",
        "UV887MZ8U",
        "UV8E3H1AN",
        "UV8FXJVND",
        "UV8M6V2G1",
        "UV8TJMK6X",
        "UV8TQ7C5C",
        "UV8UL9S15",
        "UV9C3NLUQ",
        "UVBARJB0A",
        "UVBF2V337",
        "UVBHP292M",
        "UVBQK34UU",
        "UVCQPUX2A",
        "UVCR84353",
        "UVCSHQ6JG",
        "UVCSNTK4N",
        "UVD8USY31",
        "U0100HUAH53",
        "U0100SHPRNH",
        "U0101N0B2Q3",
        "U0101T8J7DZ",
        "U0102888YU8",
        "U0102TNDMS5",
        "U01038T883S",
        "U0103CB02EB",
        "U0104DNPX6X",
        "U01058QGPQS",
        "U0105AM8VEX",
        "U0105MDULUA",
        "U01069CHHQV",
        "U0106C4REKE",
        "U0107BWP8LA",
        "U0107QWRFMM",
        "U010A50F8NR",
        "U010B3LHB1S",
        "U010B4XTV9A",
        "U010BFPE2JC",
        "U010BR5U9U0",
        "U010C5PK327",
        "U010C6SFXEU",
        "U010C8L2C2V",
        "U010DEN69FH",
        "U010DPZ7SGN",
        "U010F6GCH7G",
        "U010FB4TBTM",
        "U010FU66J2D",
        "U010G2XD2F5",
        "U010HS288KX",
        "U010JT30AEB",
        "U010KS4U8EN",
        "U010L25R3HD",
        "U010L2SG5NJ",
        "U010LF33WNA",
        "U010MJ67FBM",
        "U010NNLTM5J",
        "U010PFHLU3H",
        "U010QFTAESU",
        "U010R0RGW56",
        "U010RA5J05V",
        "U010RNUK2HE",
        "U010RVCVC1Z",
        "U010S3BU61K",
        "U010S3EG70V",
        "U010T5NP76D",
        "U010TJDM2SX",
        "U010TQSJ692",
        "U010UDPK22F",
        "U010V2ABSH2",
        "U010W02L5JS",
        "U010W0LE4FL",
        "U010WK0UFGV",
        "U010WTCCKDE",
        "U010XFNN142",
        "U010YEKPPBN",
        "U010YGLRG8P",
        "U010YHDSPPW",
        "U0110KT22H5",
        "U01110RAE2Z",
        "U01119BQF5Y",
        "U0113057MMY",
        "U0113058MMY",
        "U0113R3DVDG",
        "U01142LUKHC",
        "U0114ALQ3JP",
        "U0114P4EQAW",
        "U0114PPTMDY",
        "U0114Q281S6",
        "U01157BC43H",
        "U0115M09J6R",
        "U01190A98UV",
        "U011914R4BY",
        "U01196RNHFA",
        "U011ADVBCJX",
        "U011AQGCWET",
        "U011B80NJ3H",
        "U011B923269",
        "U011BD55F7H",
        "U011BE1DC84",
        "U011C3F7WBD",
        "U011CC0D1JT",
        "U011CCTGMU3",
        "U011CJJ10HM",
        "U011CSRF9UN",
        "U011CV2A7NK",
        "U011DDZSJGG",
        "U011DJUDG05",
        "U011F66HBKL",
        "U011FEJS84U",
        "U011G3TLMC6",
        "U011GNH45GT",
        "U011HC7RAC9",
        "U011HPU9XNH",
        "U011JTAENTH",
        "U011K68SZN1",
        "U011KAU2VKL",
        "U011KAUQ91C",
        "U011KF1JEMC",
        "U011KSU6PRU",
        "U011LTT20MP",
        "U011M0BE98S",
        "U011MAAKBNG",
        "U011N3FSZ0W",
        "U011NB5M4M9",
        "U011PANAD47",
        "U011PBP2E66",
        "U011PGX85J6",
        "U011PVAM6TG",
        "U011Q4KNLAH",
        "U011Q8XHA0P",
        "U011QKHDU21",
        "U011RQW1HT5",
        "U011S0QJQ93",
        "U011SA2DWKY",
        "U011SCRUR4M",
        "U011SG3MFHA",
        "U011STZQ1L6",
        "U011TCKDJKF",
        "U011TDN6J84",
        "U011TLFF35M",
        "U011VDYM6BG",
        "U011VMHAL68",
        "U011W9D9LCW",
        "U011WB0AYBC",
        "U011WUDC0NA",
        "U011XB4BL48",
        "U011Y3RVBJM",
        "U011Y7S3S2V",
        "U011YKQ4UUD",
        "U011Z628WV9",
        "U011Z7VM1UN",
        "U011ZB906V7",
        "U011ZCSSFK3",
        "U012077JE11",
        "U0120HK94UR",
        "U0120LF3U4R",
        "U0120LXRT6H",
        "U0120SFNL0J",
        "U01222XP0AW",
        "U0123A458TG",
        "U0123JRB882",
        "U0123TFNY1M",
        "U0124D21K6V",
        "U0126M3B810",
        "U0127E76EAD",
        "U012807QJEP",
        "U01282AELHJ",
        "U0128GRJQBS",
        "U012CP32EEB",
        "U012D3P4W20",
        "U012DEXJYQ3",
        "U012E3WL9GT",
        "U012E5Z9TGC",
        "U012EGKPY3H",
        "U012EHHQ6VD",
        "U012EQPUGE6",
        "U012FBHM8JD",
        "U012FSCGXFB",
        "U012H54TN1K",
        "U012HAM0XE1",
        "U012JH4GKUP",
        "U012JSC9PKN",
        "U012JVAPA8J",
        "U012K03FGAG",
        "U012KB50DSA",
        "U012LH3SGTW",
        "U012MD5A0S0",
        "U012NFHKWKD",
        "U012NV1LH6E",
        "U012PTEC4P7",
        "U012Q5BJUG2",
        "U012Q7B6NQL",
        "U012R4KJ7NH",
        "U012RAZBL95",
        "U012RMYLGTH",
        "U012S7VQMA7",
        "U012S9729MZ",
        "U012SJ7PE68",
        "U012T8WTEFQ",
        "U012TCD1XS8",
        "U012TV9UF6U",
        "U012VJKS95Z",
        "U012VKQN3MH",
        "U012W7EMTGU",
        "U012WKPE0F5",
        "U012WNQDZU5",
        "U012XU8LGCT",
        "U012ZMPG1NV",
        "U0130C61F0F",
        "U0130PK4HJA",
        "U0130TDLFB3",
        "U0131PRHL90",
        "U0131R9CZJ6",
        "U0132LBJ23Y",
        "U0132NUQ5GC",
        "U01331L64T1",
        "U013374PJU8",
        "U0133EQJ1L6",
        "U0133HWAWTG",
        "U0133J06W0P",
        "U01347LHQPJ",
        "U0134FC6X45",
        "U0134G9760L",
        "U01357QPRV0",
        "U0135LYFA1E",
        "U0135QRCL1G",
        "U0136895W73",
        "U0137H3254K",
        "U0137KXQSB1",
        "U0137M32VEE",
        "U0137NM2M8C",
        "U0138654L1X",
        "U01388AD3RC",
        "U0138FS5YUD",
        "U0138H3MPQQ",
        "U0138M93Y80",
        "U01398B4ZAL",
        "U0139MCF2MQ",
        "U0139MZJH51",
        "U013B49J43V",
        "U013BC8JPEY",
        "U013BNU7ML0",
        "U013C2TNWLR",
        "U013CPPCBDZ",
        "U013E59QJ0G",
        "U013E9J3LDT",
        "U013ELGNSKV",
        "U013F9P3770",
        "U013FAVG3Q8",
        "U013FHJV0CD",
        "U013FLNET7D",
        "U013G63GC04",
        "U013G81B23G",
        "U013GAETMLM",
        "U013H48GFPU",
        "U013H5A2STB",
        "U013J5CRRDW",
        "U013JK9KXPB",
        "U013JMZAHR9",
        "U013LAWRS6S",
        "U013LC4N3PY",
        "U013LGVE6SZ",
        "U013LRFGWTW",
        "U013M5JD45U",
        "U013M5YRRM1",
        "U013N2ED1E3",
        "U013NBBP4CX",
        "U013P2HMLT1",
        "U013P72A0HH",
        "U013PSAC677",
        "U013PU8FD1Q",
        "U013QD6CG9Z",
        "U013QEFDW3V",
        "U013QKDFCR5",
        "U013QTK5Q4C",
        "U013S0VQAVD",
        "U013SKKFD26",
        "U013SPFRGCE",
        "U013TK8TQKB",
        "U013TK9HERX",
        "U013U2VTKS5",
        "U013UCH023X",
        "U013UCL1SF4",
        "U013V3S9ZT9",
        "U013VBEP1PA",
        "U013VBRLERJ",
        "U013VTJMFU6",
        "U013W2VJAP2",
        "U013X6X6ZDY",
        "U013YDYBZU4",
        "U013YUJQ0TG",
        "U0140CBG5PG",
        "U0140HN1M8Q",
        "U0140HVN015",
        "U0141AWTT6X",
        "U0143J075CH",
        "U0143STEZ41",
        "U01441PSMAS",
        "U01446U7NQL",
        "U0144U9HAP8",
        "U0145HWPHV5",
        "U0145TGKSRZ",
        "U0145TQG6BA",
        "U014646CG9L",
        "U01473XRB6J",
        "U0147B7S0LB",
        "U0148HR9HUY",
        "U0148LMLZ3R",
        "U0148P3G8E7",
        "U0148S62NMT",
        "U01494H6Q3X",
        "U01499DJJMV",
        "U0149LM4H6E",
        "U014AMKTELB",
        "U014B3G12LW",
        "U014CM9GVL6",
        "U014CUJ0604",
        "U014D9Y0FB8",
        "U014DL02YSH",
        "U014EC7FCNT",
        "U014ETPLWJC",
        "U014G9ZQPUG",
        "U014GDUEXL5",
        "U014H6LTSR4",
        "U014HT3MJDN",
        "U014K7L0CRW",
        "U014K8JUA67",
        "U014KDVQ82X",
        "U014KPQ5CMU",
        "U014L6PB2RZ",
        "U014LB680D7",
        "U014LL7QQ7R",
        "U014LTH8AE9",
        "U014NVAJ58U",
        "U014P0DA05R",
        "U014PN2GXDK",
        "U014PS8LMDE",
        "U014QEZ5QLB",
        "U014RGH04RE",
        "U014RT8ED47",
        "U014RTDPG1L",
        "U014SMHGQ9E",
        "U014TDHL2S0",
        "U014TMN1V27",
        "U014TNHAJMS",
        "U014UJ5SUGN",
        "U014WGZ81BJ",
        "U014X30CCF2",
        "U014XLRREQ7",
        "U014XT7A1LM",
        "U014ZJGDKD2",
        "U01501K37ND",
        "U0150FDGGSX",
        "U0150ND2GKY",
        "U015158BQBU",
        "U0151PMSB7D",
        "U0151S4N3GR",
        "U0152G4PGJE",
        "U0152L78LKZ",
        "U0153AMQBU0",
        "U0153LV9Q90",
        "U0154105GUE",
        "U0154N9CM24",
        "U0154URFVL4",
        "U01556W0JT0",
        "U0155K28KK8",
        "U0156A2739U",
        "U0156QRS5RQ",
        "U0157B6GAUT",
        "U0158V76QS0",
        "U01594YA83Z",
        "U015B287RRB",
        "U015B99PNAK",
        "U015BT9EDU1",
        "U015C1A39H6",
        "U015C7KDRM2",
        "U015CGNRP6V",
        "U015CMNB9HN",
        "U015CNA5BC7",
        "U015CQALTD1",
        "U015DA18PT4",
        "U015E9D85M5",
        "U015EUMCLNL",
        "U015H0ZU5HN",
        "U015H1MRUCT",
        "U015H4K3A7M",
        "U015HF9T3KP",
        "U015HJCS675",
        "U015HTM6BL4",
        "U015J7CPTRR",
        "U015JAWSU2F",
        "U015JVADQDP",
        "U015JVBPGVD",
        "U015KMAULTT",
        "U015LJNDWMV",
        "U015M3DRV43",
        "U015MAX7MLM",
        "U015MMLSUQM",
        "U015MTX4JVC",
        "U015N1XQL8Z",
        "U015N2C8CPM",
        "U015Q1AAH43",
        "U015Q5GTLN9",
        "U015QBS63B7",
        "U015QBZ9PMK",
        "U015QG90SAE",
        "U015QV08HPV",
        "U015RDG7QP3",
        "U015RFPAWDD",
        "U015RLAF1HP",
        "U015RQ1GM0Q",
        "U015RS9JF53",
        "U015RV6PKK5",
        "U015SE77Y4C",
        "U015SMS75L2",
        "U015SPYLKKM",
        "U015T9N7JEL",
        "U015U1DLAJC",
        "U015V2LERKK",
        "U015V69EMMX",
        "U015VDL22QM",
        "U015VJE51CY",
        "U015VMEAHDY",
        "U015VUR5B6C",
        "U015W2L2WQ5",
        "U015WPMDFPG",
        "U015WRLLCKF",
        "U015X2WKDHS",
        "U015XCH00QY",
        "U015Y2JCRPG",
        "U015Z6ETM2T",
        "U015ZCKLAFN",
        "U01609SQTS5",
        "U0160C17Z8D",
        "U01612MQ2CS",
        "U01612YN81W",
        "U01614SMH46",
        "U01618GB1U2",
        "U01619J49FA",
        "U0161FBQS77",
        "U0161H96UTX",
        "U0161JDSDS4",
        "U0161LL8CLE",
        "U0162MX3N2U",
        "U0162PWMS2V",
        "U0162RD62BC",
        "U01630S8WGP",
        "U01638KQE2G",
        "U0163DU6UHW",
        "U01645F102K",
        "U01649PLMTN",
        "U0165120SNB",
        "U01656S64D8",
        "U0165P1JN73",
        "U016620DU9H",
        "U01663PD0LB",
        "U01664RKF2Q",
        "U01667KDA5Q",
        "U0166AB9LNB",
        "U0166P8N81H",
        "U0166QJJ630",
        "U0167SMT2R0",
        "U0167V55GH1",
        "U0168GXUCQ6",
        "U0168SJJPFY",
        "U0169BMEBL6",
        "U0169P2V3SP",
        "U016AC190DT",
        "U016B0X1S2W",
        "U016BC3FWPN",
        "U016BPJAD70",
        "U016BQF6QSU",
        "U016BRE204E",
        "U016C49FNPL",
        "U016D1WU0KU",
        "U016DJBF9NE",
        "U016DRWB9FB",
        "U016ETKVC81",
        "U016FBFH11A",
        "U016FDKGT3M",
        "U016HACCQ5V",
        "U016HHRKWJE",
        "U016HJP4CA2",
        "U016JKT2E76",
        "U016KRUKLQ0",
        "U016L2N0Y9X",
        "U016LF7MWG5",
        "U016MM1ABHU",
        "U016N8MHKRT",
        "U016N98GY4Q",
        "U016N9BFZ36",
        "U016NRRDQQ6",
        "U016P5BPP0R",
        "U016PAWP5A6",
        "U016PB8TCTC",
        "U016Q92V4AE",
        "U016QHN9F7B",
        "U016QRLSJ4A",
        "U016RE24QPQ",
        "U016RPYQBJA",
        "U016RTW6CBA",
        "U016S854ER1",
        "U016SF9RAH5",
        "U016SQM143V",
        "U016T81B7RN",
        "U016T8L9LRW",
        "U016TTB25E3",
        "U016TUFSBJS",
        "U016U6X4H7H",
        "U016UDSQ2RY",
        "U016UDTSRF0",
        "U016UN0G70D",
        "U016VM6ULHL",
        "U016VRXAUCW",
        "U016W7DJLLT",
        "U016W7LTNKW",
        "U016W92KT1U",
        "U016X2DMQ1F",
        "U016XFXUS6S",
        "U016XRG3N7K",
        "U016Y3HMW1G",
        "U016YF0GANP",
        "U016ZGTFN1J",
        "U01702YNHDX",
        "U0170FN2M9A",
        "U01710M2S0M",
        "U01711VDQA1",
        "U0171EMTD5E",
        "U0171QWNUKV",
        "U01727MQN56",
        "U0172ELKEQM",
        "U0173LHQ6U9",
        "U01752B0UTY",
        "U01753WDMDL",
        "U0175MPSB9T",
        "U01762LJLUU",
        "U0176RN83GR",
        "U0177E4RQUA",
        "U0177Q777FW",
        "U0177TYT88P",
        "U017855JX5X",
        "U0178EHEHNY",
        "U0178KP0L57",
        "U0178NHKAS0",
        "U0178NUM7FW",
        "U017AFSJUA1",
        "U017B00CSAE",
        "U017B2W3FGF",
        "U017BV8H0U9",
        "U017CV2EERF",
        "U017DNHB0HL",
        "U017DUKCUM7",
        "U017EPGA04T",
        "U017ETLHX0R",
        "U017GMZB58B",
        "U017H22NH6Y",
        "U017H6PFC3S",
        "U017H8EUN8G",
        "U017J6ADUHE",
        "U017JQ70XST",
        "U017KE4FSTB",
        "U017N9HRSBT",
        "U017P027EKT",
        "U017P88UBJA",
        "U017PJ886CQ",
        "U017PPN8Z6V",
        "U017PRSEQBT",
        "U017Q4WB2TV",
        "U017QFD7RJQ",
        "U017RAB4U3E",
        "U017RBQF95H",
        "U017RN51JDN",
        "U017RUPGJTW",
        "U017RV7C1D2",
        "U017SAT75M0",
        "U017T9J182W",
        "U017UG8ANSH",
        "U017UKSSG84",
        "U017UMDKWHK",
        "U017USPTH17",
        "U017V6YBQSE",
        "U017W31603C",
        "U017WGDBZ8V",
        "U017WLA8UNA",
        "U017YB81UHW",
        "U017YNPEV0D",
        "U017Z4B8AUW",
        "U017ZKNAB27",
        "U017ZLBNR1Q",
        "U017ZSL7ESC",
        "U01802EH9R9",
        "U0180JZN5EC",
        "U0180RCQ324",
        "U0183513007",
        "U0184G0M77V",
        "U0184RH7L5U",
        "U0185422NEN",
        "U0185PKK14M",
        "U0186G05YN5",
        "U018763B09G",
        "U0188M1JTCN",
        "U0188MTQMJ5",
        "U018934JW5U",
        "U0189LJTH4J",
        "U0189LLMJCA",
        "U0189MF51U5",
        "U018AAS80DA",
        "U018ANGHFFF",
        "U018ARM9J77",
        "U018B60C0K0",
        "U018BB9KYSF",
        "U018BDB8690",
        "U018BKVQDSP",
        "U018BNKNA3T",
        "U018BQFBJTX",
        "U018BTTJXKL",
        "U018CBY56JG",
        "U018CJJGKPE",
        "U018DCDFSV9",
        "U018DMMLCJY",
        "U018DNRTV43",
        "U018DQ2PFRS",
        "U018DRL6P5J",
        "U018E263NSZ",
        "U018E265RNZ",
        "U018FD41X8S",
        "U018FK65JN7",
        "U018FQEJ8BG",
        "U018FSCDN6L",
        "U018G6R6YUV",
        "U018GDX40M8",
        "U018GGUN0DU",
        "U018GSM9ETW",
        "U018H2YUHNV",
        "U018H39KDG9",
        "U018HBUD4H1",
        "U018HGYT9TK",
        "U018J9FQMH9",
        "U018JKWHCV8",
        "U018JTEF0CE",
        "U018KAHA010",
        "U018KF77S76",
        "U018L121472",
        "U018LKSBSF8",
        "U018LN2Q8D8",
        "U018NDST15H",
        "U018P6090Q1",
        "U018QDW4SAE",
        "U018RBAH10U",
        "U018RDKC813",
        "U018RKTJLG4",
        "U018RUJ79ND",
        "U018SGT9VFW",
        "U018SN2DPQU",
        "U018SR009Q8",
        "U018TDQ2WEP",
        "U018U23JDUZ",
        "U018W375DQU",
        "U018X0J5AJC",
        "U018Y1064E4",
        "U018Z0HMTTK",
        "U018Z2MQ1DF",
        "U0190L4NGHW",
        "U01927WKR1P",
        "U01932VMPPB",
        "U0194TCRKNU",
        "U019629CXH6",
        "U019C2PLWC8",
        "U019C4BNC4Q"
    ],
    "topic": {
        "value": "Non-work banter and water cooler conversation. Please do not use it for Cube.js related questions.",
        "creator": "UC19HAUAK",
        "last_set": 1595024136
    },
    "purpose": {
        "value": "A place for non-work-related flimflam, faffing, hodge-podge or jibber-jabber you'd prefer to keep out of more focused work-related channels.",
        "creator": "UC1HAFW4E",
        "last_set": 1533058722
    }
},
{
    "id": "CJXBG2ANQ",
    "name": "start_cube",
    "created": 1558598993,
    "creator": "UJRG0GMDF",
    "is_archived": true,
    "is_general": false,
    "members": [],
    "pins": [
        {
            "id": "1558598994.000300",
            "type": "C",
            "created": 1558599032,
            "user": "UJRG0GMDF",
            "owner": "USLACKBOT"
        }
    ],
    "topic": {
        "value": "",
        "creator": "",
        "last_set": 0
    },
    "purpose": {
        "value": "how to add thing to schama?",
        "creator": "UJRG0GMDF",
        "last_set": 1558599179
    }
},
{
    "id": "CK1K6LWTF",
    "name": "getting-started",
    "created": 1559034076,
    "creator": "UJRG0GMDF",
    "is_archived": false,
    "is_general": false,
    "members": [
        "UC19HAUAK",
        "UC1HAFW4E",
        "UC7T6UPQU",
        "UC7TSHQ91",
        "UHEMDJPRS",
        "UHETZ5RS4",
        "UJ3JP38LW",
        "UK332KZGS",
        "UK45B3Q4C",
        "UK58ZFS7P",
        "UK67F8EDA",
        "UK8CKP6P7",
        "UK8EJNUKD",
        "UKC1J432M",
        "UKH7JJZ2Q",
        "UKK1AAZMK",
        "UKKG6Q86L",
        "UKNF0LQRL",
        "UKT09QM7X",
        "UKVHP82SU",
        "UKWASUNKS",
        "UKXB016SW",
        "UL2DNMNEQ",
        "UL2GYF459",
        "UL37K4MB7",
        "UL3D8HSRF",
        "UL55T8A72",
        "UL9C3UVD3",
        "UL9G540H2",
        "ULB1NFX0V",
        "ULCRK5PSN",
        "ULE87CNA2",
        "ULGVDKU7L",
        "ULH8DV8BD",
        "ULHTL11V1",
        "ULJQU1JCT",
        "ULKS069JN",
        "ULLM6V5HT",
        "ULMJR3QJK",
        "ULN0RBCDD",
        "ULP24NSBF",
        "ULQ4DEKB4",
        "ULUUPCA66",
        "ULV6BHT52",
        "ULVJ9CTQF",
        "ULVNXR6SV",
        "ULXNUCNG2",
        "ULYDMPK6F",
        "ULZ5FD6QL",
        "ULZ7VN2TU",
        "ULZKZPYMS",
        "UM2QXLJ4D",
        "UM36MSEKZ",
        "UM3DF2A84",
        "UM3KS53HC",
        "UM4GGJFJA",
        "UM69ZG4AE",
        "UM7PN9074",
        "UMC0S2PUL",
        "UMCJC91PC",
        "UMEBJ3NV6",
        "UMHQ5S63H",
        "UML2Y5ACC",
        "UML9DAGV8",
        "UMV2KD9C6",
        "UMZGSKQCU",
        "UMZSRTKC0",
        "UN02WL8TS",
        "UN15WL4FQ",
        "UN1C0PFAP",
        "UN2BM4F4P",
        "UN2DC1W9J",
        "UN3D16N79",
        "UN4NRMGTB",
        "UN5B03DNV",
        "UN9MWF6CD",
        "UNAQ4G7T6",
        "UNE429Q84",
        "UNEF6LJTX",
        "UNH5WL410",
        "UNHS5GGUT",
        "UNKDXKPC7",
        "UNP46FSN5",
        "UNTMP63GD",
        "UNTN6EU74",
        "UNW9K3AF9",
        "UNWK0JSFQ",
        "UNZ15P020",
        "UNZ620Z4H",
        "UNZA6F8NL",
        "UP29ZFHT9",
        "UP3M722MA",
        "UP4561Q6L",
        "UP4FTFUP2",
        "UP4MNBT4G",
        "UP79PCJDT",
        "UP8DG377D",
        "UP8T6DGE4",
        "UP9N92560",
        "UPD2K66P9",
        "UPDLD3V6U",
        "UPFTFG350",
        "UPJ417N0K",
        "UPLMQSG48",
        "UPMRZ9Q07",
        "UPPFM9H8A",
        "UPPGHRGTS",
        "UPRBHJE7R",
        "UPUMBCFC3",
        "UPYHEPA57",
        "UQ0EBDZB5",
        "UQ141PSLS",
        "UQ1HDUUPK",
        "UQ24BH6KD",
        "UQ9EWJ1MY",
        "UQDSKQQUV",
        "UQF514ZV4",
        "UQGF0N4FM",
        "UQJD38Q3S",
        "UQJE1G71C",
        "UQP49FPCK",
        "UQS5YC2J2",
        "UQSSWBJ10",
        "UQTA06QTE",
        "UQU8M69AQ",
        "UQURU00NR",
        "UQX86SZDK",
        "UQXC1HK5L",
        "UQYEFNEHE",
        "UQZF9SYN5",
        "UR3S8JEAF",
        "UR6UVR127",
        "UR81FDRFG",
        "URAABKG2F",
        "URFD017QE",
        "URG03MR27",
        "URG2GJK71",
        "URGHRJJB1",
        "URLH3MHK2",
        "URMKQ304A",
        "URQ5S6U02",
        "URQNVJPGF",
        "URRK6323B",
        "URRU0GD4J",
        "URT1V5350",
        "URTNUT3C3",
        "URUTC0H0W",
        "URVLHBHGB",
        "URVS57H6F",
        "URW1FT2EL",
        "URWGMP163",
        "URXSH6H42",
        "URZCZGJGN",
        "US03ZTVJR",
        "US1P711C1",
        "US22Z071B",
        "US2C4LFEH",
        "US3D288R5",
        "US55KHYAZ",
        "US6JL71ME",
        "US77SBYBC",
        "US83C5HMW",
        "US84FE02C",
        "USG2AM893",
        "USG991QKG",
        "USGF5A9QR",
        "USNEMF89E",
        "USQ4S7KTP",
        "USRP6KC9E",
        "UST1VDELC",
        "USVR636R1",
        "USVTNT16D",
        "USWP4GFSN",
        "USX1PRUUX",
        "USXQYTRTL",
        "USY5YPF4M",
        "UT0T6KM9N",
        "UT1K0MAHH",
        "UT267C0PL",
        "UT6FZ3TN3",
        "UT8553FUJ",
        "UT8LVB07J",
        "UT8P51W1F",
        "UT9HG5SF6",
        "UTARCU6KW",
        "UTC60CXJR",
        "UTCEA75GX",
        "UTCKZ114G",
        "UTH5GS0HL",
        "UTHF63F33",
        "UTHJXBYKS",
        "UTHRCG61K",
        "UTM3N4RV3",
        "UTN2FJ0Q4",
        "UTRGQS18C",
        "UTSEDC4SF",
        "UTSGR4GCX",
        "UTUEKR4A1",
        "UTV6WASKC",
        "UTWTR1R26",
        "UTXCSLANN",
        "UU088BC7J",
        "UU44DCK1N",
        "UU46HGVJ8",
        "UU65BA53M",
        "UU66WH5QW",
        "UU67CN95E",
        "UU7V3RU8N",
        "UU8G767RN",
        "UUBPB999C",
        "UUCABSG0K",
        "UUDFDQV5G",
        "UUFAQSH16",
        "UUHSYBE4W",
        "UUML1V95M",
        "UURLVG9DM",
        "UUSA3DZRA",
        "UUTGADLC9",
        "UUTHVK5T4",
        "UUXHFJZ70",
        "UUZ393JNN",
        "UV1987EDB",
        "UV774850U",
        "UV85ZFAF7",
        "UV8E3H1AN",
        "UV8TJMK6X",
        "UVCSHQ6JG",
        "U0100SHPRNH",
        "U0102888YU8",
        "U01038T883S",
        "U0105AM8VEX",
        "U0105MDULUA",
        "U01069CHHQV",
        "U010B3LHB1S",
        "U010BFPE2JC",
        "U010DEN69FH",
        "U010DPZ7SGN",
        "U010FU66J2D",
        "U010G2XD2F5",
        "U010KS4U8EN",
        "U010LF33WNA",
        "U010S3EG70V",
        "U0115M09J6R",
        "U011914R4BY",
        "U01196RNHFA",
        "U011B923269",
        "U011BD55F7H",
        "U011BE1DC84",
        "U011CC0D1JT",
        "U011CCTGMU3",
        "U011F66HBKL",
        "U011GNH45GT",
        "U011HC7RAC9",
        "U011KAU2VKL",
        "U011KAUQ91C",
        "U011QKHDU21",
        "U011RQW1HT5",
        "U011TCKDJKF",
        "U011VDYM6BG",
        "U011W9D9LCW",
        "U0120LXRT6H",
        "U0120SFNL0J",
        "U01282AELHJ",
        "U0128GRJQBS",
        "U012FBHM8JD",
        "U012H54TN1K",
        "U012HAM0XE1",
        "U012Q5BJUG2",
        "U012RAZBL95",
        "U012S9729MZ",
        "U012WNQDZU5",
        "U012XU8LGCT",
        "U01331L64T1",
        "U01357QPRV0",
        "U01388AD3RC",
        "U0138H3MPQQ",
        "U013E9J3LDT",
        "U013J5CRRDW",
        "U013LAWRS6S",
        "U013M5JD45U",
        "U013NBBP4CX",
        "U013QTK5Q4C",
        "U013SPFRGCE",
        "U013VBRLERJ",
        "U013W2VJAP2",
        "U0145HWPHV5",
        "U0145TGKSRZ",
        "U0148S62NMT",
        "U014AMKTELB",
        "U014CM9GVL6",
        "U014G9ZQPUG",
        "U014H6LTSR4",
        "U014L6PB2RZ",
        "U014LL7QQ7R",
        "U014LTH8AE9",
        "U014RGH04RE",
        "U014TDHL2S0",
        "U014X30CCF2",
        "U015158BQBU",
        "U0152G4PGJE",
        "U01594YA83Z",
        "U015C1A39H6",
        "U015C7KDRM2",
        "U015CGNRP6V",
        "U015MAX7MLM",
        "U015MTX4JVC",
        "U015N2C8CPM",
        "U015RS9JF53",
        "U015RV6PKK5",
        "U01612MQ2CS",
        "U01618GB1U2",
        "U0161FBQS77",
        "U01645F102K",
        "U016620DU9H",
        "U01664RKF2Q",
        "U0166P8N81H",
        "U0167SMT2R0",
        "U0168GXUCQ6",
        "U0169BMEBL6",
        "U016B0X1S2W",
        "U016BC3FWPN",
        "U016BPJAD70",
        "U016D1WU0KU",
        "U016NRRDQQ6",
        "U016RPYQBJA",
        "U016S854ER1",
        "U016VM6ULHL",
        "U016X2DMQ1F",
        "U016XRG3N7K",
        "U016YF0GANP",
        "U0172ELKEQM",
        "U0173LHQ6U9",
        "U0176RN83GR",
        "U0177NZJMD3",
        "U0177Q777FW",
        "U017DNHB0HL",
        "U017P027EKT",
        "U017PPN8Z6V",
        "U017RUPGJTW",
        "U017WLA8UNA",
        "U017YB81UHW",
        "U017ZLBNR1Q",
        "U0183513007",
        "U0185422NEN",
        "U0189MF51U5",
        "U018BDB8690",
        "U018BQFBJTX",
        "U018BTTJXKL",
        "U018CBY56JG",
        "U018CJJGKPE",
        "U018DMMLCJY",
        "U018DRL6P5J",
        "U018FK65JN7",
        "U018FQEJ8BG",
        "U018L121472",
        "U018LKSBSF8",
        "U0194TCRKNU",
        "U019C4BNC4Q"
    ],
    "pins": [
        {
            "id": "1576963368.018300",
            "type": "C",
            "created": 1578877035,
            "user": "UPFTFG350",
            "owner": "URZCZGJGN"
        }
    ],
    "topic": {
        "value": "",
        "creator": "",
        "last_set": 0
    },
    "purpose": {
        "value": "All first steps cube.js questions are welcomed here!",
        "creator": "UC19HAUAK",
        "last_set": 1562617761
    }
},
{
    "id": "CKET7RSBH",
    "name": "hive-spark-drivers",
    "created": 1559943884,
    "creator": "UC19HAUAK",
    "is_archived": false,
    "is_general": false,
    "members": [
        "UC19HAUAK",
        "UC1HAFW4E",
        "UJ3JP38LW",
        "UJ41NS248",
        "UJ5RZ4ZSS",
        "UJ90AE34G",
        "UK1F7RL11",
        "UK332KZGS",
        "UKAH5USAD",
        "UKC1J432M",
        "UKEJJEQ3H",
        "UKH7JJZ2Q",
        "UKTK99SDR",
        "UKVHP82SU",
        "UL2GYF459",
        "UL3D8HSRF",
        "ULB1NFX0V",
        "ULKS069JN",
        "ULQ4DEKB4",
        "UNAQ4G7T6",
        "UNE429Q84",
        "UNP46FSN5",
        "UP3M722MA",
        "UPD2K66P9",
        "UPJ417N0K",
        "UPMRZ9Q07",
        "UQGJ9D27J",
        "UQJE1G71C",
        "UQLQWACC8",
        "UQS5YC2J2",
        "UQX86SZDK",
        "UQYEFNEHE",
        "UR3S8JEAF",
        "UR6UVR127",
        "US3D288R5",
        "USNEMF89E",
        "USVTNT16D",
        "USXQYTRTL",
        "UT8553FUJ",
        "UT8P51W1F",
        "UU1RD8YKF",
        "UV8E3H1AN",
        "U010W02L5JS",
        "U011HC7RAC9",
        "U011VDYM6BG",
        "U012S9729MZ",
        "U012WNQDZU5",
        "U015RV6PKK5",
        "U016BPJAD70",
        "U016NRRDQQ6",
        "U018FQEJ8BG",
        "U0194TCRKNU"
    ],
    "topic": {
        "value": "",
        "creator": "",
        "last_set": 0
    },
    "purpose": {
        "value": "Channel to discuss Hive, Spark drivers implementation",
        "creator": "UC19HAUAK",
        "last_set": 1559943885
    }
},
{
    "id": "CL3FKTQ0L",
    "name": "bigquery-driver",
    "created": 1562165848,
    "creator": "UKP3H604E",
    "is_archived": false,
    "is_general": false,
    "members": [
        "UC19HAUAK",
        "UC1HAFW4E",
        "UJ41NS248",
        "UJ5RZ4ZSS",
        "UJ90AE34G",
        "UKNF0LQRL",
        "UKP3H604E",
        "UKWGYV4TC",
        "UL2GYF459",
        "UL3D8HSRF",
        "ULD1RCPFF",
        "ULKS069JN",
        "ULQASRJ69",
        "ULRN81BK8",
        "ULZKZPYMS",
        "UM6S412UF",
        "UMC0S2PUL",
        "UN02WL8TS",
        "UN2BM4F4P",
        "UN90TGGR1",
        "UNAQ4G7T6",
        "UNE429Q84",
        "UNP46FSN5",
        "UNXNHGG2K",
        "UNZ620Z4H",
        "UP3M722MA",
        "UPD2K66P9",
        "UPMRZ9Q07",
        "UPPFM9H8A",
        "UQ0EBDZB5",
        "UQJE1G71C",
        "UQS5YC2J2",
        "UQX86SZDK",
        "UQXLY5PG8",
        "UQYEFNEHE",
        "UR3S8JEAF",
        "UR6UVR127",
        "URB6CKPFA",
        "URG03MR27",
        "URG2GJK71",
        "URPFW0AP2",
        "URXL86PRQ",
        "URZCZGJGN",
        "US2C4LFEH",
        "US3D288R5",
        "USD27ACHF",
        "USNEMF89E",
        "USVTNT16D",
        "USWP4GFSN",
        "USXQYTRTL",
        "UT0KM359S",
        "UT8553FUJ",
        "UT8P51W1F",
        "UTT7CHPAL",
        "UUCABSG0K",
        "UUFAQSH16",
        "UV1987EDB",
        "UV8E3H1AN",
        "U01038T883S",
        "U010G2XD2F5",
        "U010RA5J05V",
        "U01196RNHFA",
        "U011HC7RAC9",
        "U011VDYM6BG",
        "U0120SFNL0J",
        "U0123JRB882",
        "U012HAM0XE1",
        "U012S9729MZ",
        "U012WNQDZU5",
        "U0137KXQSB1",
        "U013E9J3LDT",
        "U013GAETMLM",
        "U013P2HMLT1",
        "U013VBRLERJ",
        "U014LL7QQ7R",
        "U015158BQBU",
        "U0151S4N3GR",
        "U015CGNRP6V",
        "U015RV6PKK5",
        "U01664RKF2Q",
        "U016BPJAD70",
        "U016NRRDQQ6",
        "U016RPYQBJA",
        "U016S854ER1",
        "U016X2DMQ1F",
        "U0172ELKEQM",
        "U017PPN8Z6V",
        "U017YB81UHW",
        "U0185422NEN",
        "U018BB9KYSF",
        "U018CBY56JG",
        "U018CJJGKPE",
        "U018FK65JN7",
        "U018FQEJ8BG",
        "U0194TCRKNU"
    ],
    "topic": {
        "value": "",
        "creator": "",
        "last_set": 0
    },
    "purpose": {
        "value": "Channel to discuss BigQuery driver",
        "creator": "UKP3H604E",
        "last_set": 1562165995
    }
},
{
    "id": "CLGEK5N1K",
    "name": "google-cloud",
    "created": 1563304948,
    "creator": "ULD1RCPFF",
    "is_archived": false,
    "is_general": false,
    "members": [
        "UC19HAUAK",
        "UC1HAFW4E",
        "UJ3JP38LW",
        "UJ41NS248",
        "UJ90AE34G",
        "UKWGYV4TC",
        "ULD1RCPFF",
        "ULN0RBCDD",
        "ULZKZPYMS",
        "UNAQ4G7T6",
        "UNHS5GGUT",
        "UNKDXKPC7",
        "UNP46FSN5",
        "UNXNHGG2K",
        "UP3M722MA",
        "UP4MNBT4G",
        "UPD2K66P9",
        "UPMRZ9Q07",
        "UQ0EBDZB5",
        "UQJE1G71C",
        "UQMD7FR5J",
        "UQMGE6U78",
        "UQX86SZDK",
        "UQYEFNEHE",
        "UR3S8JEAF",
        "UR6UVR127",
        "URA5SANG4",
        "URG2GJK71",
        "URPFW0AP2",
        "URZCZGJGN",
        "US3D288R5",
        "USNEMF89E",
        "USTLECDPY",
        "USVTNT16D",
        "USWP4GFSN",
        "USXQYTRTL",
        "UT0KM359S",
        "UT8553FUJ",
        "UT8P51W1F",
        "UU1BCHK47",
        "UUCABSG0K",
        "UUFAQSH16",
        "UV8E3H1AN",
        "U01038T883S",
        "U01069CHHQV",
        "U010G2XD2F5",
        "U010JT30AEB",
        "U010L2SG5NJ",
        "U010RA5J05V",
        "U01196RNHFA",
        "U011CV2A7NK",
        "U011F66HBKL",
        "U011QKHDU21",
        "U011VDYM6BG",
        "U011Y7S3S2V",
        "U0120LXRT6H",
        "U0120SFNL0J",
        "U01282AELHJ",
        "U012HAM0XE1",
        "U012S9729MZ",
        "U012WNQDZU5",
        "U0137KXQSB1",
        "U013E9J3LDT",
        "U013P2HMLT1",
        "U013VBRLERJ",
        "U014LL7QQ7R",
        "U014P0DA05R",
        "U015158BQBU",
        "U015CGNRP6V",
        "U015RV6PKK5",
        "U0161JDSDS4",
        "U01664RKF2Q",
        "U016BPJAD70",
        "U016NRRDQQ6",
        "U016RPYQBJA",
        "U016S854ER1",
        "U016X2DMQ1F",
        "U01711VDQA1",
        "U0172ELKEQM",
        "U017EPGA04T",
        "U017PPN8Z6V",
        "U017YB81UHW",
        "U0185422NEN",
        "U018FK65JN7",
        "U018FQEJ8BG",
        "U0194TCRKNU"
    ],
    "topic": {
        "value": "",
        "creator": "",
        "last_set": 0
    },
    "purpose": {
        "value": "cube.js discussion specific to google cloud platform deployments",
        "creator": "ULD1RCPFF",
        "last_set": 1563304948
    }
},
{
    "id": "CUA558PCL",
    "name": "couchdb-driver",
    "created": 1582266045,
    "creator": "UUCMTV3E2",
    "is_archived": false,
    "is_general": false,
    "members": [
        "UUCMTV3E2",
        "UV8E3H1AN",
        "U012S9729MZ",
        "U012WNQDZU5",
        "U0137KXQSB1",
        "U016BPJAD70",
        "U0194TCRKNU"
    ],
    "topic": {
        "value": "",
        "creator": "",
        "last_set": 0
    },
    "purpose": {
        "value": "connect cube.js to couchdb",
        "creator": "UUCMTV3E2",
        "last_set": 1582266046
    }
},
{
    "id": "CV7J0F61X",
    "name": "greenline",
    "created": 1584382600,
    "creator": "UC19HAUAK",
    "is_archived": true,
    "is_general": false,
    "members": [],
    "topic": {
        "value": "",
        "creator": "",
        "last_set": 0
    },
    "purpose": {
        "value": "",
        "creator": "",
        "last_set": 0
    }
},
{
    "id": "C0113CGP953",
    "name": "metabase-driver",
    "created": 1585636956,
    "creator": "ULKS069JN",
    "is_archived": false,
    "is_general": false,
    "members": [
        "UC19HAUAK",
        "UJ3JP38LW",
        "UJ5RZ4ZSS",
        "ULKS069JN",
        "ULWJ3UNF2",
        "UQJL4PF0F",
        "URG2GJK71",
        "U010RVCVC1Z",
        "U011CCTGMU3",
        "U012RAZBL95",
        "U012S9729MZ",
        "U012WNQDZU5",
        "U015158BQBU",
        "U015C7KDRM2",
        "U016BPJAD70",
        "U016T81B7RN",
        "U0194TCRKNU"
    ],
    "topic": {
        "value": "",
        "creator": "",
        "last_set": 0
    },
    "purpose": {
        "value": "Talk to metabase cubejs driver implemented by lili-data and cloudempiere team. For better traceability please use threads.",
        "creator": "ULKS069JN",
        "last_set": 1585641324
    }
},
{
    "id": "C011K3B00P8",
    "name": "jobs",
    "created": 1586568519,
    "creator": "UC19HAUAK",
    "is_archived": false,
    "is_general": false,
    "members": [
        "UC19HAUAK",
        "UC1HAFW4E",
        "UJ3JP38LW",
        "ULKS069JN",
        "ULQ0RJ3EW",
        "UPDLD3V6U",
        "UQHJXP9D0",
        "URG2GJK71",
        "USVSWVBD4",
        "UT8P51W1F",
        "UTH5GS0HL",
        "U010G2XD2F5",
        "U011AQGCWET",
        "U011CC0D1JT",
        "U011PANAD47",
        "U011W9D9LCW",
        "U011Y7S3S2V",
        "U012FSCGXFB",
        "U012R4KJ7NH",
        "U012RAZBL95",
        "U012S9729MZ",
        "U012WNQDZU5",
        "U0140CBG5PG",
        "U0148LMLZ3R",
        "U015158BQBU",
        "U015C7KDRM2",
        "U015J7CPTRR",
        "U015V2LERKK",
        "U015VDL22QM",
        "U016BPJAD70",
        "U016S854ER1",
        "U0172ELKEQM",
        "U017P027EKT",
        "U018BDB8690",
        "U0194TCRKNU"
    ],
    "topic": {
        "value": "Please post your project descriptions and portfolio apps here",
        "creator": "UC19HAUAK",
        "last_set": 1586568983
    },
    "purpose": {
        "value": "",
        "creator": "",
        "last_set": 0
    }
},
{
    "id": "C01477QSUQP",
    "name": "awselasticsearch-driver",
    "created": 1591049606,
    "creator": "U014TDHL2S0",
    "is_archived": false,
    "is_general": false,
    "members": [
        "UJ90AE34G",
        "UQQF6NA8J",
        "U010R0RGW56",
        "U014TDHL2S0",
        "U016B0X1S2W",
        "U016BPJAD70",
        "U016T81B7RN",
        "U0172ELKEQM",
        "U0173LHQ6U9",
        "U0194TCRKNU"
    ],
    "topic": {
        "value": "",
        "creator": "",
        "last_set": 0
    },
    "purpose": {
        "value": "Questions about issues and features of awselasticsearch driver for cubejs",
        "creator": "U014TDHL2S0",
        "last_set": 1591049607
    }
},
{
    "id": "C014R67DLHY",
    "name": "athena-driver",
    "created": 1591169409,
    "creator": "U014H6LTSR4",
    "is_archived": false,
    "is_general": false,
    "members": [
        "UJ90AE34G",
        "UQHJXP9D0",
        "U014H6LTSR4",
        "U015158BQBU",
        "U015B287RRB",
        "U015CQALTD1",
        "U016BPJAD70",
        "U016PB8TCTC",
        "U0172ELKEQM",
        "U018BDB8690",
        "U0194TCRKNU"
    ],
    "topic": {
        "value": "",
        "creator": "",
        "last_set": 0
    },
    "purpose": {
        "value": "",
        "creator": "",
        "last_set": 0
    }
},
{
    "id": "C014RCFSN03",
    "name": "aws-cloud",
    "created": 1591169530,
    "creator": "U014H6LTSR4",
    "is_archived": false,
    "is_general": false,
    "members": [
        "UC19HAUAK",
        "UC1HAFW4E",
        "UJ90AE34G",
        "UQHJXP9D0",
        "U010KS4U8EN",
        "U014H6LTSR4",
        "U015158BQBU",
        "U015N2C8CPM",
        "U015RV6PKK5",
        "U016620DU9H",
        "U016BPJAD70",
        "U0172ELKEQM",
        "U018BDB8690",
        "U0194TCRKNU"
    ],
    "topic": {
        "value": "",
        "creator": "",
        "last_set": 0
    },
    "purpose": {
        "value": "cube.js and aws talks",
        "creator": "U014H6LTSR4",
        "last_set": 1591169531
    }
},
{
    "id": "C014Y9UB6BH",
    "name": "asd",
    "created": 1592142468,
    "creator": "U0156A2739U",
    "is_archived": false,
    "is_general": false,
    "members": [
        "UJ90AE34G",
        "U0156A2739U",
        "U016BPJAD70"
    ],
    "topic": {
        "value": "",
        "creator": "",
        "last_set": 0
    },
    "purpose": {
        "value": "",
        "creator": "",
        "last_set": 0
    }
},
{
    "id": "C016B3TQW5D",
    "name": "azure-cloud",
    "created": 1594227049,
    "creator": "U016BPJAD70",
    "is_archived": false,
    "is_general": false,
    "members": [
        "U016BPJAD70",
        "U0194TCRKNU"
    ],
    "topic": {
        "value": "",
        "creator": "",
        "last_set": 0
    },
    "purpose": {
        "value": "Azure and cubeJs Topics.",
        "creator": "U016BPJAD70",
        "last_set": 1594227049
    }
},
{
    "id": "C016D47LVJB",
    "name": "cas-authentication",
    "created": 1594302422,
    "creator": "U0168SJJPFY",
    "is_archived": false,
    "is_general": false,
    "members": [
        "U0168SJJPFY"
    ],
    "topic": {
        "value": "",
        "creator": "",
        "last_set": 0
    },
    "purpose": {
        "value": "",
        "creator": "",
        "last_set": 0
    }
}
]