[
    {
        "type": "message",
        "subtype": "channel_join",
        "ts": "1595999120.000200",
        "user": "UQQF6NA8J",
        "text": "<@UQQF6NA8J> has joined the channel"
    },
    {
        "client_msg_id": "0ceb2193-0805-4da1-8d2a-22808669fb88",
        "type": "message",
        "text": "Quick question, is there a plan to provide a connector for Elasticsearch. or is there already a driver for cubejs to connect ?",
        "user": "UQQF6NA8J",
        "ts": "1595999163.000600",
        "team": "TC0C1HURK",
        "user_team": "TC0C1HURK",
        "source_team": "TC0C1HURK",
        "user_profile": {
            "avatar_hash": "g68a0eb913f9",
            "image_72": "https:\/\/secure.gravatar.com\/avatar\/68a0eb913f9b5e4c6480311d5ac9a3cb.jpg?s=72&d=https%3A%2F%2Fa.slack-edge.com%2Fdf10d%2Fimg%2Favatars%2Fava_0022-72.png",
            "first_name": "",
            "real_name": "Lakshmi Narasimhan V",
            "display_name": "Lakshmi Narasimhan V",
            "team": "TC0C1HURK",
            "name": "lakshminarasimhan.v",
            "is_restricted": false,
            "is_ultra_restricted": false
        },
        "blocks": [
            {
                "type": "rich_text",
                "block_id": "YqE3Y",
                "elements": [
                    {
                        "type": "rich_text_section",
                        "elements": [
                            {
                                "type": "text",
                                "text": "Quick question, is there a plan to provide a connector for Elasticsearch. or is there already a driver for cubejs to connect ?"
                            }
                        ]
                    }
                ]
            }
        ]
    },
    {
        "client_msg_id": "148da509-3c23-414a-85d3-996e26cd0d65",
        "type": "message",
        "text": "<https:\/\/www.npmjs.com\/package\/@cubejs-backend\/elasticsearch-driver>",
        "user": "UQQF6NA8J",
        "ts": "1595999617.000800",
        "team": "TC0C1HURK",
        "user_team": "TC0C1HURK",
        "source_team": "TC0C1HURK",
        "user_profile": {
            "avatar_hash": "g68a0eb913f9",
            "image_72": "https:\/\/secure.gravatar.com\/avatar\/68a0eb913f9b5e4c6480311d5ac9a3cb.jpg?s=72&d=https%3A%2F%2Fa.slack-edge.com%2Fdf10d%2Fimg%2Favatars%2Fava_0022-72.png",
            "first_name": "",
            "real_name": "Lakshmi Narasimhan V",
            "display_name": "Lakshmi Narasimhan V",
            "team": "TC0C1HURK",
            "name": "lakshminarasimhan.v",
            "is_restricted": false,
            "is_ultra_restricted": false
        },
        "attachments": [
            {
                "service_name": "npm",
                "title": "@cubejs-backend\/elasticsearch-driver",
                "title_link": "https:\/\/www.npmjs.com\/package\/@cubejs-backend\/elasticsearch-driver",
                "text": "Cube.js elasticsearch database driver",
                "fallback": "npm: @cubejs-backend\/elasticsearch-driver",
                "thumb_url": "https:\/\/static.npmjs.com\/338e4905a2684ca96e08c7780fc68412.png",
                "from_url": "https:\/\/www.npmjs.com\/package\/@cubejs-backend\/elasticsearch-driver",
                "thumb_width": 1200,
                "thumb_height": 630,
                "service_icon": "https:\/\/static.npmjs.com\/58a19602036db1daee0d7863c94673a4.png",
                "id": 1,
                "original_url": "https:\/\/www.npmjs.com\/package\/@cubejs-backend\/elasticsearch-driver"
            }
        ],
        "blocks": [
            {
                "type": "rich_text",
                "block_id": "34Dh",
                "elements": [
                    {
                        "type": "rich_text_section",
                        "elements": [
                            {
                                "type": "link",
                                "url": "https:\/\/www.npmjs.com\/package\/@cubejs-backend\/elasticsearch-driver"
                            }
                        ]
                    }
                ]
            }
        ]
    },
    {
        "client_msg_id": "d08d5a85-dbe8-4d01-8850-331c33b4fd5a",
        "type": "message",
        "text": "saw this npm package, is it production ready and available for any elasticsearch instance ?",
        "user": "UQQF6NA8J",
        "ts": "1595999635.001400",
        "team": "TC0C1HURK",
        "user_team": "TC0C1HURK",
        "source_team": "TC0C1HURK",
        "user_profile": {
            "avatar_hash": "g68a0eb913f9",
            "image_72": "https:\/\/secure.gravatar.com\/avatar\/68a0eb913f9b5e4c6480311d5ac9a3cb.jpg?s=72&d=https%3A%2F%2Fa.slack-edge.com%2Fdf10d%2Fimg%2Favatars%2Fava_0022-72.png",
            "first_name": "",
            "real_name": "Lakshmi Narasimhan V",
            "display_name": "Lakshmi Narasimhan V",
            "team": "TC0C1HURK",
            "name": "lakshminarasimhan.v",
            "is_restricted": false,
            "is_ultra_restricted": false
        },
        "blocks": [
            {
                "type": "rich_text",
                "block_id": "5jMQ",
                "elements": [
                    {
                        "type": "rich_text_section",
                        "elements": [
                            {
                                "type": "text",
                                "text": "saw this npm package, is it production ready and available for any elasticsearch instance ?"
                            }
                        ]
                    }
                ]
            }
        ]
    }
]