[
    {
        "client_msg_id": "97c99d75-ef59-4634-926e-117be4eca673",
        "type": "message",
        "text": "hey there...",
        "user": "UDS7RN4CU",
        "ts": "1541212340.001800",
        "team": "TC0C1HURK",
        "user_team": "TC0C1HURK",
        "source_team": "TC0C1HURK",
        "user_profile": {
            "avatar_hash": "g1a2bbaa8432",
            "image_72": "https:\/\/secure.gravatar.com\/avatar\/61a2bbaa843207624c152fc40cfa51bc.jpg?s=72&d=https%3A%2F%2Fa.slack-edge.com%2Fdf10d%2Fimg%2Favatars%2Fava_0000-72.png",
            "first_name": "",
            "real_name": "Geoff Bowers",
            "display_name": "",
            "team": "TC0C1HURK",
            "name": "geoff",
            "is_restricted": false,
            "is_ultra_restricted": false
        },
        "reactions": [
            {
                "name": "wave",
                "users": [
                    "UC19HAUAK",
                    "UC7TSHQ91",
                    "UC1HAFW4E"
                ],
                "count": 3
            }
        ]
    },
    {
        "client_msg_id": "2519b781-fa48-4e91-a11a-638956027fc4",
        "type": "message",
        "text": "i'm wondering how i would set up a Measure that filters records based on being past a certain date, and before another date -- based on now()",
        "user": "UDS7RN4CU",
        "ts": "1541212409.002800",
        "team": "TC0C1HURK",
        "user_team": "TC0C1HURK",
        "source_team": "TC0C1HURK",
        "user_profile": {
            "avatar_hash": "g1a2bbaa8432",
            "image_72": "https:\/\/secure.gravatar.com\/avatar\/61a2bbaa843207624c152fc40cfa51bc.jpg?s=72&d=https%3A%2F%2Fa.slack-edge.com%2Fdf10d%2Fimg%2Favatars%2Fava_0000-72.png",
            "first_name": "",
            "real_name": "Geoff Bowers",
            "display_name": "",
            "team": "TC0C1HURK",
            "name": "geoff",
            "is_restricted": false,
            "is_ultra_restricted": false
        },
        "edited": {
            "user": "UDS7RN4CU",
            "ts": "1541212519.000000"
        }
    },
    {
        "client_msg_id": "abee4c2c-26c8-42b7-b053-21af1e2d3b1d",
        "type": "message",
        "text": "Hmm.. think it was my syntax for multiple filters was out... have this working now:\n```\nactiveCount: {\n      type: `count`,\n      filters: [\n        { sql: `${TABLE}.leaseBegin &lt; NOW()`},\n        { sql: `${TABLE}.leaseEnd &gt; NOW()` }\n      ]\n    }\n```",
        "user": "UDS7RN4CU",
        "ts": "1541213395.003500",
        "team": "TC0C1HURK",
        "user_team": "TC0C1HURK",
        "source_team": "TC0C1HURK",
        "user_profile": {
            "avatar_hash": "g1a2bbaa8432",
            "image_72": "https:\/\/secure.gravatar.com\/avatar\/61a2bbaa843207624c152fc40cfa51bc.jpg?s=72&d=https%3A%2F%2Fa.slack-edge.com%2Fdf10d%2Fimg%2Favatars%2Fava_0000-72.png",
            "first_name": "",
            "real_name": "Geoff Bowers",
            "display_name": "",
            "team": "TC0C1HURK",
            "name": "geoff",
            "is_restricted": false,
            "is_ultra_restricted": false
        },
        "edited": {
            "user": "UDS7RN4CU",
            "ts": "1541213717.000000"
        },
        "thread_ts": "1541213395.003500",
        "reply_count": 1,
        "reply_users_count": 1,
        "latest_reply": "1541228677.005700",
        "reply_users": [
            "UC19HAUAK"
        ],
        "replies": [
            {
                "user": "UC19HAUAK",
                "ts": "1541228677.005700"
            }
        ],
        "subscribed": false
    },
    {
        "client_msg_id": "b93ac6d5-11cd-448a-b27b-303d254d41d1",
        "type": "message",
        "text": "Is there anyway to just edit an existing dashboard item?  My current workflow is; click the eye icon, edit the chart, save a new chart to dashboard, delete old chart.",
        "user": "UDS7RN4CU",
        "ts": "1541218131.004900",
        "team": "TC0C1HURK",
        "user_team": "TC0C1HURK",
        "source_team": "TC0C1HURK",
        "user_profile": {
            "avatar_hash": "g1a2bbaa8432",
            "image_72": "https:\/\/secure.gravatar.com\/avatar\/61a2bbaa843207624c152fc40cfa51bc.jpg?s=72&d=https%3A%2F%2Fa.slack-edge.com%2Fdf10d%2Fimg%2Favatars%2Fava_0000-72.png",
            "first_name": "",
            "real_name": "Geoff Bowers",
            "display_name": "",
            "team": "TC0C1HURK",
            "name": "geoff",
            "is_restricted": false,
            "is_ultra_restricted": false
        },
        "thread_ts": "1541218131.004900",
        "reply_count": 1,
        "reply_users_count": 1,
        "latest_reply": "1541228742.007100",
        "reply_users": [
            "UC19HAUAK"
        ],
        "replies": [
            {
                "user": "UC19HAUAK",
                "ts": "1541228742.007100"
            }
        ],
        "subscribed": false
    },
    {
        "client_msg_id": "afce365d-0030-483d-916d-ad25060a7a42",
        "type": "message",
        "text": "what is the difference between these two syntaxes? the automated cube creation gives me both seemingly at random..\n```\ndatetimelastupdated: {\nsql: `datetimelastupdated`,\ntype: `time`\n},\n\nfulfilmentDate: {\nsql: `${TABLE}.\\`fulfilmentDate\\``,\ntype: `time`\n},\n```\nie. with and without the `${TABLE}`",
        "user": "UDS7RN4CU",
        "ts": "1541222688.005200",
        "team": "TC0C1HURK",
        "user_team": "TC0C1HURK",
        "source_team": "TC0C1HURK",
        "user_profile": {
            "avatar_hash": "g1a2bbaa8432",
            "image_72": "https:\/\/secure.gravatar.com\/avatar\/61a2bbaa843207624c152fc40cfa51bc.jpg?s=72&d=https%3A%2F%2Fa.slack-edge.com%2Fdf10d%2Fimg%2Favatars%2Fava_0000-72.png",
            "first_name": "",
            "real_name": "Geoff Bowers",
            "display_name": "",
            "team": "TC0C1HURK",
            "name": "geoff",
            "is_restricted": false,
            "is_ultra_restricted": false
        },
        "thread_ts": "1541222688.005200",
        "reply_count": 4,
        "reply_users_count": 2,
        "latest_reply": "1541409213.013100",
        "reply_users": [
            "UC19HAUAK",
            "UDS7RN4CU"
        ],
        "replies": [
            {
                "user": "UC19HAUAK",
                "ts": "1541228981.010400"
            },
            {
                "user": "UDS7RN4CU",
                "ts": "1541382618.010800"
            },
            {
                "user": "UDS7RN4CU",
                "ts": "1541382656.011000"
            },
            {
                "user": "UC19HAUAK",
                "ts": "1541409213.013100"
            }
        ],
        "subscribed": false
    }
]