[
    {
        "client_msg_id": "bd38219c-4bd7-4df6-a5d6-d0e8b16b8a86",
        "type": "message",
        "text": "Hey <@UEASA3CUR>! I guess you should check your primary key definitions. For example for `Customer` cube. There's a chance they're non unique. Primary key should be always unique within table otherwise it can produce calculation discrepancies.",
        "user": "UC19HAUAK",
        "ts": "1545596087.000100",
        "team": "TC0C1HURK",
        "user_team": "TC0C1HURK",
        "source_team": "TC0C1HURK",
        "user_profile": {
            "avatar_hash": "066a042e018c",
            "image_72": "https:\/\/avatars.slack-edge.com\/2019-12-07\/866588520998_066a042e018ca831a195_72.png",
            "first_name": "Pavel",
            "real_name": "Pavel Tiunov",
            "display_name": "pavel",
            "team": "TC0C1HURK",
            "name": "pavel",
            "is_restricted": false,
            "is_ultra_restricted": false
        },
        "thread_ts": "1545262659.006800",
        "parent_user_id": "UEASA3CUR"
    },
    {
        "client_msg_id": "de917ec8-b5c9-4f26-b24b-08fd68bdffed",
        "type": "message",
        "text": "Thanks Pavel — I'm not sure what that means. Unique in what way? I'm currently connecting the two via the customer \"email\". Sorry if this is a simple thing — still getting familiar with cube.js",
        "user": "UEASA3CUR",
        "ts": "1545629396.000900",
        "team": "TC0C1HURK",
        "user_team": "TC0C1HURK",
        "source_team": "TC0C1HURK",
        "user_profile": {
            "avatar_hash": "g065a041e882",
            "image_72": "https:\/\/secure.gravatar.com\/avatar\/8065a041e8828aa7698c51be59a2de7d.jpg?s=72&d=https%3A%2F%2Fa.slack-edge.com%2Fdf10d%2Fimg%2Favatars%2Fava_0011-72.png",
            "first_name": "Benjamin",
            "real_name": "Benjamin Sehl",
            "display_name": "Ben",
            "team": "TC0C1HURK",
            "name": "ben138",
            "is_restricted": false,
            "is_ultra_restricted": false
        },
        "thread_ts": "1545262659.006800",
        "parent_user_id": "UEASA3CUR"
    }
]