[
    {
        "client_msg_id": "717bd32b-7602-4401-b8a9-642f44371e4c",
        "type": "message",
        "text": "Hey <!channel> :wave:\n\nToday’s guide is about `import` :arrow_down: and `export` :arrow_up: features in Cube.js.\n\nThey allow you to write code in one file and share this code so it can be used by another file or files.\n\n:pill: You can leverage them to *build well-structured and maintainable data schemas*.\n\nLearn the best practices on how to use these features: :point_down:\n\n<https:\/\/statsbot.co\/docs\/export-import>",
        "user": "UC1HAFW4E",
        "ts": "1539802307.000100",
        "team": "TC0C1HURK",
        "user_team": "TC0C1HURK",
        "source_team": "TC0C1HURK",
        "user_profile": {
            "avatar_hash": "ee7b69830a11",
            "image_72": "https:\/\/avatars.slack-edge.com\/2018-08-13\/414857329600_ee7b69830a119331e10e_72.jpg",
            "first_name": "Artyom",
            "real_name": "Artyom Keydunov",
            "display_name": "Artyom Keydunov",
            "team": "TC0C1HURK",
            "name": "artyom",
            "is_restricted": false,
            "is_ultra_restricted": false
        },
        "reactions": [
            {
                "name": "100",
                "users": [
                    "UC7T6UPQU"
                ],
                "count": 1
            }
        ]
    }
]