[
    {
        "type": "message",
        "subtype": "channel_join",
        "ts": "1535540717.000200",
        "user": "UCJBGE8TZ",
        "text": "<@UCJBGE8TZ> has joined the channel"
    },
    {
        "client_msg_id": "19FC1EA3-1FC1-4393-A265-86B3A032F76D",
        "type": "message",
        "text": "Hi. Does anyone know how to set the precision of a measure within the data schema (or perform a rounding operation)?",
        "user": "UCJBGE8TZ",
        "ts": "1535542551.000100",
        "team": "TC0C1HURK",
        "user_team": "TC0C1HURK",
        "source_team": "TC0C1HURK",
        "user_profile": {
            "avatar_hash": "ga222ee3858c",
            "image_72": "https:\/\/secure.gravatar.com\/avatar\/9a222ee3858c49641a7b166679308f63.jpg?s=72&d=https%3A%2F%2Fa.slack-edge.com%2Fdf10d%2Fimg%2Favatars%2Fava_0004-72.png",
            "first_name": "",
            "real_name": "William",
            "display_name": "",
            "team": "TC0C1HURK",
            "name": "william.devar",
            "is_restricted": false,
            "is_ultra_restricted": false
        }
    },
    {
        "client_msg_id": "2E2DF4FE-B604-4381-81E3-8E9FC77AFEC5",
        "type": "message",
        "text": "Hi <@UCJBGE8TZ> ! For rounding you should use corresponding SQL functions depending on your backend. Which database you use?",
        "user": "UC19HAUAK",
        "ts": "1535545307.000100",
        "team": "TC0C1HURK",
        "user_team": "TC0C1HURK",
        "source_team": "TC0C1HURK",
        "user_profile": {
            "avatar_hash": "066a042e018c",
            "image_72": "https:\/\/avatars.slack-edge.com\/2019-12-07\/866588520998_066a042e018ca831a195_72.png",
            "first_name": "Pavel",
            "real_name": "Pavel Tiunov",
            "display_name": "pavel",
            "team": "TC0C1HURK",
            "name": "pavel",
            "is_restricted": false,
            "is_ultra_restricted": false
        }
    },
    {
        "type": "message",
        "text": "Postgres",
        "user": "UCJBGE8TZ",
        "ts": "1535546091.000100",
        "team": "TC0C1HURK",
        "user_team": "TC0C1HURK",
        "source_team": "TC0C1HURK",
        "user_profile": {
            "avatar_hash": "ga222ee3858c",
            "image_72": "https:\/\/secure.gravatar.com\/avatar\/9a222ee3858c49641a7b166679308f63.jpg?s=72&d=https%3A%2F%2Fa.slack-edge.com%2Fdf10d%2Fimg%2Favatars%2Fava_0004-72.png",
            "first_name": "",
            "real_name": "William",
            "display_name": "",
            "team": "TC0C1HURK",
            "name": "william.devar",
            "is_restricted": false,
            "is_ultra_restricted": false
        }
    },
    {
        "client_msg_id": "1414f670-a78d-454c-800c-d0dae151b84c",
        "type": "message",
        "text": "I've tried using a round function, though I believe that the way the sql is executing it's simply taking an average of rounded numbers, which results in a decimal",
        "user": "UCJBGE8TZ",
        "ts": "1535546728.000100",
        "team": "TC0C1HURK",
        "user_team": "TC0C1HURK",
        "source_team": "TC0C1HURK",
        "user_profile": {
            "avatar_hash": "ga222ee3858c",
            "image_72": "https:\/\/secure.gravatar.com\/avatar\/9a222ee3858c49641a7b166679308f63.jpg?s=72&d=https%3A%2F%2Fa.slack-edge.com%2Fdf10d%2Fimg%2Favatars%2Fava_0004-72.png",
            "first_name": "",
            "real_name": "William",
            "display_name": "",
            "team": "TC0C1HURK",
            "name": "william.devar",
            "is_restricted": false,
            "is_ultra_restricted": false
        }
    },
    {
        "client_msg_id": "97f995c6-105d-44e6-bc1c-e299086582f0",
        "type": "message",
        "text": "for example, this:",
        "user": "UCJBGE8TZ",
        "ts": "1535546734.000100",
        "team": "TC0C1HURK",
        "user_team": "TC0C1HURK",
        "source_team": "TC0C1HURK",
        "user_profile": {
            "avatar_hash": "ga222ee3858c",
            "image_72": "https:\/\/secure.gravatar.com\/avatar\/9a222ee3858c49641a7b166679308f63.jpg?s=72&d=https%3A%2F%2Fa.slack-edge.com%2Fdf10d%2Fimg%2Favatars%2Fava_0004-72.png",
            "first_name": "",
            "real_name": "William",
            "display_name": "",
            "team": "TC0C1HURK",
            "name": "william.devar",
            "is_restricted": false,
            "is_ultra_restricted": false
        }
    },
    {
        "type": "message",
        "text": "",
        "files": [
            {
                "id": "FCJN2SAEA",
                "created": 1535546739,
                "timestamp": 1535546739,
                "name": "image.png",
                "title": "Pasted image at 2018-08-29, 8:45 AM",
                "mimetype": "image\/png",
                "filetype": "png",
                "pretty_type": "PNG",
                "user": "UCJBGE8TZ",
                "editable": false,
                "size": 26962,
                "mode": "hosted",
                "is_external": false,
                "external_type": "",
                "is_public": true,
                "public_url_shared": false,
                "display_as_bot": false,
                "username": "",
                "url_private": "https:\/\/files.slack.com\/files-pri\/TC0C1HURK-FCJN2SAEA\/image.png?t=xoxe-408409606869-1300049925941-1294691254950-5e5ba619551397a2daf3223fc6c48b4a",
                "url_private_download": "https:\/\/files.slack.com\/files-pri\/TC0C1HURK-FCJN2SAEA\/download\/image.png?t=xoxe-408409606869-1300049925941-1294691254950-5e5ba619551397a2daf3223fc6c48b4a",
                "thumb_64": "https:\/\/files.slack.com\/files-tmb\/TC0C1HURK-FCJN2SAEA-281f02e5e8\/image_64.png?t=xoxe-408409606869-1300049925941-1294691254950-5e5ba619551397a2daf3223fc6c48b4a",
                "thumb_80": "https:\/\/files.slack.com\/files-tmb\/TC0C1HURK-FCJN2SAEA-281f02e5e8\/image_80.png?t=xoxe-408409606869-1300049925941-1294691254950-5e5ba619551397a2daf3223fc6c48b4a",
                "thumb_360": "https:\/\/files.slack.com\/files-tmb\/TC0C1HURK-FCJN2SAEA-281f02e5e8\/image_360.png?t=xoxe-408409606869-1300049925941-1294691254950-5e5ba619551397a2daf3223fc6c48b4a",
                "thumb_360_w": 360,
                "thumb_360_h": 161,
                "thumb_480": "https:\/\/files.slack.com\/files-tmb\/TC0C1HURK-FCJN2SAEA-281f02e5e8\/image_480.png?t=xoxe-408409606869-1300049925941-1294691254950-5e5ba619551397a2daf3223fc6c48b4a",
                "thumb_480_w": 480,
                "thumb_480_h": 215,
                "thumb_160": "https:\/\/files.slack.com\/files-tmb\/TC0C1HURK-FCJN2SAEA-281f02e5e8\/image_160.png?t=xoxe-408409606869-1300049925941-1294691254950-5e5ba619551397a2daf3223fc6c48b4a",
                "image_exif_rotation": 1,
                "original_w": 558,
                "original_h": 250,
                "permalink": "https:\/\/cube-js.slack.com\/files\/UCJBGE8TZ\/FCJN2SAEA\/image.png",
                "permalink_public": "https:\/\/slack-files.com\/TC0C1HURK-FCJN2SAEA-9014a6138f",
                "is_starred": false,
                "has_rich_preview": false
            }
        ],
        "upload": true,
        "user": "UCJBGE8TZ",
        "display_as_bot": false,
        "ts": "1535546741.000100"
    },
    {
        "client_msg_id": "53073621-44d6-45ba-90f0-8d98a944857a",
        "type": "message",
        "text": "yields this when I select the averagePolicyAmount as the measure for a bar chart:",
        "user": "UCJBGE8TZ",
        "ts": "1535546781.000100",
        "team": "TC0C1HURK",
        "user_team": "TC0C1HURK",
        "source_team": "TC0C1HURK",
        "user_profile": {
            "avatar_hash": "ga222ee3858c",
            "image_72": "https:\/\/secure.gravatar.com\/avatar\/9a222ee3858c49641a7b166679308f63.jpg?s=72&d=https%3A%2F%2Fa.slack-edge.com%2Fdf10d%2Fimg%2Favatars%2Fava_0004-72.png",
            "first_name": "",
            "real_name": "William",
            "display_name": "",
            "team": "TC0C1HURK",
            "name": "william.devar",
            "is_restricted": false,
            "is_ultra_restricted": false
        }
    },
    {
        "type": "message",
        "text": "",
        "files": [
            {
                "id": "FCGL7HB7A",
                "created": 1535546784,
                "timestamp": 1535546784,
                "name": "image.png",
                "title": "Pasted image at 2018-08-29, 8:46 AM",
                "mimetype": "image\/png",
                "filetype": "png",
                "pretty_type": "PNG",
                "user": "UCJBGE8TZ",
                "editable": false,
                "size": 119756,
                "mode": "hosted",
                "is_external": false,
                "external_type": "",
                "is_public": true,
                "public_url_shared": false,
                "display_as_bot": false,
                "username": "",
                "url_private": "https:\/\/files.slack.com\/files-pri\/TC0C1HURK-FCGL7HB7A\/image.png?t=xoxe-408409606869-1300049925941-1294691254950-5e5ba619551397a2daf3223fc6c48b4a",
                "url_private_download": "https:\/\/files.slack.com\/files-pri\/TC0C1HURK-FCGL7HB7A\/download\/image.png?t=xoxe-408409606869-1300049925941-1294691254950-5e5ba619551397a2daf3223fc6c48b4a",
                "thumb_64": "https:\/\/files.slack.com\/files-tmb\/TC0C1HURK-FCGL7HB7A-8e27d36260\/image_64.png?t=xoxe-408409606869-1300049925941-1294691254950-5e5ba619551397a2daf3223fc6c48b4a",
                "thumb_80": "https:\/\/files.slack.com\/files-tmb\/TC0C1HURK-FCGL7HB7A-8e27d36260\/image_80.png?t=xoxe-408409606869-1300049925941-1294691254950-5e5ba619551397a2daf3223fc6c48b4a",
                "thumb_360": "https:\/\/files.slack.com\/files-tmb\/TC0C1HURK-FCGL7HB7A-8e27d36260\/image_360.png?t=xoxe-408409606869-1300049925941-1294691254950-5e5ba619551397a2daf3223fc6c48b4a",
                "thumb_360_w": 360,
                "thumb_360_h": 141,
                "thumb_480": "https:\/\/files.slack.com\/files-tmb\/TC0C1HURK-FCGL7HB7A-8e27d36260\/image_480.png?t=xoxe-408409606869-1300049925941-1294691254950-5e5ba619551397a2daf3223fc6c48b4a",
                "thumb_480_w": 480,
                "thumb_480_h": 188,
                "thumb_160": "https:\/\/files.slack.com\/files-tmb\/TC0C1HURK-FCGL7HB7A-8e27d36260\/image_160.png?t=xoxe-408409606869-1300049925941-1294691254950-5e5ba619551397a2daf3223fc6c48b4a",
                "thumb_720": "https:\/\/files.slack.com\/files-tmb\/TC0C1HURK-FCGL7HB7A-8e27d36260\/image_720.png?t=xoxe-408409606869-1300049925941-1294691254950-5e5ba619551397a2daf3223fc6c48b4a",
                "thumb_720_w": 720,
                "thumb_720_h": 282,
                "thumb_800": "https:\/\/files.slack.com\/files-tmb\/TC0C1HURK-FCGL7HB7A-8e27d36260\/image_800.png?t=xoxe-408409606869-1300049925941-1294691254950-5e5ba619551397a2daf3223fc6c48b4a",
                "thumb_800_w": 800,
                "thumb_800_h": 313,
                "thumb_960": "https:\/\/files.slack.com\/files-tmb\/TC0C1HURK-FCGL7HB7A-8e27d36260\/image_960.png?t=xoxe-408409606869-1300049925941-1294691254950-5e5ba619551397a2daf3223fc6c48b4a",
                "thumb_960_w": 960,
                "thumb_960_h": 376,
                "thumb_1024": "https:\/\/files.slack.com\/files-tmb\/TC0C1HURK-FCGL7HB7A-8e27d36260\/image_1024.png?t=xoxe-408409606869-1300049925941-1294691254950-5e5ba619551397a2daf3223fc6c48b4a",
                "thumb_1024_w": 1024,
                "thumb_1024_h": 401,
                "image_exif_rotation": 1,
                "original_w": 2658,
                "original_h": 1040,
                "permalink": "https:\/\/cube-js.slack.com\/files\/UCJBGE8TZ\/FCGL7HB7A\/image.png",
                "permalink_public": "https:\/\/slack-files.com\/TC0C1HURK-FCGL7HB7A-1a81cc4065",
                "is_starred": false,
                "has_rich_preview": false
            }
        ],
        "upload": true,
        "user": "UCJBGE8TZ",
        "display_as_bot": false,
        "ts": "1535546787.000100"
    },
    {
        "client_msg_id": "89255993-a17f-4659-b258-12f4a0abbbec",
        "type": "message",
        "text": "thank you for any insights you might have on this <@UC19HAUAK>",
        "user": "UCJBGE8TZ",
        "ts": "1535549341.000100",
        "team": "TC0C1HURK",
        "user_team": "TC0C1HURK",
        "source_team": "TC0C1HURK",
        "user_profile": {
            "avatar_hash": "ga222ee3858c",
            "image_72": "https:\/\/secure.gravatar.com\/avatar\/9a222ee3858c49641a7b166679308f63.jpg?s=72&d=https%3A%2F%2Fa.slack-edge.com%2Fdf10d%2Fimg%2Favatars%2Fava_0004-72.png",
            "first_name": "",
            "real_name": "William",
            "display_name": "",
            "team": "TC0C1HURK",
            "name": "william.devar",
            "is_restricted": false,
            "is_ultra_restricted": false
        }
    },
    {
        "client_msg_id": "EB59671B-F363-4595-9176-30C9EFD42CCD",
        "type": "message",
        "text": "<@UCJBGE8TZ> you can reference this measure and wrap it in round like\nsql: `round(${averagePolicyAmount}`. This measure should have `number` type.",
        "user": "UC19HAUAK",
        "ts": "1535549673.000100",
        "team": "TC0C1HURK",
        "user_team": "TC0C1HURK",
        "source_team": "TC0C1HURK",
        "user_profile": {
            "avatar_hash": "066a042e018c",
            "image_72": "https:\/\/avatars.slack-edge.com\/2019-12-07\/866588520998_066a042e018ca831a195_72.png",
            "first_name": "Pavel",
            "real_name": "Pavel Tiunov",
            "display_name": "pavel",
            "team": "TC0C1HURK",
            "name": "pavel",
            "is_restricted": false,
            "is_ultra_restricted": false
        },
        "reactions": [
            {
                "name": "+1",
                "users": [
                    "UCJBGE8TZ"
                ],
                "count": 1
            }
        ]
    },
    {
        "client_msg_id": "8dc24928-3286-41b9-beeb-43d74b3422a9",
        "type": "message",
        "text": "Thank you!",
        "user": "UCJBGE8TZ",
        "ts": "1535551989.000100",
        "team": "TC0C1HURK",
        "user_team": "TC0C1HURK",
        "source_team": "TC0C1HURK",
        "user_profile": {
            "avatar_hash": "ga222ee3858c",
            "image_72": "https:\/\/secure.gravatar.com\/avatar\/9a222ee3858c49641a7b166679308f63.jpg?s=72&d=https%3A%2F%2Fa.slack-edge.com%2Fdf10d%2Fimg%2Favatars%2Fava_0004-72.png",
            "first_name": "",
            "real_name": "William",
            "display_name": "",
            "team": "TC0C1HURK",
            "name": "william.devar",
            "is_restricted": false,
            "is_ultra_restricted": false
        },
        "reactions": [
            {
                "name": "raised_hands",
                "users": [
                    "UC19HAUAK"
                ],
                "count": 1
            }
        ]
    },
    {
        "client_msg_id": "9c43a3cb-0cfd-4c52-941f-222210361045",
        "type": "message",
        "text": "unrelated question: is there anyway to suppress the name of the cube within the chart legend? as it stands by default, the legend concatenates the cube name and measure name which makes for a very long string",
        "user": "UCJBGE8TZ",
        "ts": "1535552072.000100",
        "team": "TC0C1HURK",
        "user_team": "TC0C1HURK",
        "source_team": "TC0C1HURK",
        "user_profile": {
            "avatar_hash": "ga222ee3858c",
            "image_72": "https:\/\/secure.gravatar.com\/avatar\/9a222ee3858c49641a7b166679308f63.jpg?s=72&d=https%3A%2F%2Fa.slack-edge.com%2Fdf10d%2Fimg%2Favatars%2Fava_0004-72.png",
            "first_name": "",
            "real_name": "William",
            "display_name": "",
            "team": "TC0C1HURK",
            "name": "william.devar",
            "is_restricted": false,
            "is_ultra_restricted": false
        }
    },
    {
        "type": "message",
        "text": "",
        "files": [
            {
                "id": "FCGN7AVQ8",
                "created": 1535552078,
                "timestamp": 1535552078,
                "name": "image.png",
                "title": "Pasted image at 2018-08-29, 10:14 AM",
                "mimetype": "image\/png",
                "filetype": "png",
                "pretty_type": "PNG",
                "user": "UCJBGE8TZ",
                "editable": false,
                "size": 93189,
                "mode": "hosted",
                "is_external": false,
                "external_type": "",
                "is_public": true,
                "public_url_shared": false,
                "display_as_bot": false,
                "username": "",
                "url_private": "https:\/\/files.slack.com\/files-pri\/TC0C1HURK-FCGN7AVQ8\/image.png?t=xoxe-408409606869-1300049925941-1294691254950-5e5ba619551397a2daf3223fc6c48b4a",
                "url_private_download": "https:\/\/files.slack.com\/files-pri\/TC0C1HURK-FCGN7AVQ8\/download\/image.png?t=xoxe-408409606869-1300049925941-1294691254950-5e5ba619551397a2daf3223fc6c48b4a",
                "thumb_64": "https:\/\/files.slack.com\/files-tmb\/TC0C1HURK-FCGN7AVQ8-9586a08dbc\/image_64.png?t=xoxe-408409606869-1300049925941-1294691254950-5e5ba619551397a2daf3223fc6c48b4a",
                "thumb_80": "https:\/\/files.slack.com\/files-tmb\/TC0C1HURK-FCGN7AVQ8-9586a08dbc\/image_80.png?t=xoxe-408409606869-1300049925941-1294691254950-5e5ba619551397a2daf3223fc6c48b4a",
                "thumb_360": "https:\/\/files.slack.com\/files-tmb\/TC0C1HURK-FCGN7AVQ8-9586a08dbc\/image_360.png?t=xoxe-408409606869-1300049925941-1294691254950-5e5ba619551397a2daf3223fc6c48b4a",
                "thumb_360_w": 360,
                "thumb_360_h": 138,
                "thumb_480": "https:\/\/files.slack.com\/files-tmb\/TC0C1HURK-FCGN7AVQ8-9586a08dbc\/image_480.png?t=xoxe-408409606869-1300049925941-1294691254950-5e5ba619551397a2daf3223fc6c48b4a",
                "thumb_480_w": 480,
                "thumb_480_h": 184,
                "thumb_160": "https:\/\/files.slack.com\/files-tmb\/TC0C1HURK-FCGN7AVQ8-9586a08dbc\/image_160.png?t=xoxe-408409606869-1300049925941-1294691254950-5e5ba619551397a2daf3223fc6c48b4a",
                "thumb_720": "https:\/\/files.slack.com\/files-tmb\/TC0C1HURK-FCGN7AVQ8-9586a08dbc\/image_720.png?t=xoxe-408409606869-1300049925941-1294691254950-5e5ba619551397a2daf3223fc6c48b4a",
                "thumb_720_w": 720,
                "thumb_720_h": 277,
                "thumb_800": "https:\/\/files.slack.com\/files-tmb\/TC0C1HURK-FCGN7AVQ8-9586a08dbc\/image_800.png?t=xoxe-408409606869-1300049925941-1294691254950-5e5ba619551397a2daf3223fc6c48b4a",
                "thumb_800_w": 800,
                "thumb_800_h": 307,
                "thumb_960": "https:\/\/files.slack.com\/files-tmb\/TC0C1HURK-FCGN7AVQ8-9586a08dbc\/image_960.png?t=xoxe-408409606869-1300049925941-1294691254950-5e5ba619551397a2daf3223fc6c48b4a",
                "thumb_960_w": 960,
                "thumb_960_h": 369,
                "thumb_1024": "https:\/\/files.slack.com\/files-tmb\/TC0C1HURK-FCGN7AVQ8-9586a08dbc\/image_1024.png?t=xoxe-408409606869-1300049925941-1294691254950-5e5ba619551397a2daf3223fc6c48b4a",
                "thumb_1024_w": 1024,
                "thumb_1024_h": 393,
                "image_exif_rotation": 1,
                "original_w": 2588,
                "original_h": 994,
                "permalink": "https:\/\/cube-js.slack.com\/files\/UCJBGE8TZ\/FCGN7AVQ8\/image.png",
                "permalink_public": "https:\/\/slack-files.com\/TC0C1HURK-FCGN7AVQ8-786e3f1269",
                "is_starred": false,
                "has_rich_preview": false
            }
        ],
        "upload": true,
        "user": "UCJBGE8TZ",
        "display_as_bot": false,
        "ts": "1535552083.000100"
    },
    {
        "client_msg_id": "9d1dcd89-e249-447a-9616-e7fa3306ef33",
        "type": "message",
        "text": "<@UCJBGE8TZ> Right now you can control title of both measures and cubes using `title` param: <https:\/\/statsbot.co\/docs\/cube#parameters-title>. Ability to override whole title of cube member already in road map for Cube.js.",
        "user": "UC19HAUAK",
        "ts": "1535556131.000100",
        "team": "TC0C1HURK",
        "user_team": "TC0C1HURK",
        "source_team": "TC0C1HURK",
        "user_profile": {
            "avatar_hash": "066a042e018c",
            "image_72": "https:\/\/avatars.slack-edge.com\/2019-12-07\/866588520998_066a042e018ca831a195_72.png",
            "first_name": "Pavel",
            "real_name": "Pavel Tiunov",
            "display_name": "pavel",
            "team": "TC0C1HURK",
            "name": "pavel",
            "is_restricted": false,
            "is_ultra_restricted": false
        },
        "attachments": [
            {
                "title": "Access Cube.js Docs | Statsbot",
                "title_link": "https:\/\/statsbot.co\/docs\/cube#parameters-title",
                "text": "Cube.js Docs",
                "fallback": "Access Cube.js Docs | Statsbot",
                "thumb_url": "https:\/\/statsbot.co\/images\/content\/cloud_bi.png",
                "from_url": "https:\/\/statsbot.co\/docs\/cube#parameters-title",
                "thumb_width": 1330,
                "thumb_height": 967,
                "service_icon": "https:\/\/statsbot.co\/favicons\/apple-icon-57x57.png",
                "service_name": "Statsbot",
                "id": 1,
                "original_url": "https:\/\/statsbot.co\/docs\/cube#parameters-title"
            }
        ]
    }
]