[
    {
        "client_msg_id": "6063017a-0d08-4ade-b148-ec3a5804a86a",
        "type": "message",
        "text": "<@UC19HAUAK> Hello Pavel !\n\nHope you are doing well.\n\nCan you please explain how can we pass custom parameter to Cube Js API and how it will be used in Cube Js schema query to filter the data.\n\nLooking forward for you reply\n\nHave a great day ahead.\n\nThanks\nchintesh k.",
        "user": "UNS4PKYAK",
        "ts": "1576576057.035200",
        "team": "TC0C1HURK",
        "user_team": "TC0C1HURK",
        "source_team": "TC0C1HURK",
        "user_profile": {
            "avatar_hash": "664213ef9cf5",
            "image_72": "https:\/\/avatars.slack-edge.com\/2019-10-17\/800974914790_664213ef9cf5f85d3637_72.jpg",
            "first_name": "chintesh",
            "real_name": "chintesh kumar",
            "display_name": "chintesh kumar",
            "team": "TC0C1HURK",
            "name": "chintesh_kumar",
            "is_restricted": false,
            "is_ultra_restricted": false
        },
        "edited": {
            "user": "UNS4PKYAK",
            "ts": "1576576419.000000"
        },
        "blocks": [
            {
                "type": "rich_text",
                "block_id": "5MsA",
                "elements": [
                    {
                        "type": "rich_text_section",
                        "elements": [
                            {
                                "type": "user",
                                "user_id": "UC19HAUAK"
                            },
                            {
                                "type": "text",
                                "text": " Hello Pavel !\n\nHope you are doing well.\n\nCan you please explain how can we pass custom parameter to Cube Js API and how it will be used in Cube Js schema query to filter the data.\n\nLooking forward for you reply\n\nHave a great day ahead.\n\nThanks\nchintesh k."
                            }
                        ]
                    }
                ]
            }
        ],
        "thread_ts": "1574224385.319100",
        "parent_user_id": "UNS4PKYAK"
    },
    {
        "client_msg_id": "d17270e4-573f-4ca9-af61-b95414328710",
        "type": "message",
        "text": "I have an application in Django Framework and  i have used MySQL as my backend db. Since i have huge data in my db every request is taking too much time to fetch the data.\n\nCan i use cube.js REST API in my application? If yes please direct me",
        "user": "URT7BJJSJ",
        "ts": "1576578997.038000",
        "team": "TC0C1HURK",
        "user_team": "TC0C1HURK",
        "source_team": "TC0C1HURK",
        "user_profile": {
            "avatar_hash": "g2469656613e",
            "image_72": "https:\/\/secure.gravatar.com\/avatar\/2469656613eb364f5f5080af9b35881e.jpg?s=72&d=https%3A%2F%2Fa.slack-edge.com%2Fdf10d%2Fimg%2Favatars%2Fava_0020-72.png",
            "first_name": "",
            "real_name": "Pramod",
            "display_name": "Pramod",
            "team": "TC0C1HURK",
            "name": "pramod",
            "is_restricted": false,
            "is_ultra_restricted": false
        },
        "blocks": [
            {
                "type": "rich_text",
                "block_id": "lzblf",
                "elements": [
                    {
                        "type": "rich_text_section",
                        "elements": [
                            {
                                "type": "text",
                                "text": "I have an application in Django Framework and  i have used MySQL as my backend db. Since i have huge data in my db every request is taking too much time to fetch the data.\n\nCan i use cube.js REST API in my application? If yes please direct me"
                            }
                        ]
                    }
                ]
            }
        ],
        "thread_ts": "1576578997.038000",
        "reply_count": 1,
        "reply_users_count": 1,
        "latest_reply": "1576605261.042300",
        "reply_users": [
            "UC19HAUAK"
        ],
        "replies": [
            {
                "user": "UC19HAUAK",
                "ts": "1576605261.042300"
            }
        ],
        "subscribed": false,
        "reactions": [
            {
                "name": "heart",
                "users": [
                    "URUTC0H0W"
                ],
                "count": 1
            },
            {
                "name": "+1",
                "users": [
                    "URUTC0H0W"
                ],
                "count": 1
            }
        ]
    },
    {
        "type": "message",
        "subtype": "channel_join",
        "ts": "1576579565.038200",
        "user": "URUTC0H0W",
        "text": "<@URUTC0H0W> has joined the channel"
    },
    {
        "client_msg_id": "3b7fbbcd-689c-4073-a2f1-95fffcfba3b7",
        "type": "message",
        "text": "Whats the difference between dashboard we see at <http:\/\/localhost:3000\/#\/> and 5000 port ?",
        "user": "URUTC0H0W",
        "ts": "1576585203.039000",
        "team": "TC0C1HURK",
        "user_team": "TC0C1HURK",
        "source_team": "TC0C1HURK",
        "user_profile": {
            "avatar_hash": "gff6ed739035",
            "image_72": "https:\/\/secure.gravatar.com\/avatar\/ff6ed739035eef9536fefc0665ebb03d.jpg?s=72&d=https%3A%2F%2Fa.slack-edge.com%2Fdf10d%2Fimg%2Favatars%2Fava_0020-72.png",
            "first_name": "",
            "real_name": "deepag",
            "display_name": "deepag",
            "team": "TC0C1HURK",
            "name": "deepag",
            "is_restricted": false,
            "is_ultra_restricted": false
        },
        "blocks": [
            {
                "type": "rich_text",
                "block_id": "85II",
                "elements": [
                    {
                        "type": "rich_text_section",
                        "elements": [
                            {
                                "type": "text",
                                "text": "Whats the difference between dashboard we see at "
                            },
                            {
                                "type": "link",
                                "url": "http:\/\/localhost:3000\/#\/"
                            },
                            {
                                "type": "text",
                                "text": " and 5000 port ?"
                            }
                        ]
                    }
                ]
            }
        ],
        "thread_ts": "1576585203.039000",
        "reply_count": 11,
        "reply_users_count": 2,
        "latest_reply": "1576730112.001300",
        "reply_users": [
            "UC19HAUAK",
            "URUTC0H0W"
        ],
        "replies": [
            {
                "user": "UC19HAUAK",
                "ts": "1576605289.042600"
            },
            {
                "user": "URUTC0H0W",
                "ts": "1576674264.056200"
            },
            {
                "user": "URUTC0H0W",
                "ts": "1576675212.056500"
            },
            {
                "user": "URUTC0H0W",
                "ts": "1576675606.057100"
            },
            {
                "user": "URUTC0H0W",
                "ts": "1576676628.057300"
            },
            {
                "user": "UC19HAUAK",
                "ts": "1576689650.058200"
            },
            {
                "user": "URUTC0H0W",
                "ts": "1576728403.000400"
            },
            {
                "user": "URUTC0H0W",
                "ts": "1576728409.000600"
            },
            {
                "user": "URUTC0H0W",
                "ts": "1576730004.000800"
            },
            {
                "user": "UC19HAUAK",
                "ts": "1576730078.001100"
            },
            {
                "user": "UC19HAUAK",
                "ts": "1576730112.001300"
            }
        ],
        "subscribed": false
    },
    {
        "client_msg_id": "521270fb-cb1b-4b93-8676-aba96a65e850",
        "type": "message",
        "text": "Did Pre-aggregation not supported in mongobi connector?",
        "user": "UR3S8JEAF",
        "ts": "1576586324.039700",
        "team": "TC0C1HURK",
        "user_team": "TC0C1HURK",
        "source_team": "TC0C1HURK",
        "user_profile": {
            "avatar_hash": "g472d956df88",
            "image_72": "https:\/\/secure.gravatar.com\/avatar\/472d956df88b71b96ed9f54797ea254d.jpg?s=72&d=https%3A%2F%2Fa.slack-edge.com%2Fdf10d%2Fimg%2Favatars%2Fava_0009-72.png",
            "first_name": "",
            "real_name": "Amit Nayek",
            "display_name": "Amit Nayek",
            "team": "TC0C1HURK",
            "name": "amitnk19",
            "is_restricted": false,
            "is_ultra_restricted": false
        },
        "blocks": [
            {
                "type": "rich_text",
                "block_id": "XhKKX",
                "elements": [
                    {
                        "type": "rich_text_section",
                        "elements": [
                            {
                                "type": "text",
                                "text": "Did Pre-aggregation not supported in mongobi connector?"
                            }
                        ]
                    }
                ]
            }
        ],
        "thread_ts": "1576586324.039700",
        "reply_count": 1,
        "reply_users_count": 1,
        "latest_reply": "1576605434.042800",
        "reply_users": [
            "UC19HAUAK"
        ],
        "replies": [
            {
                "user": "UC19HAUAK",
                "ts": "1576605434.042800"
            }
        ],
        "subscribed": false
    },
    {
        "client_msg_id": "29D27E12-432D-4C06-B4C3-9DB0000B95A8",
        "type": "message",
        "text": "```cube(`OrderFacts`, {```\n  sql: `SELECT * FROM orders WHERE ${FILTER_PARAMS.OrderFacts.date.filter('date')}`,\n\n  dimensions: {\n    date: {\n      sql: `date`,\n      type: `time`\n    }\n  }\n});\n``` how does the date range get generated ?```",
        "user": "UNQNF1YDU",
        "ts": "1576598217.041500",
        "team": "TC0C1HURK",
        "user_team": "TC0C1HURK",
        "source_team": "TC0C1HURK",
        "user_profile": {
            "avatar_hash": "gafc81d2ba1d",
            "image_72": "https:\/\/secure.gravatar.com\/avatar\/afc81d2ba1dd045c18c88e6f3414f4f2.jpg?s=72&d=https%3A%2F%2Fa.slack-edge.com%2Fdf10d%2Fimg%2Favatars%2Fava_0023-72.png",
            "first_name": "",
            "real_name": "Gurpreet",
            "display_name": "Gurpreet",
            "team": "TC0C1HURK",
            "name": "gurpreet",
            "is_restricted": false,
            "is_ultra_restricted": false
        },
        "edited": {
            "user": "UNQNF1YDU",
            "ts": "1576601377.000000"
        },
        "blocks": [
            {
                "type": "rich_text",
                "block_id": "aA2Y1",
                "elements": [
                    {
                        "type": "rich_text_preformatted",
                        "elements": [
                            {
                                "type": "text",
                                "text": "cube(`OrderFacts`, {"
                            }
                        ]
                    },
                    {
                        "type": "rich_text_section",
                        "elements": [
                            {
                                "type": "text",
                                "text": "  sql: `SELECT * FROM orders WHERE ${FILTER_PARAMS.OrderFacts.date.filter('date')}`,\n\n  dimensions: {\n    date: {\n      sql: `date`,\n      type: `time`\n    }\n  }\n});\n"
                            }
                        ]
                    },
                    {
                        "type": "rich_text_preformatted",
                        "elements": [
                            {
                                "type": "text",
                                "text": " how does the date range get generated ?"
                            }
                        ]
                    }
                ]
            }
        ],
        "thread_ts": "1576598217.041500",
        "reply_count": 1,
        "reply_users_count": 1,
        "latest_reply": "1576605533.043200",
        "reply_users": [
            "UC19HAUAK"
        ],
        "replies": [
            {
                "user": "UC19HAUAK",
                "ts": "1576605533.043200"
            }
        ],
        "subscribed": false
    },
    {
        "client_msg_id": "910b2cdc-7b08-43f6-be0a-bc70f6fb52bd",
        "type": "message",
        "text": "Hi, how do I force the cache every hour with mysql? thanks",
        "user": "UNHS5GGUT",
        "ts": "1576602049.042200",
        "team": "TC0C1HURK",
        "user_team": "TC0C1HURK",
        "source_team": "TC0C1HURK",
        "user_profile": {
            "avatar_hash": "gbdf0a397856",
            "image_72": "https:\/\/secure.gravatar.com\/avatar\/bdf0a3978562bacb40fc4bb4d1133a72.jpg?s=72&d=https%3A%2F%2Fa.slack-edge.com%2Fdf10d%2Fimg%2Favatars%2Fava_0000-72.png",
            "first_name": "",
            "real_name": "Camilo Jose Sepulveda Zuñiga",
            "display_name": "Camilo Jose Sepulveda Zuñiga",
            "team": "TC0C1HURK",
            "name": "camilo.sepulveda",
            "is_restricted": false,
            "is_ultra_restricted": false
        },
        "blocks": [
            {
                "type": "rich_text",
                "block_id": "wj8",
                "elements": [
                    {
                        "type": "rich_text_section",
                        "elements": [
                            {
                                "type": "text",
                                "text": "Hi, how do I force the cache every hour with mysql? thanks"
                            }
                        ]
                    }
                ]
            }
        ],
        "thread_ts": "1576602049.042200",
        "reply_count": 1,
        "reply_users_count": 1,
        "latest_reply": "1576605573.043500",
        "reply_users": [
            "UC19HAUAK"
        ],
        "replies": [
            {
                "user": "UC19HAUAK",
                "ts": "1576605573.043500"
            }
        ],
        "subscribed": false
    },
    {
        "client_msg_id": "91ee7eea-79b6-4fd3-adb9-65f8d609dbec",
        "type": "message",
        "text": "Hey <@URT7BJJSJ>! You probably want to try this one: <https:\/\/github.com\/downstreamimpact\/CubeJsClient>",
        "user": "UC19HAUAK",
        "ts": "1576605261.042300",
        "team": "TC0C1HURK",
        "user_team": "TC0C1HURK",
        "source_team": "TC0C1HURK",
        "user_profile": {
            "avatar_hash": "066a042e018c",
            "image_72": "https:\/\/avatars.slack-edge.com\/2019-12-07\/866588520998_066a042e018ca831a195_72.png",
            "first_name": "Pavel",
            "real_name": "Pavel Tiunov",
            "display_name": "pavel",
            "team": "TC0C1HURK",
            "name": "pavel",
            "is_restricted": false,
            "is_ultra_restricted": false
        },
        "attachments": [
            {
                "service_name": "GitHub",
                "title": "downstreamimpact\/CubeJsClient",
                "title_link": "https:\/\/github.com\/downstreamimpact\/CubeJsClient",
                "text": "Cube.js Client for Python. Contribute to downstreamimpact\/CubeJsClient development by creating an account on GitHub.",
                "fallback": "GitHub: downstreamimpact\/CubeJsClient",
                "thumb_url": "https:\/\/avatars0.githubusercontent.com\/u\/38801149?s=400&v=4",
                "from_url": "https:\/\/github.com\/downstreamimpact\/CubeJsClient",
                "thumb_width": 400,
                "thumb_height": 400,
                "service_icon": "https:\/\/a.slack-edge.com\/80588\/img\/unfurl_icons\/github.png",
                "id": 1,
                "original_url": "https:\/\/github.com\/downstreamimpact\/CubeJsClient"
            }
        ],
        "blocks": [
            {
                "type": "rich_text",
                "block_id": "2vd",
                "elements": [
                    {
                        "type": "rich_text_section",
                        "elements": [
                            {
                                "type": "text",
                                "text": "Hey "
                            },
                            {
                                "type": "user",
                                "user_id": "URT7BJJSJ"
                            },
                            {
                                "type": "text",
                                "text": "! You probably want to try this one: "
                            },
                            {
                                "type": "link",
                                "url": "https:\/\/github.com\/downstreamimpact\/CubeJsClient"
                            }
                        ]
                    }
                ]
            }
        ],
        "thread_ts": "1576578997.038000",
        "parent_user_id": "URT7BJJSJ"
    },
    {
        "client_msg_id": "aa1e82fe-8c8e-472e-a613-3445704898c0",
        "type": "message",
        "text": "Hey <@URUTC0H0W>! What do you see on 5000 port?",
        "user": "UC19HAUAK",
        "ts": "1576605289.042600",
        "team": "TC0C1HURK",
        "user_team": "TC0C1HURK",
        "source_team": "TC0C1HURK",
        "user_profile": {
            "avatar_hash": "066a042e018c",
            "image_72": "https:\/\/avatars.slack-edge.com\/2019-12-07\/866588520998_066a042e018ca831a195_72.png",
            "first_name": "Pavel",
            "real_name": "Pavel Tiunov",
            "display_name": "pavel",
            "team": "TC0C1HURK",
            "name": "pavel",
            "is_restricted": false,
            "is_ultra_restricted": false
        },
        "blocks": [
            {
                "type": "rich_text",
                "block_id": "j+GHI",
                "elements": [
                    {
                        "type": "rich_text_section",
                        "elements": [
                            {
                                "type": "text",
                                "text": "Hey "
                            },
                            {
                                "type": "user",
                                "user_id": "URUTC0H0W"
                            },
                            {
                                "type": "text",
                                "text": "! What do you see on 5000 port?"
                            }
                        ]
                    }
                ]
            }
        ],
        "thread_ts": "1576585203.039000",
        "parent_user_id": "URUTC0H0W"
    },
    {
        "client_msg_id": "c601eb3f-9db0-468f-8c52-0e4d93faf6ab",
        "type": "message",
        "text": "Hey <@UR3S8JEAF>! Here's an issue: <https:\/\/github.com\/cube-js\/cube.js\/issues\/239>",
        "user": "UC19HAUAK",
        "ts": "1576605434.042800",
        "team": "TC0C1HURK",
        "user_team": "TC0C1HURK",
        "source_team": "TC0C1HURK",
        "user_profile": {
            "avatar_hash": "066a042e018c",
            "image_72": "https:\/\/avatars.slack-edge.com\/2019-12-07\/866588520998_066a042e018ca831a195_72.png",
            "first_name": "Pavel",
            "real_name": "Pavel Tiunov",
            "display_name": "pavel",
            "team": "TC0C1HURK",
            "name": "pavel",
            "is_restricted": false,
            "is_ultra_restricted": false
        },
        "attachments": [
            {
                "service_name": "GitHub",
                "title": "Support for External Pre-aggregation without writing to DB (MongoDB case) · Issue #239 · cube-js\/cube.js",
                "title_link": "https:\/\/github.com\/cube-js\/cube.js\/issues\/239",
                "text": "I am trying to use pre-aggregation feature of cube js which is indeed very helpful. I am using mongodb and connecting it with mongodb connectorBI i.e mongosqld. I have created a pre-aggregation que...",
                "fallback": "GitHub: Support for External Pre-aggregation without writing to DB (MongoDB case) · Issue #239 · cube-js\/cube.js",
                "thumb_url": "https:\/\/avatars0.githubusercontent.com\/u\/52467369?s=400&v=4",
                "from_url": "https:\/\/github.com\/cube-js\/cube.js\/issues\/239",
                "thumb_width": 400,
                "thumb_height": 400,
                "service_icon": "https:\/\/a.slack-edge.com\/80588\/img\/unfurl_icons\/github.png",
                "id": 1,
                "original_url": "https:\/\/github.com\/cube-js\/cube.js\/issues\/239"
            }
        ],
        "blocks": [
            {
                "type": "rich_text",
                "block_id": "dV6y",
                "elements": [
                    {
                        "type": "rich_text_section",
                        "elements": [
                            {
                                "type": "text",
                                "text": "Hey "
                            },
                            {
                                "type": "user",
                                "user_id": "UR3S8JEAF"
                            },
                            {
                                "type": "text",
                                "text": "! Here's an issue: "
                            },
                            {
                                "type": "link",
                                "url": "https:\/\/github.com\/cube-js\/cube.js\/issues\/239"
                            }
                        ]
                    }
                ]
            }
        ],
        "thread_ts": "1576586324.039700",
        "parent_user_id": "UR3S8JEAF"
    },
    {
        "client_msg_id": "42725857-9528-4f49-9bbd-e038a13a5d95",
        "type": "message",
        "text": "Hey <@UNQNF1YDU>! It comes from query: <https:\/\/cube.dev\/docs\/query-format#time-dimensions-format>, <https:\/\/cube.dev\/docs\/cube#context-variables-filter-params>",
        "user": "UC19HAUAK",
        "ts": "1576605533.043200",
        "team": "TC0C1HURK",
        "user_team": "TC0C1HURK",
        "source_team": "TC0C1HURK",
        "user_profile": {
            "avatar_hash": "066a042e018c",
            "image_72": "https:\/\/avatars.slack-edge.com\/2019-12-07\/866588520998_066a042e018ca831a195_72.png",
            "first_name": "Pavel",
            "real_name": "Pavel Tiunov",
            "display_name": "pavel",
            "team": "TC0C1HURK",
            "name": "pavel",
            "is_restricted": false,
            "is_ultra_restricted": false
        },
        "blocks": [
            {
                "type": "rich_text",
                "block_id": "hvwR",
                "elements": [
                    {
                        "type": "rich_text_section",
                        "elements": [
                            {
                                "type": "text",
                                "text": "Hey "
                            },
                            {
                                "type": "user",
                                "user_id": "UNQNF1YDU"
                            },
                            {
                                "type": "text",
                                "text": "! It comes from query: "
                            },
                            {
                                "type": "link",
                                "url": "https:\/\/cube.dev\/docs\/query-format#time-dimensions-format"
                            },
                            {
                                "type": "text",
                                "text": ", "
                            },
                            {
                                "type": "link",
                                "url": "https:\/\/cube.dev\/docs\/cube#context-variables-filter-params"
                            }
                        ]
                    }
                ]
            }
        ],
        "thread_ts": "1576598217.041500",
        "parent_user_id": "UNQNF1YDU"
    },
    {
        "type": "message",
        "subtype": "channel_join",
        "ts": "1576605570.043400",
        "user": "URFSRGEG3",
        "text": "<@URFSRGEG3> has joined the channel"
    },
    {
        "client_msg_id": "4c49f502-7551-4986-bbc3-c681b5ae3c88",
        "type": "message",
        "text": "Hey <@UNHS5GGUT>! Here you can find an example: <https:\/\/cube.dev\/docs\/cube#parameters-refresh-key>",
        "user": "UC19HAUAK",
        "ts": "1576605573.043500",
        "team": "TC0C1HURK",
        "user_team": "TC0C1HURK",
        "source_team": "TC0C1HURK",
        "user_profile": {
            "avatar_hash": "066a042e018c",
            "image_72": "https:\/\/avatars.slack-edge.com\/2019-12-07\/866588520998_066a042e018ca831a195_72.png",
            "first_name": "Pavel",
            "real_name": "Pavel Tiunov",
            "display_name": "pavel",
            "team": "TC0C1HURK",
            "name": "pavel",
            "is_restricted": false,
            "is_ultra_restricted": false
        },
        "blocks": [
            {
                "type": "rich_text",
                "block_id": "IsAd",
                "elements": [
                    {
                        "type": "rich_text_section",
                        "elements": [
                            {
                                "type": "text",
                                "text": "Hey "
                            },
                            {
                                "type": "user",
                                "user_id": "UNHS5GGUT"
                            },
                            {
                                "type": "text",
                                "text": "! Here you can find an example: "
                            },
                            {
                                "type": "link",
                                "url": "https:\/\/cube.dev\/docs\/cube#parameters-refresh-key"
                            }
                        ]
                    }
                ]
            }
        ],
        "thread_ts": "1576602049.042200",
        "parent_user_id": "UNHS5GGUT"
    },
    {
        "client_msg_id": "3314a45c-4099-4e77-a97f-32f8c0e003f7",
        "type": "message",
        "text": "Nice to meet you guys!",
        "user": "URFSRGEG3",
        "ts": "1576605788.043900",
        "team": "TC0C1HURK",
        "user_team": "TC0C1HURK",
        "source_team": "TC0C1HURK",
        "user_profile": {
            "avatar_hash": "gf3592f6e052",
            "image_72": "https:\/\/secure.gravatar.com\/avatar\/f3592f6e052ff0668dec9002e9c4b83f.jpg?s=72&d=https%3A%2F%2Fa.slack-edge.com%2Fdf10d%2Fimg%2Favatars%2Fava_0025-72.png",
            "first_name": "",
            "real_name": "Mouhong",
            "display_name": "Mouhong",
            "team": "TC0C1HURK",
            "name": "dylan.lin",
            "is_restricted": false,
            "is_ultra_restricted": false
        },
        "blocks": [
            {
                "type": "rich_text",
                "block_id": "PKzrn",
                "elements": [
                    {
                        "type": "rich_text_section",
                        "elements": [
                            {
                                "type": "text",
                                "text": "Nice to meet you guys!"
                            }
                        ]
                    }
                ]
            }
        ],
        "reactions": [
            {
                "name": "wave",
                "users": [
                    "UC19HAUAK"
                ],
                "count": 1
            }
        ]
    },
    {
        "client_msg_id": "60288db4-c2c8-4c57-a21b-f5d1619c788d",
        "type": "message",
        "text": "Hey <@UNS4PKYAK> ! Could you please elaborate on your use case?",
        "user": "UC19HAUAK",
        "ts": "1576605824.044700",
        "team": "TC0C1HURK",
        "user_team": "TC0C1HURK",
        "source_team": "TC0C1HURK",
        "user_profile": {
            "avatar_hash": "066a042e018c",
            "image_72": "https:\/\/avatars.slack-edge.com\/2019-12-07\/866588520998_066a042e018ca831a195_72.png",
            "first_name": "Pavel",
            "real_name": "Pavel Tiunov",
            "display_name": "pavel",
            "team": "TC0C1HURK",
            "name": "pavel",
            "is_restricted": false,
            "is_ultra_restricted": false
        },
        "blocks": [
            {
                "type": "rich_text",
                "block_id": "npKz",
                "elements": [
                    {
                        "type": "rich_text_section",
                        "elements": [
                            {
                                "type": "text",
                                "text": "Hey "
                            },
                            {
                                "type": "user",
                                "user_id": "UNS4PKYAK"
                            },
                            {
                                "type": "text",
                                "text": " ! Could you please elaborate on your use case?"
                            }
                        ]
                    }
                ]
            }
        ],
        "thread_ts": "1574224385.319100",
        "parent_user_id": "UNS4PKYAK"
    },
    {
        "client_msg_id": "5360295c-f6b7-44d3-b950-ad524d903e1f",
        "type": "message",
        "text": "I'm new to cube.js. Anybody give me some direction on where `drillMembers` is used in the playground or in the rest api? I understand what they means, but didn't see any difference in the playground, and I didn't find more details related to it in the doc. :disappointed:",
        "user": "URFSRGEG3",
        "ts": "1576605876.045900",
        "team": "TC0C1HURK",
        "user_team": "TC0C1HURK",
        "source_team": "TC0C1HURK",
        "user_profile": {
            "avatar_hash": "gf3592f6e052",
            "image_72": "https:\/\/secure.gravatar.com\/avatar\/f3592f6e052ff0668dec9002e9c4b83f.jpg?s=72&d=https%3A%2F%2Fa.slack-edge.com%2Fdf10d%2Fimg%2Favatars%2Fava_0025-72.png",
            "first_name": "",
            "real_name": "Mouhong",
            "display_name": "Mouhong",
            "team": "TC0C1HURK",
            "name": "dylan.lin",
            "is_restricted": false,
            "is_ultra_restricted": false
        },
        "blocks": [
            {
                "type": "rich_text",
                "block_id": "FSUZ\/",
                "elements": [
                    {
                        "type": "rich_text_section",
                        "elements": [
                            {
                                "type": "text",
                                "text": "I'm new to cube.js. Anybody give me some direction on where "
                            },
                            {
                                "type": "text",
                                "text": "drillMembers",
                                "style": {
                                    "code": true
                                }
                            },
                            {
                                "type": "text",
                                "text": " is used in the playground or in the rest api? I understand what they means, but didn't see any difference in the playground, and I didn't find more details related to it in the doc. "
                            },
                            {
                                "type": "emoji",
                                "name": "disappointed"
                            }
                        ]
                    }
                ]
            }
        ],
        "thread_ts": "1576605876.045900",
        "reply_count": 14,
        "reply_users_count": 2,
        "latest_reply": "1576608538.048800",
        "reply_users": [
            "UC19HAUAK",
            "URFSRGEG3"
        ],
        "replies": [
            {
                "user": "UC19HAUAK",
                "ts": "1576605978.046000"
            },
            {
                "user": "URFSRGEG3",
                "ts": "1576606301.046300"
            },
            {
                "user": "UC19HAUAK",
                "ts": "1576606548.046500"
            },
            {
                "user": "URFSRGEG3",
                "ts": "1576606647.046700"
            },
            {
                "user": "UC19HAUAK",
                "ts": "1576606656.046900"
            },
            {
                "user": "URFSRGEG3",
                "ts": "1576607035.047100"
            },
            {
                "user": "UC19HAUAK",
                "ts": "1576607104.047300"
            },
            {
                "user": "URFSRGEG3",
                "ts": "1576607223.047500"
            },
            {
                "user": "UC19HAUAK",
                "ts": "1576607249.047800"
            },
            {
                "user": "URFSRGEG3",
                "ts": "1576608090.048000"
            },
            {
                "user": "UC19HAUAK",
                "ts": "1576608153.048200"
            },
            {
                "user": "URFSRGEG3",
                "ts": "1576608238.048400"
            },
            {
                "user": "UC19HAUAK",
                "ts": "1576608410.048600"
            },
            {
                "user": "URFSRGEG3",
                "ts": "1576608538.048800"
            }
        ],
        "subscribed": false
    },
    {
        "client_msg_id": "d1164c60-0b2e-431c-9686-33114a981fa5",
        "type": "message",
        "text": "Hey <@URFSRGEG3>! Here's an issue for that: <https:\/\/github.com\/cube-js\/cube.js\/issues\/190>",
        "user": "UC19HAUAK",
        "ts": "1576605978.046000",
        "team": "TC0C1HURK",
        "user_team": "TC0C1HURK",
        "source_team": "TC0C1HURK",
        "user_profile": {
            "avatar_hash": "066a042e018c",
            "image_72": "https:\/\/avatars.slack-edge.com\/2019-12-07\/866588520998_066a042e018ca831a195_72.png",
            "first_name": "Pavel",
            "real_name": "Pavel Tiunov",
            "display_name": "pavel",
            "team": "TC0C1HURK",
            "name": "pavel",
            "is_restricted": false,
            "is_ultra_restricted": false
        },
        "attachments": [
            {
                "service_name": "GitHub",
                "title": "Drilldown UI hooks · Issue #190 · cube-js\/cube.js",
                "title_link": "https:\/\/github.com\/cube-js\/cube.js\/issues\/190",
                "text": "Is your feature request related to a problem? Please describe. It&amp;#39;ll be nice to add a feature to follow the drillMember in the playground. Describe the solution you&amp;#39;d like When I click on a...",
                "fallback": "GitHub: Drilldown UI hooks · Issue #190 · cube-js\/cube.js",
                "thumb_url": "https:\/\/avatars0.githubusercontent.com\/u\/52467369?s=400&v=4",
                "from_url": "https:\/\/github.com\/cube-js\/cube.js\/issues\/190",
                "thumb_width": 400,
                "thumb_height": 400,
                "service_icon": "https:\/\/a.slack-edge.com\/80588\/img\/unfurl_icons\/github.png",
                "id": 1,
                "original_url": "https:\/\/github.com\/cube-js\/cube.js\/issues\/190"
            }
        ],
        "blocks": [
            {
                "type": "rich_text",
                "block_id": "+8UH",
                "elements": [
                    {
                        "type": "rich_text_section",
                        "elements": [
                            {
                                "type": "text",
                                "text": "Hey "
                            },
                            {
                                "type": "user",
                                "user_id": "URFSRGEG3"
                            },
                            {
                                "type": "text",
                                "text": "! Here's an issue for that: "
                            },
                            {
                                "type": "link",
                                "url": "https:\/\/github.com\/cube-js\/cube.js\/issues\/190"
                            }
                        ]
                    }
                ]
            }
        ],
        "thread_ts": "1576605876.045900",
        "parent_user_id": "URFSRGEG3"
    },
    {
        "client_msg_id": "028dc31f-6999-4ce2-94b9-cebfdeb4f49a",
        "type": "message",
        "text": "<@UC19HAUAK> Thanks to ur quick reply. I googled that issue. But what is the difference, if I don't define drillMembers, but use `dimensions: [\"the_drill_member\"]`?",
        "user": "URFSRGEG3",
        "ts": "1576606301.046300",
        "team": "TC0C1HURK",
        "user_team": "TC0C1HURK",
        "source_team": "TC0C1HURK",
        "user_profile": {
            "avatar_hash": "gf3592f6e052",
            "image_72": "https:\/\/secure.gravatar.com\/avatar\/f3592f6e052ff0668dec9002e9c4b83f.jpg?s=72&d=https%3A%2F%2Fa.slack-edge.com%2Fdf10d%2Fimg%2Favatars%2Fava_0025-72.png",
            "first_name": "",
            "real_name": "Mouhong",
            "display_name": "Mouhong",
            "team": "TC0C1HURK",
            "name": "dylan.lin",
            "is_restricted": false,
            "is_ultra_restricted": false
        },
        "blocks": [
            {
                "type": "rich_text",
                "block_id": "unnI",
                "elements": [
                    {
                        "type": "rich_text_section",
                        "elements": [
                            {
                                "type": "user",
                                "user_id": "UC19HAUAK"
                            },
                            {
                                "type": "text",
                                "text": " Thanks to ur quick reply. I googled that issue. But what is the difference, if I don't define drillMembers, but use "
                            },
                            {
                                "type": "text",
                                "text": "dimensions: [\"the_drill_member\"]",
                                "style": {
                                    "code": true
                                }
                            },
                            {
                                "type": "text",
                                "text": "?"
                            }
                        ]
                    }
                ]
            }
        ],
        "thread_ts": "1576605876.045900",
        "parent_user_id": "URFSRGEG3"
    },
    {
        "client_msg_id": "b711df32-b3b0-4b4d-bf35-3e5ad791bd37",
        "type": "message",
        "text": "<@URFSRGEG3> `drillMembers` is just meta information for UI. It can be used to build drill down query for given measure.",
        "user": "UC19HAUAK",
        "ts": "1576606548.046500",
        "team": "TC0C1HURK",
        "user_team": "TC0C1HURK",
        "source_team": "TC0C1HURK",
        "user_profile": {
            "avatar_hash": "066a042e018c",
            "image_72": "https:\/\/avatars.slack-edge.com\/2019-12-07\/866588520998_066a042e018ca831a195_72.png",
            "first_name": "Pavel",
            "real_name": "Pavel Tiunov",
            "display_name": "pavel",
            "team": "TC0C1HURK",
            "name": "pavel",
            "is_restricted": false,
            "is_ultra_restricted": false
        },
        "blocks": [
            {
                "type": "rich_text",
                "block_id": "LL6nb",
                "elements": [
                    {
                        "type": "rich_text_section",
                        "elements": [
                            {
                                "type": "user",
                                "user_id": "URFSRGEG3"
                            },
                            {
                                "type": "text",
                                "text": " "
                            },
                            {
                                "type": "text",
                                "text": "drillMembers",
                                "style": {
                                    "code": true
                                }
                            },
                            {
                                "type": "text",
                                "text": " is just meta information for UI. It can be used to build drill down query for given measure."
                            }
                        ]
                    }
                ]
            }
        ],
        "thread_ts": "1576605876.045900",
        "parent_user_id": "URFSRGEG3"
    },
    {
        "client_msg_id": "2bff7ddb-f0a1-4b01-86f8-1d81f0258ea5",
        "type": "message",
        "text": "Ha, got it now. Thanks! So it's actually just an UI related parameter.",
        "user": "URFSRGEG3",
        "ts": "1576606647.046700",
        "team": "TC0C1HURK",
        "user_team": "TC0C1HURK",
        "source_team": "TC0C1HURK",
        "user_profile": {
            "avatar_hash": "gf3592f6e052",
            "image_72": "https:\/\/secure.gravatar.com\/avatar\/f3592f6e052ff0668dec9002e9c4b83f.jpg?s=72&d=https%3A%2F%2Fa.slack-edge.com%2Fdf10d%2Fimg%2Favatars%2Fava_0025-72.png",
            "first_name": "",
            "real_name": "Mouhong",
            "display_name": "Mouhong",
            "team": "TC0C1HURK",
            "name": "dylan.lin",
            "is_restricted": false,
            "is_ultra_restricted": false
        },
        "blocks": [
            {
                "type": "rich_text",
                "block_id": "eAJ",
                "elements": [
                    {
                        "type": "rich_text_section",
                        "elements": [
                            {
                                "type": "text",
                                "text": "Ha, got it now. Thanks! So it's actually just an UI related parameter."
                            }
                        ]
                    }
                ]
            }
        ],
        "thread_ts": "1576605876.045900",
        "parent_user_id": "URFSRGEG3"
    },
    {
        "client_msg_id": "bd666b3b-71da-4f3e-bb62-cf8b2f058294",
        "type": "message",
        "text": "Yep",
        "user": "UC19HAUAK",
        "ts": "1576606656.046900",
        "team": "TC0C1HURK",
        "user_team": "TC0C1HURK",
        "source_team": "TC0C1HURK",
        "user_profile": {
            "avatar_hash": "066a042e018c",
            "image_72": "https:\/\/avatars.slack-edge.com\/2019-12-07\/866588520998_066a042e018ca831a195_72.png",
            "first_name": "Pavel",
            "real_name": "Pavel Tiunov",
            "display_name": "pavel",
            "team": "TC0C1HURK",
            "name": "pavel",
            "is_restricted": false,
            "is_ultra_restricted": false
        },
        "blocks": [
            {
                "type": "rich_text",
                "block_id": "T8zZ",
                "elements": [
                    {
                        "type": "rich_text_section",
                        "elements": [
                            {
                                "type": "text",
                                "text": "Yep"
                            }
                        ]
                    }
                ]
            }
        ],
        "thread_ts": "1576605876.045900",
        "parent_user_id": "URFSRGEG3"
    },
    {
        "client_msg_id": "e474dddc-c532-4a3a-8569-65b39bc0e2fc",
        "type": "message",
        "text": "I'm playing with joins. If I would like to give an alias name to a column of \"right table\". I have to define a dimension referencing to the column in \"right table\" with an aliased \"title\". Correct?",
        "user": "URFSRGEG3",
        "ts": "1576607035.047100",
        "team": "TC0C1HURK",
        "user_team": "TC0C1HURK",
        "source_team": "TC0C1HURK",
        "user_profile": {
            "avatar_hash": "gf3592f6e052",
            "image_72": "https:\/\/secure.gravatar.com\/avatar\/f3592f6e052ff0668dec9002e9c4b83f.jpg?s=72&d=https%3A%2F%2Fa.slack-edge.com%2Fdf10d%2Fimg%2Favatars%2Fava_0025-72.png",
            "first_name": "",
            "real_name": "Mouhong",
            "display_name": "Mouhong",
            "team": "TC0C1HURK",
            "name": "dylan.lin",
            "is_restricted": false,
            "is_ultra_restricted": false
        },
        "blocks": [
            {
                "type": "rich_text",
                "block_id": "XMy",
                "elements": [
                    {
                        "type": "rich_text_section",
                        "elements": [
                            {
                                "type": "text",
                                "text": "I'm playing with joins. If I would like to give an alias name to a column of \"right table\". I have to define a dimension referencing to the column in \"right table\" with an aliased \"title\". Correct?"
                            }
                        ]
                    }
                ]
            }
        ],
        "thread_ts": "1576605876.045900",
        "parent_user_id": "URFSRGEG3"
    },
    {
        "client_msg_id": "4d38e65e-0a39-417c-aadd-1d2b55698f98",
        "type": "message",
        "text": "Yeah. I believe so.",
        "user": "UC19HAUAK",
        "ts": "1576607104.047300",
        "team": "TC0C1HURK",
        "user_team": "TC0C1HURK",
        "source_team": "TC0C1HURK",
        "user_profile": {
            "avatar_hash": "066a042e018c",
            "image_72": "https:\/\/avatars.slack-edge.com\/2019-12-07\/866588520998_066a042e018ca831a195_72.png",
            "first_name": "Pavel",
            "real_name": "Pavel Tiunov",
            "display_name": "pavel",
            "team": "TC0C1HURK",
            "name": "pavel",
            "is_restricted": false,
            "is_ultra_restricted": false
        },
        "blocks": [
            {
                "type": "rich_text",
                "block_id": "YgW",
                "elements": [
                    {
                        "type": "rich_text_section",
                        "elements": [
                            {
                                "type": "text",
                                "text": "Yeah. I believe so."
                            }
                        ]
                    }
                ]
            }
        ],
        "thread_ts": "1576605876.045900",
        "parent_user_id": "URFSRGEG3"
    },
    {
        "client_msg_id": "2fd2adaf-1189-4773-aabf-c5b1c43c1791",
        "type": "message",
        "text": "Thanks a lot! Need to play more with it :stuck_out_tongue: Thanks for your great product!",
        "user": "URFSRGEG3",
        "ts": "1576607223.047500",
        "team": "TC0C1HURK",
        "user_team": "TC0C1HURK",
        "source_team": "TC0C1HURK",
        "user_profile": {
            "avatar_hash": "gf3592f6e052",
            "image_72": "https:\/\/secure.gravatar.com\/avatar\/f3592f6e052ff0668dec9002e9c4b83f.jpg?s=72&d=https%3A%2F%2Fa.slack-edge.com%2Fdf10d%2Fimg%2Favatars%2Fava_0025-72.png",
            "first_name": "",
            "real_name": "Mouhong",
            "display_name": "Mouhong",
            "team": "TC0C1HURK",
            "name": "dylan.lin",
            "is_restricted": false,
            "is_ultra_restricted": false
        },
        "blocks": [
            {
                "type": "rich_text",
                "block_id": "BtJZ",
                "elements": [
                    {
                        "type": "rich_text_section",
                        "elements": [
                            {
                                "type": "text",
                                "text": "Thanks a lot! Need to play more with it "
                            },
                            {
                                "type": "emoji",
                                "name": "stuck_out_tongue"
                            },
                            {
                                "type": "text",
                                "text": " Thanks for your great product!"
                            }
                        ]
                    }
                ]
            }
        ],
        "thread_ts": "1576605876.045900",
        "parent_user_id": "URFSRGEG3",
        "reactions": [
            {
                "name": "raised_hands",
                "users": [
                    "UC19HAUAK"
                ],
                "count": 1
            }
        ]
    },
    {
        "client_msg_id": "09dbb235-6747-467f-b5c2-65f410f3dbf8",
        "type": "message",
        "text": "You're welcome!",
        "user": "UC19HAUAK",
        "ts": "1576607249.047800",
        "team": "TC0C1HURK",
        "user_team": "TC0C1HURK",
        "source_team": "TC0C1HURK",
        "user_profile": {
            "avatar_hash": "066a042e018c",
            "image_72": "https:\/\/avatars.slack-edge.com\/2019-12-07\/866588520998_066a042e018ca831a195_72.png",
            "first_name": "Pavel",
            "real_name": "Pavel Tiunov",
            "display_name": "pavel",
            "team": "TC0C1HURK",
            "name": "pavel",
            "is_restricted": false,
            "is_ultra_restricted": false
        },
        "blocks": [
            {
                "type": "rich_text",
                "block_id": "6Jkf",
                "elements": [
                    {
                        "type": "rich_text_section",
                        "elements": [
                            {
                                "type": "text",
                                "text": "You're welcome!"
                            }
                        ]
                    }
                ]
            }
        ],
        "thread_ts": "1576605876.045900",
        "parent_user_id": "URFSRGEG3"
    },
    {
        "client_msg_id": "cbd70793-5380-4d3c-911d-700758c774fe",
        "type": "message",
        "text": "Hi <@UC19HAUAK>, currently the playground sends raw cube.js query to the server, which contains low level \"SQL\". If I'm going to build a dashboard for my company. Seems it's too \"open\" to our end users.\n\nI think I might need to implement another api gateway to \"hide\" the cube.js query. That is, Custom Dashboard -&gt; Custom API Gateway -&gt; Cube.js Server. Is this the recommended way?",
        "user": "URFSRGEG3",
        "ts": "1576608090.048000",
        "team": "TC0C1HURK",
        "user_team": "TC0C1HURK",
        "source_team": "TC0C1HURK",
        "user_profile": {
            "avatar_hash": "gf3592f6e052",
            "image_72": "https:\/\/secure.gravatar.com\/avatar\/f3592f6e052ff0668dec9002e9c4b83f.jpg?s=72&d=https%3A%2F%2Fa.slack-edge.com%2Fdf10d%2Fimg%2Favatars%2Fava_0025-72.png",
            "first_name": "",
            "real_name": "Mouhong",
            "display_name": "Mouhong",
            "team": "TC0C1HURK",
            "name": "dylan.lin",
            "is_restricted": false,
            "is_ultra_restricted": false
        },
        "blocks": [
            {
                "type": "rich_text",
                "block_id": "SvN",
                "elements": [
                    {
                        "type": "rich_text_section",
                        "elements": [
                            {
                                "type": "text",
                                "text": "Hi "
                            },
                            {
                                "type": "user",
                                "user_id": "UC19HAUAK"
                            },
                            {
                                "type": "text",
                                "text": ", currently the playground sends raw cube.js query to the server, which contains low level \"SQL\". If I'm going to build a dashboard for my company. Seems it's too \"open\" to our end users.\n\nI think I might need to implement another api gateway to \"hide\" the cube.js query. That is, Custom Dashboard -> Custom API Gateway -> Cube.js Server. Is this the recommended way?"
                            }
                        ]
                    }
                ]
            }
        ],
        "thread_ts": "1576605876.045900",
        "parent_user_id": "URFSRGEG3"
    },
    {
        "client_msg_id": "95c4ee01-972a-4542-b8b7-aaff6244d005",
        "type": "message",
        "text": "<@URFSRGEG3> Could you please elaborate on what means too open?",
        "user": "UC19HAUAK",
        "ts": "1576608153.048200",
        "team": "TC0C1HURK",
        "user_team": "TC0C1HURK",
        "source_team": "TC0C1HURK",
        "user_profile": {
            "avatar_hash": "066a042e018c",
            "image_72": "https:\/\/avatars.slack-edge.com\/2019-12-07\/866588520998_066a042e018ca831a195_72.png",
            "first_name": "Pavel",
            "real_name": "Pavel Tiunov",
            "display_name": "pavel",
            "team": "TC0C1HURK",
            "name": "pavel",
            "is_restricted": false,
            "is_ultra_restricted": false
        },
        "blocks": [
            {
                "type": "rich_text",
                "block_id": "nAA",
                "elements": [
                    {
                        "type": "rich_text_section",
                        "elements": [
                            {
                                "type": "user",
                                "user_id": "URFSRGEG3"
                            },
                            {
                                "type": "text",
                                "text": " Could you please elaborate on what means too open?"
                            }
                        ]
                    }
                ]
            }
        ],
        "thread_ts": "1576605876.045900",
        "parent_user_id": "URFSRGEG3"
    },
    {
        "client_msg_id": "d6bf6855-6aa6-48ee-a42f-869373b23a6c",
        "type": "message",
        "text": "Oh, sorry. I think I misunderstood it :(. The \"sql\" is just defined in the rest api. Not exposed to the UI.",
        "user": "URFSRGEG3",
        "ts": "1576608238.048400",
        "team": "TC0C1HURK",
        "user_team": "TC0C1HURK",
        "source_team": "TC0C1HURK",
        "user_profile": {
            "avatar_hash": "gf3592f6e052",
            "image_72": "https:\/\/secure.gravatar.com\/avatar\/f3592f6e052ff0668dec9002e9c4b83f.jpg?s=72&d=https%3A%2F%2Fa.slack-edge.com%2Fdf10d%2Fimg%2Favatars%2Fava_0025-72.png",
            "first_name": "",
            "real_name": "Mouhong",
            "display_name": "Mouhong",
            "team": "TC0C1HURK",
            "name": "dylan.lin",
            "is_restricted": false,
            "is_ultra_restricted": false
        },
        "blocks": [
            {
                "type": "rich_text",
                "block_id": "54Di",
                "elements": [
                    {
                        "type": "rich_text_section",
                        "elements": [
                            {
                                "type": "text",
                                "text": "Oh, sorry. I think I misunderstood it :(. The \"sql\" is just defined in the rest api. Not exposed to the UI."
                            }
                        ]
                    }
                ]
            }
        ],
        "thread_ts": "1576605876.045900",
        "parent_user_id": "URFSRGEG3"
    },
    {
        "client_msg_id": "62903442-f33e-4101-91de-df063a8d9d98",
        "type": "message",
        "text": "<@URFSRGEG3> Yeah. Cube.js is UI agnostic. It's up to you what to expose.",
        "user": "UC19HAUAK",
        "ts": "1576608410.048600",
        "team": "TC0C1HURK",
        "user_team": "TC0C1HURK",
        "source_team": "TC0C1HURK",
        "user_profile": {
            "avatar_hash": "066a042e018c",
            "image_72": "https:\/\/avatars.slack-edge.com\/2019-12-07\/866588520998_066a042e018ca831a195_72.png",
            "first_name": "Pavel",
            "real_name": "Pavel Tiunov",
            "display_name": "pavel",
            "team": "TC0C1HURK",
            "name": "pavel",
            "is_restricted": false,
            "is_ultra_restricted": false
        },
        "blocks": [
            {
                "type": "rich_text",
                "block_id": "Fun",
                "elements": [
                    {
                        "type": "rich_text_section",
                        "elements": [
                            {
                                "type": "user",
                                "user_id": "URFSRGEG3"
                            },
                            {
                                "type": "text",
                                "text": " Yeah. Cube.js is UI agnostic. It's up to you what to expose."
                            }
                        ]
                    }
                ]
            }
        ],
        "thread_ts": "1576605876.045900",
        "parent_user_id": "URFSRGEG3"
    },
    {
        "client_msg_id": "3b61e81e-aea3-46db-88f4-a4ce0ca6403d",
        "type": "message",
        "text": "Got it. Thanks!",
        "user": "URFSRGEG3",
        "ts": "1576608538.048800",
        "team": "TC0C1HURK",
        "user_team": "TC0C1HURK",
        "source_team": "TC0C1HURK",
        "user_profile": {
            "avatar_hash": "gf3592f6e052",
            "image_72": "https:\/\/secure.gravatar.com\/avatar\/f3592f6e052ff0668dec9002e9c4b83f.jpg?s=72&d=https%3A%2F%2Fa.slack-edge.com%2Fdf10d%2Fimg%2Favatars%2Fava_0025-72.png",
            "first_name": "",
            "real_name": "Mouhong",
            "display_name": "Mouhong",
            "team": "TC0C1HURK",
            "name": "dylan.lin",
            "is_restricted": false,
            "is_ultra_restricted": false
        },
        "blocks": [
            {
                "type": "rich_text",
                "block_id": "Fsap",
                "elements": [
                    {
                        "type": "rich_text_section",
                        "elements": [
                            {
                                "type": "text",
                                "text": "Got it. Thanks!"
                            }
                        ]
                    }
                ]
            }
        ],
        "thread_ts": "1576605876.045900",
        "parent_user_id": "URFSRGEG3",
        "reactions": [
            {
                "name": "raised_hands",
                "users": [
                    "UC19HAUAK"
                ],
                "count": 1
            }
        ]
    },
    {
        "type": "message",
        "subtype": "channel_join",
        "ts": "1576608893.049100",
        "user": "URG03MR27",
        "text": "<@URG03MR27> has joined the channel"
    },
    {
        "type": "message",
        "subtype": "channel_join",
        "ts": "1576613205.049400",
        "user": "URH9SEDAM",
        "text": "<@URH9SEDAM> has joined the channel"
    },
    {
        "client_msg_id": "ebb89072-760b-4d04-bc1c-801db8f7efaf",
        "type": "message",
        "text": "@here is Segment another way to create a filtered measure?",
        "user": "URAABKG2F",
        "ts": "1576616390.049800",
        "team": "TC0C1HURK",
        "user_team": "TC0C1HURK",
        "source_team": "TC0C1HURK",
        "user_profile": {
            "avatar_hash": "g01bbb57b101",
            "image_72": "https:\/\/secure.gravatar.com\/avatar\/01bbb57b1010a0da438168edbce29371.jpg?s=72&d=https%3A%2F%2Fa.slack-edge.com%2Fdf10d%2Fimg%2Favatars%2Fava_0016-72.png",
            "first_name": "",
            "real_name": "Edwin Nathaniel",
            "display_name": "Edwin Nathaniel",
            "team": "TC0C1HURK",
            "name": "enathaniel",
            "is_restricted": false,
            "is_ultra_restricted": false
        },
        "blocks": [
            {
                "type": "rich_text",
                "block_id": "PbN",
                "elements": [
                    {
                        "type": "rich_text_section",
                        "elements": [
                            {
                                "type": "text",
                                "text": "@here is Segment another way to create a filtered measure?"
                            }
                        ]
                    }
                ]
            }
        ],
        "thread_ts": "1576616390.049800",
        "reply_count": 1,
        "reply_users_count": 1,
        "latest_reply": "1576633575.049900",
        "reply_users": [
            "UC19HAUAK"
        ],
        "replies": [
            {
                "user": "UC19HAUAK",
                "ts": "1576633575.049900"
            }
        ],
        "subscribed": false
    },
    {
        "client_msg_id": "92c2f40e-ed07-467b-80c9-eab1e23c4bf9",
        "type": "message",
        "text": "Hey <@URAABKG2F>! You can consider segment as saved filters.",
        "user": "UC19HAUAK",
        "ts": "1576633575.049900",
        "team": "TC0C1HURK",
        "user_team": "TC0C1HURK",
        "source_team": "TC0C1HURK",
        "user_profile": {
            "avatar_hash": "066a042e018c",
            "image_72": "https:\/\/avatars.slack-edge.com\/2019-12-07\/866588520998_066a042e018ca831a195_72.png",
            "first_name": "Pavel",
            "real_name": "Pavel Tiunov",
            "display_name": "pavel",
            "team": "TC0C1HURK",
            "name": "pavel",
            "is_restricted": false,
            "is_ultra_restricted": false
        },
        "blocks": [
            {
                "type": "rich_text",
                "block_id": "ZRN",
                "elements": [
                    {
                        "type": "rich_text_section",
                        "elements": [
                            {
                                "type": "text",
                                "text": "Hey "
                            },
                            {
                                "type": "user",
                                "user_id": "URAABKG2F"
                            },
                            {
                                "type": "text",
                                "text": "! You can consider segment as saved filters."
                            }
                        ]
                    }
                ]
            }
        ],
        "thread_ts": "1576616390.049800",
        "parent_user_id": "URAABKG2F"
    },
    {
        "client_msg_id": "b68e3460-8a89-4244-8c36-c421905da7c4",
        "type": "message",
        "text": "<@UC19HAUAK> i want to get the data for dashboard from database for a specific user on basis of userid. hope you got my point.",
        "user": "UNS4PKYAK",
        "ts": "1576643288.050100",
        "team": "TC0C1HURK",
        "user_team": "TC0C1HURK",
        "source_team": "TC0C1HURK",
        "user_profile": {
            "avatar_hash": "664213ef9cf5",
            "image_72": "https:\/\/avatars.slack-edge.com\/2019-10-17\/800974914790_664213ef9cf5f85d3637_72.jpg",
            "first_name": "chintesh",
            "real_name": "chintesh kumar",
            "display_name": "chintesh kumar",
            "team": "TC0C1HURK",
            "name": "chintesh_kumar",
            "is_restricted": false,
            "is_ultra_restricted": false
        },
        "blocks": [
            {
                "type": "rich_text",
                "block_id": "eBA8",
                "elements": [
                    {
                        "type": "rich_text_section",
                        "elements": [
                            {
                                "type": "user",
                                "user_id": "UC19HAUAK"
                            },
                            {
                                "type": "text",
                                "text": " i want to get the data for dashboard from database for a specific user on basis of userid. hope you got my point."
                            }
                        ]
                    }
                ]
            }
        ],
        "thread_ts": "1574224385.319100",
        "parent_user_id": "UNS4PKYAK"
    },
    {
        "client_msg_id": "f4c6fa8a-4f10-45be-88cb-6790d69bef61",
        "type": "message",
        "text": "<@UNS4PKYAK> I believe you're looking for: <https:\/\/cube.dev\/docs\/multitenancy-setup#top>",
        "user": "UC19HAUAK",
        "ts": "1576643792.050300",
        "team": "TC0C1HURK",
        "user_team": "TC0C1HURK",
        "source_team": "TC0C1HURK",
        "user_profile": {
            "avatar_hash": "066a042e018c",
            "image_72": "https:\/\/avatars.slack-edge.com\/2019-12-07\/866588520998_066a042e018ca831a195_72.png",
            "first_name": "Pavel",
            "real_name": "Pavel Tiunov",
            "display_name": "pavel",
            "team": "TC0C1HURK",
            "name": "pavel",
            "is_restricted": false,
            "is_ultra_restricted": false
        },
        "blocks": [
            {
                "type": "rich_text",
                "block_id": "WbLOf",
                "elements": [
                    {
                        "type": "rich_text_section",
                        "elements": [
                            {
                                "type": "user",
                                "user_id": "UNS4PKYAK"
                            },
                            {
                                "type": "text",
                                "text": " I believe you're looking for: "
                            },
                            {
                                "type": "link",
                                "url": "https:\/\/cube.dev\/docs\/multitenancy-setup#top"
                            }
                        ]
                    }
                ]
            }
        ],
        "thread_ts": "1574224385.319100",
        "parent_user_id": "UNS4PKYAK"
    },
    {
        "client_msg_id": "d42f2330-1743-4c01-9a03-587d416f8d90",
        "type": "message",
        "text": "<@UC19HAUAK> However multitenancy is not working.",
        "user": "UNS4PKYAK",
        "ts": "1576643861.050500",
        "team": "TC0C1HURK",
        "user_team": "TC0C1HURK",
        "source_team": "TC0C1HURK",
        "user_profile": {
            "avatar_hash": "664213ef9cf5",
            "image_72": "https:\/\/avatars.slack-edge.com\/2019-10-17\/800974914790_664213ef9cf5f85d3637_72.jpg",
            "first_name": "chintesh",
            "real_name": "chintesh kumar",
            "display_name": "chintesh kumar",
            "team": "TC0C1HURK",
            "name": "chintesh_kumar",
            "is_restricted": false,
            "is_ultra_restricted": false
        },
        "blocks": [
            {
                "type": "rich_text",
                "block_id": "vp8W",
                "elements": [
                    {
                        "type": "rich_text_section",
                        "elements": [
                            {
                                "type": "user",
                                "user_id": "UC19HAUAK"
                            },
                            {
                                "type": "text",
                                "text": " However multitenancy is not working."
                            }
                        ]
                    }
                ]
            }
        ],
        "thread_ts": "1574224385.319100",
        "parent_user_id": "UNS4PKYAK"
    },
    {
        "client_msg_id": "d6aa9bb0-5706-49ab-beb0-e2e49876b538",
        "type": "message",
        "text": "<@UNS4PKYAK> What's the problem with it?",
        "user": "UC19HAUAK",
        "ts": "1576643902.050700",
        "team": "TC0C1HURK",
        "user_team": "TC0C1HURK",
        "source_team": "TC0C1HURK",
        "user_profile": {
            "avatar_hash": "066a042e018c",
            "image_72": "https:\/\/avatars.slack-edge.com\/2019-12-07\/866588520998_066a042e018ca831a195_72.png",
            "first_name": "Pavel",
            "real_name": "Pavel Tiunov",
            "display_name": "pavel",
            "team": "TC0C1HURK",
            "name": "pavel",
            "is_restricted": false,
            "is_ultra_restricted": false
        },
        "blocks": [
            {
                "type": "rich_text",
                "block_id": "KXZgo",
                "elements": [
                    {
                        "type": "rich_text_section",
                        "elements": [
                            {
                                "type": "user",
                                "user_id": "UNS4PKYAK"
                            },
                            {
                                "type": "text",
                                "text": " What's the problem with it?"
                            }
                        ]
                    }
                ]
            }
        ],
        "thread_ts": "1574224385.319100",
        "parent_user_id": "UNS4PKYAK"
    },
    {
        "client_msg_id": "b947f19d-d33a-4a7b-a9a6-0e0c30b7b599",
        "type": "message",
        "text": "<@UC19HAUAK> we already discussed it earlier",
        "user": "UNS4PKYAK",
        "ts": "1576643938.050900",
        "team": "TC0C1HURK",
        "user_team": "TC0C1HURK",
        "source_team": "TC0C1HURK",
        "user_profile": {
            "avatar_hash": "664213ef9cf5",
            "image_72": "https:\/\/avatars.slack-edge.com\/2019-10-17\/800974914790_664213ef9cf5f85d3637_72.jpg",
            "first_name": "chintesh",
            "real_name": "chintesh kumar",
            "display_name": "chintesh kumar",
            "team": "TC0C1HURK",
            "name": "chintesh_kumar",
            "is_restricted": false,
            "is_ultra_restricted": false
        },
        "blocks": [
            {
                "type": "rich_text",
                "block_id": "TDU",
                "elements": [
                    {
                        "type": "rich_text_section",
                        "elements": [
                            {
                                "type": "user",
                                "user_id": "UC19HAUAK"
                            },
                            {
                                "type": "text",
                                "text": " we already discussed it earlier"
                            }
                        ]
                    }
                ]
            }
        ],
        "thread_ts": "1574224385.319100",
        "parent_user_id": "UNS4PKYAK"
    },
    {
        "client_msg_id": "ab93a39b-a722-4101-8dc0-30024c92dc48",
        "type": "message",
        "text": "<@UNS4PKYAK> Do you mean you can't make it using different databases? Just looked at your code again and it seems missing `contextToAppId` . Please refer to this example: <https:\/\/cube.dev\/docs\/multitenancy-setup#multiple-db-instances-with-same-schema>",
        "user": "UC19HAUAK",
        "ts": "1576645041.051100",
        "team": "TC0C1HURK",
        "user_team": "TC0C1HURK",
        "source_team": "TC0C1HURK",
        "user_profile": {
            "avatar_hash": "066a042e018c",
            "image_72": "https:\/\/avatars.slack-edge.com\/2019-12-07\/866588520998_066a042e018ca831a195_72.png",
            "first_name": "Pavel",
            "real_name": "Pavel Tiunov",
            "display_name": "pavel",
            "team": "TC0C1HURK",
            "name": "pavel",
            "is_restricted": false,
            "is_ultra_restricted": false
        },
        "blocks": [
            {
                "type": "rich_text",
                "block_id": "mpW",
                "elements": [
                    {
                        "type": "rich_text_section",
                        "elements": [
                            {
                                "type": "user",
                                "user_id": "UNS4PKYAK"
                            },
                            {
                                "type": "text",
                                "text": " Do you mean you can't make it using different databases? Just looked at your code again and it seems missing "
                            },
                            {
                                "type": "text",
                                "text": "contextToAppId",
                                "style": {
                                    "code": true
                                }
                            },
                            {
                                "type": "text",
                                "text": " . Please refer to this example: "
                            },
                            {
                                "type": "link",
                                "url": "https:\/\/cube.dev\/docs\/multitenancy-setup#multiple-db-instances-with-same-schema"
                            }
                        ]
                    }
                ]
            }
        ],
        "thread_ts": "1574224385.319100",
        "parent_user_id": "UNS4PKYAK"
    },
    {
        "client_msg_id": "78f5e93c-42a8-4d0d-88d2-c4a1cc590d4a",
        "type": "message",
        "text": "<@UC19HAUAK>\nDo you mean you can't make it using different databases?\n*Yes, you are right*",
        "user": "UNS4PKYAK",
        "ts": "1576645066.051300",
        "team": "TC0C1HURK",
        "user_team": "TC0C1HURK",
        "source_team": "TC0C1HURK",
        "user_profile": {
            "avatar_hash": "664213ef9cf5",
            "image_72": "https:\/\/avatars.slack-edge.com\/2019-10-17\/800974914790_664213ef9cf5f85d3637_72.jpg",
            "first_name": "chintesh",
            "real_name": "chintesh kumar",
            "display_name": "chintesh kumar",
            "team": "TC0C1HURK",
            "name": "chintesh_kumar",
            "is_restricted": false,
            "is_ultra_restricted": false
        },
        "edited": {
            "user": "UNS4PKYAK",
            "ts": "1576645100.000000"
        },
        "blocks": [
            {
                "type": "rich_text",
                "block_id": "J9x95",
                "elements": [
                    {
                        "type": "rich_text_section",
                        "elements": [
                            {
                                "type": "user",
                                "user_id": "UC19HAUAK"
                            },
                            {
                                "type": "text",
                                "text": "\nDo you mean you can't make it using different databases?\n"
                            },
                            {
                                "type": "text",
                                "text": "Yes, you are right",
                                "style": {
                                    "bold": true
                                }
                            }
                        ]
                    }
                ]
            }
        ],
        "thread_ts": "1574224385.319100",
        "parent_user_id": "UNS4PKYAK"
    },
    {
        "type": "message",
        "subtype": "channel_join",
        "ts": "1576650585.051700",
        "user": "URGLMT9GB",
        "text": "<@URGLMT9GB> has joined the channel"
    }
]