[
    {
        "type": "message",
        "subtype": "channel_join",
        "ts": "1568703617.017600",
        "user": "UNE429Q84",
        "text": "<@UNE429Q84> has joined the channel"
    },
    {
        "type": "message",
        "subtype": "channel_join",
        "ts": "1568706673.017800",
        "user": "UNEK448HE",
        "text": "<@UNEK448HE> has joined the channel"
    },
    {
        "client_msg_id": "cde5baf7-ce6e-4039-ac17-9fbf76e82903",
        "type": "message",
        "text": "Hello,\nIm getting confuse with cube caching system, why my data not renewing after more than 24 hours i leave it.\nMy data is growing up every seconds, but cube js wont renew the redis cache\nWhy?",
        "user": "UNEK448HE",
        "ts": "1568706946.019700",
        "team": "TC0C1HURK",
        "user_team": "TC0C1HURK",
        "source_team": "TC0C1HURK",
        "user_profile": {
            "avatar_hash": "g544c6c1793b",
            "image_72": "https:\/\/secure.gravatar.com\/avatar\/8544c6c1793b819eed22c4d97281710b.jpg?s=72&d=https%3A%2F%2Fa.slack-edge.com%2Fdf10d%2Fimg%2Favatars%2Fava_0007-72.png",
            "first_name": "",
            "real_name": "Fahmi Ayil",
            "display_name": "Fahmi Ayil",
            "team": "TC0C1HURK",
            "name": "fahmi",
            "is_restricted": false,
            "is_ultra_restricted": false
        },
        "thread_ts": "1568706946.019700",
        "reply_count": 2,
        "reply_users_count": 1,
        "latest_reply": "1568735681.023900",
        "reply_users": [
            "UC19HAUAK"
        ],
        "replies": [
            {
                "user": "UC19HAUAK",
                "ts": "1568735641.023700"
            },
            {
                "user": "UC19HAUAK",
                "ts": "1568735681.023900"
            }
        ],
        "subscribed": false
    },
    {
        "client_msg_id": "b7c311e9-f5b1-42c2-b818-eea07f9e6f15",
        "type": "message",
        "text": "Hello,\nI'm new in using cubejs,\nI'm trying to build pre-aggregated cubes in my postgres database.\nBut in the cube.js documentation its said that I have to give cube.js acces to the \"str_preaggregations\" schema, how can I do that ?\nThanks",
        "user": "UNE1YNPDW",
        "ts": "1568711116.022700",
        "team": "TC0C1HURK",
        "user_team": "TC0C1HURK",
        "source_team": "TC0C1HURK",
        "user_profile": {
            "avatar_hash": "g6d7dd9499df",
            "image_72": "https:\/\/secure.gravatar.com\/avatar\/e6d7dd9499df0c9c28e9d42ffae3d4fa.jpg?s=72&d=https%3A%2F%2Fa.slack-edge.com%2Fdf10d%2Fimg%2Favatars%2Fava_0001-72.png",
            "first_name": "",
            "real_name": "ismael",
            "display_name": "ismael",
            "team": "TC0C1HURK",
            "name": "isgoulani",
            "is_restricted": false,
            "is_ultra_restricted": false
        },
        "thread_ts": "1568711116.022700",
        "reply_count": 3,
        "reply_users_count": 3,
        "latest_reply": "1568735715.024100",
        "reply_users": [
            "UL55T8A72",
            "UNE1YNPDW",
            "UC19HAUAK"
        ],
        "replies": [
            {
                "user": "UL55T8A72",
                "ts": "1568711303.022800"
            },
            {
                "user": "UNE1YNPDW",
                "ts": "1568726861.023300"
            },
            {
                "user": "UC19HAUAK",
                "ts": "1568735715.024100"
            }
        ],
        "subscribed": false
    },
    {
        "client_msg_id": "2dea60d1-c0a9-45bc-88f9-aab8b11ac596",
        "type": "message",
        "text": "This might help:\n<https:\/\/stackoverflow.com\/questions\/10352695\/grant-all-on-a-specific-schema-in-the-db-to-a-group-role-in-postgresql>\n\nBasically you need to ensure that the Cube JS user has write access to the `str_preaggregations` schema",
        "user": "UL55T8A72",
        "ts": "1568711303.022800",
        "team": "TC0C1HURK",
        "user_team": "TC0C1HURK",
        "source_team": "TC0C1HURK",
        "user_profile": {
            "avatar_hash": "gf36bf9009f7",
            "image_72": "https:\/\/secure.gravatar.com\/avatar\/1fd8cad84e6da0b0a98bf23a64e120a9.jpg?s=72&d=https%3A%2F%2Fa.slack-edge.com%2Fdf10d%2Fimg%2Favatars%2Fava_0009-72.png",
            "first_name": "",
            "real_name": "Anton Abilov",
            "display_name": "Anton Abilov",
            "team": "TC0C1HURK",
            "name": "anton",
            "is_restricted": false,
            "is_ultra_restricted": false
        },
        "attachments": [
            {
                "service_name": "Stack Overflow",
                "title": "Grant all on a specific schema in the db to a group role in PostgreSQL",
                "title_link": "https:\/\/stackoverflow.com\/questions\/10352695\/grant-all-on-a-specific-schema-in-the-db-to-a-group-role-in-postgresql",
                "text": "Using PostgreSQL 9.0, I have a group role called \"staff\" and would like to grant all (or certain) privileges to this role on tables in a particular schema. None of the following work GRANT ALL ON",
                "fallback": "Stack Overflow: Grant all on a specific schema in the db to a group role in PostgreSQL",
                "thumb_url": "https:\/\/cdn.sstatic.net\/Sites\/stackoverflow\/img\/apple-touch-icon@2.png?v=73d79a89bded",
                "from_url": "https:\/\/stackoverflow.com\/questions\/10352695\/grant-all-on-a-specific-schema-in-the-db-to-a-group-role-in-postgresql",
                "thumb_width": 316,
                "thumb_height": 316,
                "service_icon": "https:\/\/cdn.sstatic.net\/Sites\/stackoverflow\/img\/favicon.ico?v=4f32ecc8f43d",
                "id": 1,
                "original_url": "https:\/\/stackoverflow.com\/questions\/10352695\/grant-all-on-a-specific-schema-in-the-db-to-a-group-role-in-postgresql"
            }
        ],
        "thread_ts": "1568711116.022700",
        "parent_user_id": "UNE1YNPDW",
        "reactions": [
            {
                "name": "+1",
                "users": [
                    "UC19HAUAK"
                ],
                "count": 1
            }
        ]
    },
    {
        "type": "message",
        "subtype": "channel_join",
        "ts": "1568714390.023200",
        "user": "UNGJV3A6B",
        "text": "<@UNGJV3A6B> has joined the channel"
    },
    {
        "client_msg_id": "91e774b8-98b4-4568-a124-d7aa2499ed15",
        "type": "message",
        "text": "Hi, Thanks!\nBut I tried all these things but cube.js still don't load the schemas in my database despite I granted all the privileges to the user",
        "user": "UNE1YNPDW",
        "ts": "1568726861.023300",
        "team": "TC0C1HURK",
        "user_team": "TC0C1HURK",
        "source_team": "TC0C1HURK",
        "user_profile": {
            "avatar_hash": "g6d7dd9499df",
            "image_72": "https:\/\/secure.gravatar.com\/avatar\/e6d7dd9499df0c9c28e9d42ffae3d4fa.jpg?s=72&d=https%3A%2F%2Fa.slack-edge.com%2Fdf10d%2Fimg%2Favatars%2Fava_0001-72.png",
            "first_name": "",
            "real_name": "ismael",
            "display_name": "ismael",
            "team": "TC0C1HURK",
            "name": "isgoulani",
            "is_restricted": false,
            "is_ultra_restricted": false
        },
        "thread_ts": "1568711116.022700",
        "parent_user_id": "UNE1YNPDW"
    },
    {
        "client_msg_id": "efb447e6-7d8f-4718-bf49-8bc9a5e0a548",
        "type": "message",
        "text": "Hey <@UN5B03DNV>! Which DB do you use?",
        "user": "UC19HAUAK",
        "ts": "1568735488.023500",
        "team": "TC0C1HURK",
        "user_team": "TC0C1HURK",
        "source_team": "TC0C1HURK",
        "user_profile": {
            "avatar_hash": "066a042e018c",
            "image_72": "https:\/\/avatars.slack-edge.com\/2019-12-07\/866588520998_066a042e018ca831a195_72.png",
            "first_name": "Pavel",
            "real_name": "Pavel Tiunov",
            "display_name": "pavel",
            "team": "TC0C1HURK",
            "name": "pavel",
            "is_restricted": false,
            "is_ultra_restricted": false
        },
        "thread_ts": "1568702937.016900",
        "parent_user_id": "UN5B03DNV"
    },
    {
        "client_msg_id": "5713ee95-f1b8-41f7-b1d3-5b8ba6a00331",
        "type": "message",
        "text": "Hey <@UNEK448HE>! Could you please share your schema file and logs? It may be the case if standard `refreshKey` isn't appropriate for your data: <https:\/\/cube.dev\/docs\/cube#parameters-refresh-key>. In this way you should customize it.",
        "user": "UC19HAUAK",
        "ts": "1568735641.023700",
        "team": "TC0C1HURK",
        "user_team": "TC0C1HURK",
        "source_team": "TC0C1HURK",
        "user_profile": {
            "avatar_hash": "066a042e018c",
            "image_72": "https:\/\/avatars.slack-edge.com\/2019-12-07\/866588520998_066a042e018ca831a195_72.png",
            "first_name": "Pavel",
            "real_name": "Pavel Tiunov",
            "display_name": "pavel",
            "team": "TC0C1HURK",
            "name": "pavel",
            "is_restricted": false,
            "is_ultra_restricted": false
        },
        "thread_ts": "1568706946.019700",
        "parent_user_id": "UNEK448HE"
    },
    {
        "client_msg_id": "6d437d11-3257-4c88-bf1d-d8f6f9ba072c",
        "type": "message",
        "text": "<https:\/\/cube.dev\/docs\/caching#in-memory-cache-refresh-keys>",
        "user": "UC19HAUAK",
        "ts": "1568735681.023900",
        "team": "TC0C1HURK",
        "user_team": "TC0C1HURK",
        "source_team": "TC0C1HURK",
        "user_profile": {
            "avatar_hash": "066a042e018c",
            "image_72": "https:\/\/avatars.slack-edge.com\/2019-12-07\/866588520998_066a042e018ca831a195_72.png",
            "first_name": "Pavel",
            "real_name": "Pavel Tiunov",
            "display_name": "pavel",
            "team": "TC0C1HURK",
            "name": "pavel",
            "is_restricted": false,
            "is_ultra_restricted": false
        },
        "thread_ts": "1568706946.019700",
        "parent_user_id": "UNEK448HE"
    },
    {
        "client_msg_id": "09f4527b-1373-4d5c-b72e-1cd90ec413b9",
        "type": "message",
        "text": "Hey <@UNE1YNPDW>! Could you please share the error you get?",
        "user": "UC19HAUAK",
        "ts": "1568735715.024100",
        "team": "TC0C1HURK",
        "user_team": "TC0C1HURK",
        "source_team": "TC0C1HURK",
        "user_profile": {
            "avatar_hash": "066a042e018c",
            "image_72": "https:\/\/avatars.slack-edge.com\/2019-12-07\/866588520998_066a042e018ca831a195_72.png",
            "first_name": "Pavel",
            "real_name": "Pavel Tiunov",
            "display_name": "pavel",
            "team": "TC0C1HURK",
            "name": "pavel",
            "is_restricted": false,
            "is_ultra_restricted": false
        },
        "thread_ts": "1568711116.022700",
        "parent_user_id": "UNE1YNPDW"
    },
    {
        "client_msg_id": "f7b34631-ffa7-4849-8442-f78cd2613297",
        "type": "message",
        "text": "<@UMEBJ3NV6> I see. We're working on such feature that will allow to build such dynamic dashboards for users.",
        "user": "UC19HAUAK",
        "ts": "1568735825.024400",
        "team": "TC0C1HURK",
        "user_team": "TC0C1HURK",
        "source_team": "TC0C1HURK",
        "user_profile": {
            "avatar_hash": "066a042e018c",
            "image_72": "https:\/\/avatars.slack-edge.com\/2019-12-07\/866588520998_066a042e018ca831a195_72.png",
            "first_name": "Pavel",
            "real_name": "Pavel Tiunov",
            "display_name": "pavel",
            "team": "TC0C1HURK",
            "name": "pavel",
            "is_restricted": false,
            "is_ultra_restricted": false
        },
        "thread_ts": "1568092886.021900",
        "parent_user_id": "UMEBJ3NV6"
    },
    {
        "type": "message",
        "subtype": "channel_join",
        "ts": "1568739818.024700",
        "user": "UN3S8RZK5",
        "text": "<@UN3S8RZK5> has joined the channel"
    },
    {
        "client_msg_id": "0c5ef10c-d3be-4dfa-b22e-fd8edb82e531",
        "type": "message",
        "text": "hi all, fairly specific question..... does cube.js support querying array data in clickhouse?    Specifically we need to use sumForEach functionality within clickhouse.   <https:\/\/clickhouse.yandex\/docs\/en\/query_language\/agg_functions\/combinators\/>   .  If cube.js does not support these edge cases, is it possible to simply bypass the query generation step in cube.js and simply pass raw sql from the client?",
        "user": "UN3S8RZK5",
        "ts": "1568742005.026600",
        "team": "TC0C1HURK",
        "user_team": "TC0C1HURK",
        "source_team": "TC0C1HURK",
        "user_profile": {
            "avatar_hash": "g8f5f3615c23",
            "image_72": "https:\/\/secure.gravatar.com\/avatar\/68f5f3615c230d95ebcc9b4c997529e6.jpg?s=72&d=https%3A%2F%2Fa.slack-edge.com%2Fdf10d%2Fimg%2Favatars%2Fava_0022-72.png",
            "first_name": "",
            "real_name": "tesh",
            "display_name": "tesh",
            "team": "TC0C1HURK",
            "name": "tesh",
            "is_restricted": false,
            "is_ultra_restricted": false
        },
        "thread_ts": "1568742005.026600",
        "reply_count": 1,
        "reply_users_count": 1,
        "latest_reply": "1568746806.029800",
        "reply_users": [
            "UC19HAUAK"
        ],
        "replies": [
            {
                "user": "UC19HAUAK",
                "ts": "1568746806.029800"
            }
        ],
        "subscribed": false
    },
    {
        "client_msg_id": "949148bb-d53f-4fc8-ac23-13fb02fee95a",
        "type": "message",
        "text": "also, does schema support non primative data types like arrays?",
        "user": "UN3S8RZK5",
        "ts": "1568742158.027100",
        "team": "TC0C1HURK",
        "user_team": "TC0C1HURK",
        "source_team": "TC0C1HURK",
        "user_profile": {
            "avatar_hash": "g8f5f3615c23",
            "image_72": "https:\/\/secure.gravatar.com\/avatar\/68f5f3615c230d95ebcc9b4c997529e6.jpg?s=72&d=https%3A%2F%2Fa.slack-edge.com%2Fdf10d%2Fimg%2Favatars%2Fava_0022-72.png",
            "first_name": "",
            "real_name": "tesh",
            "display_name": "tesh",
            "team": "TC0C1HURK",
            "name": "tesh",
            "is_restricted": false,
            "is_ultra_restricted": false
        },
        "thread_ts": "1568742158.027100",
        "reply_count": 2,
        "reply_users_count": 1,
        "latest_reply": "1568747821.030400",
        "reply_users": [
            "UC19HAUAK"
        ],
        "replies": [
            {
                "user": "UC19HAUAK",
                "ts": "1568746836.030100"
            },
            {
                "user": "UC19HAUAK",
                "ts": "1568747821.030400"
            }
        ],
        "subscribed": false
    },
    {
        "client_msg_id": "9d04afc2-e512-4ce3-a335-e96db496ef1a",
        "type": "message",
        "text": "mysql",
        "user": "UN5B03DNV",
        "ts": "1568743364.029600",
        "team": "TC0C1HURK",
        "user_team": "TC0C1HURK",
        "source_team": "TC0C1HURK",
        "user_profile": {
            "avatar_hash": "ga97bf3467ae",
            "image_72": "https:\/\/secure.gravatar.com\/avatar\/9a97bf3467aeea1aea22e27a7868916c.jpg?s=72&d=https%3A%2F%2Fa.slack-edge.com%2Fdf10d%2Fimg%2Favatars%2Fava_0001-72.png",
            "first_name": "",
            "real_name": "Ramprakash",
            "display_name": "Ramprakash",
            "team": "TC0C1HURK",
            "name": "ramprakashjagadeesan",
            "is_restricted": false,
            "is_ultra_restricted": false
        },
        "thread_ts": "1568702937.016900",
        "parent_user_id": "UN5B03DNV"
    },
    {
        "client_msg_id": "38b75418-88f1-469d-b62e-f82c98a906e8",
        "type": "message",
        "text": "Hey <@UN3S8RZK5>! It's a great question. You can use `number` measure to define such aggregation sql: <https:\/\/cube.dev\/docs\/types-and-formats#measures-types-number>.",
        "user": "UC19HAUAK",
        "ts": "1568746806.029800",
        "team": "TC0C1HURK",
        "user_team": "TC0C1HURK",
        "source_team": "TC0C1HURK",
        "user_profile": {
            "avatar_hash": "066a042e018c",
            "image_72": "https:\/\/avatars.slack-edge.com\/2019-12-07\/866588520998_066a042e018ca831a195_72.png",
            "first_name": "Pavel",
            "real_name": "Pavel Tiunov",
            "display_name": "pavel",
            "team": "TC0C1HURK",
            "name": "pavel",
            "is_restricted": false,
            "is_ultra_restricted": false
        },
        "edited": {
            "user": "UC19HAUAK",
            "ts": "1568746917.000000"
        },
        "thread_ts": "1568742005.026600",
        "parent_user_id": "UN3S8RZK5"
    },
    {
        "client_msg_id": "bd1c78b5-c7d3-43ca-9c3b-f0ce08d95e44",
        "type": "message",
        "text": "<@UN3S8RZK5> Cube.js won't process query results additionally right now. So if driver returns array it should return array but this behavior can change in future.",
        "user": "UC19HAUAK",
        "ts": "1568746836.030100",
        "team": "TC0C1HURK",
        "user_team": "TC0C1HURK",
        "source_team": "TC0C1HURK",
        "user_profile": {
            "avatar_hash": "066a042e018c",
            "image_72": "https:\/\/avatars.slack-edge.com\/2019-12-07\/866588520998_066a042e018ca831a195_72.png",
            "first_name": "Pavel",
            "real_name": "Pavel Tiunov",
            "display_name": "pavel",
            "team": "TC0C1HURK",
            "name": "pavel",
            "is_restricted": false,
            "is_ultra_restricted": false
        },
        "thread_ts": "1568742158.027100",
        "parent_user_id": "UN3S8RZK5"
    },
    {
        "client_msg_id": "b355e4f7-9a26-4a7e-9b4f-9e56083f61b6",
        "type": "message",
        "text": "<@UN3S8RZK5> Also click house driver is community supported and any PR are very welcomed.",
        "user": "UC19HAUAK",
        "ts": "1568747821.030400",
        "team": "TC0C1HURK",
        "user_team": "TC0C1HURK",
        "source_team": "TC0C1HURK",
        "user_profile": {
            "avatar_hash": "066a042e018c",
            "image_72": "https:\/\/avatars.slack-edge.com\/2019-12-07\/866588520998_066a042e018ca831a195_72.png",
            "first_name": "Pavel",
            "real_name": "Pavel Tiunov",
            "display_name": "pavel",
            "team": "TC0C1HURK",
            "name": "pavel",
            "is_restricted": false,
            "is_ultra_restricted": false
        },
        "thread_ts": "1568742158.027100",
        "parent_user_id": "UN3S8RZK5"
    },
    {
        "client_msg_id": "c022cfdf-69bc-415d-95b5-49c169b9e683",
        "type": "message",
        "text": "<@UN5B03DNV> There's no `PARSE_TIMESTAMP` function in MySQL. You can use `STR_TO_DATE` instead.",
        "user": "UC19HAUAK",
        "ts": "1568752733.030600",
        "team": "TC0C1HURK",
        "user_team": "TC0C1HURK",
        "source_team": "TC0C1HURK",
        "user_profile": {
            "avatar_hash": "066a042e018c",
            "image_72": "https:\/\/avatars.slack-edge.com\/2019-12-07\/866588520998_066a042e018ca831a195_72.png",
            "first_name": "Pavel",
            "real_name": "Pavel Tiunov",
            "display_name": "pavel",
            "team": "TC0C1HURK",
            "name": "pavel",
            "is_restricted": false,
            "is_ultra_restricted": false
        },
        "thread_ts": "1568702937.016900",
        "parent_user_id": "UN5B03DNV"
    },
    {
        "type": "message",
        "subtype": "channel_join",
        "ts": "1568766717.030900",
        "user": "UNJ2L7W06",
        "text": "<@UNJ2L7W06> has joined the channel"
    },
    {
        "client_msg_id": "df261fd5-246a-43d7-9079-4fa69ef26be0",
        "type": "message",
        "text": ":+1:",
        "user": "UN980H6VA",
        "ts": "1568782068.031000",
        "team": "TC0C1HURK",
        "user_team": "TC0C1HURK",
        "source_team": "TC0C1HURK",
        "user_profile": {
            "avatar_hash": "gf8bd035a9fc",
            "image_72": "https:\/\/secure.gravatar.com\/avatar\/cf8bd035a9fc315255db7c37be771558.jpg?s=72&d=https%3A%2F%2Fa.slack-edge.com%2Fdf10d%2Fimg%2Favatars%2Fava_0014-72.png",
            "first_name": "",
            "real_name": "Dipti Joshi",
            "display_name": "Dipti Joshi",
            "team": "TC0C1HURK",
            "name": "dipti.joshi",
            "is_restricted": false,
            "is_ultra_restricted": false
        },
        "thread_ts": "1568282855.033400",
        "parent_user_id": "UN980H6VA"
    }
]