[
    {
        "client_msg_id": "3c4ebc70-b5b5-46fa-94a8-925e3a185132",
        "type": "message",
        "text": "<@UC19HAUAK> yes its variable",
        "user": "UJ3MJLA9M",
        "ts": "1557740297.121600",
        "team": "TC0C1HURK",
        "user_team": "TC0C1HURK",
        "source_team": "TC0C1HURK",
        "user_profile": {
            "avatar_hash": "g1b294fd75bc",
            "image_72": "https:\/\/secure.gravatar.com\/avatar\/c1b294fd75bcb140782626109e4f853e.jpg?s=72&d=https%3A%2F%2Fa.slack-edge.com%2Fdf10d%2Fimg%2Favatars%2Fava_0018-72.png",
            "first_name": "",
            "real_name": "Iput",
            "display_name": "Iput",
            "team": "TC0C1HURK",
            "name": "taufiqurrohman.suwart",
            "is_restricted": false,
            "is_ultra_restricted": false
        },
        "thread_ts": "1557694794.120900",
        "parent_user_id": "UJ3MJLA9M"
    },
    {
        "client_msg_id": "2af3dabb-b070-42aa-a723-65e831fd70f9",
        "type": "message",
        "text": "<@UJ3MJLA9M> Makes sense. Cube.js currently doesn't support startsWith operator. Possible workarounds are either use `FILTER_PARAMS` <https:\/\/cube.dev\/docs\/cube#context-variables-filter-params> or to introduce segments <https:\/\/cube.dev\/docs\/segments#top>. I think it worth adding an issue to support `startsWith` operator.",
        "user": "UC19HAUAK",
        "ts": "1557740585.121800",
        "team": "TC0C1HURK",
        "user_team": "TC0C1HURK",
        "source_team": "TC0C1HURK",
        "user_profile": {
            "avatar_hash": "066a042e018c",
            "image_72": "https:\/\/avatars.slack-edge.com\/2019-12-07\/866588520998_066a042e018ca831a195_72.png",
            "first_name": "Pavel",
            "real_name": "Pavel Tiunov",
            "display_name": "pavel",
            "team": "TC0C1HURK",
            "name": "pavel",
            "is_restricted": false,
            "is_ultra_restricted": false
        },
        "thread_ts": "1557694794.120900",
        "parent_user_id": "UJ3MJLA9M",
        "reactions": [
            {
                "name": "+1",
                "users": [
                    "UJ4533JGJ",
                    "UJ3MJLA9M"
                ],
                "count": 2
            }
        ]
    },
    {
        "type": "message",
        "subtype": "channel_join",
        "ts": "1557745666.122100",
        "user": "UJA7SPG74",
        "text": "<@UJA7SPG74> has joined the channel"
    },
    {
        "client_msg_id": "7f83d985-826c-4797-b9ae-4ef48f9adf28",
        "type": "message",
        "text": "Hello I tried to use cubejs preAggregations on my project, but when after setting preaggregation type to autorollup I got a response that the autorollup is only supported in the enterprise version. How can i get the enterprise version and how much does it cost?",
        "user": "UJA7SPG74",
        "ts": "1557745878.124400",
        "team": "TC0C1HURK",
        "user_team": "TC0C1HURK",
        "source_team": "TC0C1HURK",
        "user_profile": {
            "avatar_hash": "g647ed5efd38",
            "image_72": "https:\/\/secure.gravatar.com\/avatar\/a647ed5efd38172f4d60e030de4f0259.jpg?s=72&d=https%3A%2F%2Fa.slack-edge.com%2Fdf10d%2Fimg%2Favatars%2Fava_0014-72.png",
            "first_name": "",
            "real_name": "Kalle Kankaanpää",
            "display_name": "Kalle Kankaanpää",
            "team": "TC0C1HURK",
            "name": "kallekan11",
            "is_restricted": false,
            "is_ultra_restricted": false
        },
        "thread_ts": "1557745878.124400",
        "reply_count": 1,
        "reply_users_count": 1,
        "latest_reply": "1557750709.125500",
        "reply_users": [
            "UC19HAUAK"
        ],
        "replies": [
            {
                "user": "UC19HAUAK",
                "ts": "1557750709.125500"
            }
        ],
        "subscribed": false
    },
    {
        "client_msg_id": "1d12ed73-211f-4300-972e-3e1533044dd9",
        "type": "message",
        "text": "Could you run cubejs in production mode without redis, as it seems to slow the program down quite a bit",
        "user": "UJA7SPG74",
        "ts": "1557749721.125400",
        "team": "TC0C1HURK",
        "user_team": "TC0C1HURK",
        "source_team": "TC0C1HURK",
        "user_profile": {
            "avatar_hash": "g647ed5efd38",
            "image_72": "https:\/\/secure.gravatar.com\/avatar\/a647ed5efd38172f4d60e030de4f0259.jpg?s=72&d=https%3A%2F%2Fa.slack-edge.com%2Fdf10d%2Fimg%2Favatars%2Fava_0014-72.png",
            "first_name": "",
            "real_name": "Kalle Kankaanpää",
            "display_name": "Kalle Kankaanpää",
            "team": "TC0C1HURK",
            "name": "kallekan11",
            "is_restricted": false,
            "is_ultra_restricted": false
        },
        "thread_ts": "1557749721.125400",
        "reply_count": 19,
        "reply_users_count": 3,
        "latest_reply": "1558353274.152300",
        "reply_users": [
            "UC19HAUAK",
            "UJA7SPG74",
            "UHTBRSSHF"
        ],
        "replies": [
            {
                "user": "UC19HAUAK",
                "ts": "1557751072.125700"
            },
            {
                "user": "UJA7SPG74",
                "ts": "1557751197.125900"
            },
            {
                "user": "UJA7SPG74",
                "ts": "1557751207.126100"
            },
            {
                "user": "UJA7SPG74",
                "ts": "1557751497.126300"
            },
            {
                "user": "UC19HAUAK",
                "ts": "1557751567.126500"
            },
            {
                "user": "UJA7SPG74",
                "ts": "1557751585.126700"
            },
            {
                "user": "UC19HAUAK",
                "ts": "1557751636.126900"
            },
            {
                "user": "UC19HAUAK",
                "ts": "1557751687.127100"
            },
            {
                "user": "UJA7SPG74",
                "ts": "1557751947.127400"
            },
            {
                "user": "UC19HAUAK",
                "ts": "1557753568.127600"
            },
            {
                "user": "UHTBRSSHF",
                "ts": "1557762736.128600"
            },
            {
                "user": "UC19HAUAK",
                "ts": "1557767823.128800"
            },
            {
                "user": "UC19HAUAK",
                "ts": "1557767852.129000"
            },
            {
                "user": "UJA7SPG74",
                "ts": "1557811399.141600"
            },
            {
                "user": "UJA7SPG74",
                "ts": "1557811566.141800"
            },
            {
                "user": "UJA7SPG74",
                "ts": "1557818175.142000"
            },
            {
                "user": "UC19HAUAK",
                "ts": "1557829378.142200"
            },
            {
                "user": "UJA7SPG74",
                "ts": "1558329750.151900"
            },
            {
                "user": "UC19HAUAK",
                "ts": "1558353274.152300"
            }
        ],
        "subscribed": false
    },
    {
        "client_msg_id": "c968e4ef-7b7a-4866-9aef-6a9ec6a3e688",
        "type": "message",
        "text": "Hey <@UJA7SPG74>! That's right. I'll put this in separate thread.",
        "user": "UC19HAUAK",
        "ts": "1557750709.125500",
        "team": "TC0C1HURK",
        "user_team": "TC0C1HURK",
        "source_team": "TC0C1HURK",
        "user_profile": {
            "avatar_hash": "066a042e018c",
            "image_72": "https:\/\/avatars.slack-edge.com\/2019-12-07\/866588520998_066a042e018ca831a195_72.png",
            "first_name": "Pavel",
            "real_name": "Pavel Tiunov",
            "display_name": "pavel",
            "team": "TC0C1HURK",
            "name": "pavel",
            "is_restricted": false,
            "is_ultra_restricted": false
        },
        "thread_ts": "1557745878.124400",
        "parent_user_id": "UJA7SPG74"
    },
    {
        "client_msg_id": "ae58980b-a455-4d49-bbc3-51ca9343aa87",
        "type": "message",
        "text": "<@UJA7SPG74> That's a great question. So while it's possible to hack it to disable it it's not intended to run in production without Redis. Could you please share are you experiencing delays on fetching same chart twice or on first load?",
        "user": "UC19HAUAK",
        "ts": "1557751072.125700",
        "team": "TC0C1HURK",
        "user_team": "TC0C1HURK",
        "source_team": "TC0C1HURK",
        "user_profile": {
            "avatar_hash": "066a042e018c",
            "image_72": "https:\/\/avatars.slack-edge.com\/2019-12-07\/866588520998_066a042e018ca831a195_72.png",
            "first_name": "Pavel",
            "real_name": "Pavel Tiunov",
            "display_name": "pavel",
            "team": "TC0C1HURK",
            "name": "pavel",
            "is_restricted": false,
            "is_ultra_restricted": false
        },
        "thread_ts": "1557749721.125400",
        "parent_user_id": "UJA7SPG74"
    },
    {
        "client_msg_id": "555d3b19-fa24-421e-a8b4-8b0260bc640e",
        "type": "message",
        "text": "I",
        "user": "UJA7SPG74",
        "ts": "1557751197.125900",
        "team": "TC0C1HURK",
        "user_team": "TC0C1HURK",
        "source_team": "TC0C1HURK",
        "user_profile": {
            "avatar_hash": "g647ed5efd38",
            "image_72": "https:\/\/secure.gravatar.com\/avatar\/a647ed5efd38172f4d60e030de4f0259.jpg?s=72&d=https%3A%2F%2Fa.slack-edge.com%2Fdf10d%2Fimg%2Favatars%2Fava_0014-72.png",
            "first_name": "",
            "real_name": "Kalle Kankaanpää",
            "display_name": "Kalle Kankaanpää",
            "team": "TC0C1HURK",
            "name": "kallekan11",
            "is_restricted": false,
            "is_ultra_restricted": false
        },
        "thread_ts": "1557749721.125400",
        "parent_user_id": "UJA7SPG74"
    },
    {
        "client_msg_id": "42916e79-c9a7-47a2-a238-820e319c93d8",
        "type": "message",
        "text": "I'm experiencing it on the first load.",
        "user": "UJA7SPG74",
        "ts": "1557751207.126100",
        "team": "TC0C1HURK",
        "user_team": "TC0C1HURK",
        "source_team": "TC0C1HURK",
        "user_profile": {
            "avatar_hash": "g647ed5efd38",
            "image_72": "https:\/\/secure.gravatar.com\/avatar\/a647ed5efd38172f4d60e030de4f0259.jpg?s=72&d=https%3A%2F%2Fa.slack-edge.com%2Fdf10d%2Fimg%2Favatars%2Fava_0014-72.png",
            "first_name": "",
            "real_name": "Kalle Kankaanpää",
            "display_name": "Kalle Kankaanpää",
            "team": "TC0C1HURK",
            "name": "kallekan11",
            "is_restricted": false,
            "is_ultra_restricted": false
        },
        "thread_ts": "1557749721.125400",
        "parent_user_id": "UJA7SPG74"
    },
    {
        "client_msg_id": "6a743e1e-7e92-4cb5-ba5e-be3dac9bfc0a",
        "type": "message",
        "text": "The size of the data is very small and it works flawlessly when set in development mode. But when setting it in production mode and activating redis some of the requests return \"continue wait\" and take way longer.",
        "user": "UJA7SPG74",
        "ts": "1557751497.126300",
        "team": "TC0C1HURK",
        "user_team": "TC0C1HURK",
        "source_team": "TC0C1HURK",
        "user_profile": {
            "avatar_hash": "g647ed5efd38",
            "image_72": "https:\/\/secure.gravatar.com\/avatar\/a647ed5efd38172f4d60e030de4f0259.jpg?s=72&d=https%3A%2F%2Fa.slack-edge.com%2Fdf10d%2Fimg%2Favatars%2Fava_0014-72.png",
            "first_name": "",
            "real_name": "Kalle Kankaanpää",
            "display_name": "Kalle Kankaanpää",
            "team": "TC0C1HURK",
            "name": "kallekan11",
            "is_restricted": false,
            "is_ultra_restricted": false
        },
        "thread_ts": "1557749721.125400",
        "parent_user_id": "UJA7SPG74"
    },
    {
        "client_msg_id": "9f3c0dd0-c41e-43be-884b-b7f110d5e6cb",
        "type": "message",
        "text": "<@UJA7SPG74> Interesting. And when chart is first loaded and you hit refresh are you still experiencing the same delay?",
        "user": "UC19HAUAK",
        "ts": "1557751567.126500",
        "team": "TC0C1HURK",
        "user_team": "TC0C1HURK",
        "source_team": "TC0C1HURK",
        "user_profile": {
            "avatar_hash": "066a042e018c",
            "image_72": "https:\/\/avatars.slack-edge.com\/2019-12-07\/866588520998_066a042e018ca831a195_72.png",
            "first_name": "Pavel",
            "real_name": "Pavel Tiunov",
            "display_name": "pavel",
            "team": "TC0C1HURK",
            "name": "pavel",
            "is_restricted": false,
            "is_ultra_restricted": false
        },
        "thread_ts": "1557749721.125400",
        "parent_user_id": "UJA7SPG74"
    },
    {
        "client_msg_id": "0eb89e22-3c4e-4c87-92fd-29837921cb42",
        "type": "message",
        "text": "No.",
        "user": "UJA7SPG74",
        "ts": "1557751585.126700",
        "team": "TC0C1HURK",
        "user_team": "TC0C1HURK",
        "source_team": "TC0C1HURK",
        "user_profile": {
            "avatar_hash": "g647ed5efd38",
            "image_72": "https:\/\/secure.gravatar.com\/avatar\/a647ed5efd38172f4d60e030de4f0259.jpg?s=72&d=https%3A%2F%2Fa.slack-edge.com%2Fdf10d%2Fimg%2Favatars%2Fava_0014-72.png",
            "first_name": "",
            "real_name": "Kalle Kankaanpää",
            "display_name": "Kalle Kankaanpää",
            "team": "TC0C1HURK",
            "name": "kallekan11",
            "is_restricted": false,
            "is_ultra_restricted": false
        },
        "thread_ts": "1557749721.125400",
        "parent_user_id": "UJA7SPG74"
    },
    {
        "client_msg_id": "692bab58-644f-47da-b9eb-e030be075ae4",
        "type": "message",
        "text": "So it's instant? If you get continue wait message it means your db is processing request.",
        "user": "UC19HAUAK",
        "ts": "1557751636.126900",
        "team": "TC0C1HURK",
        "user_team": "TC0C1HURK",
        "source_team": "TC0C1HURK",
        "user_profile": {
            "avatar_hash": "066a042e018c",
            "image_72": "https:\/\/avatars.slack-edge.com\/2019-12-07\/866588520998_066a042e018ca831a195_72.png",
            "first_name": "Pavel",
            "real_name": "Pavel Tiunov",
            "display_name": "pavel",
            "team": "TC0C1HURK",
            "name": "pavel",
            "is_restricted": false,
            "is_ultra_restricted": false
        },
        "thread_ts": "1557749721.125400",
        "parent_user_id": "UJA7SPG74"
    },
    {
        "client_msg_id": "948e0eff-8c66-4863-8985-7b0c24527b56",
        "type": "message",
        "text": "Try to check `Perform query completed` messages in your logs and see which queries take the longest time to execute.",
        "user": "UC19HAUAK",
        "ts": "1557751687.127100",
        "team": "TC0C1HURK",
        "user_team": "TC0C1HURK",
        "source_team": "TC0C1HURK",
        "user_profile": {
            "avatar_hash": "066a042e018c",
            "image_72": "https:\/\/avatars.slack-edge.com\/2019-12-07\/866588520998_066a042e018ca831a195_72.png",
            "first_name": "Pavel",
            "real_name": "Pavel Tiunov",
            "display_name": "pavel",
            "team": "TC0C1HURK",
            "name": "pavel",
            "is_restricted": false,
            "is_ultra_restricted": false
        },
        "edited": {
            "user": "UC19HAUAK",
            "ts": "1557751697.000000"
        },
        "thread_ts": "1557749721.125400",
        "parent_user_id": "UJA7SPG74"
    },
    {
        "client_msg_id": "367b9783-5b89-45ce-918c-fb408b9d1395",
        "type": "message",
        "text": "The weird thing is that its working well when redis is not in use, but acts weirdly after we activate it.",
        "user": "UJA7SPG74",
        "ts": "1557751947.127400",
        "team": "TC0C1HURK",
        "user_team": "TC0C1HURK",
        "source_team": "TC0C1HURK",
        "user_profile": {
            "avatar_hash": "g647ed5efd38",
            "image_72": "https:\/\/secure.gravatar.com\/avatar\/a647ed5efd38172f4d60e030de4f0259.jpg?s=72&d=https%3A%2F%2Fa.slack-edge.com%2Fdf10d%2Fimg%2Favatars%2Fava_0014-72.png",
            "first_name": "",
            "real_name": "Kalle Kankaanpää",
            "display_name": "Kalle Kankaanpää",
            "team": "TC0C1HURK",
            "name": "kallekan11",
            "is_restricted": false,
            "is_ultra_restricted": false
        },
        "thread_ts": "1557749721.125400",
        "parent_user_id": "UJA7SPG74"
    },
    {
        "client_msg_id": "7067412f-3450-45d4-8aed-e3e9940bb4a8",
        "type": "message",
        "text": "<@UJA7SPG74> Interesting. Do you use the same db in production and in dev mode?",
        "user": "UC19HAUAK",
        "ts": "1557753568.127600",
        "team": "TC0C1HURK",
        "user_team": "TC0C1HURK",
        "source_team": "TC0C1HURK",
        "user_profile": {
            "avatar_hash": "066a042e018c",
            "image_72": "https:\/\/avatars.slack-edge.com\/2019-12-07\/866588520998_066a042e018ca831a195_72.png",
            "first_name": "Pavel",
            "real_name": "Pavel Tiunov",
            "display_name": "pavel",
            "team": "TC0C1HURK",
            "name": "pavel",
            "is_restricted": false,
            "is_ultra_restricted": false
        },
        "thread_ts": "1557749721.125400",
        "parent_user_id": "UJA7SPG74"
    },
    {
        "type": "message",
        "text": "Hi <@UC19HAUAK>, Good Day. I have 1 more query\n\nIn my Cube, I have set \"title : Total TCs\"\n\nBut still in the graph, I see \"TableName title\" mentioned above.",
        "files": [
            {
                "id": "FJAEB28GK",
                "created": 1557759403,
                "timestamp": 1557759403,
                "name": "image.png",
                "title": "image.png",
                "mimetype": "image\/png",
                "filetype": "png",
                "pretty_type": "PNG",
                "user": "UJM2VEWNR",
                "editable": false,
                "size": 6090,
                "mode": "hosted",
                "is_external": false,
                "external_type": "",
                "is_public": true,
                "public_url_shared": false,
                "display_as_bot": false,
                "username": "",
                "url_private": "https:\/\/files.slack.com\/files-pri\/TC0C1HURK-FJAEB28GK\/image.png?t=xoxe-408409606869-1300049925941-1294691254950-5e5ba619551397a2daf3223fc6c48b4a",
                "url_private_download": "https:\/\/files.slack.com\/files-pri\/TC0C1HURK-FJAEB28GK\/download\/image.png?t=xoxe-408409606869-1300049925941-1294691254950-5e5ba619551397a2daf3223fc6c48b4a",
                "thumb_64": "https:\/\/files.slack.com\/files-tmb\/TC0C1HURK-FJAEB28GK-eceb0d52cf\/image_64.png?t=xoxe-408409606869-1300049925941-1294691254950-5e5ba619551397a2daf3223fc6c48b4a",
                "thumb_80": "https:\/\/files.slack.com\/files-tmb\/TC0C1HURK-FJAEB28GK-eceb0d52cf\/image_80.png?t=xoxe-408409606869-1300049925941-1294691254950-5e5ba619551397a2daf3223fc6c48b4a",
                "thumb_360": "https:\/\/files.slack.com\/files-tmb\/TC0C1HURK-FJAEB28GK-eceb0d52cf\/image_360.png?t=xoxe-408409606869-1300049925941-1294691254950-5e5ba619551397a2daf3223fc6c48b4a",
                "thumb_360_w": 274,
                "thumb_360_h": 131,
                "thumb_160": "https:\/\/files.slack.com\/files-tmb\/TC0C1HURK-FJAEB28GK-eceb0d52cf\/image_160.png?t=xoxe-408409606869-1300049925941-1294691254950-5e5ba619551397a2daf3223fc6c48b4a",
                "image_exif_rotation": 1,
                "original_w": 274,
                "original_h": 131,
                "permalink": "https:\/\/cube-js.slack.com\/files\/UJM2VEWNR\/FJAEB28GK\/image.png",
                "permalink_public": "https:\/\/slack-files.com\/TC0C1HURK-FJAEB28GK-b40315a03a",
                "is_starred": false,
                "has_rich_preview": false
            }
        ],
        "upload": true,
        "user": "UJM2VEWNR",
        "display_as_bot": false,
        "ts": "1557759404.127800",
        "client_msg_id": "b7307f77-12e4-4a4d-8fab-4d38b700968d",
        "thread_ts": "1557662107.105100",
        "parent_user_id": "UJM2VEWNR"
    },
    {
        "type": "message",
        "text": "",
        "files": [
            {
                "id": "FJMTNKVS4",
                "created": 1557759415,
                "timestamp": 1557759415,
                "name": "image.png",
                "title": "image.png",
                "mimetype": "image\/png",
                "filetype": "png",
                "pretty_type": "PNG",
                "user": "UJM2VEWNR",
                "editable": false,
                "size": 4287,
                "mode": "hosted",
                "is_external": false,
                "external_type": "",
                "is_public": true,
                "public_url_shared": false,
                "display_as_bot": false,
                "username": "",
                "url_private": "https:\/\/files.slack.com\/files-pri\/TC0C1HURK-FJMTNKVS4\/image.png?t=xoxe-408409606869-1300049925941-1294691254950-5e5ba619551397a2daf3223fc6c48b4a",
                "url_private_download": "https:\/\/files.slack.com\/files-pri\/TC0C1HURK-FJMTNKVS4\/download\/image.png?t=xoxe-408409606869-1300049925941-1294691254950-5e5ba619551397a2daf3223fc6c48b4a",
                "thumb_64": "https:\/\/files.slack.com\/files-tmb\/TC0C1HURK-FJMTNKVS4-91112e3ebe\/image_64.png?t=xoxe-408409606869-1300049925941-1294691254950-5e5ba619551397a2daf3223fc6c48b4a",
                "thumb_80": "https:\/\/files.slack.com\/files-tmb\/TC0C1HURK-FJMTNKVS4-91112e3ebe\/image_80.png?t=xoxe-408409606869-1300049925941-1294691254950-5e5ba619551397a2daf3223fc6c48b4a",
                "thumb_360": "https:\/\/files.slack.com\/files-tmb\/TC0C1HURK-FJMTNKVS4-91112e3ebe\/image_360.png?t=xoxe-408409606869-1300049925941-1294691254950-5e5ba619551397a2daf3223fc6c48b4a",
                "thumb_360_w": 247,
                "thumb_360_h": 148,
                "thumb_160": "https:\/\/files.slack.com\/files-tmb\/TC0C1HURK-FJMTNKVS4-91112e3ebe\/image_160.png?t=xoxe-408409606869-1300049925941-1294691254950-5e5ba619551397a2daf3223fc6c48b4a",
                "image_exif_rotation": 1,
                "original_w": 247,
                "original_h": 148,
                "permalink": "https:\/\/cube-js.slack.com\/files\/UJM2VEWNR\/FJMTNKVS4\/image.png",
                "permalink_public": "https:\/\/slack-files.com\/TC0C1HURK-FJMTNKVS4-ea8390ae58",
                "is_starred": false,
                "has_rich_preview": false
            }
        ],
        "upload": true,
        "user": "UJM2VEWNR",
        "display_as_bot": false,
        "ts": "1557759415.128200",
        "client_msg_id": "630713a3-4b79-47fc-afce-8fd2dcb88cd2",
        "thread_ts": "1557662107.105100",
        "parent_user_id": "UJM2VEWNR"
    },
    {
        "client_msg_id": "8628890c-147d-4b81-98e7-05d786411959",
        "type": "message",
        "text": "I feel that redis shouldn't be required for production purposes, especially if the datasets used are not massive.",
        "user": "UHTBRSSHF",
        "ts": "1557762736.128600",
        "team": "TC0C1HURK",
        "user_team": "TC0C1HURK",
        "source_team": "TC0C1HURK",
        "user_profile": {
            "avatar_hash": "gf90f462755e",
            "image_72": "https:\/\/secure.gravatar.com\/avatar\/af90f462755eaf8aa43a3ae83ed8d4a2.jpg?s=72&d=https%3A%2F%2Fa.slack-edge.com%2Fdf10d%2Fimg%2Favatars%2Fava_0018-72.png",
            "first_name": "",
            "real_name": "Albert Kim",
            "display_name": "Albert Kim",
            "team": "TC0C1HURK",
            "name": "albertk",
            "is_restricted": false,
            "is_ultra_restricted": false
        },
        "thread_ts": "1557749721.125400",
        "parent_user_id": "UJA7SPG74"
    },
    {
        "client_msg_id": "389f4caa-d05f-4d0a-a7e1-758cd86d66d6",
        "type": "message",
        "text": "<@UHTBRSSHF> Agree that we should have an option disabling it and describe all cases when it's possible. There're some environments like serverless where Redis is a requirement to run. <@UJA7SPG74> probably worth adding an issue for that.",
        "user": "UC19HAUAK",
        "ts": "1557767823.128800",
        "team": "TC0C1HURK",
        "user_team": "TC0C1HURK",
        "source_team": "TC0C1HURK",
        "user_profile": {
            "avatar_hash": "066a042e018c",
            "image_72": "https:\/\/avatars.slack-edge.com\/2019-12-07\/866588520998_066a042e018ca831a195_72.png",
            "first_name": "Pavel",
            "real_name": "Pavel Tiunov",
            "display_name": "pavel",
            "team": "TC0C1HURK",
            "name": "pavel",
            "is_restricted": false,
            "is_ultra_restricted": false
        },
        "thread_ts": "1557749721.125400",
        "parent_user_id": "UJA7SPG74"
    },
    {
        "client_msg_id": "96a003f7-5eff-4565-bc93-d2c7e1d30c96",
        "type": "message",
        "text": "<@UJA7SPG74> are you deploying it using docker?",
        "user": "UC19HAUAK",
        "ts": "1557767852.129000",
        "team": "TC0C1HURK",
        "user_team": "TC0C1HURK",
        "source_team": "TC0C1HURK",
        "user_profile": {
            "avatar_hash": "066a042e018c",
            "image_72": "https:\/\/avatars.slack-edge.com\/2019-12-07\/866588520998_066a042e018ca831a195_72.png",
            "first_name": "Pavel",
            "real_name": "Pavel Tiunov",
            "display_name": "pavel",
            "team": "TC0C1HURK",
            "name": "pavel",
            "is_restricted": false,
            "is_ultra_restricted": false
        },
        "thread_ts": "1557749721.125400",
        "parent_user_id": "UJA7SPG74"
    },
    {
        "client_msg_id": "261072da-ecbe-412f-8246-1483ba188f9f",
        "type": "message",
        "text": "Hey <@UJM2VEWNR>! There's already thread for that here: <https:\/\/cube-js.slack.com\/archives\/CC0403RRR\/p1557682249115900?thread_ts=1556673578.030200&amp;cid=CC0403RRR> . Let's merge all conversations there.",
        "user": "UC19HAUAK",
        "ts": "1557768010.129200",
        "team": "TC0C1HURK",
        "user_team": "TC0C1HURK",
        "source_team": "TC0C1HURK",
        "user_profile": {
            "avatar_hash": "066a042e018c",
            "image_72": "https:\/\/avatars.slack-edge.com\/2019-12-07\/866588520998_066a042e018ca831a195_72.png",
            "first_name": "Pavel",
            "real_name": "Pavel Tiunov",
            "display_name": "pavel",
            "team": "TC0C1HURK",
            "name": "pavel",
            "is_restricted": false,
            "is_ultra_restricted": false
        },
        "attachments": [
            {
                "from_url": "https:\/\/cube-js.slack.com\/archives\/CC0403RRR\/p1557682249115900?thread_ts=1556673578.030200&amp;cid=CC0403RRR",
                "fallback": "[May 12th, 2019 10:30 AM] albert275: I'd actually like to follow up on this. I think it would be useful to have the `.pivot()` function (which is used for charts) to use the `shortTitle` property defined in the cube",
                "ts": "1557682249.115900",
                "author_id": "UJA6FGGMD",
                "author_subname": "Albert Kim",
                "channel_id": "CC0403RRR",
                "channel_name": "general",
                "is_msg_unfurl": true,
                "is_reply_unfurl": true,
                "text": "I'd actually like to follow up on this. I think it would be useful to have the `.pivot()` function (which is used for charts) to use the `shortTitle` property defined in the cube",
                "author_name": "Albert Kim",
                "author_link": "https:\/\/cube-js.slack.com\/team\/UJA6FGGMD",
                "author_icon": "https:\/\/secure.gravatar.com\/avatar\/8b98721e6abd1c4f6d48eb6be49ae246.jpg?s=48&d=https%3A%2F%2Fa.slack-edge.com%2F00b63%2Fimg%2Favatars%2Fava_0018-48.png",
                "mrkdwn_in": [
                    "text"
                ],
                "id": 1,
                "original_url": "https:\/\/cube-js.slack.com\/archives\/CC0403RRR\/p1557682249115900?thread_ts=1556673578.030200&amp;cid=CC0403RRR",
                "footer": "From a thread in #general"
            }
        ],
        "thread_ts": "1557662107.105100",
        "parent_user_id": "UJM2VEWNR"
    },
    {
        "client_msg_id": "2a1899fb-69a9-43ff-9614-d30f2a9bc0cb",
        "type": "message",
        "text": "<@UJM2VEWNR> <@UHTBRSSHF> So `tableColumns()` use `shortTitle` by default. I'd suggest to create an issue on github that proposes some API modifications in order to allow select what should be used or just expose all metadata. Would love if you can share your expectations there.",
        "user": "UC19HAUAK",
        "ts": "1557768247.129500",
        "team": "TC0C1HURK",
        "user_team": "TC0C1HURK",
        "source_team": "TC0C1HURK",
        "user_profile": {
            "avatar_hash": "066a042e018c",
            "image_72": "https:\/\/avatars.slack-edge.com\/2019-12-07\/866588520998_066a042e018ca831a195_72.png",
            "first_name": "Pavel",
            "real_name": "Pavel Tiunov",
            "display_name": "pavel",
            "team": "TC0C1HURK",
            "name": "pavel",
            "is_restricted": false,
            "is_ultra_restricted": false
        },
        "thread_ts": "1556673578.030200",
        "parent_user_id": "UHTBRSSHF"
    },
    {
        "client_msg_id": "dd365f44-101f-417a-ba8a-4bc280bb5d12",
        "type": "message",
        "text": "can we use filter params inside a segment for eg something like this ```segments: {\n  sfUsers: {\n    sql: `location = FILTER_PARAMS.&lt;CUBE_NAME&gt;.&lt;FILTER_NAME&gt;.filter(expression)`\n  }\n}```",
        "user": "UJ4533JGJ",
        "ts": "1557776252.129800",
        "team": "TC0C1HURK",
        "user_team": "TC0C1HURK",
        "source_team": "TC0C1HURK",
        "user_profile": {
            "avatar_hash": "g458a8ab6954",
            "image_72": "https:\/\/secure.gravatar.com\/avatar\/8458a8ab69549cdcffb1b2223a90c5e8.jpg?s=72&d=https%3A%2F%2Fa.slack-edge.com%2Fdf10d%2Fimg%2Favatars%2Fava_0007-72.png",
            "first_name": "cwg",
            "real_name": "cwg",
            "display_name": "Chitrangada",
            "team": "TC0C1HURK",
            "name": "chitrangada.wagh",
            "is_restricted": false,
            "is_ultra_restricted": false
        },
        "thread_ts": "1557694794.120900",
        "parent_user_id": "UJ3MJLA9M"
    },
    {
        "type": "message",
        "subtype": "channel_join",
        "ts": "1557776872.130100",
        "user": "UJQDGHP7Y",
        "text": "<@UJQDGHP7Y> has joined the channel"
    },
    {
        "client_msg_id": "8d4b7ef8-6ecf-4d97-b070-e71b787c34ca",
        "type": "message",
        "text": "Hey <@UJ4533JGJ> ! Yes. You can.",
        "user": "UC19HAUAK",
        "ts": "1557777513.130200",
        "team": "TC0C1HURK",
        "user_team": "TC0C1HURK",
        "source_team": "TC0C1HURK",
        "user_profile": {
            "avatar_hash": "066a042e018c",
            "image_72": "https:\/\/avatars.slack-edge.com\/2019-12-07\/866588520998_066a042e018ca831a195_72.png",
            "first_name": "Pavel",
            "real_name": "Pavel Tiunov",
            "display_name": "pavel",
            "team": "TC0C1HURK",
            "name": "pavel",
            "is_restricted": false,
            "is_ultra_restricted": false
        },
        "thread_ts": "1557694794.120900",
        "parent_user_id": "UJ3MJLA9M",
        "reactions": [
            {
                "name": "+1",
                "users": [
                    "UJ4533JGJ",
                    "UJ3MJLA9M"
                ],
                "count": 2
            }
        ]
    },
    {
        "client_msg_id": "d3e0d83d-b378-492c-bda7-6f4df3865a6d",
        "type": "message",
        "text": "have a stupid question, how do you use filter param for a specific date set as a filter (not date range as this example gives a date range <https:\/\/cube.dev\/docs\/cube#context-variables-filter-params>) or can we use filter param inside filters operators to calculate a measure?\neg: ```select count(distinct cube1.profile_id)\nfrom cube1 (lets say employee)\n'where ''date from the dashboard filters''' between cube1.start_date and cube1.departure_date \nand (cube1.departure_date &gt;= '''date from the dashboard filters''' or cube1.departure_date is null)```",
        "user": "UJ4533JGJ",
        "ts": "1557780079.131800",
        "team": "TC0C1HURK",
        "user_team": "TC0C1HURK",
        "source_team": "TC0C1HURK",
        "user_profile": {
            "avatar_hash": "g458a8ab6954",
            "image_72": "https:\/\/secure.gravatar.com\/avatar\/8458a8ab69549cdcffb1b2223a90c5e8.jpg?s=72&d=https%3A%2F%2Fa.slack-edge.com%2Fdf10d%2Fimg%2Favatars%2Fava_0007-72.png",
            "first_name": "cwg",
            "real_name": "cwg",
            "display_name": "Chitrangada",
            "team": "TC0C1HURK",
            "name": "chitrangada.wagh",
            "is_restricted": false,
            "is_ultra_restricted": false
        },
        "edited": {
            "user": "UJ4533JGJ",
            "ts": "1557802798.000000"
        },
        "thread_ts": "1557780079.131800",
        "reply_count": 29,
        "reply_users_count": 2,
        "latest_reply": "1557791685.139200",
        "reply_users": [
            "UC19HAUAK",
            "UJ4533JGJ"
        ],
        "replies": [
            {
                "user": "UC19HAUAK",
                "ts": "1557780926.132400"
            },
            {
                "user": "UJ4533JGJ",
                "ts": "1557780945.132600"
            },
            {
                "user": "UJ4533JGJ",
                "ts": "1557780952.132800"
            },
            {
                "user": "UC19HAUAK",
                "ts": "1557781064.133100"
            },
            {
                "user": "UJ4533JGJ",
                "ts": "1557781106.133300"
            },
            {
                "user": "UC19HAUAK",
                "ts": "1557781592.133500"
            },
            {
                "user": "UJ4533JGJ",
                "ts": "1557781731.133700"
            },
            {
                "user": "UJ4533JGJ",
                "ts": "1557781736.133900"
            },
            {
                "user": "UC19HAUAK",
                "ts": "1557785728.134400"
            },
            {
                "user": "UC19HAUAK",
                "ts": "1557785765.134600"
            },
            {
                "user": "UJ4533JGJ",
                "ts": "1557786209.134900"
            },
            {
                "user": "UC19HAUAK",
                "ts": "1557786479.135100"
            },
            {
                "user": "UJ4533JGJ",
                "ts": "1557786575.135300"
            },
            {
                "user": "UC19HAUAK",
                "ts": "1557786664.135500"
            },
            {
                "user": "UJ4533JGJ",
                "ts": "1557786698.135700"
            },
            {
                "user": "UC19HAUAK",
                "ts": "1557786807.135900"
            },
            {
                "user": "UC19HAUAK",
                "ts": "1557786851.136100"
            },
            {
                "user": "UJ4533JGJ",
                "ts": "1557786908.136300"
            },
            {
                "user": "UC19HAUAK",
                "ts": "1557787176.136500"
            },
            {
                "user": "UJ4533JGJ",
                "ts": "1557787243.136700"
            },
            {
                "user": "UJ4533JGJ",
                "ts": "1557787255.136900"
            },
            {
                "user": "UC19HAUAK",
                "ts": "1557787782.137200"
            },
            {
                "user": "UJ4533JGJ",
                "ts": "1557787814.137400"
            },
            {
                "user": "UC19HAUAK",
                "ts": "1557787945.137600"
            },
            {
                "user": "UJ4533JGJ",
                "ts": "1557788090.137900"
            },
            {
                "user": "UC19HAUAK",
                "ts": "1557791086.138400"
            },
            {
                "user": "UJ4533JGJ",
                "ts": "1557791106.138600"
            },
            {
                "user": "UC19HAUAK",
                "ts": "1557791409.138800"
            },
            {
                "user": "UC19HAUAK",
                "ts": "1557791685.139200"
            }
        ],
        "subscribed": false
    },
    {
        "client_msg_id": "bbc903e4-cbdf-4bee-8726-448876829d01",
        "type": "message",
        "text": "Hey <@UJ4533JGJ> ! I believe you're looking for <https:\/\/cube.dev\/docs\/query-format#filters-operators-after-date>?",
        "user": "UC19HAUAK",
        "ts": "1557780926.132400",
        "team": "TC0C1HURK",
        "user_team": "TC0C1HURK",
        "source_team": "TC0C1HURK",
        "user_profile": {
            "avatar_hash": "066a042e018c",
            "image_72": "https:\/\/avatars.slack-edge.com\/2019-12-07\/866588520998_066a042e018ca831a195_72.png",
            "first_name": "Pavel",
            "real_name": "Pavel Tiunov",
            "display_name": "pavel",
            "team": "TC0C1HURK",
            "name": "pavel",
            "is_restricted": false,
            "is_ultra_restricted": false
        },
        "thread_ts": "1557780079.131800",
        "parent_user_id": "UJ4533JGJ"
    },
    {
        "client_msg_id": "39456c60-3d83-4b1a-927e-c81b0532ba3a",
        "type": "message",
        "text": "can we add the filter params inside values?",
        "user": "UJ4533JGJ",
        "ts": "1557780945.132600",
        "team": "TC0C1HURK",
        "user_team": "TC0C1HURK",
        "source_team": "TC0C1HURK",
        "user_profile": {
            "avatar_hash": "g458a8ab6954",
            "image_72": "https:\/\/secure.gravatar.com\/avatar\/8458a8ab69549cdcffb1b2223a90c5e8.jpg?s=72&d=https%3A%2F%2Fa.slack-edge.com%2Fdf10d%2Fimg%2Favatars%2Fava_0007-72.png",
            "first_name": "cwg",
            "real_name": "cwg",
            "display_name": "Chitrangada",
            "team": "TC0C1HURK",
            "name": "chitrangada.wagh",
            "is_restricted": false,
            "is_ultra_restricted": false
        },
        "thread_ts": "1557780079.131800",
        "parent_user_id": "UJ4533JGJ"
    },
    {
        "client_msg_id": "32c9f6fe-21bb-49c0-a9f4-6c8c922bd47a",
        "type": "message",
        "text": "I tried doing that but getting error `child \"measures\" fails because [child \"distinct_count\" fails because [\"member\" is not allowed, \"operator is not allowed, values is not allowed\"`",
        "user": "UJ4533JGJ",
        "ts": "1557780952.132800",
        "team": "TC0C1HURK",
        "user_team": "TC0C1HURK",
        "source_team": "TC0C1HURK",
        "user_profile": {
            "avatar_hash": "g458a8ab6954",
            "image_72": "https:\/\/secure.gravatar.com\/avatar\/8458a8ab69549cdcffb1b2223a90c5e8.jpg?s=72&d=https%3A%2F%2Fa.slack-edge.com%2Fdf10d%2Fimg%2Favatars%2Fava_0007-72.png",
            "first_name": "cwg",
            "real_name": "cwg",
            "display_name": "Chitrangada",
            "team": "TC0C1HURK",
            "name": "chitrangada.wagh",
            "is_restricted": false,
            "is_ultra_restricted": false
        },
        "edited": {
            "user": "UJ4533JGJ",
            "ts": "1557781004.000000"
        },
        "thread_ts": "1557780079.131800",
        "parent_user_id": "UJ4533JGJ"
    },
    {
        "client_msg_id": "ea82a1cd-089a-4ccd-bf3d-8e3c53ae61af",
        "type": "message",
        "text": "<@UJ4533JGJ> I see. Could you please share query you're using?",
        "user": "UC19HAUAK",
        "ts": "1557781064.133100",
        "team": "TC0C1HURK",
        "user_team": "TC0C1HURK",
        "source_team": "TC0C1HURK",
        "user_profile": {
            "avatar_hash": "066a042e018c",
            "image_72": "https:\/\/avatars.slack-edge.com\/2019-12-07\/866588520998_066a042e018ca831a195_72.png",
            "first_name": "Pavel",
            "real_name": "Pavel Tiunov",
            "display_name": "pavel",
            "team": "TC0C1HURK",
            "name": "pavel",
            "is_restricted": false,
            "is_ultra_restricted": false
        },
        "thread_ts": "1557780079.131800",
        "parent_user_id": "UJ4533JGJ"
    },
    {
        "client_msg_id": "c3851010-56d4-4448-9e42-55644b253fa6",
        "type": "message",
        "text": "```measures: {\n  distinct_count: {\n      sql: `distinct profile_id`,\n      type: 'count',\n      member: \"${cubeName}.departure_date\",\n      operator: \"gte\",\n      values: [\"${FILTER_PARAMS.DimDates.date.filter('date')}\"]```",
        "user": "UJ4533JGJ",
        "ts": "1557781106.133300",
        "team": "TC0C1HURK",
        "user_team": "TC0C1HURK",
        "source_team": "TC0C1HURK",
        "user_profile": {
            "avatar_hash": "g458a8ab6954",
            "image_72": "https:\/\/secure.gravatar.com\/avatar\/8458a8ab69549cdcffb1b2223a90c5e8.jpg?s=72&d=https%3A%2F%2Fa.slack-edge.com%2Fdf10d%2Fimg%2Favatars%2Fava_0007-72.png",
            "first_name": "cwg",
            "real_name": "cwg",
            "display_name": "Chitrangada",
            "team": "TC0C1HURK",
            "name": "chitrangada.wagh",
            "is_restricted": false,
            "is_ultra_restricted": false
        },
        "thread_ts": "1557780079.131800",
        "parent_user_id": "UJ4533JGJ"
    },
    {
        "client_msg_id": "afff8ed8-5d71-4516-b3f4-182cb9203cba",
        "type": "message",
        "text": "<@UJ4533JGJ> I see. And could you please share your schema file?",
        "user": "UC19HAUAK",
        "ts": "1557781592.133500",
        "team": "TC0C1HURK",
        "user_team": "TC0C1HURK",
        "source_team": "TC0C1HURK",
        "user_profile": {
            "avatar_hash": "066a042e018c",
            "image_72": "https:\/\/avatars.slack-edge.com\/2019-12-07\/866588520998_066a042e018ca831a195_72.png",
            "first_name": "Pavel",
            "real_name": "Pavel Tiunov",
            "display_name": "pavel",
            "team": "TC0C1HURK",
            "name": "pavel",
            "is_restricted": false,
            "is_ultra_restricted": false
        },
        "thread_ts": "1557780079.131800",
        "parent_user_id": "UJ4533JGJ"
    },
    {
        "client_msg_id": "4c367bea-31eb-4c9c-a797-e3a75c4444a9",
        "type": "message",
        "text": "```cube(`Employees_currently_active_at_date`, {\n  title: `ActiveEmployees`,\n  description: `All profiles with departure_date greater than the given date or all profiles with start date within the given date or...`,\n\n  extends: DimEmployees,\n  joins: {\n    DimDates: {\n      relationship: `belongsTo`,\n      sql: `${DimDates}.date BETWEEN ${Employees_currently_active_at_date}.start_date AND COALESCE(${Employees_currently_active_at_date}.departure_date, GETUTCDATE())\n      AND (\n            departure_date &gt;= (SELECT top 1 [date] FROM dw.dim_dates\n                                WHERE ${FILTER_PARAMS.DimDates.date.filter('date')} \/\/\/this is where the problem exist\n                              )\n            )\n              OR departure_date IS NULL\n            AND CONVERT(DATETIME2,start_date, 120) &lt;= CONVERT(DATETIME2,\n                                              COALESCE(\n                                                CONVERT(DATETIME2, '2019-05-06', 120)\n                                                ,DATEADD(day,1, CONVERT(DATETIME2, '2019-05-06', 120) )\n                                                ,GETUTCDATE()\n                                              )\n           )`\n          }\n        },\n\n\n  dimensions: {\n    profileId: {\n      sql: `profileId`,\n      type: `number`,\n      primaryKey: true\n    }},\n\n measures: {\n      distinct_count: {\n        sql: 'Employees_currently_active_at_date.profile_id.count',\n        type: 'countDistinct',\n        member: \"${Employees_currently_active_at_date}.departure_date\",\n        operator: \"gte\",\n        values: [\"${FILTER_PARAMS.DimDates.date.filter('date')}\"]\n}}\n\n  \/\/ measures: {\n  \/\/ distinct_count: {\n  \/\/     sql: `distinct profile_id`,\n  \/\/     type: 'count',\n      \/\/ member: \"${Employees_currently_active_at_date}.departure_date\",\n      \/\/ operator: \"gte\",\n      \/\/ values: [\"${FILTER_PARAMS.DimDates.date.filter('date')}\"],\n      \/\/ filter: [{\n      \/\/   dimension: 'DimEmployees.is_current',\n      \/\/   operator: 'equals',\n      \/\/   values: ['1'],\n\n      \/\/   dimension: 'DimEmployees.is_deleted_filter',\n      \/\/   operator: 'notEquals',\n      \/\/   values: ['1']\n\n      \/\/ }],\n      \/\/ timeDimensions: [{\n      \/\/   dimension: 'DimEmployees.profile_id',\n      \/\/   dateRange: 'last year',\n      \/\/   granularity: 'month'\n      \/\/ }],\n    \/\/   drillMembers: [DimDates.date, distinct_count]\n    \/\/ }\n\n});\n```",
        "user": "UJ4533JGJ",
        "ts": "1557781731.133700",
        "team": "TC0C1HURK",
        "user_team": "TC0C1HURK",
        "source_team": "TC0C1HURK",
        "user_profile": {
            "avatar_hash": "g458a8ab6954",
            "image_72": "https:\/\/secure.gravatar.com\/avatar\/8458a8ab69549cdcffb1b2223a90c5e8.jpg?s=72&d=https%3A%2F%2Fa.slack-edge.com%2Fdf10d%2Fimg%2Favatars%2Fava_0007-72.png",
            "first_name": "cwg",
            "real_name": "cwg",
            "display_name": "Chitrangada",
            "team": "TC0C1HURK",
            "name": "chitrangada.wagh",
            "is_restricted": false,
            "is_ultra_restricted": false
        },
        "thread_ts": "1557780079.131800",
        "parent_user_id": "UJ4533JGJ"
    },
    {
        "client_msg_id": "bbde6954-ad77-4a8f-bf81-c44d760db0e7",
        "type": "message",
        "text": "been trying a few things",
        "user": "UJ4533JGJ",
        "ts": "1557781736.133900",
        "team": "TC0C1HURK",
        "user_team": "TC0C1HURK",
        "source_team": "TC0C1HURK",
        "user_profile": {
            "avatar_hash": "g458a8ab6954",
            "image_72": "https:\/\/secure.gravatar.com\/avatar\/8458a8ab69549cdcffb1b2223a90c5e8.jpg?s=72&d=https%3A%2F%2Fa.slack-edge.com%2Fdf10d%2Fimg%2Favatars%2Fava_0007-72.png",
            "first_name": "cwg",
            "real_name": "cwg",
            "display_name": "Chitrangada",
            "team": "TC0C1HURK",
            "name": "chitrangada.wagh",
            "is_restricted": false,
            "is_ultra_restricted": false
        },
        "thread_ts": "1557780079.131800",
        "parent_user_id": "UJ4533JGJ"
    },
    {
        "type": "message",
        "subtype": "channel_join",
        "ts": "1557781961.134200",
        "user": "UJNA3Q70V",
        "text": "<@UJNA3Q70V> has joined the channel"
    },
    {
        "client_msg_id": "c5d8faff-7a59-4315-9879-1bea0332bbbf",
        "type": "message",
        "text": "<@UJ4533JGJ> To address your original SQL query I would suggest something like:\n```\ncube(`Cube1`, {\n  sql: ...,\n\n  joins: {\n    Cube2: {\n      sql: `${Cube1}.date between ${Cube2}.start_date and ${Cube2}.departure_date`,\n      relationship: `belongsTo`\n    }\n  },\n\n  measures: {\n    count: {\n      type: `count`\n    }\n  }\n});\n\ncube(`Cube2`, {\n  sql: ...,\n\n  dimensions: {\n    startDate: {\n      sql: `start_date`,\n      type: `time`\n    }\n  }\n})\n```\n\nAnd query it using\n```\n{\n  measures: ['Cube1.count'],\n  filters: [{\n    member: 'Cube2.startDate',\n    operator: 'afterDate',\n    values: [dateFromTheDashboard]\n  }]\n}\n```",
        "user": "UC19HAUAK",
        "ts": "1557785728.134400",
        "team": "TC0C1HURK",
        "user_team": "TC0C1HURK",
        "source_team": "TC0C1HURK",
        "user_profile": {
            "avatar_hash": "066a042e018c",
            "image_72": "https:\/\/avatars.slack-edge.com\/2019-12-07\/866588520998_066a042e018ca831a195_72.png",
            "first_name": "Pavel",
            "real_name": "Pavel Tiunov",
            "display_name": "pavel",
            "team": "TC0C1HURK",
            "name": "pavel",
            "is_restricted": false,
            "is_ultra_restricted": false
        },
        "edited": {
            "user": "UC19HAUAK",
            "ts": "1557785817.000000"
        },
        "thread_ts": "1557780079.131800",
        "parent_user_id": "UJ4533JGJ"
    },
    {
        "client_msg_id": "c40ec984-a1ae-47b2-a79a-071274e480a5",
        "type": "message",
        "text": "Please note that cube.js take care of row multiplication issue and replace count with distinct where appropriate.",
        "user": "UC19HAUAK",
        "ts": "1557785765.134600",
        "team": "TC0C1HURK",
        "user_team": "TC0C1HURK",
        "source_team": "TC0C1HURK",
        "user_profile": {
            "avatar_hash": "066a042e018c",
            "image_72": "https:\/\/avatars.slack-edge.com\/2019-12-07\/866588520998_066a042e018ca831a195_72.png",
            "first_name": "Pavel",
            "real_name": "Pavel Tiunov",
            "display_name": "pavel",
            "team": "TC0C1HURK",
            "name": "pavel",
            "is_restricted": false,
            "is_ultra_restricted": false
        },
        "thread_ts": "1557780079.131800",
        "parent_user_id": "UJ4533JGJ"
    },
    {
        "client_msg_id": "f14f01ae-29d8-4f31-9069-3674a1edeed0",
        "type": "message",
        "text": "ok let me try this, thank you",
        "user": "UJ4533JGJ",
        "ts": "1557786209.134900",
        "team": "TC0C1HURK",
        "user_team": "TC0C1HURK",
        "source_team": "TC0C1HURK",
        "user_profile": {
            "avatar_hash": "g458a8ab6954",
            "image_72": "https:\/\/secure.gravatar.com\/avatar\/8458a8ab69549cdcffb1b2223a90c5e8.jpg?s=72&d=https%3A%2F%2Fa.slack-edge.com%2Fdf10d%2Fimg%2Favatars%2Fava_0007-72.png",
            "first_name": "cwg",
            "real_name": "cwg",
            "display_name": "Chitrangada",
            "team": "TC0C1HURK",
            "name": "chitrangada.wagh",
            "is_restricted": false,
            "is_ultra_restricted": false
        },
        "thread_ts": "1557780079.131800",
        "parent_user_id": "UJ4533JGJ"
    },
    {
        "client_msg_id": "53f0dae9-0378-4bfb-bf91-9d37cecaf07b",
        "type": "message",
        "text": "<@UJ4533JGJ> No probs! Please let me know how it goes.",
        "user": "UC19HAUAK",
        "ts": "1557786479.135100",
        "team": "TC0C1HURK",
        "user_team": "TC0C1HURK",
        "source_team": "TC0C1HURK",
        "user_profile": {
            "avatar_hash": "066a042e018c",
            "image_72": "https:\/\/avatars.slack-edge.com\/2019-12-07\/866588520998_066a042e018ca831a195_72.png",
            "first_name": "Pavel",
            "real_name": "Pavel Tiunov",
            "display_name": "pavel",
            "team": "TC0C1HURK",
            "name": "pavel",
            "is_restricted": false,
            "is_ultra_restricted": false
        },
        "thread_ts": "1557780079.131800",
        "parent_user_id": "UJ4533JGJ"
    },
    {
        "client_msg_id": "e8bfd353-f1b5-459d-9c59-4d960c508d7d",
        "type": "message",
        "text": "it doesn't allow [dateFromTheDashboard] inside the values.. gives red squiggly lines and I get the same error on my dashboard",
        "user": "UJ4533JGJ",
        "ts": "1557786575.135300",
        "team": "TC0C1HURK",
        "user_team": "TC0C1HURK",
        "source_team": "TC0C1HURK",
        "user_profile": {
            "avatar_hash": "g458a8ab6954",
            "image_72": "https:\/\/secure.gravatar.com\/avatar\/8458a8ab69549cdcffb1b2223a90c5e8.jpg?s=72&d=https%3A%2F%2Fa.slack-edge.com%2Fdf10d%2Fimg%2Favatars%2Fava_0007-72.png",
            "first_name": "cwg",
            "real_name": "cwg",
            "display_name": "Chitrangada",
            "team": "TC0C1HURK",
            "name": "chitrangada.wagh",
            "is_restricted": false,
            "is_ultra_restricted": false
        },
        "thread_ts": "1557780079.131800",
        "parent_user_id": "UJ4533JGJ"
    },
    {
        "client_msg_id": "2da4df11-6adc-487e-9cf2-a96c9a94021d",
        "type": "message",
        "text": "<@UJ4533JGJ> Are you using react?",
        "user": "UC19HAUAK",
        "ts": "1557786664.135500",
        "team": "TC0C1HURK",
        "user_team": "TC0C1HURK",
        "source_team": "TC0C1HURK",
        "user_profile": {
            "avatar_hash": "066a042e018c",
            "image_72": "https:\/\/avatars.slack-edge.com\/2019-12-07\/866588520998_066a042e018ca831a195_72.png",
            "first_name": "Pavel",
            "real_name": "Pavel Tiunov",
            "display_name": "pavel",
            "team": "TC0C1HURK",
            "name": "pavel",
            "is_restricted": false,
            "is_ultra_restricted": false
        },
        "thread_ts": "1557780079.131800",
        "parent_user_id": "UJ4533JGJ"
    },
    {
        "client_msg_id": "1923250f-6cc8-4eeb-993d-50526eea007f",
        "type": "message",
        "text": "umm.. no, m just trying to play around the explore to select a line graph",
        "user": "UJ4533JGJ",
        "ts": "1557786698.135700",
        "team": "TC0C1HURK",
        "user_team": "TC0C1HURK",
        "source_team": "TC0C1HURK",
        "user_profile": {
            "avatar_hash": "g458a8ab6954",
            "image_72": "https:\/\/secure.gravatar.com\/avatar\/8458a8ab69549cdcffb1b2223a90c5e8.jpg?s=72&d=https%3A%2F%2Fa.slack-edge.com%2Fdf10d%2Fimg%2Favatars%2Fava_0007-72.png",
            "first_name": "cwg",
            "real_name": "cwg",
            "display_name": "Chitrangada",
            "team": "TC0C1HURK",
            "name": "chitrangada.wagh",
            "is_restricted": false,
            "is_ultra_restricted": false
        },
        "thread_ts": "1557780079.131800",
        "parent_user_id": "UJ4533JGJ"
    },
    {
        "client_msg_id": "bc5e87c4-2d85-460b-861d-ed5ef09162f5",
        "type": "message",
        "text": "<@UJ4533JGJ> I see. So this snippet\n```\n{\n  measures: ['Cube1.count'],\n  filters: [{\n    member: 'Cube2.startDate',\n    operator: 'afterDate',\n    values: [dateFromTheDashboard]\n  }]\n}\n```\nIs actually query which should go to `query` param of `QueryRenderer`.",
        "user": "UC19HAUAK",
        "ts": "1557786807.135900",
        "team": "TC0C1HURK",
        "user_team": "TC0C1HURK",
        "source_team": "TC0C1HURK",
        "user_profile": {
            "avatar_hash": "066a042e018c",
            "image_72": "https:\/\/avatars.slack-edge.com\/2019-12-07\/866588520998_066a042e018ca831a195_72.png",
            "first_name": "Pavel",
            "real_name": "Pavel Tiunov",
            "display_name": "pavel",
            "team": "TC0C1HURK",
            "name": "pavel",
            "is_restricted": false,
            "is_ultra_restricted": false
        },
        "thread_ts": "1557780079.131800",
        "parent_user_id": "UJ4533JGJ"
    },
    {
        "client_msg_id": "8d6a6336-c0c4-4b45-a069-a90bafae906f",
        "type": "message",
        "text": "In explore to get this chart you should just select `Cube1 Count` measure and `Cube2 Start Date` time dimension.",
        "user": "UC19HAUAK",
        "ts": "1557786851.136100",
        "team": "TC0C1HURK",
        "user_team": "TC0C1HURK",
        "source_team": "TC0C1HURK",
        "user_profile": {
            "avatar_hash": "066a042e018c",
            "image_72": "https:\/\/avatars.slack-edge.com\/2019-12-07\/866588520998_066a042e018ca831a195_72.png",
            "first_name": "Pavel",
            "real_name": "Pavel Tiunov",
            "display_name": "pavel",
            "team": "TC0C1HURK",
            "name": "pavel",
            "is_restricted": false,
            "is_ultra_restricted": false
        },
        "thread_ts": "1557780079.131800",
        "parent_user_id": "UJ4533JGJ"
    },
    {
        "client_msg_id": "435bba39-3634-4294-a89a-f2fbb82acc25",
        "type": "message",
        "text": "when you say `Cube2 Start Date` time dimension do you mean time dimension inside a measure?",
        "user": "UJ4533JGJ",
        "ts": "1557786908.136300",
        "team": "TC0C1HURK",
        "user_team": "TC0C1HURK",
        "source_team": "TC0C1HURK",
        "user_profile": {
            "avatar_hash": "g458a8ab6954",
            "image_72": "https:\/\/secure.gravatar.com\/avatar\/8458a8ab69549cdcffb1b2223a90c5e8.jpg?s=72&d=https%3A%2F%2Fa.slack-edge.com%2Fdf10d%2Fimg%2Favatars%2Fava_0007-72.png",
            "first_name": "cwg",
            "real_name": "cwg",
            "display_name": "Chitrangada",
            "team": "TC0C1HURK",
            "name": "chitrangada.wagh",
            "is_restricted": false,
            "is_ultra_restricted": false
        },
        "thread_ts": "1557780079.131800",
        "parent_user_id": "UJ4533JGJ"
    },
    {
        "client_msg_id": "3c7b928d-60b2-4eb5-9b1d-dd2e4b2733e8",
        "type": "message",
        "text": "<@UJ4533JGJ> Nope. I mean `Cube2.startDate` -- time dimension inside `Cube2`.",
        "user": "UC19HAUAK",
        "ts": "1557787176.136500",
        "team": "TC0C1HURK",
        "user_team": "TC0C1HURK",
        "source_team": "TC0C1HURK",
        "user_profile": {
            "avatar_hash": "066a042e018c",
            "image_72": "https:\/\/avatars.slack-edge.com\/2019-12-07\/866588520998_066a042e018ca831a195_72.png",
            "first_name": "Pavel",
            "real_name": "Pavel Tiunov",
            "display_name": "pavel",
            "team": "TC0C1HURK",
            "name": "pavel",
            "is_restricted": false,
            "is_ultra_restricted": false
        },
        "thread_ts": "1557780079.131800",
        "parent_user_id": "UJ4533JGJ"
    },
    {
        "client_msg_id": "e2ae6500-22bc-41e9-855e-4db5865f253f",
        "type": "message",
        "text": "I want to use a conditional clause in my join such that the cube2.startDate &gt;= '''date from the filters'''",
        "user": "UJ4533JGJ",
        "ts": "1557787243.136700",
        "team": "TC0C1HURK",
        "user_team": "TC0C1HURK",
        "source_team": "TC0C1HURK",
        "user_profile": {
            "avatar_hash": "g458a8ab6954",
            "image_72": "https:\/\/secure.gravatar.com\/avatar\/8458a8ab69549cdcffb1b2223a90c5e8.jpg?s=72&d=https%3A%2F%2Fa.slack-edge.com%2Fdf10d%2Fimg%2Favatars%2Fava_0007-72.png",
            "first_name": "cwg",
            "real_name": "cwg",
            "display_name": "Chitrangada",
            "team": "TC0C1HURK",
            "name": "chitrangada.wagh",
            "is_restricted": false,
            "is_ultra_restricted": false
        },
        "thread_ts": "1557780079.131800",
        "parent_user_id": "UJ4533JGJ"
    },
    {
        "client_msg_id": "6a993649-c5b9-4b39-be9d-3baf6f70c91b",
        "type": "message",
        "text": "otherwise the count is different than expected.",
        "user": "UJ4533JGJ",
        "ts": "1557787255.136900",
        "team": "TC0C1HURK",
        "user_team": "TC0C1HURK",
        "source_team": "TC0C1HURK",
        "user_profile": {
            "avatar_hash": "g458a8ab6954",
            "image_72": "https:\/\/secure.gravatar.com\/avatar\/8458a8ab69549cdcffb1b2223a90c5e8.jpg?s=72&d=https%3A%2F%2Fa.slack-edge.com%2Fdf10d%2Fimg%2Favatars%2Fava_0007-72.png",
            "first_name": "cwg",
            "real_name": "cwg",
            "display_name": "Chitrangada",
            "team": "TC0C1HURK",
            "name": "chitrangada.wagh",
            "is_restricted": false,
            "is_ultra_restricted": false
        },
        "edited": {
            "user": "UJ4533JGJ",
            "ts": "1557787263.000000"
        },
        "thread_ts": "1557780079.131800",
        "parent_user_id": "UJ4533JGJ"
    },
    {
        "client_msg_id": "922ddc05-8fe0-43b8-a87e-c6ae29dd072d",
        "type": "message",
        "text": "<@UJ4533JGJ> So it should generate `WHERE cube2.start_date &gt;= '''date from the filters'''` which will be equivalent to the join condition if you expect to see inner join behaviour here.",
        "user": "UC19HAUAK",
        "ts": "1557787782.137200",
        "team": "TC0C1HURK",
        "user_team": "TC0C1HURK",
        "source_team": "TC0C1HURK",
        "user_profile": {
            "avatar_hash": "066a042e018c",
            "image_72": "https:\/\/avatars.slack-edge.com\/2019-12-07\/866588520998_066a042e018ca831a195_72.png",
            "first_name": "Pavel",
            "real_name": "Pavel Tiunov",
            "display_name": "pavel",
            "team": "TC0C1HURK",
            "name": "pavel",
            "is_restricted": false,
            "is_ultra_restricted": false
        },
        "thread_ts": "1557780079.131800",
        "parent_user_id": "UJ4533JGJ"
    },
    {
        "client_msg_id": "88019e25-9410-42bf-bc78-6bc66806a7c9",
        "type": "message",
        "text": "what if we need a left join :slightly_smiling_face:",
        "user": "UJ4533JGJ",
        "ts": "1557787814.137400",
        "team": "TC0C1HURK",
        "user_team": "TC0C1HURK",
        "source_team": "TC0C1HURK",
        "user_profile": {
            "avatar_hash": "g458a8ab6954",
            "image_72": "https:\/\/secure.gravatar.com\/avatar\/8458a8ab69549cdcffb1b2223a90c5e8.jpg?s=72&d=https%3A%2F%2Fa.slack-edge.com%2Fdf10d%2Fimg%2Favatars%2Fava_0007-72.png",
            "first_name": "cwg",
            "real_name": "cwg",
            "display_name": "Chitrangada",
            "team": "TC0C1HURK",
            "name": "chitrangada.wagh",
            "is_restricted": false,
            "is_ultra_restricted": false
        },
        "thread_ts": "1557780079.131800",
        "parent_user_id": "UJ4533JGJ"
    },
    {
        "client_msg_id": "b65abaef-a161-4b01-a15f-5a45dd82cc76",
        "type": "message",
        "text": "<@UJ4533JGJ> Gotcha. Then counting `count(distinct cube1.id)` won't be affected by join conditions at all. Could you please share use case from business perspective so I can guide you in a right direction?",
        "user": "UC19HAUAK",
        "ts": "1557787945.137600",
        "team": "TC0C1HURK",
        "user_team": "TC0C1HURK",
        "source_team": "TC0C1HURK",
        "user_profile": {
            "avatar_hash": "066a042e018c",
            "image_72": "https:\/\/avatars.slack-edge.com\/2019-12-07\/866588520998_066a042e018ca831a195_72.png",
            "first_name": "Pavel",
            "real_name": "Pavel Tiunov",
            "display_name": "pavel",
            "team": "TC0C1HURK",
            "name": "pavel",
            "is_restricted": false,
            "is_ultra_restricted": false
        },
        "edited": {
            "user": "UC19HAUAK",
            "ts": "1557787979.000000"
        },
        "thread_ts": "1557780079.131800",
        "parent_user_id": "UJ4533JGJ"
    },
    {
        "client_msg_id": "ddbd32ce-0ea6-4492-ba60-7e36e8e5fe39",
        "type": "message",
        "text": "we need a head count of profiles for the last year and current month such that the count(profile_id) will respect following conditions:\n- date from dashboard is between profile's start and departure date\n- or departure_date &gt;= date from the dashboard\n- or departure_date is null\n- the date from the dashboard is a filter  param and `start_date, departure_date and profile_id` are all in the DimEmployees cube.\n- the query used in SQL is quite simple as mentioned above but to implement it in cubejs is is a bit unclear.\n\n... got it! using the function in place of the sql expr in the filter params.",
        "user": "UJ4533JGJ",
        "ts": "1557788090.137900",
        "team": "TC0C1HURK",
        "user_team": "TC0C1HURK",
        "source_team": "TC0C1HURK",
        "user_profile": {
            "avatar_hash": "g458a8ab6954",
            "image_72": "https:\/\/secure.gravatar.com\/avatar\/8458a8ab69549cdcffb1b2223a90c5e8.jpg?s=72&d=https%3A%2F%2Fa.slack-edge.com%2Fdf10d%2Fimg%2Favatars%2Fava_0007-72.png",
            "first_name": "cwg",
            "real_name": "cwg",
            "display_name": "Chitrangada",
            "team": "TC0C1HURK",
            "name": "chitrangada.wagh",
            "is_restricted": false,
            "is_ultra_restricted": false
        },
        "edited": {
            "user": "UJ4533JGJ",
            "ts": "1557790724.000000"
        },
        "thread_ts": "1557780079.131800",
        "parent_user_id": "UJ4533JGJ"
    },
    {
        "client_msg_id": "c1b320b0-afe7-4d99-b039-e27ccdcee66a",
        "type": "message",
        "text": "<@UJ4533JGJ> Great to hear that! So do you have two separate tables or actually just one employee table?",
        "user": "UC19HAUAK",
        "ts": "1557791086.138400",
        "team": "TC0C1HURK",
        "user_team": "TC0C1HURK",
        "source_team": "TC0C1HURK",
        "user_profile": {
            "avatar_hash": "066a042e018c",
            "image_72": "https:\/\/avatars.slack-edge.com\/2019-12-07\/866588520998_066a042e018ca831a195_72.png",
            "first_name": "Pavel",
            "real_name": "Pavel Tiunov",
            "display_name": "pavel",
            "team": "TC0C1HURK",
            "name": "pavel",
            "is_restricted": false,
            "is_ultra_restricted": false
        },
        "thread_ts": "1557780079.131800",
        "parent_user_id": "UJ4533JGJ"
    },
    {
        "client_msg_id": "f2ca1e64-a468-4258-85ec-5543c5abe8e6",
        "type": "message",
        "text": "one table",
        "user": "UJ4533JGJ",
        "ts": "1557791106.138600",
        "team": "TC0C1HURK",
        "user_team": "TC0C1HURK",
        "source_team": "TC0C1HURK",
        "user_profile": {
            "avatar_hash": "g458a8ab6954",
            "image_72": "https:\/\/secure.gravatar.com\/avatar\/8458a8ab69549cdcffb1b2223a90c5e8.jpg?s=72&d=https%3A%2F%2Fa.slack-edge.com%2Fdf10d%2Fimg%2Favatars%2Fava_0007-72.png",
            "first_name": "cwg",
            "real_name": "cwg",
            "display_name": "Chitrangada",
            "team": "TC0C1HURK",
            "name": "chitrangada.wagh",
            "is_restricted": false,
            "is_ultra_restricted": false
        },
        "thread_ts": "1557780079.131800",
        "parent_user_id": "UJ4533JGJ"
    },
    {
        "client_msg_id": "aeae0c68-2797-4035-8e21-8f6dccc0fc03",
        "type": "message",
        "text": "<@UJ4533JGJ> Totally makes sense. Sounds like actually you need running total of your employee count?",
        "user": "UC19HAUAK",
        "ts": "1557791409.138800",
        "team": "TC0C1HURK",
        "user_team": "TC0C1HURK",
        "source_team": "TC0C1HURK",
        "user_profile": {
            "avatar_hash": "066a042e018c",
            "image_72": "https:\/\/avatars.slack-edge.com\/2019-12-07\/866588520998_066a042e018ca831a195_72.png",
            "first_name": "Pavel",
            "real_name": "Pavel Tiunov",
            "display_name": "pavel",
            "team": "TC0C1HURK",
            "name": "pavel",
            "is_restricted": false,
            "is_ultra_restricted": false
        },
        "edited": {
            "user": "UC19HAUAK",
            "ts": "1557791423.000000"
        },
        "thread_ts": "1557780079.131800",
        "parent_user_id": "UJ4533JGJ"
    },
    {
        "client_msg_id": "e91f1a3e-697c-40ef-af6c-1e3969cba2b7",
        "type": "message",
        "text": "It's actually can be calculated like\n```\ncube(`EmployeeMovements`, {\n  sql: `\n    select start_date as date, 1 as movement, * from employees\n    UNION ALL\n     select departure_date as date, -1 as movement, * from employees\n  `,\n\n  measures: {\n    activeEmployees: {\n      sql: `movement`,\n      type: `sum`,\n      rollingWindow: {\n        trailing: `unbounded`\n      }\n    }\n  },\n  \n  dimensions: {\n    date: {\n      sql: `date`,\n      type: `time`\n    }\n  }\n})\n```",
        "user": "UC19HAUAK",
        "ts": "1557791685.139200",
        "team": "TC0C1HURK",
        "user_team": "TC0C1HURK",
        "source_team": "TC0C1HURK",
        "user_profile": {
            "avatar_hash": "066a042e018c",
            "image_72": "https:\/\/avatars.slack-edge.com\/2019-12-07\/866588520998_066a042e018ca831a195_72.png",
            "first_name": "Pavel",
            "real_name": "Pavel Tiunov",
            "display_name": "pavel",
            "team": "TC0C1HURK",
            "name": "pavel",
            "is_restricted": false,
            "is_ultra_restricted": false
        },
        "edited": {
            "user": "UC19HAUAK",
            "ts": "1557792034.000000"
        },
        "thread_ts": "1557780079.131800",
        "parent_user_id": "UJ4533JGJ"
    },
    {
        "client_msg_id": "9c307081-dea3-4134-811d-2a597bc002fa",
        "type": "message",
        "text": "have a question in the doc <https:\/\/cube.dev\/docs\/cube#context-variables-filter-params> in the example\n```cube(`OrderFacts`, {\n  sql: `SELECT * FROM orders WHERE ${FILTER_PARAMS.OrderFacts.date.filter('date')}`,\n\n  dimensions: {\n    date: {\n      sql: `date`,\n      type: `time`\n    }\n  }\n});```\nhow does it generate this SQL?\n```SELECT * FROM orders WHERE date &gt;= '2018-01-01 00:00:00' and date &lt;= '2018-12-31 23:59:59'```\nI only see one date parameter in the cube.",
        "user": "UJ4533JGJ",
        "ts": "1557802110.140700",
        "team": "TC0C1HURK",
        "user_team": "TC0C1HURK",
        "source_team": "TC0C1HURK",
        "user_profile": {
            "avatar_hash": "g458a8ab6954",
            "image_72": "https:\/\/secure.gravatar.com\/avatar\/8458a8ab69549cdcffb1b2223a90c5e8.jpg?s=72&d=https%3A%2F%2Fa.slack-edge.com%2Fdf10d%2Fimg%2Favatars%2Fava_0007-72.png",
            "first_name": "cwg",
            "real_name": "cwg",
            "display_name": "Chitrangada",
            "team": "TC0C1HURK",
            "name": "chitrangada.wagh",
            "is_restricted": false,
            "is_ultra_restricted": false
        },
        "thread_ts": "1557802110.140700",
        "reply_count": 1,
        "reply_users_count": 1,
        "latest_reply": "1557843214.142600",
        "reply_users": [
            "UC19HAUAK"
        ],
        "replies": [
            {
                "user": "UC19HAUAK",
                "ts": "1557843214.142600"
            }
        ],
        "subscribed": false
    },
    {
        "type": "message",
        "text": "anyone seen this error before with bigquery ?",
        "files": [
            {
                "id": "FJNJXR1EC",
                "created": 1557810839,
                "timestamp": 1557810839,
                "name": "image.png",
                "title": "image.png",
                "mimetype": "image\/png",
                "filetype": "png",
                "pretty_type": "PNG",
                "user": "UJNA3Q70V",
                "editable": false,
                "size": 17144,
                "mode": "hosted",
                "is_external": false,
                "external_type": "",
                "is_public": true,
                "public_url_shared": false,
                "display_as_bot": false,
                "username": "",
                "url_private": "https:\/\/files.slack.com\/files-pri\/TC0C1HURK-FJNJXR1EC\/image.png?t=xoxe-408409606869-1300049925941-1294691254950-5e5ba619551397a2daf3223fc6c48b4a",
                "url_private_download": "https:\/\/files.slack.com\/files-pri\/TC0C1HURK-FJNJXR1EC\/download\/image.png?t=xoxe-408409606869-1300049925941-1294691254950-5e5ba619551397a2daf3223fc6c48b4a",
                "thumb_64": "https:\/\/files.slack.com\/files-tmb\/TC0C1HURK-FJNJXR1EC-8afd068672\/image_64.png?t=xoxe-408409606869-1300049925941-1294691254950-5e5ba619551397a2daf3223fc6c48b4a",
                "thumb_80": "https:\/\/files.slack.com\/files-tmb\/TC0C1HURK-FJNJXR1EC-8afd068672\/image_80.png?t=xoxe-408409606869-1300049925941-1294691254950-5e5ba619551397a2daf3223fc6c48b4a",
                "thumb_360": "https:\/\/files.slack.com\/files-tmb\/TC0C1HURK-FJNJXR1EC-8afd068672\/image_360.png?t=xoxe-408409606869-1300049925941-1294691254950-5e5ba619551397a2daf3223fc6c48b4a",
                "thumb_360_w": 360,
                "thumb_360_h": 80,
                "thumb_480": "https:\/\/files.slack.com\/files-tmb\/TC0C1HURK-FJNJXR1EC-8afd068672\/image_480.png?t=xoxe-408409606869-1300049925941-1294691254950-5e5ba619551397a2daf3223fc6c48b4a",
                "thumb_480_w": 480,
                "thumb_480_h": 107,
                "thumb_160": "https:\/\/files.slack.com\/files-tmb\/TC0C1HURK-FJNJXR1EC-8afd068672\/image_160.png?t=xoxe-408409606869-1300049925941-1294691254950-5e5ba619551397a2daf3223fc6c48b4a",
                "thumb_720": "https:\/\/files.slack.com\/files-tmb\/TC0C1HURK-FJNJXR1EC-8afd068672\/image_720.png?t=xoxe-408409606869-1300049925941-1294691254950-5e5ba619551397a2daf3223fc6c48b4a",
                "thumb_720_w": 720,
                "thumb_720_h": 161,
                "thumb_800": "https:\/\/files.slack.com\/files-tmb\/TC0C1HURK-FJNJXR1EC-8afd068672\/image_800.png?t=xoxe-408409606869-1300049925941-1294691254950-5e5ba619551397a2daf3223fc6c48b4a",
                "thumb_800_w": 800,
                "thumb_800_h": 178,
                "thumb_960": "https:\/\/files.slack.com\/files-tmb\/TC0C1HURK-FJNJXR1EC-8afd068672\/image_960.png?t=xoxe-408409606869-1300049925941-1294691254950-5e5ba619551397a2daf3223fc6c48b4a",
                "thumb_960_w": 960,
                "thumb_960_h": 214,
                "thumb_1024": "https:\/\/files.slack.com\/files-tmb\/TC0C1HURK-FJNJXR1EC-8afd068672\/image_1024.png?t=xoxe-408409606869-1300049925941-1294691254950-5e5ba619551397a2daf3223fc6c48b4a",
                "thumb_1024_w": 1024,
                "thumb_1024_h": 228,
                "image_exif_rotation": 1,
                "original_w": 1166,
                "original_h": 260,
                "permalink": "https:\/\/cube-js.slack.com\/files\/UJNA3Q70V\/FJNJXR1EC\/image.png",
                "permalink_public": "https:\/\/slack-files.com\/TC0C1HURK-FJNJXR1EC-b4aad487d6",
                "is_starred": false,
                "has_rich_preview": false
            }
        ],
        "upload": true,
        "user": "UJNA3Q70V",
        "display_as_bot": false,
        "ts": "1557810841.141300",
        "client_msg_id": "81668ab5-8897-41ac-a42c-8cd44b863203",
        "thread_ts": "1557810841.141300",
        "reply_count": 8,
        "reply_users_count": 2,
        "latest_reply": "1557854933.144800",
        "reply_users": [
            "UC19HAUAK",
            "UJNA3Q70V"
        ],
        "replies": [
            {
                "user": "UC19HAUAK",
                "ts": "1557843260.142800"
            },
            {
                "user": "UJNA3Q70V",
                "ts": "1557854267.143100"
            },
            {
                "user": "UJNA3Q70V",
                "ts": "1557854292.143300"
            },
            {
                "user": "UC19HAUAK",
                "ts": "1557854457.143500"
            },
            {
                "user": "UJNA3Q70V",
                "ts": "1557854738.144100"
            },
            {
                "user": "UJNA3Q70V",
                "ts": "1557854749.144400"
            },
            {
                "user": "UC19HAUAK",
                "ts": "1557854910.144600"
            },
            {
                "user": "UJNA3Q70V",
                "ts": "1557854933.144800"
            }
        ],
        "subscribed": false
    },
    {
        "client_msg_id": "7165ab5d-2f99-49ce-851d-3cd68e03e25c",
        "type": "message",
        "text": "I'm using the same database in production and in development. And I'm not using docker to deploy it.",
        "user": "UJA7SPG74",
        "ts": "1557811399.141600",
        "team": "TC0C1HURK",
        "user_team": "TC0C1HURK",
        "source_team": "TC0C1HURK",
        "user_profile": {
            "avatar_hash": "g647ed5efd38",
            "image_72": "https:\/\/secure.gravatar.com\/avatar\/a647ed5efd38172f4d60e030de4f0259.jpg?s=72&d=https%3A%2F%2Fa.slack-edge.com%2Fdf10d%2Fimg%2Favatars%2Fava_0014-72.png",
            "first_name": "",
            "real_name": "Kalle Kankaanpää",
            "display_name": "Kalle Kankaanpää",
            "team": "TC0C1HURK",
            "name": "kallekan11",
            "is_restricted": false,
            "is_ultra_restricted": false
        },
        "thread_ts": "1557749721.125400",
        "parent_user_id": "UJA7SPG74"
    },
    {
        "client_msg_id": "14e803d9-6e20-4e70-9660-bfe4aa9ee38d",
        "type": "message",
        "text": "I added an issue for running cubejs without redis to your github page!",
        "user": "UJA7SPG74",
        "ts": "1557811566.141800",
        "team": "TC0C1HURK",
        "user_team": "TC0C1HURK",
        "source_team": "TC0C1HURK",
        "user_profile": {
            "avatar_hash": "g647ed5efd38",
            "image_72": "https:\/\/secure.gravatar.com\/avatar\/a647ed5efd38172f4d60e030de4f0259.jpg?s=72&d=https%3A%2F%2Fa.slack-edge.com%2Fdf10d%2Fimg%2Favatars%2Fava_0014-72.png",
            "first_name": "",
            "real_name": "Kalle Kankaanpää",
            "display_name": "Kalle Kankaanpää",
            "team": "TC0C1HURK",
            "name": "kallekan11",
            "is_restricted": false,
            "is_ultra_restricted": false
        },
        "thread_ts": "1557749721.125400",
        "parent_user_id": "UJA7SPG74"
    }
]