[
    {
        "client_msg_id": "f2da0bcf-9b7c-4966-82a8-623edc8301a8",
        "type": "message",
        "text": "any solutions you have in mind <@UC19HAUAK>",
        "user": "UJXANJSSF",
        "ts": "1561102320.153000",
        "team": "TC0C1HURK",
        "user_team": "TC0C1HURK",
        "source_team": "TC0C1HURK",
        "user_profile": {
            "avatar_hash": "g3f3bd6705da",
            "image_72": "https:\/\/secure.gravatar.com\/avatar\/d3f3bd6705da3e80e9f3a4204dcd4d9a.jpg?s=72&d=https%3A%2F%2Fa.slack-edge.com%2Fdf10d%2Fimg%2Favatars%2Fava_0025-72.png",
            "first_name": "",
            "real_name": "Ferenc Mohos",
            "display_name": "Ferenc Mohos",
            "team": "TC0C1HURK",
            "name": "ferenc.mohos",
            "is_restricted": false,
            "is_ultra_restricted": false
        },
        "thread_ts": "1560947879.135600",
        "parent_user_id": "UJXANJSSF"
    },
    {
        "type": "message",
        "subtype": "channel_join",
        "ts": "1561103921.153300",
        "user": "UKEMEL2HY",
        "text": "<@UKEMEL2HY> has joined the channel"
    },
    {
        "client_msg_id": "8d174a72-ee78-4a69-9f70-d12a2f93c2cd",
        "type": "message",
        "text": "I've just seen you added support for Hive and SparkSQL with v0.9.23 :fire::bow: I can confirm it's working properly after few queries...",
        "user": "UJ5RZ4ZSS",
        "ts": "1561123942.154700",
        "team": "TC0C1HURK",
        "user_team": "TC0C1HURK",
        "source_team": "TC0C1HURK",
        "user_profile": {
            "avatar_hash": "g9c801ae9dd2",
            "image_72": "https:\/\/secure.gravatar.com\/avatar\/29c801ae9dd2351175b738b334557ec8.jpg?s=72&d=https%3A%2F%2Fa.slack-edge.com%2Fdf10d%2Fimg%2Favatars%2Fava_0026-72.png",
            "first_name": "",
            "real_name": "Tamas",
            "display_name": "Tamas",
            "team": "TC0C1HURK",
            "name": "tamas",
            "is_restricted": false,
            "is_ultra_restricted": false
        },
        "reactions": [
            {
                "name": "tada",
                "users": [
                    "UC19HAUAK",
                    "UC1HAFW4E"
                ],
                "count": 2
            },
            {
                "name": "raised_hands",
                "users": [
                    "UC19HAUAK",
                    "UC1HAFW4E"
                ],
                "count": 2
            }
        ]
    },
    {
        "client_msg_id": "1aaafb3c-9e6e-4441-8ab0-408f4aef74de",
        "type": "message",
        "text": "Let me understand this.  My next hurdle is to check teh feasibility of the following:\n\n- each of our client has a hierarchy of one organization and multiple locations.  Instead of having separate set of cubes for each locations and a separate set of cubes for roll-up at organization level, I am asked to generate only one set of cubes per organization and filter data for each locations.\n\nSo variable user context does not address this requirement and currently I have no way to pass in a context to the cube layer can be used to filter or join the reporting data to access control data until the 'query transform' come along?",
        "user": "UK8EJNUKD",
        "ts": "1561129422.155100",
        "team": "TC0C1HURK",
        "user_team": "TC0C1HURK",
        "source_team": "TC0C1HURK",
        "user_profile": {
            "avatar_hash": "g9f54ba0eb21",
            "image_72": "https:\/\/secure.gravatar.com\/avatar\/f9f54ba0eb21a1926be3372194e55164.jpg?s=72&d=https%3A%2F%2Fa.slack-edge.com%2Fdf10d%2Fimg%2Favatars%2Fava_0004-72.png",
            "first_name": "",
            "real_name": "Tim Lee",
            "display_name": "Tim Lee",
            "team": "TC0C1HURK",
            "name": "tlee",
            "is_restricted": false,
            "is_ultra_restricted": false
        },
        "thread_ts": "1561068415.151300",
        "parent_user_id": "UK8EJNUKD"
    },
    {
        "client_msg_id": "fa0aa990-8228-4c72-8f63-7512dc5a40ca",
        "type": "message",
        "text": "Hey <@UK83Z2H1A>! Is it MS SQL?",
        "user": "UC19HAUAK",
        "ts": "1561131703.155500",
        "team": "TC0C1HURK",
        "user_team": "TC0C1HURK",
        "source_team": "TC0C1HURK",
        "user_profile": {
            "avatar_hash": "066a042e018c",
            "image_72": "https:\/\/avatars.slack-edge.com\/2019-12-07\/866588520998_066a042e018ca831a195_72.png",
            "first_name": "Pavel",
            "real_name": "Pavel Tiunov",
            "display_name": "pavel",
            "team": "TC0C1HURK",
            "name": "pavel",
            "is_restricted": false,
            "is_ultra_restricted": false
        },
        "thread_ts": "1561100111.152900",
        "parent_user_id": "UK83Z2H1A"
    },
    {
        "client_msg_id": "35771080-a538-4871-a01c-05b3a1184d70",
        "type": "message",
        "text": "<@UK8EJNUKD> Yep. Not all bindings as I mentioned are available. We just rolled out `queryTransformer = (query, context) =&gt; query` which can help you to do all of you mentioned. Idea is simple.",
        "user": "UC19HAUAK",
        "ts": "1561131788.155700",
        "team": "TC0C1HURK",
        "user_team": "TC0C1HURK",
        "source_team": "TC0C1HURK",
        "user_profile": {
            "avatar_hash": "066a042e018c",
            "image_72": "https:\/\/avatars.slack-edge.com\/2019-12-07\/866588520998_066a042e018ca831a195_72.png",
            "first_name": "Pavel",
            "real_name": "Pavel Tiunov",
            "display_name": "pavel",
            "team": "TC0C1HURK",
            "name": "pavel",
            "is_restricted": false,
            "is_ultra_restricted": false
        },
        "edited": {
            "user": "UC19HAUAK",
            "ts": "1561131804.000000"
        },
        "thread_ts": "1561068415.151300",
        "parent_user_id": "UK8EJNUKD"
    },
    {
        "client_msg_id": "f908298c-d8c8-48da-90d1-10ec8029014e",
        "type": "message",
        "text": "So for example you're trying to check for roles:\n```\nqueryTransformer: (query, { authInfo }) =&gt; {\n  const user = authInfo.u;\n  const notAllowedCubes = query.measures.map(m =&gt; m.split('.')[0]).filter(cube =&gt; user.allowedCubes.indexOf(cube) === -1);\n  if (notAllowedCubes.length) {\n    throw new Error(`${user.name} is not allowed to access ${notAllowedCubes.join(',')}`)\n  }\n  \/\/ same for dimensions, timeDimensions, segments, etc.\n}\n```",
        "user": "UC19HAUAK",
        "ts": "1561132215.156000",
        "team": "TC0C1HURK",
        "user_team": "TC0C1HURK",
        "source_team": "TC0C1HURK",
        "user_profile": {
            "avatar_hash": "066a042e018c",
            "image_72": "https:\/\/avatars.slack-edge.com\/2019-12-07\/866588520998_066a042e018ca831a195_72.png",
            "first_name": "Pavel",
            "real_name": "Pavel Tiunov",
            "display_name": "pavel",
            "team": "TC0C1HURK",
            "name": "pavel",
            "is_restricted": false,
            "is_ultra_restricted": false
        },
        "thread_ts": "1561068415.151300",
        "parent_user_id": "UK8EJNUKD"
    },
    {
        "client_msg_id": "699e79f9-f355-459c-9123-35607cd0f610",
        "type": "message",
        "text": "<@UK8EJNUKD> `queryTransformer` can also be used to add row level based security filters. For example\n```\nqueryTransformer: (query, { authInfo }) =&gt; {\n  const user = authInfo.u;\n  if (user.filterByRegion) {\n    query.filters.push({\n      dimension: 'Regions.id',\n      operator: 'equals',\n      values: [user.regionId]\n    })\n  }\n  return query;\n}\n```",
        "user": "UC19HAUAK",
        "ts": "1561132441.156200",
        "team": "TC0C1HURK",
        "user_team": "TC0C1HURK",
        "source_team": "TC0C1HURK",
        "user_profile": {
            "avatar_hash": "066a042e018c",
            "image_72": "https:\/\/avatars.slack-edge.com\/2019-12-07\/866588520998_066a042e018ca831a195_72.png",
            "first_name": "Pavel",
            "real_name": "Pavel Tiunov",
            "display_name": "pavel",
            "team": "TC0C1HURK",
            "name": "pavel",
            "is_restricted": false,
            "is_ultra_restricted": false
        },
        "thread_ts": "1561068415.151300",
        "parent_user_id": "UK8EJNUKD"
    },
    {
        "client_msg_id": "d7d7f294-9df5-460f-8987-0eb0f9a91c4d",
        "type": "message",
        "text": "Great.  You mean there are more to come but as for v0.10.0 I can achieve the above two examples?",
        "user": "UK8EJNUKD",
        "ts": "1561133003.156400",
        "team": "TC0C1HURK",
        "user_team": "TC0C1HURK",
        "source_team": "TC0C1HURK",
        "user_profile": {
            "avatar_hash": "g9f54ba0eb21",
            "image_72": "https:\/\/secure.gravatar.com\/avatar\/f9f54ba0eb21a1926be3372194e55164.jpg?s=72&d=https%3A%2F%2Fa.slack-edge.com%2Fdf10d%2Fimg%2Favatars%2Fava_0004-72.png",
            "first_name": "",
            "real_name": "Tim Lee",
            "display_name": "Tim Lee",
            "team": "TC0C1HURK",
            "name": "tlee",
            "is_restricted": false,
            "is_ultra_restricted": false
        },
        "thread_ts": "1561068415.151300",
        "parent_user_id": "UK8EJNUKD"
    },
    {
        "client_msg_id": "9f864e06-f9e2-4f0d-af6c-b0aceea25603",
        "type": "message",
        "text": "<@UK8EJNUKD> Yep. Right. We do plan to release more security features from our Enterprise version in future but for now these examples should work already.",
        "user": "UC19HAUAK",
        "ts": "1561133339.156600",
        "team": "TC0C1HURK",
        "user_team": "TC0C1HURK",
        "source_team": "TC0C1HURK",
        "user_profile": {
            "avatar_hash": "066a042e018c",
            "image_72": "https:\/\/avatars.slack-edge.com\/2019-12-07\/866588520998_066a042e018ca831a195_72.png",
            "first_name": "Pavel",
            "real_name": "Pavel Tiunov",
            "display_name": "pavel",
            "team": "TC0C1HURK",
            "name": "pavel",
            "is_restricted": false,
            "is_ultra_restricted": false
        },
        "thread_ts": "1561068415.151300",
        "parent_user_id": "UK8EJNUKD"
    },
    {
        "client_msg_id": "deb20c2a-4540-461a-9dcf-68e60f84ef34",
        "type": "message",
        "text": "cc <@UC1HAFW4E>",
        "user": "UC19HAUAK",
        "ts": "1561133372.156800",
        "team": "TC0C1HURK",
        "user_team": "TC0C1HURK",
        "source_team": "TC0C1HURK",
        "user_profile": {
            "avatar_hash": "066a042e018c",
            "image_72": "https:\/\/avatars.slack-edge.com\/2019-12-07\/866588520998_066a042e018ca831a195_72.png",
            "first_name": "Pavel",
            "real_name": "Pavel Tiunov",
            "display_name": "pavel",
            "team": "TC0C1HURK",
            "name": "pavel",
            "is_restricted": false,
            "is_ultra_restricted": false
        },
        "thread_ts": "1561068415.151300",
        "parent_user_id": "UK8EJNUKD"
    },
    {
        "type": "message",
        "subtype": "channel_join",
        "ts": "1561148625.157300",
        "user": "UKST6T6JH",
        "text": "<@UKST6T6JH> has joined the channel"
    },
    {
        "type": "message",
        "subtype": "channel_join",
        "ts": "1561154977.157500",
        "user": "UKT09QM7X",
        "text": "<@UKT09QM7X> has joined the channel"
    },
    {
        "client_msg_id": "9058ea1e-d986-4e3e-8b08-905afcfc6a5e",
        "type": "message",
        "text": "Me and my team are strongly considering using Cube js in order to build custom dashboards and feed our pivot table frontend. We have to address an important requirement which is if it's possible for cubes to be created dynamically without having to restart the backend.\nTLDR: The docs say that cubes are usually defined within files, but is it possible to do so within running code?",
        "user": "UKT09QM7X",
        "ts": "1561155574.162300",
        "team": "TC0C1HURK",
        "user_team": "TC0C1HURK",
        "source_team": "TC0C1HURK",
        "user_profile": {
            "avatar_hash": "g1f7351455fe",
            "image_72": "https:\/\/secure.gravatar.com\/avatar\/91f7351455fe6827e3b7b8425dcae236.jpg?s=72&d=https%3A%2F%2Fa.slack-edge.com%2Fdf10d%2Fimg%2Favatars%2Fava_0026-72.png",
            "first_name": "",
            "real_name": "rleon",
            "display_name": "rleon",
            "team": "TC0C1HURK",
            "name": "rleon",
            "is_restricted": false,
            "is_ultra_restricted": false
        },
        "thread_ts": "1561155574.162300",
        "reply_count": 3,
        "reply_users_count": 2,
        "latest_reply": "1561214232.163100",
        "reply_users": [
            "UC1HAFW4E",
            "UKT09QM7X"
        ],
        "replies": [
            {
                "user": "UC1HAFW4E",
                "ts": "1561191167.162600"
            },
            {
                "user": "UC1HAFW4E",
                "ts": "1561191293.162800"
            },
            {
                "user": "UKT09QM7X",
                "ts": "1561214232.163100"
            }
        ],
        "subscribed": true,
        "last_read": "1561214232.163100"
    },
    {
        "type": "message",
        "subtype": "channel_join",
        "ts": "1561157539.162500",
        "user": "UKFHYDUFL",
        "text": "<@UKFHYDUFL> has joined the channel"
    }
]