[
    {
        "client_msg_id": "a4264920-b1ab-4967-b39f-8a7755b8a180",
        "type": "message",
        "text": "is it possible to filter a dimension for \"notSet\" OR a specific value ? when i send filters like :\n``` {\n  \"member\": \"Geo.City\",\n  \"operator\": \"notSet\"\n}, \n{\n  \"member\": \"Geo.City\",\n  \"operator\": \"equals\",\n  \"values\": [ \"1004927\" ]\n}\n``` it will be \"AND\" concatenated in the resulting SQL",
        "user": "UJXANJSSF",
        "ts": "1561022037.137400",
        "team": "TC0C1HURK",
        "user_team": "TC0C1HURK",
        "source_team": "TC0C1HURK",
        "user_profile": {
            "avatar_hash": "g3f3bd6705da",
            "image_72": "https:\/\/secure.gravatar.com\/avatar\/d3f3bd6705da3e80e9f3a4204dcd4d9a.jpg?s=72&d=https%3A%2F%2Fa.slack-edge.com%2Fdf10d%2Fimg%2Favatars%2Fava_0025-72.png",
            "first_name": "",
            "real_name": "Ferenc Mohos",
            "display_name": "Ferenc Mohos",
            "team": "TC0C1HURK",
            "name": "ferenc.mohos",
            "is_restricted": false,
            "is_ultra_restricted": false
        },
        "thread_ts": "1561022037.137400",
        "reply_count": 2,
        "reply_users_count": 2,
        "latest_reply": "1561045911.139400",
        "reply_users": [
            "UC19HAUAK",
            "UJXANJSSF"
        ],
        "replies": [
            {
                "user": "UC19HAUAK",
                "ts": "1561045893.139200"
            },
            {
                "user": "UJXANJSSF",
                "ts": "1561045911.139400"
            }
        ],
        "subscribed": false
    },
    {
        "client_msg_id": "8f2ec6ee-2a01-4225-976c-4a9df0ef0ffe",
        "type": "message",
        "text": "mh well i have some google analytics stuff with geo location. there are 2 cities - in this example - which have the same name but diffrent id's (becasue they are 2 distinct cities) there is Biberach with id : 9048222, 1003914.\nso a query could look like this : ```{\n\n    \"measures\": [ \"GoogleAnalyticsDatas.users\", \"GoogleAnalyticsDatas.sessions\" ],\n    \"dimensions\": [ \"Geo.CityName\" ],\n    \"filters\": [\n      {\n        \"member\": \"Geo.CityId\",\n        \"operator\": \"equals\",\n        \"values\": [ \"1003854\", \"9048222\", \"1003914\", \"1004927\" ]\n      }\n    ],\n    \"order\": { \"Geo.CityName\": \"asc\" }\n} ```\nthere are 4 filters so i expect 4 results.\nbut i only get 3 becasue Biberach == Biberach",
        "user": "UJXANJSSF",
        "ts": "1561029830.137500",
        "team": "TC0C1HURK",
        "user_team": "TC0C1HURK",
        "source_team": "TC0C1HURK",
        "user_profile": {
            "avatar_hash": "g3f3bd6705da",
            "image_72": "https:\/\/secure.gravatar.com\/avatar\/d3f3bd6705da3e80e9f3a4204dcd4d9a.jpg?s=72&d=https%3A%2F%2Fa.slack-edge.com%2Fdf10d%2Fimg%2Favatars%2Fava_0025-72.png",
            "first_name": "",
            "real_name": "Ferenc Mohos",
            "display_name": "Ferenc Mohos",
            "team": "TC0C1HURK",
            "name": "ferenc.mohos",
            "is_restricted": false,
            "is_ultra_restricted": false
        },
        "thread_ts": "1560947879.135600",
        "parent_user_id": "UJXANJSSF"
    },
    {
        "client_msg_id": "fc37e9dc-59a8-4712-8a20-786d44ed21bf",
        "type": "message",
        "text": "Currently I'm having an issue regarding adding a new dimension which is an object and i want all the keys and values of the object.",
        "user": "UK8CKP6P7",
        "ts": "1561031342.137800",
        "team": "TC0C1HURK",
        "user_team": "TC0C1HURK",
        "source_team": "TC0C1HURK",
        "user_profile": {
            "avatar_hash": "g770d8fab495",
            "image_72": "https:\/\/secure.gravatar.com\/avatar\/0770d8fab49507c8e4bcc898dd7de457.jpg?s=72&d=https%3A%2F%2Fa.slack-edge.com%2Fdf10d%2Fimg%2Favatars%2Fava_0011-72.png",
            "first_name": "Sujeet",
            "real_name": "Sujeet Kumar Singh",
            "display_name": "powerfist01",
            "team": "TC0C1HURK",
            "name": "sujeets207",
            "is_restricted": false,
            "is_ultra_restricted": false
        },
        "thread_ts": "1561031342.137800",
        "reply_count": 3,
        "reply_users_count": 2,
        "latest_reply": "1561493341.180600",
        "reply_users": [
            "UC19HAUAK",
            "UK8CKP6P7"
        ],
        "replies": [
            {
                "user": "UC19HAUAK",
                "ts": "1561070164.151600"
            },
            {
                "user": "UK8CKP6P7",
                "ts": "1561094716.152200"
            },
            {
                "user": "UC19HAUAK",
                "ts": "1561493341.180600"
            }
        ],
        "subscribed": false
    },
    {
        "client_msg_id": "FED19C54-3ADC-4B57-980B-03644CD9E1F3",
        "type": "message",
        "text": "Hey <@UJXANJSSF> ! Right now this possible only with segments. Could you please elaborate on your use case?",
        "user": "UC19HAUAK",
        "ts": "1561045893.139200",
        "team": "TC0C1HURK",
        "user_team": "TC0C1HURK",
        "source_team": "TC0C1HURK",
        "user_profile": {
            "avatar_hash": "066a042e018c",
            "image_72": "https:\/\/avatars.slack-edge.com\/2019-12-07\/866588520998_066a042e018ca831a195_72.png",
            "first_name": "Pavel",
            "real_name": "Pavel Tiunov",
            "display_name": "pavel",
            "team": "TC0C1HURK",
            "name": "pavel",
            "is_restricted": false,
            "is_ultra_restricted": false
        },
        "thread_ts": "1561022037.137400",
        "parent_user_id": "UJXANJSSF"
    },
    {
        "client_msg_id": "15c26965-8053-4d96-abf7-1348f4349d09",
        "type": "message",
        "text": "segments will read into it",
        "user": "UJXANJSSF",
        "ts": "1561045911.139400",
        "team": "TC0C1HURK",
        "user_team": "TC0C1HURK",
        "source_team": "TC0C1HURK",
        "user_profile": {
            "avatar_hash": "g3f3bd6705da",
            "image_72": "https:\/\/secure.gravatar.com\/avatar\/d3f3bd6705da3e80e9f3a4204dcd4d9a.jpg?s=72&d=https%3A%2F%2Fa.slack-edge.com%2Fdf10d%2Fimg%2Favatars%2Fava_0025-72.png",
            "first_name": "",
            "real_name": "Ferenc Mohos",
            "display_name": "Ferenc Mohos",
            "team": "TC0C1HURK",
            "name": "ferenc.mohos",
            "is_restricted": false,
            "is_ultra_restricted": false
        },
        "thread_ts": "1561022037.137400",
        "parent_user_id": "UJXANJSSF"
    },
    {
        "client_msg_id": "86a5aa68-b6b3-4e60-9fb1-949659080e63",
        "type": "message",
        "text": "Access control.  our product currently have role-based access control for various report but no generic row-based security for filtering the data within a report except for one specific dimension (based on some business unit identifiers) with a customer organization.    If we migrate our reports to cubejs, is there any recommendation on whether I should build cubes on a per user basis (for business units the user can access) or cubes per organization and add row-based AC on top of cubejs?  Seems to me the latter is better in terms of managing  scalability with the trade off of additional development effort?\n\nAnd if it is the latter, any pointers\/experience to share on libraries\/tools on row-based\/ABAC that can accelerate the development?",
        "user": "UK8EJNUKD",
        "ts": "1561068415.151300",
        "team": "TC0C1HURK",
        "user_team": "TC0C1HURK",
        "source_team": "TC0C1HURK",
        "user_profile": {
            "avatar_hash": "g9f54ba0eb21",
            "image_72": "https:\/\/secure.gravatar.com\/avatar\/f9f54ba0eb21a1926be3372194e55164.jpg?s=72&d=https%3A%2F%2Fa.slack-edge.com%2Fdf10d%2Fimg%2Favatars%2Fava_0004-72.png",
            "first_name": "",
            "real_name": "Tim Lee",
            "display_name": "Tim Lee",
            "team": "TC0C1HURK",
            "name": "tlee",
            "is_restricted": false,
            "is_ultra_restricted": false
        },
        "thread_ts": "1561068415.151300",
        "reply_count": 9,
        "reply_users_count": 2,
        "latest_reply": "1561133372.156800",
        "reply_users": [
            "UC19HAUAK",
            "UK8EJNUKD"
        ],
        "replies": [
            {
                "user": "UC19HAUAK",
                "ts": "1561070067.151400"
            },
            {
                "user": "UC19HAUAK",
                "ts": "1561071302.151800"
            },
            {
                "user": "UK8EJNUKD",
                "ts": "1561129422.155100"
            },
            {
                "user": "UC19HAUAK",
                "ts": "1561131788.155700"
            },
            {
                "user": "UC19HAUAK",
                "ts": "1561132215.156000"
            },
            {
                "user": "UC19HAUAK",
                "ts": "1561132441.156200"
            },
            {
                "user": "UK8EJNUKD",
                "ts": "1561133003.156400"
            },
            {
                "user": "UC19HAUAK",
                "ts": "1561133339.156600"
            },
            {
                "user": "UC19HAUAK",
                "ts": "1561133372.156800"
            }
        ],
        "subscribed": true,
        "last_read": "1561133372.156800"
    },
    {
        "client_msg_id": "a28ce515-b175-4671-b986-13eb131be239",
        "type": "message",
        "text": "Hey <@UK8EJNUKD>! I would separate RBAC control from row level security. So RBAC in cube.js can be solved with contexts <https:\/\/cube.dev\/docs\/context#top> by assigning separate context to each role or set of roles. And row level security can be solved with `USER_CONTEXT` <https:\/\/cube.dev\/docs\/cube#context-variables-user-context>. We also do have complete security management solution in our Enterprise version and open source one is still lacks some bindings that we're going to add in near future.",
        "user": "UC19HAUAK",
        "ts": "1561070067.151400",
        "team": "TC0C1HURK",
        "user_team": "TC0C1HURK",
        "source_team": "TC0C1HURK",
        "user_profile": {
            "avatar_hash": "066a042e018c",
            "image_72": "https:\/\/avatars.slack-edge.com\/2019-12-07\/866588520998_066a042e018ca831a195_72.png",
            "first_name": "Pavel",
            "real_name": "Pavel Tiunov",
            "display_name": "pavel",
            "team": "TC0C1HURK",
            "name": "pavel",
            "is_restricted": false,
            "is_ultra_restricted": false
        },
        "thread_ts": "1561068415.151300",
        "parent_user_id": "UK8EJNUKD"
    },
    {
        "client_msg_id": "6d89d80d-eb85-4165-9a8c-c3aa1fa77b1a",
        "type": "message",
        "text": "<@UK8CKP6P7> Hey Sujeet! Which DB do you use? And could you please elaborate on your goal? Do you want to generate dimensions out of all of your keys in object?",
        "user": "UC19HAUAK",
        "ts": "1561070164.151600",
        "team": "TC0C1HURK",
        "user_team": "TC0C1HURK",
        "source_team": "TC0C1HURK",
        "user_profile": {
            "avatar_hash": "066a042e018c",
            "image_72": "https:\/\/avatars.slack-edge.com\/2019-12-07\/866588520998_066a042e018ca831a195_72.png",
            "first_name": "Pavel",
            "real_name": "Pavel Tiunov",
            "display_name": "pavel",
            "team": "TC0C1HURK",
            "name": "pavel",
            "is_restricted": false,
            "is_ultra_restricted": false
        },
        "thread_ts": "1561031342.137800",
        "parent_user_id": "UK8CKP6P7"
    },
    {
        "client_msg_id": "5316b742-082f-470c-9152-9f90b35badad",
        "type": "message",
        "text": "<@UK8EJNUKD> we also do plan to release query transformer in api-gateway: it's a callback that will be able to transform query based on context and query provided. This simple concept can help you implement virtually every possible security implementation.",
        "user": "UC19HAUAK",
        "ts": "1561071302.151800",
        "team": "TC0C1HURK",
        "user_team": "TC0C1HURK",
        "source_team": "TC0C1HURK",
        "user_profile": {
            "avatar_hash": "066a042e018c",
            "image_72": "https:\/\/avatars.slack-edge.com\/2019-12-07\/866588520998_066a042e018ca831a195_72.png",
            "first_name": "Pavel",
            "real_name": "Pavel Tiunov",
            "display_name": "pavel",
            "team": "TC0C1HURK",
            "name": "pavel",
            "is_restricted": false,
            "is_ultra_restricted": false
        },
        "thread_ts": "1561068415.151300",
        "parent_user_id": "UK8EJNUKD"
    },
    {
        "client_msg_id": "173db3d5-45e8-43e9-8138-1266a734c08e",
        "type": "message",
        "text": "I'm connecting to Mongodb.",
        "user": "UK8CKP6P7",
        "ts": "1561094631.152000",
        "team": "TC0C1HURK",
        "user_team": "TC0C1HURK",
        "source_team": "TC0C1HURK",
        "user_profile": {
            "avatar_hash": "g770d8fab495",
            "image_72": "https:\/\/secure.gravatar.com\/avatar\/0770d8fab49507c8e4bcc898dd7de457.jpg?s=72&d=https%3A%2F%2Fa.slack-edge.com%2Fdf10d%2Fimg%2Favatars%2Fava_0011-72.png",
            "first_name": "Sujeet",
            "real_name": "Sujeet Kumar Singh",
            "display_name": "powerfist01",
            "team": "TC0C1HURK",
            "name": "sujeets207",
            "is_restricted": false,
            "is_ultra_restricted": false
        },
        "thread_ts": "1559633195.001000",
        "parent_user_id": "UK8CKP6P7"
    },
    {
        "client_msg_id": "3229c939-6857-4532-b964-d2919603b669",
        "type": "message",
        "text": "I have a collection in my mongodb database, which has a field of an object containing multiple key value pairs. I want there key values in my dimension.",
        "user": "UK8CKP6P7",
        "ts": "1561094716.152200",
        "team": "TC0C1HURK",
        "user_team": "TC0C1HURK",
        "source_team": "TC0C1HURK",
        "user_profile": {
            "avatar_hash": "g770d8fab495",
            "image_72": "https:\/\/secure.gravatar.com\/avatar\/0770d8fab49507c8e4bcc898dd7de457.jpg?s=72&d=https%3A%2F%2Fa.slack-edge.com%2Fdf10d%2Fimg%2Favatars%2Fava_0011-72.png",
            "first_name": "Sujeet",
            "real_name": "Sujeet Kumar Singh",
            "display_name": "powerfist01",
            "team": "TC0C1HURK",
            "name": "sujeets207",
            "is_restricted": false,
            "is_ultra_restricted": false
        },
        "thread_ts": "1561031342.137800",
        "parent_user_id": "UK8CKP6P7"
    },
    {
        "client_msg_id": "58d11c9e-e3b8-4343-b64b-2598a286c0d6",
        "type": "message",
        "text": "Help me with the error, Error: Error: Timeout: Request failed to complete in 15000ms",
        "user": "UK83Z2H1A",
        "ts": "1561100111.152900",
        "team": "TC0C1HURK",
        "user_team": "TC0C1HURK",
        "source_team": "TC0C1HURK",
        "user_profile": {
            "avatar_hash": "g4ec3ac6a733",
            "image_72": "https:\/\/secure.gravatar.com\/avatar\/04ec3ac6a733c61de9bfb4af8661e2f8.jpg?s=72&d=https%3A%2F%2Fa.slack-edge.com%2Fdf10d%2Fimg%2Favatars%2Fava_0021-72.png",
            "first_name": "",
            "real_name": "Farmaan",
            "display_name": "Farmaan",
            "team": "TC0C1HURK",
            "name": "mdfarmaan8",
            "is_restricted": false,
            "is_ultra_restricted": false
        },
        "thread_ts": "1561100111.152900",
        "reply_count": 4,
        "reply_users_count": 2,
        "latest_reply": "1561544712.184700",
        "reply_users": [
            "UC19HAUAK",
            "UK83Z2H1A"
        ],
        "replies": [
            {
                "user": "UC19HAUAK",
                "ts": "1561131703.155500"
            },
            {
                "user": "UK83Z2H1A",
                "ts": "1561357556.163700"
            },
            {
                "user": "UC19HAUAK",
                "ts": "1561392274.165100"
            },
            {
                "user": "UK83Z2H1A",
                "ts": "1561544712.184700"
            }
        ],
        "subscribed": false
    }
]