[
    {
        "type": "message",
        "subtype": "channel_join",
        "ts": "1562054368.203200",
        "user": "UKVSA2JC9",
        "text": "<@UKVSA2JC9> has joined the channel"
    },
    {
        "type": "message",
        "subtype": "channel_join",
        "ts": "1562072323.203400",
        "user": "UL4B8921M",
        "text": "<@UL4B8921M> has joined the channel"
    },
    {
        "type": "message",
        "subtype": "channel_join",
        "ts": "1562085109.203800",
        "user": "UKRCUB9RR",
        "text": "<@UKRCUB9RR> has joined the channel"
    },
    {
        "type": "message",
        "subtype": "channel_join",
        "ts": "1562089832.204000",
        "user": "UL2DNMNEQ",
        "text": "<@UL2DNMNEQ> has joined the channel"
    },
    {
        "type": "message",
        "subtype": "channel_join",
        "ts": "1562107562.204200",
        "user": "UL37K4MB7",
        "text": "<@UL37K4MB7> has joined the channel"
    },
    {
        "type": "message",
        "subtype": "channel_join",
        "ts": "1562117118.204400",
        "user": "UKWV28073",
        "text": "<@UKWV28073> has joined the channel"
    }
]