[
    {
        "client_msg_id": "65320cd1-2967-42a9-a2a4-d5981a34e615",
        "type": "message",
        "text": "Two separate cubes is enough for now",
        "user": "UC7JX5RL2",
        "ts": "1572000460.136600",
        "team": "TC0C1HURK",
        "user_team": "TC0C1HURK",
        "source_team": "TC0C1HURK",
        "user_profile": {
            "avatar_hash": "ef59591c43fc",
            "image_72": "https:\/\/avatars.slack-edge.com\/2019-02-12\/548520196212_ef59591c43fca358d306_72.jpg",
            "first_name": "Roman",
            "real_name": "Roman Gomolko",
            "display_name": "Roman Gomolko",
            "team": "TC0C1HURK",
            "name": "rg",
            "is_restricted": false,
            "is_ultra_restricted": false
        },
        "thread_ts": "1571656754.087300",
        "parent_user_id": "UC7JX5RL2"
    },
    {
        "client_msg_id": "56d0a9f8-5e2f-4816-87e0-b3c1f30f28a5",
        "type": "message",
        "text": "Hey <@UPF3UV0MR>! Cumulative are `rollingWindow` and `runningTotal` measures. Multiplied are those which experience join row multiplication issue and need to be deduplicated before actual calculation is done. For example count on a relation which `belongsTo` another cube within a join.",
        "user": "UC19HAUAK",
        "ts": "1572018791.137000",
        "team": "TC0C1HURK",
        "user_team": "TC0C1HURK",
        "source_team": "TC0C1HURK",
        "user_profile": {
            "avatar_hash": "066a042e018c",
            "image_72": "https:\/\/avatars.slack-edge.com\/2019-12-07\/866588520998_066a042e018ca831a195_72.png",
            "first_name": "Pavel",
            "real_name": "Pavel Tiunov",
            "display_name": "pavel",
            "team": "TC0C1HURK",
            "name": "pavel",
            "is_restricted": false,
            "is_ultra_restricted": false
        },
        "thread_ts": "1571984930.136100",
        "parent_user_id": "UPF3UV0MR"
    },
    {
        "client_msg_id": "d8032063-2f7c-4ae5-b0c2-7e32bcae1d74",
        "type": "message",
        "text": "Cool! Then multitenancy should work well.",
        "user": "UC19HAUAK",
        "ts": "1572018823.137200",
        "team": "TC0C1HURK",
        "user_team": "TC0C1HURK",
        "source_team": "TC0C1HURK",
        "user_profile": {
            "avatar_hash": "066a042e018c",
            "image_72": "https:\/\/avatars.slack-edge.com\/2019-12-07\/866588520998_066a042e018ca831a195_72.png",
            "first_name": "Pavel",
            "real_name": "Pavel Tiunov",
            "display_name": "pavel",
            "team": "TC0C1HURK",
            "name": "pavel",
            "is_restricted": false,
            "is_ultra_restricted": false
        },
        "thread_ts": "1571656754.087300",
        "parent_user_id": "UC7JX5RL2"
    },
    {
        "client_msg_id": "dd349554-8489-4516-81aa-8f85c5d473e7",
        "type": "message",
        "text": "Hi <@UC19HAUAK>, does the CubejsApi support setting any headers? I don’t see anything about it here\n<https:\/\/cube.dev\/docs\/@cubejs-client-core#cubejs-api>\nexcept maybe the `options`, which doesn’t appear to be documented and I don’t see anything about headers here:\n<https:\/\/github.com\/cube-js\/cube.js\/blob\/master\/packages\/cubejs-client-core\/src\/index.js>",
        "user": "UPGGHD4A3",
        "ts": "1572030101.138900",
        "team": "TC0C1HURK",
        "user_team": "TC0C1HURK",
        "source_team": "TC0C1HURK",
        "user_profile": {
            "avatar_hash": "g0d5c98e7390",
            "image_72": "https:\/\/secure.gravatar.com\/avatar\/0d5c98e73901202c4453bc202770b425.jpg?s=72&d=https%3A%2F%2Fa.slack-edge.com%2Fdf10d%2Fimg%2Favatars%2Fava_0006-72.png",
            "first_name": "",
            "real_name": "Matt Ferrante",
            "display_name": "Matt Ferrante",
            "team": "TC0C1HURK",
            "name": "matt",
            "is_restricted": false,
            "is_ultra_restricted": false
        },
        "attachments": [
            {
                "service_name": "GitHub",
                "title": "cube-js\/cube.js",
                "title_link": "https:\/\/github.com\/cube-js\/cube.js\/blob\/master\/packages\/cubejs-client-core\/src\/index.js",
                "text": ":bar_chart: Cube.js - Open Source Analytics Framework. Contribute to cube-js\/cube.js development by creating an account on GitHub.",
                "fallback": "GitHub: cube-js\/cube.js",
                "thumb_url": "https:\/\/avatars0.githubusercontent.com\/u\/52467369?s=400&v=4",
                "from_url": "https:\/\/github.com\/cube-js\/cube.js\/blob\/master\/packages\/cubejs-client-core\/src\/index.js",
                "thumb_width": 400,
                "thumb_height": 400,
                "service_icon": "https:\/\/a.slack-edge.com\/80588\/img\/unfurl_icons\/github.png",
                "id": 1,
                "original_url": "https:\/\/github.com\/cube-js\/cube.js\/blob\/master\/packages\/cubejs-client-core\/src\/index.js"
            }
        ],
        "thread_ts": "1572030101.138900",
        "reply_count": 3,
        "reply_users_count": 2,
        "latest_reply": "1572032661.147000",
        "reply_users": [
            "UC19HAUAK",
            "UPGGHD4A3"
        ],
        "replies": [
            {
                "user": "UC19HAUAK",
                "ts": "1572032081.143500"
            },
            {
                "user": "UPGGHD4A3",
                "ts": "1572032277.145900"
            },
            {
                "user": "UPGGHD4A3",
                "ts": "1572032661.147000"
            }
        ],
        "subscribed": false
    },
    {
        "client_msg_id": "41d52a7c-7635-49a1-8faa-c08503f71192",
        "type": "message",
        "text": "Hi,\nIs there a way to get 6 months(Half yearly) granularity for a timeDimension?",
        "user": "ULR560R26",
        "ts": "1572031097.142100",
        "team": "TC0C1HURK",
        "user_team": "TC0C1HURK",
        "source_team": "TC0C1HURK",
        "user_profile": {
            "avatar_hash": "gb1e3de6f464",
            "image_72": "https:\/\/secure.gravatar.com\/avatar\/6b1e3de6f464c6b20845de105aaa664a.jpg?s=72&d=https%3A%2F%2Fa.slack-edge.com%2Fdf10d%2Fimg%2Favatars%2Fava_0018-72.png",
            "first_name": "Sandeep",
            "real_name": "Sandeep Nadella",
            "display_name": "sanadell",
            "team": "TC0C1HURK",
            "name": "sandeep10101993",
            "is_restricted": false,
            "is_ultra_restricted": false
        },
        "thread_ts": "1572031097.142100",
        "reply_count": 4,
        "reply_users_count": 2,
        "latest_reply": "1572378194.212200",
        "reply_users": [
            "UC19HAUAK",
            "ULR560R26"
        ],
        "replies": [
            {
                "user": "UC19HAUAK",
                "ts": "1572032269.145600"
            },
            {
                "user": "ULR560R26",
                "ts": "1572032504.146600"
            },
            {
                "user": "UC19HAUAK",
                "ts": "1572038905.150100"
            },
            {
                "user": "ULR560R26",
                "ts": "1572378194.212200"
            }
        ],
        "subscribed": false
    },
    {
        "client_msg_id": "47fb9b98-d2a1-4305-9d9d-f3074ff20fb5",
        "type": "message",
        "text": "Hey <@UPGGHD4A3>! Great question! There's no way to set additional headers right now. I believe we need to create an issue for that. As a workaround you can override `HttpTransport` though.",
        "user": "UC19HAUAK",
        "ts": "1572032081.143500",
        "team": "TC0C1HURK",
        "user_team": "TC0C1HURK",
        "source_team": "TC0C1HURK",
        "user_profile": {
            "avatar_hash": "066a042e018c",
            "image_72": "https:\/\/avatars.slack-edge.com\/2019-12-07\/866588520998_066a042e018ca831a195_72.png",
            "first_name": "Pavel",
            "real_name": "Pavel Tiunov",
            "display_name": "pavel",
            "team": "TC0C1HURK",
            "name": "pavel",
            "is_restricted": false,
            "is_ultra_restricted": false
        },
        "thread_ts": "1572030101.138900",
        "parent_user_id": "UPGGHD4A3",
        "reactions": [
            {
                "name": "+1",
                "users": [
                    "UPGGHD4A3"
                ],
                "count": 1
            }
        ]
    },
    {
        "client_msg_id": "9e450b9e-3320-43dc-8bbd-c7c241cfb811",
        "type": "message",
        "text": "Hi, I'am facing a problem with the multitenancy setup. I am currently using the queryTransformer for tenant isolation. the problem is now, that we have users with access to multiple tenants. so I have more then one tenantId encoded in the authorization header.\n\nso now I would need to include the currently selected tenant in every requests. sure I could include a filter with the currently active tenantId in every query but I would prefer to include a custom header. if i am not mistaken the request-method of the client would be capable of adding additional headers but it is currently not possible to pass this options through the load-method to the request method.\n\nwhat would you guys suggest?",
        "user": "UJ0P225EY",
        "ts": "1572032094.143900",
        "team": "TC0C1HURK",
        "user_team": "TC0C1HURK",
        "source_team": "TC0C1HURK",
        "user_profile": {
            "avatar_hash": "g0b04c1f86b1",
            "image_72": "https:\/\/secure.gravatar.com\/avatar\/40b04c1f86b19c1a4ea23de639325636.jpg?s=72&d=https%3A%2F%2Fa.slack-edge.com%2Fdf10d%2Fimg%2Favatars%2Fava_0014-72.png",
            "first_name": "",
            "real_name": "Chris",
            "display_name": "Chris",
            "team": "TC0C1HURK",
            "name": "christoph.haselmann",
            "is_restricted": false,
            "is_ultra_restricted": false
        }
    },
    {
        "client_msg_id": "23cbc98b-97f5-4024-ad2a-c83fa282d5b2",
        "type": "message",
        "text": "Sorry for the duplicate! <@UPGGHD4A3> your message appeared in my client right after I submitted my question",
        "user": "UJ0P225EY",
        "ts": "1572032223.145200",
        "team": "TC0C1HURK",
        "user_team": "TC0C1HURK",
        "source_team": "TC0C1HURK",
        "user_profile": {
            "avatar_hash": "g0b04c1f86b1",
            "image_72": "https:\/\/secure.gravatar.com\/avatar\/40b04c1f86b19c1a4ea23de639325636.jpg?s=72&d=https%3A%2F%2Fa.slack-edge.com%2Fdf10d%2Fimg%2Favatars%2Fava_0014-72.png",
            "first_name": "",
            "real_name": "Chris",
            "display_name": "Chris",
            "team": "TC0C1HURK",
            "name": "christoph.haselmann",
            "is_restricted": false,
            "is_ultra_restricted": false
        },
        "thread_ts": "1572032223.145200",
        "reply_count": 14,
        "reply_users_count": 3,
        "latest_reply": "1572071380.155100",
        "reply_users": [
            "UPGGHD4A3",
            "UC19HAUAK",
            "UJ0P225EY"
        ],
        "replies": [
            {
                "user": "UPGGHD4A3",
                "ts": "1572032264.145400"
            },
            {
                "user": "UC19HAUAK",
                "ts": "1572032350.146400"
            },
            {
                "user": "UPGGHD4A3",
                "ts": "1572032665.147300"
            },
            {
                "user": "UPGGHD4A3",
                "ts": "1572033626.147500"
            },
            {
                "user": "UC19HAUAK",
                "ts": "1572036687.147900"
            },
            {
                "user": "UC19HAUAK",
                "ts": "1572037787.148200"
            },
            {
                "user": "UPGGHD4A3",
                "ts": "1572037841.148400"
            },
            {
                "user": "UC19HAUAK",
                "ts": "1572037971.148600"
            },
            {
                "user": "UC19HAUAK",
                "ts": "1572038188.148900"
            },
            {
                "user": "UC19HAUAK",
                "ts": "1572038212.149100"
            },
            {
                "user": "UPGGHD4A3",
                "ts": "1572038362.149400"
            },
            {
                "user": "UPGGHD4A3",
                "ts": "1572038495.149600"
            },
            {
                "user": "UC19HAUAK",
                "ts": "1572038701.149800"
            },
            {
                "user": "UJ0P225EY",
                "ts": "1572071380.155100"
            }
        ],
        "subscribed": false,
        "reactions": [
            {
                "name": "+1",
                "users": [
                    "UPGGHD4A3",
                    "UC19HAUAK"
                ],
                "count": 2
            }
        ]
    },
    {
        "client_msg_id": "7beac4d0-3806-41b0-8296-907809ca21cf",
        "type": "message",
        "text": "I’m making an issue in github",
        "user": "UPGGHD4A3",
        "ts": "1572032264.145400",
        "team": "TC0C1HURK",
        "user_team": "TC0C1HURK",
        "source_team": "TC0C1HURK",
        "user_profile": {
            "avatar_hash": "g0d5c98e7390",
            "image_72": "https:\/\/secure.gravatar.com\/avatar\/0d5c98e73901202c4453bc202770b425.jpg?s=72&d=https%3A%2F%2Fa.slack-edge.com%2Fdf10d%2Fimg%2Favatars%2Fava_0006-72.png",
            "first_name": "",
            "real_name": "Matt Ferrante",
            "display_name": "Matt Ferrante",
            "team": "TC0C1HURK",
            "name": "matt",
            "is_restricted": false,
            "is_ultra_restricted": false
        },
        "thread_ts": "1572032223.145200",
        "parent_user_id": "UJ0P225EY",
        "reactions": [
            {
                "name": "raised_hands",
                "users": [
                    "UC19HAUAK"
                ],
                "count": 1
            },
            {
                "name": "+1",
                "users": [
                    "UJ0P225EY"
                ],
                "count": 1
            }
        ]
    },
    {
        "client_msg_id": "eb667cec-fdc2-4ab4-8156-8bcad934fa7e",
        "type": "message",
        "text": "Hey <@ULR560R26>! Not yet unfortunately. Here's an issue for it: <https:\/\/github.com\/cube-js\/cube.js\/issues\/177>",
        "user": "UC19HAUAK",
        "ts": "1572032269.145600",
        "team": "TC0C1HURK",
        "user_team": "TC0C1HURK",
        "source_team": "TC0C1HURK",
        "user_profile": {
            "avatar_hash": "066a042e018c",
            "image_72": "https:\/\/avatars.slack-edge.com\/2019-12-07\/866588520998_066a042e018ca831a195_72.png",
            "first_name": "Pavel",
            "real_name": "Pavel Tiunov",
            "display_name": "pavel",
            "team": "TC0C1HURK",
            "name": "pavel",
            "is_restricted": false,
            "is_ultra_restricted": false
        },
        "attachments": [
            {
                "service_name": "GitHub",
                "title": "Alternate week granularity to allow for week starting either Sunday OR Monday and other granularities · Issue #177 · cube-js\/cube.js",
                "title_link": "https:\/\/github.com\/cube-js\/cube.js\/issues\/177",
                "text": "Is your feature request related to a problem? Please describe. We work with a dataset where some customers consider a week differently, where a &amp;quot;week&amp;quot; is starting either Sunday or Monday....",
                "fallback": "GitHub: Alternate week granularity to allow for week starting either Sunday OR Monday and other granularities · Issue #177 · cube-js\/cube.js",
                "thumb_url": "https:\/\/avatars0.githubusercontent.com\/u\/52467369?s=400&v=4",
                "from_url": "https:\/\/github.com\/cube-js\/cube.js\/issues\/177",
                "thumb_width": 400,
                "thumb_height": 400,
                "service_icon": "https:\/\/a.slack-edge.com\/80588\/img\/unfurl_icons\/github.png",
                "id": 1,
                "original_url": "https:\/\/github.com\/cube-js\/cube.js\/issues\/177"
            }
        ],
        "thread_ts": "1572031097.142100",
        "parent_user_id": "ULR560R26"
    },
    {
        "client_msg_id": "7392a54d-c4f5-4766-b0f3-c7f80ed24b24",
        "type": "message",
        "text": "Making an issue for that",
        "user": "UPGGHD4A3",
        "ts": "1572032277.145900",
        "team": "TC0C1HURK",
        "user_team": "TC0C1HURK",
        "source_team": "TC0C1HURK",
        "user_profile": {
            "avatar_hash": "g0d5c98e7390",
            "image_72": "https:\/\/secure.gravatar.com\/avatar\/0d5c98e73901202c4453bc202770b425.jpg?s=72&d=https%3A%2F%2Fa.slack-edge.com%2Fdf10d%2Fimg%2Favatars%2Fava_0006-72.png",
            "first_name": "",
            "real_name": "Matt Ferrante",
            "display_name": "Matt Ferrante",
            "team": "TC0C1HURK",
            "name": "matt",
            "is_restricted": false,
            "is_ultra_restricted": false
        },
        "thread_ts": "1572030101.138900",
        "parent_user_id": "UPGGHD4A3"
    },
    {
        "client_msg_id": "39fb9b6a-dddf-4567-8913-7fa308795a3b",
        "type": "message",
        "text": "Yeah. Let's put this thread on github. <@UPGGHD4A3> I'm curious do you have the same use case as <@UJ0P225EY> has?",
        "user": "UC19HAUAK",
        "ts": "1572032350.146400",
        "team": "TC0C1HURK",
        "user_team": "TC0C1HURK",
        "source_team": "TC0C1HURK",
        "user_profile": {
            "avatar_hash": "066a042e018c",
            "image_72": "https:\/\/avatars.slack-edge.com\/2019-12-07\/866588520998_066a042e018ca831a195_72.png",
            "first_name": "Pavel",
            "real_name": "Pavel Tiunov",
            "display_name": "pavel",
            "team": "TC0C1HURK",
            "name": "pavel",
            "is_restricted": false,
            "is_ultra_restricted": false
        },
        "thread_ts": "1572032223.145200",
        "parent_user_id": "UJ0P225EY"
    },
    {
        "type": "message",
        "text": "Thanks <@UC19HAUAK>. Is there a way to hide zero\/no data months? My current data looks like this. If I can hide the ones with 0 or no data measures it would solve my issue for time being.",
        "files": [
            {
                "id": "FPTT397QD",
                "created": 1572032500,
                "timestamp": 1572032500,
                "name": "image.png",
                "title": "image.png",
                "mimetype": "image\/png",
                "filetype": "png",
                "pretty_type": "PNG",
                "user": "ULR560R26",
                "editable": false,
                "size": 100030,
                "mode": "hosted",
                "is_external": false,
                "external_type": "",
                "is_public": true,
                "public_url_shared": false,
                "display_as_bot": false,
                "username": "",
                "url_private": "https:\/\/files.slack.com\/files-pri\/TC0C1HURK-FPTT397QD\/image.png?t=xoxe-408409606869-1300049925941-1294691254950-5e5ba619551397a2daf3223fc6c48b4a",
                "url_private_download": "https:\/\/files.slack.com\/files-pri\/TC0C1HURK-FPTT397QD\/download\/image.png?t=xoxe-408409606869-1300049925941-1294691254950-5e5ba619551397a2daf3223fc6c48b4a",
                "thumb_64": "https:\/\/files.slack.com\/files-tmb\/TC0C1HURK-FPTT397QD-3831ec5eda\/image_64.png?t=xoxe-408409606869-1300049925941-1294691254950-5e5ba619551397a2daf3223fc6c48b4a",
                "thumb_80": "https:\/\/files.slack.com\/files-tmb\/TC0C1HURK-FPTT397QD-3831ec5eda\/image_80.png?t=xoxe-408409606869-1300049925941-1294691254950-5e5ba619551397a2daf3223fc6c48b4a",
                "thumb_360": "https:\/\/files.slack.com\/files-tmb\/TC0C1HURK-FPTT397QD-3831ec5eda\/image_360.png?t=xoxe-408409606869-1300049925941-1294691254950-5e5ba619551397a2daf3223fc6c48b4a",
                "thumb_360_w": 360,
                "thumb_360_h": 113,
                "thumb_480": "https:\/\/files.slack.com\/files-tmb\/TC0C1HURK-FPTT397QD-3831ec5eda\/image_480.png?t=xoxe-408409606869-1300049925941-1294691254950-5e5ba619551397a2daf3223fc6c48b4a",
                "thumb_480_w": 480,
                "thumb_480_h": 151,
                "thumb_160": "https:\/\/files.slack.com\/files-tmb\/TC0C1HURK-FPTT397QD-3831ec5eda\/image_160.png?t=xoxe-408409606869-1300049925941-1294691254950-5e5ba619551397a2daf3223fc6c48b4a",
                "thumb_720": "https:\/\/files.slack.com\/files-tmb\/TC0C1HURK-FPTT397QD-3831ec5eda\/image_720.png?t=xoxe-408409606869-1300049925941-1294691254950-5e5ba619551397a2daf3223fc6c48b4a",
                "thumb_720_w": 720,
                "thumb_720_h": 226,
                "thumb_800": "https:\/\/files.slack.com\/files-tmb\/TC0C1HURK-FPTT397QD-3831ec5eda\/image_800.png?t=xoxe-408409606869-1300049925941-1294691254950-5e5ba619551397a2daf3223fc6c48b4a",
                "thumb_800_w": 800,
                "thumb_800_h": 251,
                "thumb_960": "https:\/\/files.slack.com\/files-tmb\/TC0C1HURK-FPTT397QD-3831ec5eda\/image_960.png?t=xoxe-408409606869-1300049925941-1294691254950-5e5ba619551397a2daf3223fc6c48b4a",
                "thumb_960_w": 960,
                "thumb_960_h": 301,
                "thumb_1024": "https:\/\/files.slack.com\/files-tmb\/TC0C1HURK-FPTT397QD-3831ec5eda\/image_1024.png?t=xoxe-408409606869-1300049925941-1294691254950-5e5ba619551397a2daf3223fc6c48b4a",
                "thumb_1024_w": 1024,
                "thumb_1024_h": 321,
                "image_exif_rotation": 1,
                "original_w": 2084,
                "original_h": 654,
                "thumb_tiny": "AwAPADDSzzilpO9HNAC03OWHpil5pMUAOpCcAmjmjGetAH\/\/2Q==",
                "permalink": "https:\/\/cube-js.slack.com\/files\/ULR560R26\/FPTT397QD\/image.png",
                "permalink_public": "https:\/\/slack-files.com\/TC0C1HURK-FPTT397QD-3fc6a2b851",
                "is_starred": false,
                "has_rich_preview": false
            }
        ],
        "upload": true,
        "user": "ULR560R26",
        "display_as_bot": false,
        "ts": "1572032504.146600",
        "client_msg_id": "67f25fd7-40b3-4f36-bb08-708d47c102f4",
        "thread_ts": "1572031097.142100",
        "parent_user_id": "ULR560R26"
    },
    {
        "client_msg_id": "802a3c0c-335c-4b2d-a0df-e772cb6a56e5",
        "type": "message",
        "text": "<https:\/\/github.com\/cube-js\/cube.js\/issues\/241>",
        "user": "UPGGHD4A3",
        "ts": "1572032661.147000",
        "team": "TC0C1HURK",
        "user_team": "TC0C1HURK",
        "source_team": "TC0C1HURK",
        "user_profile": {
            "avatar_hash": "g0d5c98e7390",
            "image_72": "https:\/\/secure.gravatar.com\/avatar\/0d5c98e73901202c4453bc202770b425.jpg?s=72&d=https%3A%2F%2Fa.slack-edge.com%2Fdf10d%2Fimg%2Favatars%2Fava_0006-72.png",
            "first_name": "",
            "real_name": "Matt Ferrante",
            "display_name": "Matt Ferrante",
            "team": "TC0C1HURK",
            "name": "matt",
            "is_restricted": false,
            "is_ultra_restricted": false
        },
        "attachments": [
            {
                "service_name": "GitHub",
                "title": "Support for setting headers for CubejsApi (cubejs-client-core) · Issue #241 · cube-js\/cube.js",
                "title_link": "https:\/\/github.com\/cube-js\/cube.js\/issues\/241",
                "text": "Is your feature request related to a problem? Please describe. I&amp;#39;m trying to integrate some testing, but this would be a problem with a front-end integrating as well. I want to set multiple hea...",
                "fallback": "GitHub: Support for setting headers for CubejsApi (cubejs-client-core) · Issue #241 · cube-js\/cube.js",
                "thumb_url": "https:\/\/avatars0.githubusercontent.com\/u\/52467369?s=400&v=4",
                "from_url": "https:\/\/github.com\/cube-js\/cube.js\/issues\/241",
                "thumb_width": 400,
                "thumb_height": 400,
                "service_icon": "https:\/\/a.slack-edge.com\/80588\/img\/unfurl_icons\/github.png",
                "id": 1,
                "original_url": "https:\/\/github.com\/cube-js\/cube.js\/issues\/241"
            }
        ],
        "thread_ts": "1572030101.138900",
        "parent_user_id": "UPGGHD4A3"
    },
    {
        "client_msg_id": "8208ac7f-c218-45f0-8695-8ec0c2d09f0d",
        "type": "message",
        "text": "<https:\/\/github.com\/cube-js\/cube.js\/issues\/241>",
        "user": "UPGGHD4A3",
        "ts": "1572032665.147300",
        "team": "TC0C1HURK",
        "user_team": "TC0C1HURK",
        "source_team": "TC0C1HURK",
        "user_profile": {
            "avatar_hash": "g0d5c98e7390",
            "image_72": "https:\/\/secure.gravatar.com\/avatar\/0d5c98e73901202c4453bc202770b425.jpg?s=72&d=https%3A%2F%2Fa.slack-edge.com%2Fdf10d%2Fimg%2Favatars%2Fava_0006-72.png",
            "first_name": "",
            "real_name": "Matt Ferrante",
            "display_name": "Matt Ferrante",
            "team": "TC0C1HURK",
            "name": "matt",
            "is_restricted": false,
            "is_ultra_restricted": false
        },
        "thread_ts": "1572032223.145200",
        "parent_user_id": "UJ0P225EY"
    },
    {
        "client_msg_id": "267d896e-6d63-4b3b-868c-9d548e4b6105",
        "type": "message",
        "text": "made a PR for it. <https:\/\/github.com\/cube-js\/cube.js\/pull\/242> looks like the new guide tests are failing though",
        "user": "UPGGHD4A3",
        "ts": "1572033626.147500",
        "team": "TC0C1HURK",
        "user_team": "TC0C1HURK",
        "source_team": "TC0C1HURK",
        "user_profile": {
            "avatar_hash": "g0d5c98e7390",
            "image_72": "https:\/\/secure.gravatar.com\/avatar\/0d5c98e73901202c4453bc202770b425.jpg?s=72&d=https%3A%2F%2Fa.slack-edge.com%2Fdf10d%2Fimg%2Favatars%2Fava_0006-72.png",
            "first_name": "",
            "real_name": "Matt Ferrante",
            "display_name": "Matt Ferrante",
            "team": "TC0C1HURK",
            "name": "matt",
            "is_restricted": false,
            "is_ultra_restricted": false
        },
        "attachments": [
            {
                "service_name": "GitHub",
                "title": "client headers for CubejsApi by ferrants · Pull Request #242 · cube-js\/cube.js",
                "title_link": "https:\/\/github.com\/cube-js\/cube.js\/pull\/242",
                "text": "Check List Tests has been run in packages where changes made if available Linter has been run for changed code Tests for the changes have been added if not covered yet Docs have been added \/ u...",
                "fallback": "GitHub: client headers for CubejsApi by ferrants · Pull Request #242 · cube-js\/cube.js",
                "thumb_url": "https:\/\/avatars0.githubusercontent.com\/u\/52467369?s=400&v=4",
                "from_url": "https:\/\/github.com\/cube-js\/cube.js\/pull\/242",
                "thumb_width": 400,
                "thumb_height": 400,
                "service_icon": "https:\/\/a.slack-edge.com\/80588\/img\/unfurl_icons\/github.png",
                "id": 1,
                "original_url": "https:\/\/github.com\/cube-js\/cube.js\/pull\/242"
            }
        ],
        "thread_ts": "1572032223.145200",
        "parent_user_id": "UJ0P225EY",
        "reactions": [
            {
                "name": "clap",
                "users": [
                    "UJ0P225EY"
                ],
                "count": 1
            }
        ]
    },
    {
        "client_msg_id": "474327ac-577a-44d7-b0df-80384474e643",
        "type": "message",
        "text": "<@UPGGHD4A3> It's ok. We should just disable those for PR.",
        "user": "UC19HAUAK",
        "ts": "1572036687.147900",
        "team": "TC0C1HURK",
        "user_team": "TC0C1HURK",
        "source_team": "TC0C1HURK",
        "user_profile": {
            "avatar_hash": "066a042e018c",
            "image_72": "https:\/\/avatars.slack-edge.com\/2019-12-07\/866588520998_066a042e018ca831a195_72.png",
            "first_name": "Pavel",
            "real_name": "Pavel Tiunov",
            "display_name": "pavel",
            "team": "TC0C1HURK",
            "name": "pavel",
            "is_restricted": false,
            "is_ultra_restricted": false
        },
        "edited": {
            "user": "UC19HAUAK",
            "ts": "1572036703.000000"
        },
        "thread_ts": "1572032223.145200",
        "parent_user_id": "UJ0P225EY"
    },
    {
        "client_msg_id": "3e439229-cf8e-4a94-9639-771280a5abc8",
        "type": "message",
        "text": "<@UJ0P225EY> <@UPGGHD4A3> Just to make sure: do you need just fixed value headers? Or do you need to update them over time?",
        "user": "UC19HAUAK",
        "ts": "1572037787.148200",
        "team": "TC0C1HURK",
        "user_team": "TC0C1HURK",
        "source_team": "TC0C1HURK",
        "user_profile": {
            "avatar_hash": "066a042e018c",
            "image_72": "https:\/\/avatars.slack-edge.com\/2019-12-07\/866588520998_066a042e018ca831a195_72.png",
            "first_name": "Pavel",
            "real_name": "Pavel Tiunov",
            "display_name": "pavel",
            "team": "TC0C1HURK",
            "name": "pavel",
            "is_restricted": false,
            "is_ultra_restricted": false
        },
        "thread_ts": "1572032223.145200",
        "parent_user_id": "UJ0P225EY"
    },
    {
        "client_msg_id": "997412d0-3e29-4ff6-9a30-2aa146ba391c",
        "type": "message",
        "text": "Per-client works for my use case, but I could see wanting to override also for each call to the api.",
        "user": "UPGGHD4A3",
        "ts": "1572037841.148400",
        "team": "TC0C1HURK",
        "user_team": "TC0C1HURK",
        "source_team": "TC0C1HURK",
        "user_profile": {
            "avatar_hash": "g0d5c98e7390",
            "image_72": "https:\/\/secure.gravatar.com\/avatar\/0d5c98e73901202c4453bc202770b425.jpg?s=72&d=https%3A%2F%2Fa.slack-edge.com%2Fdf10d%2Fimg%2Favatars%2Fava_0006-72.png",
            "first_name": "",
            "real_name": "Matt Ferrante",
            "display_name": "Matt Ferrante",
            "team": "TC0C1HURK",
            "name": "matt",
            "is_restricted": false,
            "is_ultra_restricted": false
        },
        "thread_ts": "1572032223.145200",
        "parent_user_id": "UJ0P225EY"
    },
    {
        "client_msg_id": "f1b66be4-dbb7-4c87-afc5-882493039399",
        "type": "message",
        "text": "Yeah. Right. Let's ship it this way and see how it goes.",
        "user": "UC19HAUAK",
        "ts": "1572037971.148600",
        "team": "TC0C1HURK",
        "user_team": "TC0C1HURK",
        "source_team": "TC0C1HURK",
        "user_profile": {
            "avatar_hash": "066a042e018c",
            "image_72": "https:\/\/avatars.slack-edge.com\/2019-12-07\/866588520998_066a042e018ca831a195_72.png",
            "first_name": "Pavel",
            "real_name": "Pavel Tiunov",
            "display_name": "pavel",
            "team": "TC0C1HURK",
            "name": "pavel",
            "is_restricted": false,
            "is_ultra_restricted": false
        },
        "thread_ts": "1572032223.145200",
        "parent_user_id": "UJ0P225EY",
        "reactions": [
            {
                "name": "+1",
                "users": [
                    "UPGGHD4A3"
                ],
                "count": 1
            }
        ]
    },
    {
        "client_msg_id": "91f3f1fa-d6e8-41c2-9cd7-62ee5d53cb46",
        "type": "message",
        "text": "Shipped in v0.11.10",
        "user": "UC19HAUAK",
        "ts": "1572038188.148900",
        "team": "TC0C1HURK",
        "user_team": "TC0C1HURK",
        "source_team": "TC0C1HURK",
        "user_profile": {
            "avatar_hash": "066a042e018c",
            "image_72": "https:\/\/avatars.slack-edge.com\/2019-12-07\/866588520998_066a042e018ca831a195_72.png",
            "first_name": "Pavel",
            "real_name": "Pavel Tiunov",
            "display_name": "pavel",
            "team": "TC0C1HURK",
            "name": "pavel",
            "is_restricted": false,
            "is_ultra_restricted": false
        },
        "thread_ts": "1572032223.145200",
        "parent_user_id": "UJ0P225EY",
        "reactions": [
            {
                "name": "tada",
                "users": [
                    "UPGGHD4A3",
                    "UC19HAUAK",
                    "UJ0P225EY"
                ],
                "count": 3
            }
        ]
    },
    {
        "client_msg_id": "4dbfeab2-3342-4cba-8eea-8f2a0055844b",
        "type": "message",
        "text": "<@UJ0P225EY> <@UPGGHD4A3> Could you please check if it works for you?",
        "user": "UC19HAUAK",
        "ts": "1572038212.149100",
        "team": "TC0C1HURK",
        "user_team": "TC0C1HURK",
        "source_team": "TC0C1HURK",
        "user_profile": {
            "avatar_hash": "066a042e018c",
            "image_72": "https:\/\/avatars.slack-edge.com\/2019-12-07\/866588520998_066a042e018ca831a195_72.png",
            "first_name": "Pavel",
            "real_name": "Pavel Tiunov",
            "display_name": "pavel",
            "team": "TC0C1HURK",
            "name": "pavel",
            "is_restricted": false,
            "is_ultra_restricted": false
        },
        "thread_ts": "1572032223.145200",
        "parent_user_id": "UJ0P225EY"
    },
    {
        "client_msg_id": "25708f75-9740-4bac-a40e-1e2a7a07cb24",
        "type": "message",
        "text": "Yes, headers are passing through for me as I’d expect them to :+1:",
        "user": "UPGGHD4A3",
        "ts": "1572038362.149400",
        "team": "TC0C1HURK",
        "user_team": "TC0C1HURK",
        "source_team": "TC0C1HURK",
        "user_profile": {
            "avatar_hash": "g0d5c98e7390",
            "image_72": "https:\/\/secure.gravatar.com\/avatar\/0d5c98e73901202c4453bc202770b425.jpg?s=72&d=https%3A%2F%2Fa.slack-edge.com%2Fdf10d%2Fimg%2Favatars%2Fava_0006-72.png",
            "first_name": "",
            "real_name": "Matt Ferrante",
            "display_name": "Matt Ferrante",
            "team": "TC0C1HURK",
            "name": "matt",
            "is_restricted": false,
            "is_ultra_restricted": false
        },
        "thread_ts": "1572032223.145200",
        "parent_user_id": "UJ0P225EY"
    },
    {
        "client_msg_id": "9da91943-ed40-4c17-a0f6-65f50ab4ed79",
        "type": "message",
        "text": "verified in the `checkAuthMiddleware` config function. I’ll be able to use this. Thanks for the quick acceptance and release of this!",
        "user": "UPGGHD4A3",
        "ts": "1572038495.149600",
        "team": "TC0C1HURK",
        "user_team": "TC0C1HURK",
        "source_team": "TC0C1HURK",
        "user_profile": {
            "avatar_hash": "g0d5c98e7390",
            "image_72": "https:\/\/secure.gravatar.com\/avatar\/0d5c98e73901202c4453bc202770b425.jpg?s=72&d=https%3A%2F%2Fa.slack-edge.com%2Fdf10d%2Fimg%2Favatars%2Fava_0006-72.png",
            "first_name": "",
            "real_name": "Matt Ferrante",
            "display_name": "Matt Ferrante",
            "team": "TC0C1HURK",
            "name": "matt",
            "is_restricted": false,
            "is_ultra_restricted": false
        },
        "thread_ts": "1572032223.145200",
        "parent_user_id": "UJ0P225EY"
    },
    {
        "client_msg_id": "bfee324d-1f60-4600-a69c-f51748334756",
        "type": "message",
        "text": "<@UPGGHD4A3> :raised_hands: Great to hear that!",
        "user": "UC19HAUAK",
        "ts": "1572038701.149800",
        "team": "TC0C1HURK",
        "user_team": "TC0C1HURK",
        "source_team": "TC0C1HURK",
        "user_profile": {
            "avatar_hash": "066a042e018c",
            "image_72": "https:\/\/avatars.slack-edge.com\/2019-12-07\/866588520998_066a042e018ca831a195_72.png",
            "first_name": "Pavel",
            "real_name": "Pavel Tiunov",
            "display_name": "pavel",
            "team": "TC0C1HURK",
            "name": "pavel",
            "is_restricted": false,
            "is_ultra_restricted": false
        },
        "thread_ts": "1572032223.145200",
        "parent_user_id": "UJ0P225EY"
    },
    {
        "client_msg_id": "576fb2fb-291e-4e12-9b85-bb7e334c6d11",
        "type": "message",
        "text": "<@ULR560R26> Yep. There's a way: pass `{ fillMissingDates: false }` in `pivotConfig`: <https:\/\/cube.dev\/docs\/@cubejs-client-core#result-set-chart-pivot>",
        "user": "UC19HAUAK",
        "ts": "1572038905.150100",
        "team": "TC0C1HURK",
        "user_team": "TC0C1HURK",
        "source_team": "TC0C1HURK",
        "user_profile": {
            "avatar_hash": "066a042e018c",
            "image_72": "https:\/\/avatars.slack-edge.com\/2019-12-07\/866588520998_066a042e018ca831a195_72.png",
            "first_name": "Pavel",
            "real_name": "Pavel Tiunov",
            "display_name": "pavel",
            "team": "TC0C1HURK",
            "name": "pavel",
            "is_restricted": false,
            "is_ultra_restricted": false
        },
        "thread_ts": "1572031097.142100",
        "parent_user_id": "ULR560R26"
    },
    {
        "type": "message",
        "subtype": "channel_join",
        "ts": "1572041493.150400",
        "user": "UPF8P3E0J",
        "text": "<@UPF8P3E0J> has joined the channel"
    },
    {
        "type": "message",
        "subtype": "channel_join",
        "ts": "1572058316.150600",
        "user": "UPW29Q6CX",
        "text": "<@UPW29Q6CX> has joined the channel"
    },
    {
        "client_msg_id": "6ce9583f-1a2d-48e6-a151-3dc70de88f74",
        "type": "message",
        "text": "Hey guys, quick question about connecting to postgres locally&gt;I keep getting this error: Error while loading DB schema\nError: The server does not support SSL connections at Socket.&lt;anonymous&gt;",
        "user": "UPW29Q6CX",
        "ts": "1572058380.151300",
        "team": "TC0C1HURK",
        "user_team": "TC0C1HURK",
        "source_team": "TC0C1HURK",
        "user_profile": {
            "avatar_hash": "g88b04b7349c",
            "image_72": "https:\/\/secure.gravatar.com\/avatar\/88b04b7349cfb519ac7bdd6c36cc6a31.jpg?s=72&d=https%3A%2F%2Fa.slack-edge.com%2Fdf10d%2Fimg%2Favatars%2Fava_0019-72.png",
            "first_name": "",
            "real_name": "Saj Arora",
            "display_name": "Saj Arora",
            "team": "TC0C1HURK",
            "name": "dev",
            "is_restricted": false,
            "is_ultra_restricted": false
        },
        "thread_ts": "1572058380.151300",
        "reply_count": 9,
        "reply_users_count": 2,
        "latest_reply": "1572061053.154000",
        "reply_users": [
            "UC19HAUAK",
            "UPW29Q6CX"
        ],
        "replies": [
            {
                "user": "UC19HAUAK",
                "ts": "1572058455.152300"
            },
            {
                "user": "UPW29Q6CX",
                "ts": "1572059247.152500"
            },
            {
                "user": "UC19HAUAK",
                "ts": "1572059843.152700"
            },
            {
                "user": "UC19HAUAK",
                "ts": "1572059873.152900"
            },
            {
                "user": "UPW29Q6CX",
                "ts": "1572060150.153100"
            },
            {
                "user": "UPW29Q6CX",
                "ts": "1572060220.153300"
            },
            {
                "user": "UPW29Q6CX",
                "ts": "1572060234.153500"
            },
            {
                "user": "UPW29Q6CX",
                "ts": "1572060236.153700"
            },
            {
                "user": "UC19HAUAK",
                "ts": "1572061053.154000"
            }
        ],
        "subscribed": false
    },
    {
        "client_msg_id": "5f96dda3-e49a-45dc-ad3e-9f25a5ae2472",
        "type": "message",
        "text": "Has anybody had the same issue, and know how to resolve this",
        "user": "UPW29Q6CX",
        "ts": "1572058394.151700",
        "team": "TC0C1HURK",
        "user_team": "TC0C1HURK",
        "source_team": "TC0C1HURK",
        "user_profile": {
            "avatar_hash": "g88b04b7349c",
            "image_72": "https:\/\/secure.gravatar.com\/avatar\/88b04b7349cfb519ac7bdd6c36cc6a31.jpg?s=72&d=https%3A%2F%2Fa.slack-edge.com%2Fdf10d%2Fimg%2Favatars%2Fava_0019-72.png",
            "first_name": "",
            "real_name": "Saj Arora",
            "display_name": "Saj Arora",
            "team": "TC0C1HURK",
            "name": "dev",
            "is_restricted": false,
            "is_ultra_restricted": false
        }
    },
    {
        "client_msg_id": "6713CE8B-F481-4953-A756-12849CAD0363",
        "type": "message",
        "text": "Hey <@UPW29Q6CX> ! What’s in your .env?",
        "user": "UC19HAUAK",
        "ts": "1572058455.152300",
        "team": "TC0C1HURK",
        "user_team": "TC0C1HURK",
        "source_team": "TC0C1HURK",
        "user_profile": {
            "avatar_hash": "066a042e018c",
            "image_72": "https:\/\/avatars.slack-edge.com\/2019-12-07\/866588520998_066a042e018ca831a195_72.png",
            "first_name": "Pavel",
            "real_name": "Pavel Tiunov",
            "display_name": "pavel",
            "team": "TC0C1HURK",
            "name": "pavel",
            "is_restricted": false,
            "is_ultra_restricted": false
        },
        "thread_ts": "1572058380.151300",
        "parent_user_id": "UPW29Q6CX"
    },
    {
        "client_msg_id": "18527de6-dbf2-4403-affa-67022893c564",
        "type": "message",
        "text": "`CUBEJS_DB_HOST=localhost\nCUBEJS_DB_NAME=postgres\nCUBEJS_DB_USER=postgres\nCUBEJS_DB_PASS=\nCUBEJS_DB_PORT=5432\nCUBEJS_DB_SSL=false`",
        "user": "UPW29Q6CX",
        "ts": "1572059247.152500",
        "team": "TC0C1HURK",
        "user_team": "TC0C1HURK",
        "source_team": "TC0C1HURK",
        "user_profile": {
            "avatar_hash": "g88b04b7349c",
            "image_72": "https:\/\/secure.gravatar.com\/avatar\/88b04b7349cfb519ac7bdd6c36cc6a31.jpg?s=72&d=https%3A%2F%2Fa.slack-edge.com%2Fdf10d%2Fimg%2Favatars%2Fava_0019-72.png",
            "first_name": "",
            "real_name": "Saj Arora",
            "display_name": "Saj Arora",
            "team": "TC0C1HURK",
            "name": "dev",
            "is_restricted": false,
            "is_ultra_restricted": false
        },
        "thread_ts": "1572058380.151300",
        "parent_user_id": "UPW29Q6CX"
    },
    {
        "client_msg_id": "22b61a8c-f3a5-4e73-aa7b-dcc3873a4ed3",
        "type": "message",
        "text": "<@UPW29Q6CX> Ah. Nice catch! Could you please run `npm update @cubejs-backend\/postgres-driver` and try again?",
        "user": "UC19HAUAK",
        "ts": "1572059843.152700",
        "team": "TC0C1HURK",
        "user_team": "TC0C1HURK",
        "source_team": "TC0C1HURK",
        "user_profile": {
            "avatar_hash": "066a042e018c",
            "image_72": "https:\/\/avatars.slack-edge.com\/2019-12-07\/866588520998_066a042e018ca831a195_72.png",
            "first_name": "Pavel",
            "real_name": "Pavel Tiunov",
            "display_name": "pavel",
            "team": "TC0C1HURK",
            "name": "pavel",
            "is_restricted": false,
            "is_ultra_restricted": false
        },
        "thread_ts": "1572058380.151300",
        "parent_user_id": "UPW29Q6CX"
    },
    {
        "client_msg_id": "ae89aff0-ca0b-41c1-883d-6ca914dc7c21",
        "type": "message",
        "text": "I just shipped an update.",
        "user": "UC19HAUAK",
        "ts": "1572059873.152900",
        "team": "TC0C1HURK",
        "user_team": "TC0C1HURK",
        "source_team": "TC0C1HURK",
        "user_profile": {
            "avatar_hash": "066a042e018c",
            "image_72": "https:\/\/avatars.slack-edge.com\/2019-12-07\/866588520998_066a042e018ca831a195_72.png",
            "first_name": "Pavel",
            "real_name": "Pavel Tiunov",
            "display_name": "pavel",
            "team": "TC0C1HURK",
            "name": "pavel",
            "is_restricted": false,
            "is_ultra_restricted": false
        },
        "thread_ts": "1572058380.151300",
        "parent_user_id": "UPW29Q6CX"
    },
    {
        "client_msg_id": "f23108bf-b43b-47bb-8fe4-749770f0607f",
        "type": "message",
        "text": "oh okay",
        "user": "UPW29Q6CX",
        "ts": "1572060150.153100",
        "team": "TC0C1HURK",
        "user_team": "TC0C1HURK",
        "source_team": "TC0C1HURK",
        "user_profile": {
            "avatar_hash": "g88b04b7349c",
            "image_72": "https:\/\/secure.gravatar.com\/avatar\/88b04b7349cfb519ac7bdd6c36cc6a31.jpg?s=72&d=https%3A%2F%2Fa.slack-edge.com%2Fdf10d%2Fimg%2Favatars%2Fava_0019-72.png",
            "first_name": "",
            "real_name": "Saj Arora",
            "display_name": "Saj Arora",
            "team": "TC0C1HURK",
            "name": "dev",
            "is_restricted": false,
            "is_ultra_restricted": false
        },
        "thread_ts": "1572058380.151300",
        "parent_user_id": "UPW29Q6CX"
    },
    {
        "client_msg_id": "c0cb2596-62a3-48f5-8122-776e019efaa8",
        "type": "message",
        "text": "well done sir",
        "user": "UPW29Q6CX",
        "ts": "1572060220.153300",
        "team": "TC0C1HURK",
        "user_team": "TC0C1HURK",
        "source_team": "TC0C1HURK",
        "user_profile": {
            "avatar_hash": "g88b04b7349c",
            "image_72": "https:\/\/secure.gravatar.com\/avatar\/88b04b7349cfb519ac7bdd6c36cc6a31.jpg?s=72&d=https%3A%2F%2Fa.slack-edge.com%2Fdf10d%2Fimg%2Favatars%2Fava_0019-72.png",
            "first_name": "",
            "real_name": "Saj Arora",
            "display_name": "Saj Arora",
            "team": "TC0C1HURK",
            "name": "dev",
            "is_restricted": false,
            "is_ultra_restricted": false
        },
        "thread_ts": "1572058380.151300",
        "parent_user_id": "UPW29Q6CX"
    },
    {
        "client_msg_id": "a9d23d80-63b3-4ee9-8889-83bd44a7e2d5",
        "type": "message",
        "text": "I can confirm, this totally works :slightly_smiling_face:",
        "user": "UPW29Q6CX",
        "ts": "1572060234.153500",
        "team": "TC0C1HURK",
        "user_team": "TC0C1HURK",
        "source_team": "TC0C1HURK",
        "user_profile": {
            "avatar_hash": "g88b04b7349c",
            "image_72": "https:\/\/secure.gravatar.com\/avatar\/88b04b7349cfb519ac7bdd6c36cc6a31.jpg?s=72&d=https%3A%2F%2Fa.slack-edge.com%2Fdf10d%2Fimg%2Favatars%2Fava_0019-72.png",
            "first_name": "",
            "real_name": "Saj Arora",
            "display_name": "Saj Arora",
            "team": "TC0C1HURK",
            "name": "dev",
            "is_restricted": false,
            "is_ultra_restricted": false
        },
        "thread_ts": "1572058380.151300",
        "parent_user_id": "UPW29Q6CX",
        "reactions": [
            {
                "name": "raised_hands",
                "users": [
                    "UC19HAUAK"
                ],
                "count": 1
            }
        ]
    },
    {
        "client_msg_id": "6e0e5e12-d9d6-440c-89ff-698d4db382c8",
        "type": "message",
        "text": ":thumbsup:",
        "user": "UPW29Q6CX",
        "ts": "1572060236.153700",
        "team": "TC0C1HURK",
        "user_team": "TC0C1HURK",
        "source_team": "TC0C1HURK",
        "user_profile": {
            "avatar_hash": "g88b04b7349c",
            "image_72": "https:\/\/secure.gravatar.com\/avatar\/88b04b7349cfb519ac7bdd6c36cc6a31.jpg?s=72&d=https%3A%2F%2Fa.slack-edge.com%2Fdf10d%2Fimg%2Favatars%2Fava_0019-72.png",
            "first_name": "",
            "real_name": "Saj Arora",
            "display_name": "Saj Arora",
            "team": "TC0C1HURK",
            "name": "dev",
            "is_restricted": false,
            "is_ultra_restricted": false
        },
        "thread_ts": "1572058380.151300",
        "parent_user_id": "UPW29Q6CX"
    },
    {
        "client_msg_id": "1c0e90ca-c4a5-4dd9-9506-3e76ff50be5a",
        "type": "message",
        "text": "Great to hear that!",
        "user": "UC19HAUAK",
        "ts": "1572061053.154000",
        "team": "TC0C1HURK",
        "user_team": "TC0C1HURK",
        "source_team": "TC0C1HURK",
        "user_profile": {
            "avatar_hash": "066a042e018c",
            "image_72": "https:\/\/avatars.slack-edge.com\/2019-12-07\/866588520998_066a042e018ca831a195_72.png",
            "first_name": "Pavel",
            "real_name": "Pavel Tiunov",
            "display_name": "pavel",
            "team": "TC0C1HURK",
            "name": "pavel",
            "is_restricted": false,
            "is_ultra_restricted": false
        },
        "thread_ts": "1572058380.151300",
        "parent_user_id": "UPW29Q6CX"
    },
    {
        "client_msg_id": "7C26227A-E2F7-4806-80E0-426C82C0C736",
        "type": "message",
        "text": "Thank you guys! Works for me as well!",
        "user": "UJ0P225EY",
        "ts": "1572071380.155100",
        "team": "TC0C1HURK",
        "user_team": "TC0C1HURK",
        "source_team": "TC0C1HURK",
        "user_profile": {
            "avatar_hash": "g0b04c1f86b1",
            "image_72": "https:\/\/secure.gravatar.com\/avatar\/40b04c1f86b19c1a4ea23de639325636.jpg?s=72&d=https%3A%2F%2Fa.slack-edge.com%2Fdf10d%2Fimg%2Favatars%2Fava_0014-72.png",
            "first_name": "",
            "real_name": "Chris",
            "display_name": "Chris",
            "team": "TC0C1HURK",
            "name": "christoph.haselmann",
            "is_restricted": false,
            "is_ultra_restricted": false
        },
        "thread_ts": "1572032223.145200",
        "parent_user_id": "UJ0P225EY",
        "reactions": [
            {
                "name": "raised_hands",
                "users": [
                    "UC19HAUAK",
                    "UPGGHD4A3"
                ],
                "count": 2
            }
        ]
    }
]