[
    {
        "type": "message",
        "subtype": "channel_join",
        "ts": "1557659640.102700",
        "user": "UJM2VEWNR",
        "text": "<@UJM2VEWNR> has joined the channel"
    },
    {
        "client_msg_id": "bc9a18b8-15d4-461d-8aec-001c94243eaa",
        "type": "message",
        "text": "Hello All, Good Day.\n\nFor Sql, whats the right place to set the Order by Clause?\n\nQuery : select * from tbexecutiondetails order by executiondetailsid desc limit 1;\n\ncube(`Tbexecutiondetails`, {\n  sql: `SELECT * FROM tbexecutiondetails`,\n\nSetting the order by clause in Cube &gt; Sql does not sort the order.\n\nThanks in Advance!",
        "user": "UJM2VEWNR",
        "ts": "1557662107.105100",
        "team": "TC0C1HURK",
        "user_team": "TC0C1HURK",
        "source_team": "TC0C1HURK",
        "user_profile": {
            "avatar_hash": "gf2a3285e5f1",
            "image_72": "https:\/\/secure.gravatar.com\/avatar\/ff2a3285e5f1a901b0cae15ee120988b.jpg?s=72&d=https%3A%2F%2Fa.slack-edge.com%2Fdf10d%2Fimg%2Favatars%2Fava_0010-72.png",
            "first_name": "",
            "real_name": "Shreyas",
            "display_name": "Shreyas",
            "team": "TC0C1HURK",
            "name": "shreyasc27",
            "is_restricted": false,
            "is_ultra_restricted": false
        },
        "thread_ts": "1557662107.105100",
        "reply_count": 9,
        "reply_users_count": 2,
        "latest_reply": "1557768010.129200",
        "reply_users": [
            "UC19HAUAK",
            "UJM2VEWNR"
        ],
        "replies": [
            {
                "user": "UC19HAUAK",
                "ts": "1557662268.106000"
            },
            {
                "user": "UJM2VEWNR",
                "ts": "1557680401.112500"
            },
            {
                "user": "UC19HAUAK",
                "ts": "1557682866.118500"
            },
            {
                "user": "UJM2VEWNR",
                "ts": "1557683300.118700"
            },
            {
                "user": "UJM2VEWNR",
                "ts": "1557683325.118900"
            },
            {
                "user": "UC19HAUAK",
                "ts": "1557684627.119400"
            },
            {
                "user": "UJM2VEWNR",
                "ts": "1557759404.127800"
            },
            {
                "user": "UJM2VEWNR",
                "ts": "1557759415.128200"
            },
            {
                "user": "UC19HAUAK",
                "ts": "1557768010.129200"
            }
        ],
        "subscribed": false
    },
    {
        "client_msg_id": "22B57EB2-65A2-4286-8FDE-8F7A1D56B82E",
        "type": "message",
        "text": "Hey <@UJM2VEWNR> ! It’s order prop of query: <http:\/\/cube.dev\/docs\/query-format#query-properties>",
        "user": "UC19HAUAK",
        "ts": "1557662268.106000",
        "team": "TC0C1HURK",
        "user_team": "TC0C1HURK",
        "source_team": "TC0C1HURK",
        "user_profile": {
            "avatar_hash": "066a042e018c",
            "image_72": "https:\/\/avatars.slack-edge.com\/2019-12-07\/866588520998_066a042e018ca831a195_72.png",
            "first_name": "Pavel",
            "real_name": "Pavel Tiunov",
            "display_name": "pavel",
            "team": "TC0C1HURK",
            "name": "pavel",
            "is_restricted": false,
            "is_ultra_restricted": false
        },
        "thread_ts": "1557662107.105100",
        "parent_user_id": "UJM2VEWNR"
    },
    {
        "client_msg_id": "b7e723a3-9395-45c8-a48b-bb918303aa49",
        "type": "message",
        "text": "Are there any plans to support Typescript definitions for Cube.js?",
        "user": "UJA6FGGMD",
        "ts": "1557677866.106500",
        "team": "TC0C1HURK",
        "user_team": "TC0C1HURK",
        "source_team": "TC0C1HURK",
        "user_profile": {
            "avatar_hash": "gb98721e6abd",
            "image_72": "https:\/\/secure.gravatar.com\/avatar\/8b98721e6abd1c4f6d48eb6be49ae246.jpg?s=72&d=https%3A%2F%2Fa.slack-edge.com%2Fdf10d%2Fimg%2Favatars%2Fava_0018-72.png",
            "first_name": "",
            "real_name": "Albert Kim",
            "display_name": "Albert Kim",
            "team": "TC0C1HURK",
            "name": "albert275",
            "is_restricted": false,
            "is_ultra_restricted": false
        },
        "thread_ts": "1557677866.106500",
        "reply_count": 8,
        "reply_users_count": 2,
        "latest_reply": "1557681874.115400",
        "reply_users": [
            "UC19HAUAK",
            "UJA6FGGMD"
        ],
        "replies": [
            {
                "user": "UC19HAUAK",
                "ts": "1557678326.108500"
            },
            {
                "user": "UJA6FGGMD",
                "ts": "1557678344.108700"
            },
            {
                "user": "UJA6FGGMD",
                "ts": "1557678354.108900"
            },
            {
                "user": "UJA6FGGMD",
                "ts": "1557678369.109100"
            },
            {
                "user": "UC19HAUAK",
                "ts": "1557678546.111400"
            },
            {
                "user": "UC19HAUAK",
                "ts": "1557678576.112100"
            },
            {
                "user": "UJA6FGGMD",
                "ts": "1557679257.112300"
            },
            {
                "user": "UC19HAUAK",
                "ts": "1557681874.115400"
            }
        ],
        "subscribed": false,
        "reactions": [
            {
                "name": "+1",
                "users": [
                    "UG8FM1Z8C"
                ],
                "count": 1
            }
        ]
    },
    {
        "client_msg_id": "10CA2817-8136-4B99-A575-35B59D8699EC",
        "type": "message",
        "text": "Hey <@UJA6FGGMD> ! Do you mean support schema definitions using Typescript?",
        "user": "UC19HAUAK",
        "ts": "1557678326.108500",
        "team": "TC0C1HURK",
        "user_team": "TC0C1HURK",
        "source_team": "TC0C1HURK",
        "user_profile": {
            "avatar_hash": "066a042e018c",
            "image_72": "https:\/\/avatars.slack-edge.com\/2019-12-07\/866588520998_066a042e018ca831a195_72.png",
            "first_name": "Pavel",
            "real_name": "Pavel Tiunov",
            "display_name": "pavel",
            "team": "TC0C1HURK",
            "name": "pavel",
            "is_restricted": false,
            "is_ultra_restricted": false
        },
        "thread_ts": "1557677866.106500",
        "parent_user_id": "UJA6FGGMD"
    },
    {
        "client_msg_id": "f14e141e-38c7-4e03-a4cf-2226435ef24f",
        "type": "message",
        "text": "yep",
        "user": "UJA6FGGMD",
        "ts": "1557678344.108700",
        "team": "TC0C1HURK",
        "user_team": "TC0C1HURK",
        "source_team": "TC0C1HURK",
        "user_profile": {
            "avatar_hash": "gb98721e6abd",
            "image_72": "https:\/\/secure.gravatar.com\/avatar\/8b98721e6abd1c4f6d48eb6be49ae246.jpg?s=72&d=https%3A%2F%2Fa.slack-edge.com%2Fdf10d%2Fimg%2Favatars%2Fava_0018-72.png",
            "first_name": "",
            "real_name": "Albert Kim",
            "display_name": "Albert Kim",
            "team": "TC0C1HURK",
            "name": "albert275",
            "is_restricted": false,
            "is_ultra_restricted": false
        },
        "thread_ts": "1557677866.106500",
        "parent_user_id": "UJA6FGGMD"
    },
    {
        "client_msg_id": "d4ccd362-e996-425e-b9d8-63e77983b548",
        "type": "message",
        "text": "oh, no, I mean for the Cube.js client",
        "user": "UJA6FGGMD",
        "ts": "1557678354.108900",
        "team": "TC0C1HURK",
        "user_team": "TC0C1HURK",
        "source_team": "TC0C1HURK",
        "user_profile": {
            "avatar_hash": "gb98721e6abd",
            "image_72": "https:\/\/secure.gravatar.com\/avatar\/8b98721e6abd1c4f6d48eb6be49ae246.jpg?s=72&d=https%3A%2F%2Fa.slack-edge.com%2Fdf10d%2Fimg%2Favatars%2Fava_0018-72.png",
            "first_name": "",
            "real_name": "Albert Kim",
            "display_name": "Albert Kim",
            "team": "TC0C1HURK",
            "name": "albert275",
            "is_restricted": false,
            "is_ultra_restricted": false
        },
        "thread_ts": "1557677866.106500",
        "parent_user_id": "UJA6FGGMD"
    },
    {
        "client_msg_id": "ffc314e6-c1a6-4000-ae1e-8bee25458117",
        "type": "message",
        "text": "the ability to auto-complete on things like result.pivotChart etc.",
        "user": "UJA6FGGMD",
        "ts": "1557678369.109100",
        "team": "TC0C1HURK",
        "user_team": "TC0C1HURK",
        "source_team": "TC0C1HURK",
        "user_profile": {
            "avatar_hash": "gb98721e6abd",
            "image_72": "https:\/\/secure.gravatar.com\/avatar\/8b98721e6abd1c4f6d48eb6be49ae246.jpg?s=72&d=https%3A%2F%2Fa.slack-edge.com%2Fdf10d%2Fimg%2Favatars%2Fava_0018-72.png",
            "first_name": "",
            "real_name": "Albert Kim",
            "display_name": "Albert Kim",
            "team": "TC0C1HURK",
            "name": "albert275",
            "is_restricted": false,
            "is_ultra_restricted": false
        },
        "thread_ts": "1557677866.106500",
        "parent_user_id": "UJA6FGGMD"
    },
    {
        "client_msg_id": "6B2F9F6D-E7FE-412A-9955-A3369208922A",
        "type": "message",
        "text": "Ah. I see. There’s an issue for that <https:\/\/github.com\/statsbotco\/cube.js\/issues\/28>. As we don’t have a lot of experience with Typescript it would be awesome if someone from community can spearhead this development.",
        "user": "UC19HAUAK",
        "ts": "1557678546.111400",
        "team": "TC0C1HURK",
        "user_team": "TC0C1HURK",
        "source_team": "TC0C1HURK",
        "user_profile": {
            "avatar_hash": "066a042e018c",
            "image_72": "https:\/\/avatars.slack-edge.com\/2019-12-07\/866588520998_066a042e018ca831a195_72.png",
            "first_name": "Pavel",
            "real_name": "Pavel Tiunov",
            "display_name": "pavel",
            "team": "TC0C1HURK",
            "name": "pavel",
            "is_restricted": false,
            "is_ultra_restricted": false
        },
        "attachments": [
            {
                "service_name": "GitHub",
                "title": "Add TypeScript support · Issue #28 · statsbotco\/cube.js",
                "title_link": "https:\/\/github.com\/statsbotco\/cube.js\/issues\/28",
                "text": "Hi all, As quickly discussed with @paveltiunov in Slack, it would be awesome to support TypeScript for Cube.js. This can be achieved by adding a declaration file and bundling it with the npm packag...",
                "fallback": "GitHub: Add TypeScript support · Issue #28 · statsbotco\/cube.js",
                "thumb_url": "https:\/\/avatars3.githubusercontent.com\/u\/23642077?s=400&v=4",
                "from_url": "https:\/\/github.com\/statsbotco\/cube.js\/issues\/28",
                "thumb_width": 400,
                "thumb_height": 400,
                "service_icon": "https:\/\/a.slack-edge.com\/bfaba\/img\/unfurl_icons\/github.png",
                "id": 1,
                "original_url": "https:\/\/github.com\/statsbotco\/cube.js\/issues\/28"
            }
        ],
        "thread_ts": "1557677866.106500",
        "parent_user_id": "UJA6FGGMD"
    },
    {
        "client_msg_id": "C81A3812-D82B-4E19-AFCE-993967198525",
        "type": "message",
        "text": "<@UHTBRSSHF> do you use angular?",
        "user": "UC19HAUAK",
        "ts": "1557678576.112100",
        "team": "TC0C1HURK",
        "user_team": "TC0C1HURK",
        "source_team": "TC0C1HURK",
        "user_profile": {
            "avatar_hash": "066a042e018c",
            "image_72": "https:\/\/avatars.slack-edge.com\/2019-12-07\/866588520998_066a042e018ca831a195_72.png",
            "first_name": "Pavel",
            "real_name": "Pavel Tiunov",
            "display_name": "pavel",
            "team": "TC0C1HURK",
            "name": "pavel",
            "is_restricted": false,
            "is_ultra_restricted": false
        },
        "thread_ts": "1557677866.106500",
        "parent_user_id": "UJA6FGGMD"
    },
    {
        "client_msg_id": "4ed19e70-f1d7-4355-89e6-433a0115ed8a",
        "type": "message",
        "text": "I'm just on React",
        "user": "UJA6FGGMD",
        "ts": "1557679257.112300",
        "team": "TC0C1HURK",
        "user_team": "TC0C1HURK",
        "source_team": "TC0C1HURK",
        "user_profile": {
            "avatar_hash": "gb98721e6abd",
            "image_72": "https:\/\/secure.gravatar.com\/avatar\/8b98721e6abd1c4f6d48eb6be49ae246.jpg?s=72&d=https%3A%2F%2Fa.slack-edge.com%2Fdf10d%2Fimg%2Favatars%2Fava_0018-72.png",
            "first_name": "",
            "real_name": "Albert Kim",
            "display_name": "Albert Kim",
            "team": "TC0C1HURK",
            "name": "albert275",
            "is_restricted": false,
            "is_ultra_restricted": false
        },
        "thread_ts": "1557677866.106500",
        "parent_user_id": "UJA6FGGMD"
    },
    {
        "client_msg_id": "96bdffee-e09e-439f-b202-a438c57c34a0",
        "type": "message",
        "text": "<@UC19HAUAK> So, there is no way I can do it in the Cube?",
        "user": "UJM2VEWNR",
        "ts": "1557680401.112500",
        "team": "TC0C1HURK",
        "user_team": "TC0C1HURK",
        "source_team": "TC0C1HURK",
        "user_profile": {
            "avatar_hash": "gf2a3285e5f1",
            "image_72": "https:\/\/secure.gravatar.com\/avatar\/ff2a3285e5f1a901b0cae15ee120988b.jpg?s=72&d=https%3A%2F%2Fa.slack-edge.com%2Fdf10d%2Fimg%2Favatars%2Fava_0010-72.png",
            "first_name": "",
            "real_name": "Shreyas",
            "display_name": "Shreyas",
            "team": "TC0C1HURK",
            "name": "shreyasc27",
            "is_restricted": false,
            "is_ultra_restricted": false
        },
        "edited": {
            "user": "UJM2VEWNR",
            "ts": "1557680497.000000"
        },
        "thread_ts": "1557662107.105100",
        "parent_user_id": "UJM2VEWNR"
    },
    {
        "client_msg_id": "1644F154-2A85-48C7-B700-8C512F0991DE",
        "type": "message",
        "text": "<@UJA6FGGMD> I see. So if you have any thoughts on how Typescript implementation should be done please share it in GitHub issue. Would love if you provide PR for this as well.",
        "user": "UC19HAUAK",
        "ts": "1557681874.115400",
        "team": "TC0C1HURK",
        "user_team": "TC0C1HURK",
        "source_team": "TC0C1HURK",
        "user_profile": {
            "avatar_hash": "066a042e018c",
            "image_72": "https:\/\/avatars.slack-edge.com\/2019-12-07\/866588520998_066a042e018ca831a195_72.png",
            "first_name": "Pavel",
            "real_name": "Pavel Tiunov",
            "display_name": "pavel",
            "team": "TC0C1HURK",
            "name": "pavel",
            "is_restricted": false,
            "is_ultra_restricted": false
        },
        "thread_ts": "1557677866.106500",
        "parent_user_id": "UJA6FGGMD",
        "reactions": [
            {
                "name": "+1",
                "users": [
                    "UG8FM1Z8C"
                ],
                "count": 1
            }
        ]
    },
    {
        "client_msg_id": "32aafac6-fe79-4262-925d-cb7bbde45aa6",
        "type": "message",
        "text": "I'd actually like to follow up on this. I think it would be useful to have the `.pivot()` function (which is used for charts) to use the `shortTitle` property defined in the cube",
        "user": "UJA6FGGMD",
        "ts": "1557682249.115900",
        "team": "TC0C1HURK",
        "user_team": "TC0C1HURK",
        "source_team": "TC0C1HURK",
        "user_profile": {
            "avatar_hash": "gb98721e6abd",
            "image_72": "https:\/\/secure.gravatar.com\/avatar\/8b98721e6abd1c4f6d48eb6be49ae246.jpg?s=72&d=https%3A%2F%2Fa.slack-edge.com%2Fdf10d%2Fimg%2Favatars%2Fava_0018-72.png",
            "first_name": "",
            "real_name": "Albert Kim",
            "display_name": "Albert Kim",
            "team": "TC0C1HURK",
            "name": "albert275",
            "is_restricted": false,
            "is_ultra_restricted": false
        },
        "thread_ts": "1556673578.030200",
        "parent_user_id": "UHTBRSSHF"
    },
    {
        "client_msg_id": "60e427e7-4c42-405e-ab7c-1775fcd0f2ae",
        "type": "message",
        "text": "I cannot find a way to do that. I've been trying to hack around the property names, but I'm sure there's a better way for that, <@UC19HAUAK>. Could you provide a pointer there?",
        "user": "UJA6FGGMD",
        "ts": "1557682281.116100",
        "team": "TC0C1HURK",
        "user_team": "TC0C1HURK",
        "source_team": "TC0C1HURK",
        "user_profile": {
            "avatar_hash": "gb98721e6abd",
            "image_72": "https:\/\/secure.gravatar.com\/avatar\/8b98721e6abd1c4f6d48eb6be49ae246.jpg?s=72&d=https%3A%2F%2Fa.slack-edge.com%2Fdf10d%2Fimg%2Favatars%2Fava_0018-72.png",
            "first_name": "",
            "real_name": "Albert Kim",
            "display_name": "Albert Kim",
            "team": "TC0C1HURK",
            "name": "albert275",
            "is_restricted": false,
            "is_ultra_restricted": false
        },
        "thread_ts": "1556673578.030200",
        "parent_user_id": "UHTBRSSHF"
    },
    {
        "client_msg_id": "ECECF9D9-502E-4876-A456-7510550BBE5A",
        "type": "message",
        "text": "<@UJM2VEWNR> Nope. Could you please elaborate a little bit on your use case so we can guide you in the right direction?",
        "user": "UC19HAUAK",
        "ts": "1557682866.118500",
        "team": "TC0C1HURK",
        "user_team": "TC0C1HURK",
        "source_team": "TC0C1HURK",
        "user_profile": {
            "avatar_hash": "066a042e018c",
            "image_72": "https:\/\/avatars.slack-edge.com\/2019-12-07\/866588520998_066a042e018ca831a195_72.png",
            "first_name": "Pavel",
            "real_name": "Pavel Tiunov",
            "display_name": "pavel",
            "team": "TC0C1HURK",
            "name": "pavel",
            "is_restricted": false,
            "is_ultra_restricted": false
        },
        "thread_ts": "1557662107.105100",
        "parent_user_id": "UJM2VEWNR"
    },
    {
        "client_msg_id": "e8722a1a-46d1-4af4-8a14-92b02a9aa122",
        "type": "message",
        "text": "Sorry, I re-read Query-Properties. My issue is resolved.",
        "user": "UJM2VEWNR",
        "ts": "1557683300.118700",
        "team": "TC0C1HURK",
        "user_team": "TC0C1HURK",
        "source_team": "TC0C1HURK",
        "user_profile": {
            "avatar_hash": "gf2a3285e5f1",
            "image_72": "https:\/\/secure.gravatar.com\/avatar\/ff2a3285e5f1a901b0cae15ee120988b.jpg?s=72&d=https%3A%2F%2Fa.slack-edge.com%2Fdf10d%2Fimg%2Favatars%2Fava_0010-72.png",
            "first_name": "",
            "real_name": "Shreyas",
            "display_name": "Shreyas",
            "team": "TC0C1HURK",
            "name": "shreyasc27",
            "is_restricted": false,
            "is_ultra_restricted": false
        },
        "thread_ts": "1557662107.105100",
        "parent_user_id": "UJM2VEWNR"
    },
    {
        "client_msg_id": "9a45ca54-0cb3-406e-9418-e580a72195db",
        "type": "message",
        "text": "Thanks <@UC19HAUAK>. Appreciate the prompt response and guidance.",
        "user": "UJM2VEWNR",
        "ts": "1557683325.118900",
        "team": "TC0C1HURK",
        "user_team": "TC0C1HURK",
        "source_team": "TC0C1HURK",
        "user_profile": {
            "avatar_hash": "gf2a3285e5f1",
            "image_72": "https:\/\/secure.gravatar.com\/avatar\/ff2a3285e5f1a901b0cae15ee120988b.jpg?s=72&d=https%3A%2F%2Fa.slack-edge.com%2Fdf10d%2Fimg%2Favatars%2Fava_0010-72.png",
            "first_name": "",
            "real_name": "Shreyas",
            "display_name": "Shreyas",
            "team": "TC0C1HURK",
            "name": "shreyasc27",
            "is_restricted": false,
            "is_ultra_restricted": false
        },
        "thread_ts": "1557662107.105100",
        "parent_user_id": "UJM2VEWNR",
        "reactions": [
            {
                "name": "raised_hands",
                "users": [
                    "UC19HAUAK"
                ],
                "count": 1
            }
        ]
    },
    {
        "client_msg_id": "A6AE9047-9B8A-4B3D-9E62-2DB34DB2D3A5",
        "type": "message",
        "text": "Great to hear that!",
        "user": "UC19HAUAK",
        "ts": "1557684627.119400",
        "team": "TC0C1HURK",
        "user_team": "TC0C1HURK",
        "source_team": "TC0C1HURK",
        "user_profile": {
            "avatar_hash": "066a042e018c",
            "image_72": "https:\/\/avatars.slack-edge.com\/2019-12-07\/866588520998_066a042e018ca831a195_72.png",
            "first_name": "Pavel",
            "real_name": "Pavel Tiunov",
            "display_name": "pavel",
            "team": "TC0C1HURK",
            "name": "pavel",
            "is_restricted": false,
            "is_ultra_restricted": false
        },
        "thread_ts": "1557662107.105100",
        "parent_user_id": "UJM2VEWNR"
    },
    {
        "client_msg_id": "317a16a0-80ec-413f-a194-32c14c4d4f74",
        "type": "message",
        "text": "how do i query `id like \"5%\"` in cubejs? cubejs filter it just contains",
        "user": "UJ3MJLA9M",
        "ts": "1557694794.120900",
        "team": "TC0C1HURK",
        "user_team": "TC0C1HURK",
        "source_team": "TC0C1HURK",
        "user_profile": {
            "avatar_hash": "g1b294fd75bc",
            "image_72": "https:\/\/secure.gravatar.com\/avatar\/c1b294fd75bcb140782626109e4f853e.jpg?s=72&d=https%3A%2F%2Fa.slack-edge.com%2Fdf10d%2Fimg%2Favatars%2Fava_0018-72.png",
            "first_name": "",
            "real_name": "Iput",
            "display_name": "Iput",
            "team": "TC0C1HURK",
            "name": "taufiqurrohman.suwart",
            "is_restricted": false,
            "is_ultra_restricted": false
        },
        "thread_ts": "1557694794.120900",
        "reply_count": 6,
        "reply_users_count": 3,
        "latest_reply": "1557777513.130200",
        "reply_users": [
            "UC19HAUAK",
            "UJ3MJLA9M",
            "UJ4533JGJ"
        ],
        "replies": [
            {
                "user": "UC19HAUAK",
                "ts": "1557696055.121200"
            },
            {
                "user": "UJ3MJLA9M",
                "ts": "1557697122.121400"
            },
            {
                "user": "UJ3MJLA9M",
                "ts": "1557740297.121600"
            },
            {
                "user": "UC19HAUAK",
                "ts": "1557740585.121800"
            },
            {
                "user": "UJ4533JGJ",
                "ts": "1557776252.129800"
            },
            {
                "user": "UC19HAUAK",
                "ts": "1557777513.130200"
            }
        ],
        "subscribed": false
    },
    {
        "client_msg_id": "3d9bfd11-2ac7-40b5-92e7-cba2c48bce45",
        "type": "message",
        "text": "<@UHTBRSSHF> do you mean `tableColumns()` method? `pivot()` itself doesn't use any meta data.",
        "user": "UC19HAUAK",
        "ts": "1557695239.121000",
        "team": "TC0C1HURK",
        "user_team": "TC0C1HURK",
        "source_team": "TC0C1HURK",
        "user_profile": {
            "avatar_hash": "066a042e018c",
            "image_72": "https:\/\/avatars.slack-edge.com\/2019-12-07\/866588520998_066a042e018ca831a195_72.png",
            "first_name": "Pavel",
            "real_name": "Pavel Tiunov",
            "display_name": "pavel",
            "team": "TC0C1HURK",
            "name": "pavel",
            "is_restricted": false,
            "is_ultra_restricted": false
        },
        "thread_ts": "1556673578.030200",
        "parent_user_id": "UHTBRSSHF"
    },
    {
        "client_msg_id": "3b5c57dd-6575-48fb-9020-86718938181c",
        "type": "message",
        "text": "Hey <@UJ3MJLA9M>! That's great question! Is `5` variable here?",
        "user": "UC19HAUAK",
        "ts": "1557696055.121200",
        "team": "TC0C1HURK",
        "user_team": "TC0C1HURK",
        "source_team": "TC0C1HURK",
        "user_profile": {
            "avatar_hash": "066a042e018c",
            "image_72": "https:\/\/avatars.slack-edge.com\/2019-12-07\/866588520998_066a042e018ca831a195_72.png",
            "first_name": "Pavel",
            "real_name": "Pavel Tiunov",
            "display_name": "pavel",
            "team": "TC0C1HURK",
            "name": "pavel",
            "is_restricted": false,
            "is_ultra_restricted": false
        },
        "thread_ts": "1557694794.120900",
        "parent_user_id": "UJ3MJLA9M"
    },
    {
        "client_msg_id": "f6a828cd-52d9-45fe-8945-42ece56494e1",
        "type": "message",
        "text": "yes",
        "user": "UJ3MJLA9M",
        "ts": "1557697122.121400",
        "team": "TC0C1HURK",
        "user_team": "TC0C1HURK",
        "source_team": "TC0C1HURK",
        "user_profile": {
            "avatar_hash": "g1b294fd75bc",
            "image_72": "https:\/\/secure.gravatar.com\/avatar\/c1b294fd75bcb140782626109e4f853e.jpg?s=72&d=https%3A%2F%2Fa.slack-edge.com%2Fdf10d%2Fimg%2Favatars%2Fava_0018-72.png",
            "first_name": "",
            "real_name": "Iput",
            "display_name": "Iput",
            "team": "TC0C1HURK",
            "name": "taufiqurrohman.suwart",
            "is_restricted": false,
            "is_ultra_restricted": false
        },
        "thread_ts": "1557694794.120900",
        "parent_user_id": "UJ3MJLA9M"
    }
]