[
    {
        "type": "message",
        "subtype": "channel_join",
        "ts": "1548061128.006800",
        "user": "UFJHS83H9",
        "text": "<@UFJHS83H9> has joined the channel"
    },
    {
        "client_msg_id": "ab1f123e-da6b-4e0c-b8a1-b204ac305c01",
        "type": "message",
        "text": "Hi guys, first post!\nI wondered if anyone had any experience with Xero - I have tables into BigQuery now via Stich and can query from Statsbot. I'm struggling to find what I thought would be simple - total invoiced amount for a period - if I just sum 'total' field from 'invoices' table the result is wrong as there are multiple entries for each invoice. Has anyone done this before?",
        "user": "UFJHS83H9",
        "ts": "1548061285.008900",
        "team": "TC0C1HURK",
        "user_team": "TC0C1HURK",
        "source_team": "TC0C1HURK",
        "user_profile": {
            "avatar_hash": "gff882743df0",
            "image_72": "https:\/\/secure.gravatar.com\/avatar\/cff882743df0e8e1bceb7a954d45d940.jpg?s=72&d=https%3A%2F%2Fa.slack-edge.com%2Fdf10d%2Fimg%2Favatars%2Fava_0025-72.png",
            "first_name": "",
            "real_name": "Damian Soong",
            "display_name": "Damian",
            "team": "TC0C1HURK",
            "name": "damian",
            "is_restricted": false,
            "is_ultra_restricted": false
        },
        "thread_ts": "1548061285.008900",
        "reply_count": 11,
        "reply_users_count": 2,
        "latest_reply": "1548145858.011700",
        "reply_users": [
            "UEASA3CUR",
            "UFJHS83H9"
        ],
        "replies": [
            {
                "user": "UEASA3CUR",
                "ts": "1548089952.009000"
            },
            {
                "user": "UEASA3CUR",
                "ts": "1548090042.009200"
            },
            {
                "user": "UFJHS83H9",
                "ts": "1548091222.009400"
            },
            {
                "user": "UFJHS83H9",
                "ts": "1548091267.009600"
            },
            {
                "user": "UFJHS83H9",
                "ts": "1548091303.010000"
            },
            {
                "user": "UFJHS83H9",
                "ts": "1548091310.010200"
            },
            {
                "user": "UFJHS83H9",
                "ts": "1548091337.010400"
            },
            {
                "user": "UFJHS83H9",
                "ts": "1548091359.010600"
            },
            {
                "user": "UEASA3CUR",
                "ts": "1548116491.010800"
            },
            {
                "user": "UEASA3CUR",
                "ts": "1548116596.011400"
            },
            {
                "user": "UFJHS83H9",
                "ts": "1548145858.011700"
            }
        ],
        "subscribed": false
    },
    {
        "client_msg_id": "2a3f9bf9-2597-4e3f-b253-cbf3323f353a",
        "type": "message",
        "text": "I haven’t worked with Xero yet — but can maybe figure this out with you.\n\nSo, you have a table in BQ that called “invoices” with a column called “total”? Is each row a unique invoice or a line item of an invoice? What ID are you selecting? What result are you trying to return?\n\nSounds like you probably have multiple tables, one where each row is a unique invoice, and one where each row is a unique entry, and there is a field in the entries table that links it to the invoices table. Is that right? If so, you’ll want to set up a hasMany\/belongsTo relationship between the two: <https:\/\/statsbot.co\/docs\/joins>",
        "user": "UEASA3CUR",
        "ts": "1548089952.009000",
        "team": "TC0C1HURK",
        "user_team": "TC0C1HURK",
        "source_team": "TC0C1HURK",
        "user_profile": {
            "avatar_hash": "g065a041e882",
            "image_72": "https:\/\/secure.gravatar.com\/avatar\/8065a041e8828aa7698c51be59a2de7d.jpg?s=72&d=https%3A%2F%2Fa.slack-edge.com%2Fdf10d%2Fimg%2Favatars%2Fava_0011-72.png",
            "first_name": "Benjamin",
            "real_name": "Benjamin Sehl",
            "display_name": "Ben",
            "team": "TC0C1HURK",
            "name": "ben138",
            "is_restricted": false,
            "is_ultra_restricted": false
        },
        "thread_ts": "1548061285.008900",
        "parent_user_id": "UFJHS83H9"
    },
    {
        "client_msg_id": "274c3000-5905-4f30-a940-c3b12db56ac9",
        "type": "message",
        "text": "If you could provide more details on both your db schema, your cube code, and what you’re trying to do — I’ll try my best to figure it out with you.",
        "user": "UEASA3CUR",
        "ts": "1548090042.009200",
        "team": "TC0C1HURK",
        "user_team": "TC0C1HURK",
        "source_team": "TC0C1HURK",
        "user_profile": {
            "avatar_hash": "g065a041e882",
            "image_72": "https:\/\/secure.gravatar.com\/avatar\/8065a041e8828aa7698c51be59a2de7d.jpg?s=72&d=https%3A%2F%2Fa.slack-edge.com%2Fdf10d%2Fimg%2Favatars%2Fava_0011-72.png",
            "first_name": "Benjamin",
            "real_name": "Benjamin Sehl",
            "display_name": "Ben",
            "team": "TC0C1HURK",
            "name": "ben138",
            "is_restricted": false,
            "is_ultra_restricted": false
        },
        "thread_ts": "1548061285.008900",
        "parent_user_id": "UFJHS83H9"
    },
    {
        "client_msg_id": "a3e0d1a1-b4e6-4a4f-828a-7ec5c6f97c8c",
        "type": "message",
        "text": "Thank you. You've given me some ideas - the Invoices table contains a Lineitems record which contains the various line items. For some reason I can't sum by Lineitems.lineamount (which would give right) answer. I've not come across this structure before. Here's the relevant bit of the schema.",
        "user": "UFJHS83H9",
        "ts": "1548091222.009400",
        "team": "TC0C1HURK",
        "user_team": "TC0C1HURK",
        "source_team": "TC0C1HURK",
        "user_profile": {
            "avatar_hash": "gff882743df0",
            "image_72": "https:\/\/secure.gravatar.com\/avatar\/cff882743df0e8e1bceb7a954d45d940.jpg?s=72&d=https%3A%2F%2Fa.slack-edge.com%2Fdf10d%2Fimg%2Favatars%2Fava_0025-72.png",
            "first_name": "",
            "real_name": "Damian Soong",
            "display_name": "Damian",
            "team": "TC0C1HURK",
            "name": "damian",
            "is_restricted": false,
            "is_ultra_restricted": false
        },
        "thread_ts": "1548061285.008900",
        "parent_user_id": "UFJHS83H9"
    },
    {
        "type": "message",
        "text": "",
        "files": [
            {
                "id": "FFL5A5Y6T",
                "created": 1548091260,
                "timestamp": 1548091260,
                "name": "Screenshot 2019-01-21 at 17.20.35.png",
                "title": "Screenshot 2019-01-21 at 17.20.35.png",
                "mimetype": "image\/png",
                "filetype": "png",
                "pretty_type": "PNG",
                "user": "UFJHS83H9",
                "editable": false,
                "size": 137048,
                "mode": "hosted",
                "is_external": false,
                "external_type": "",
                "is_public": true,
                "public_url_shared": false,
                "display_as_bot": false,
                "username": "",
                "url_private": "https:\/\/files.slack.com\/files-pri\/TC0C1HURK-FFL5A5Y6T\/screenshot_2019-01-21_at_17.20.35.png?t=xoxe-408409606869-1300049925941-1294691254950-5e5ba619551397a2daf3223fc6c48b4a",
                "url_private_download": "https:\/\/files.slack.com\/files-pri\/TC0C1HURK-FFL5A5Y6T\/download\/screenshot_2019-01-21_at_17.20.35.png?t=xoxe-408409606869-1300049925941-1294691254950-5e5ba619551397a2daf3223fc6c48b4a",
                "thumb_64": "https:\/\/files.slack.com\/files-tmb\/TC0C1HURK-FFL5A5Y6T-659b784f2f\/screenshot_2019-01-21_at_17.20.35_64.png?t=xoxe-408409606869-1300049925941-1294691254950-5e5ba619551397a2daf3223fc6c48b4a",
                "thumb_80": "https:\/\/files.slack.com\/files-tmb\/TC0C1HURK-FFL5A5Y6T-659b784f2f\/screenshot_2019-01-21_at_17.20.35_80.png?t=xoxe-408409606869-1300049925941-1294691254950-5e5ba619551397a2daf3223fc6c48b4a",
                "thumb_360": "https:\/\/files.slack.com\/files-tmb\/TC0C1HURK-FFL5A5Y6T-659b784f2f\/screenshot_2019-01-21_at_17.20.35_360.png?t=xoxe-408409606869-1300049925941-1294691254950-5e5ba619551397a2daf3223fc6c48b4a",
                "thumb_360_w": 360,
                "thumb_360_h": 247,
                "thumb_480": "https:\/\/files.slack.com\/files-tmb\/TC0C1HURK-FFL5A5Y6T-659b784f2f\/screenshot_2019-01-21_at_17.20.35_480.png?t=xoxe-408409606869-1300049925941-1294691254950-5e5ba619551397a2daf3223fc6c48b4a",
                "thumb_480_w": 480,
                "thumb_480_h": 330,
                "thumb_160": "https:\/\/files.slack.com\/files-tmb\/TC0C1HURK-FFL5A5Y6T-659b784f2f\/screenshot_2019-01-21_at_17.20.35_160.png?t=xoxe-408409606869-1300049925941-1294691254950-5e5ba619551397a2daf3223fc6c48b4a",
                "thumb_720": "https:\/\/files.slack.com\/files-tmb\/TC0C1HURK-FFL5A5Y6T-659b784f2f\/screenshot_2019-01-21_at_17.20.35_720.png?t=xoxe-408409606869-1300049925941-1294691254950-5e5ba619551397a2daf3223fc6c48b4a",
                "thumb_720_w": 720,
                "thumb_720_h": 495,
                "thumb_800": "https:\/\/files.slack.com\/files-tmb\/TC0C1HURK-FFL5A5Y6T-659b784f2f\/screenshot_2019-01-21_at_17.20.35_800.png?t=xoxe-408409606869-1300049925941-1294691254950-5e5ba619551397a2daf3223fc6c48b4a",
                "thumb_800_w": 800,
                "thumb_800_h": 550,
                "thumb_960": "https:\/\/files.slack.com\/files-tmb\/TC0C1HURK-FFL5A5Y6T-659b784f2f\/screenshot_2019-01-21_at_17.20.35_960.png?t=xoxe-408409606869-1300049925941-1294691254950-5e5ba619551397a2daf3223fc6c48b4a",
                "thumb_960_w": 960,
                "thumb_960_h": 659,
                "thumb_1024": "https:\/\/files.slack.com\/files-tmb\/TC0C1HURK-FFL5A5Y6T-659b784f2f\/screenshot_2019-01-21_at_17.20.35_1024.png?t=xoxe-408409606869-1300049925941-1294691254950-5e5ba619551397a2daf3223fc6c48b4a",
                "thumb_1024_w": 1024,
                "thumb_1024_h": 703,
                "image_exif_rotation": 1,
                "original_w": 1054,
                "original_h": 724,
                "permalink": "https:\/\/cube-js.slack.com\/files\/UFJHS83H9\/FFL5A5Y6T\/screenshot_2019-01-21_at_17.20.35.png",
                "permalink_public": "https:\/\/slack-files.com\/TC0C1HURK-FFL5A5Y6T-64609aeec1",
                "is_starred": false,
                "has_rich_preview": false
            }
        ],
        "upload": true,
        "user": "UFJHS83H9",
        "display_as_bot": false,
        "ts": "1548091267.009600",
        "thread_ts": "1548061285.008900",
        "parent_user_id": "UFJHS83H9"
    },
    {
        "client_msg_id": "77b5d6ad-cea8-4405-9d3c-c1ffb4fa7651",
        "type": "message",
        "text": "So there are multiple records in the Invoice table corresponding to each line item",
        "user": "UFJHS83H9",
        "ts": "1548091303.010000",
        "team": "TC0C1HURK",
        "user_team": "TC0C1HURK",
        "source_team": "TC0C1HURK",
        "user_profile": {
            "avatar_hash": "gff882743df0",
            "image_72": "https:\/\/secure.gravatar.com\/avatar\/cff882743df0e8e1bceb7a954d45d940.jpg?s=72&d=https%3A%2F%2Fa.slack-edge.com%2Fdf10d%2Fimg%2Favatars%2Fava_0025-72.png",
            "first_name": "",
            "real_name": "Damian Soong",
            "display_name": "Damian",
            "team": "TC0C1HURK",
            "name": "damian",
            "is_restricted": false,
            "is_ultra_restricted": false
        },
        "thread_ts": "1548061285.008900",
        "parent_user_id": "UFJHS83H9"
    },
    {
        "client_msg_id": "f455652e-bbe8-4bc6-8a33-5811573f08de",
        "type": "message",
        "text": "Hence if I sum Total the answer is wrong",
        "user": "UFJHS83H9",
        "ts": "1548091310.010200",
        "team": "TC0C1HURK",
        "user_team": "TC0C1HURK",
        "source_team": "TC0C1HURK",
        "user_profile": {
            "avatar_hash": "gff882743df0",
            "image_72": "https:\/\/secure.gravatar.com\/avatar\/cff882743df0e8e1bceb7a954d45d940.jpg?s=72&d=https%3A%2F%2Fa.slack-edge.com%2Fdf10d%2Fimg%2Favatars%2Fava_0025-72.png",
            "first_name": "",
            "real_name": "Damian Soong",
            "display_name": "Damian",
            "team": "TC0C1HURK",
            "name": "damian",
            "is_restricted": false,
            "is_ultra_restricted": false
        },
        "thread_ts": "1548061285.008900",
        "parent_user_id": "UFJHS83H9"
    },
    {
        "client_msg_id": "09f9a2c1-7f69-42da-84d8-bad66ee813fb",
        "type": "message",
        "text": "But summing Lineamount should give write answer but is creating an error",
        "user": "UFJHS83H9",
        "ts": "1548091337.010400",
        "team": "TC0C1HURK",
        "user_team": "TC0C1HURK",
        "source_team": "TC0C1HURK",
        "user_profile": {
            "avatar_hash": "gff882743df0",
            "image_72": "https:\/\/secure.gravatar.com\/avatar\/cff882743df0e8e1bceb7a954d45d940.jpg?s=72&d=https%3A%2F%2Fa.slack-edge.com%2Fdf10d%2Fimg%2Favatars%2Fava_0025-72.png",
            "first_name": "",
            "real_name": "Damian Soong",
            "display_name": "Damian",
            "team": "TC0C1HURK",
            "name": "damian",
            "is_restricted": false,
            "is_ultra_restricted": false
        },
        "thread_ts": "1548061285.008900",
        "parent_user_id": "UFJHS83H9"
    },
    {
        "client_msg_id": "4e6a9286-722d-4545-aab5-32bcc9038132",
        "type": "message",
        "text": "&gt;&gt;&gt;Your database null encountered an error while running this query.\nError: Cannot access field lineamount on a value with type ARRAY&lt;STRUCT&lt;itemcode STRING, taxamount NUMERIC, discountrate NUMERIC, ...&gt;&gt; at [2:125]",
        "user": "UFJHS83H9",
        "ts": "1548091359.010600",
        "team": "TC0C1HURK",
        "user_team": "TC0C1HURK",
        "source_team": "TC0C1HURK",
        "user_profile": {
            "avatar_hash": "gff882743df0",
            "image_72": "https:\/\/secure.gravatar.com\/avatar\/cff882743df0e8e1bceb7a954d45d940.jpg?s=72&d=https%3A%2F%2Fa.slack-edge.com%2Fdf10d%2Fimg%2Favatars%2Fava_0025-72.png",
            "first_name": "",
            "real_name": "Damian Soong",
            "display_name": "Damian",
            "team": "TC0C1HURK",
            "name": "damian",
            "is_restricted": false,
            "is_ultra_restricted": false
        },
        "thread_ts": "1548061285.008900",
        "parent_user_id": "UFJHS83H9"
    },
    {
        "client_msg_id": "442b18b9-f7e9-4b97-8938-c49a27d5402c",
        "type": "message",
        "text": "Ah — ok — this is a BigQuery problem, not Xero problem … I’m a Postgres guy …\n\nWhat query are you using to select the columns? You need to look into querying repeatable fields (arrays)\n\nI don’t have a ton of time to dig into this right now but I’ll take a look when I can … for now, I’ve found this: <https:\/\/cloud.google.com\/bigquery\/docs\/legacy-nested-repeated> and this: <https:\/\/stackoverflow.com\/questions\/43654045\/bigquery-querying-repeated-fields>\n\nI also found this: <https:\/\/stackoverflow.com\/questions\/39109817\/cannot-access-field-in-big-query-with-type-arraystructhitnumber-int64-time-in>\n\nWhich led me to look up UNNEST: <https:\/\/firebase.googleblog.com\/2017\/03\/bigquery-tip-unnest-function.html>\n\nI think that last link might have the answer you’re looking for.",
        "user": "UEASA3CUR",
        "ts": "1548116491.010800",
        "team": "TC0C1HURK",
        "user_team": "TC0C1HURK",
        "source_team": "TC0C1HURK",
        "user_profile": {
            "avatar_hash": "g065a041e882",
            "image_72": "https:\/\/secure.gravatar.com\/avatar\/8065a041e8828aa7698c51be59a2de7d.jpg?s=72&d=https%3A%2F%2Fa.slack-edge.com%2Fdf10d%2Fimg%2Favatars%2Fava_0011-72.png",
            "first_name": "Benjamin",
            "real_name": "Benjamin Sehl",
            "display_name": "Ben",
            "team": "TC0C1HURK",
            "name": "ben138",
            "is_restricted": false,
            "is_ultra_restricted": false
        },
        "edited": {
            "user": "UEASA3CUR",
            "ts": "1548116540.000000"
        },
        "thread_ts": "1548061285.008900",
        "parent_user_id": "UFJHS83H9"
    },
    {
        "client_msg_id": "d53dcc2c-8ea8-4906-ad14-344ac4730a8d",
        "type": "message",
        "text": "If you’ve just started down this path, and aren’t familiar with BigQuery …  I might suggest checking out Postgres … it’s super easy to work with, and you can set up a DB on Heroku pretty easily, only costing $9\/month for a hobby account with 10M rows.",
        "user": "UEASA3CUR",
        "ts": "1548116596.011400",
        "team": "TC0C1HURK",
        "user_team": "TC0C1HURK",
        "source_team": "TC0C1HURK",
        "user_profile": {
            "avatar_hash": "g065a041e882",
            "image_72": "https:\/\/secure.gravatar.com\/avatar\/8065a041e8828aa7698c51be59a2de7d.jpg?s=72&d=https%3A%2F%2Fa.slack-edge.com%2Fdf10d%2Fimg%2Favatars%2Fava_0011-72.png",
            "first_name": "Benjamin",
            "real_name": "Benjamin Sehl",
            "display_name": "Ben",
            "team": "TC0C1HURK",
            "name": "ben138",
            "is_restricted": false,
            "is_ultra_restricted": false
        },
        "thread_ts": "1548061285.008900",
        "parent_user_id": "UFJHS83H9"
    }
]