[
    {
        "client_msg_id": "5e6033cd-25b6-466a-bcab-f70441e72922",
        "type": "message",
        "text": "thanks for responding.\nnow I get this error instead:\nUncaught TypeError: cubejs is not a function\n    at index.html:41",
        "user": "URRU0GD4J",
        "ts": "1577692965.071700",
        "team": "TC0C1HURK",
        "user_team": "TC0C1HURK",
        "source_team": "TC0C1HURK",
        "user_profile": {
            "avatar_hash": "gf26dfec904c",
            "image_72": "https:\/\/secure.gravatar.com\/avatar\/f26dfec904ccd2110737af1c782f6f9b.jpg?s=72&d=https%3A%2F%2Fa.slack-edge.com%2Fdf10d%2Fimg%2Favatars%2Fava_0009-72.png",
            "first_name": "",
            "real_name": "Anozi Mada",
            "display_name": "Anozi Mada",
            "team": "TC0C1HURK",
            "name": "anozimada",
            "is_restricted": false,
            "is_ultra_restricted": false
        },
        "blocks": [
            {
                "type": "rich_text",
                "block_id": "j\/S",
                "elements": [
                    {
                        "type": "rich_text_section",
                        "elements": [
                            {
                                "type": "text",
                                "text": "thanks for responding.\nnow I get this error instead:\nUncaught TypeError: cubejs is not a function\n    at index.html:41"
                            }
                        ]
                    }
                ]
            }
        ],
        "thread_ts": "1577690247.071100",
        "parent_user_id": "URRU0GD4J"
    },
    {
        "client_msg_id": "3212da40-2d63-4200-ab4a-1e808f4df9d9",
        "type": "message",
        "text": "using this <https:\/\/unpkg.com\/@cubejs-client\/core@0.13.5\/dist\/cubejs-client-core.umd.js>",
        "user": "URRU0GD4J",
        "ts": "1577693025.071900",
        "team": "TC0C1HURK",
        "user_team": "TC0C1HURK",
        "source_team": "TC0C1HURK",
        "user_profile": {
            "avatar_hash": "gf26dfec904c",
            "image_72": "https:\/\/secure.gravatar.com\/avatar\/f26dfec904ccd2110737af1c782f6f9b.jpg?s=72&d=https%3A%2F%2Fa.slack-edge.com%2Fdf10d%2Fimg%2Favatars%2Fava_0009-72.png",
            "first_name": "",
            "real_name": "Anozi Mada",
            "display_name": "Anozi Mada",
            "team": "TC0C1HURK",
            "name": "anozimada",
            "is_restricted": false,
            "is_ultra_restricted": false
        },
        "blocks": [
            {
                "type": "rich_text",
                "block_id": "EI9HP",
                "elements": [
                    {
                        "type": "rich_text_section",
                        "elements": [
                            {
                                "type": "text",
                                "text": "using this "
                            },
                            {
                                "type": "link",
                                "url": "https:\/\/unpkg.com\/@cubejs-client\/core@0.13.5\/dist\/cubejs-client-core.umd.js"
                            }
                        ]
                    }
                ]
            }
        ],
        "thread_ts": "1577690247.071100",
        "parent_user_id": "URRU0GD4J"
    },
    {
        "type": "message",
        "subtype": "channel_join",
        "ts": "1577699196.072200",
        "user": "URUKHM4N5",
        "text": "<@URUKHM4N5> has joined the channel"
    },
    {
        "type": "message",
        "subtype": "channel_join",
        "ts": "1577706410.072500",
        "user": "US4VC7BTJ",
        "text": "<@US4VC7BTJ> has joined the channel"
    },
    {
        "type": "message",
        "subtype": "channel_join",
        "ts": "1577707663.072700",
        "user": "URS6PE0MQ",
        "text": "<@URS6PE0MQ> has joined the channel"
    },
    {
        "type": "message",
        "subtype": "channel_join",
        "ts": "1577719944.072900",
        "user": "US55KHYAZ",
        "text": "<@US55KHYAZ> has joined the channel"
    },
    {
        "type": "message",
        "subtype": "channel_join",
        "ts": "1577723678.073100",
        "user": "URTNUT3C3",
        "text": "<@URTNUT3C3> has joined the channel"
    },
    {
        "client_msg_id": "7BDFD1E6-6575-442B-8640-B3BC3E7979F4",
        "type": "message",
        "text": "Going thru the guide - api token not being displayed in terminal when running “yarn dev”",
        "user": "URSF63ZNF",
        "ts": "1577737368.074500",
        "team": "TC0C1HURK",
        "user_team": "TC0C1HURK",
        "source_team": "TC0C1HURK",
        "user_profile": {
            "avatar_hash": "d45ae353dc07",
            "image_72": "https:\/\/avatars.slack-edge.com\/2019-12-28\/887674195156_d45ae353dc070001b1db_72.png",
            "first_name": "Greg",
            "real_name": "Greg Donovan",
            "display_name": "",
            "team": "TC0C1HURK",
            "name": "greg.donovan",
            "is_restricted": false,
            "is_ultra_restricted": false
        },
        "blocks": [
            {
                "type": "rich_text",
                "block_id": "Gw5SC",
                "elements": [
                    {
                        "type": "rich_text_section",
                        "elements": [
                            {
                                "type": "text",
                                "text": "Going thru the guide - api token not being displayed in terminal when running “yarn dev”"
                            }
                        ]
                    }
                ]
            }
        ],
        "thread_ts": "1577526182.061600",
        "parent_user_id": "URSF63ZNF"
    },
    {
        "client_msg_id": "2AEB107B-9645-4BFC-A691-5C594577B7E4",
        "type": "message",
        "text": "Nvm - just copied token from your git repo ",
        "user": "URSF63ZNF",
        "ts": "1577740450.075200",
        "team": "TC0C1HURK",
        "user_team": "TC0C1HURK",
        "source_team": "TC0C1HURK",
        "user_profile": {
            "avatar_hash": "d45ae353dc07",
            "image_72": "https:\/\/avatars.slack-edge.com\/2019-12-28\/887674195156_d45ae353dc070001b1db_72.png",
            "first_name": "Greg",
            "real_name": "Greg Donovan",
            "display_name": "",
            "team": "TC0C1HURK",
            "name": "greg.donovan",
            "is_restricted": false,
            "is_ultra_restricted": false
        },
        "blocks": [
            {
                "type": "rich_text",
                "block_id": "KrB",
                "elements": [
                    {
                        "type": "rich_text_section",
                        "elements": [
                            {
                                "type": "text",
                                "text": "Nvm - just copied token from your git repo "
                            }
                        ]
                    }
                ]
            }
        ],
        "thread_ts": "1577526182.061600",
        "parent_user_id": "URSF63ZNF"
    },
    {
        "client_msg_id": "c62b27c1-7b65-4b30-b284-099378db9607",
        "type": "message",
        "text": "update: I can successfully use it with version 0.10.0",
        "user": "URRU0GD4J",
        "ts": "1577771760.075400",
        "team": "TC0C1HURK",
        "user_team": "TC0C1HURK",
        "source_team": "TC0C1HURK",
        "user_profile": {
            "avatar_hash": "gf26dfec904c",
            "image_72": "https:\/\/secure.gravatar.com\/avatar\/f26dfec904ccd2110737af1c782f6f9b.jpg?s=72&d=https%3A%2F%2Fa.slack-edge.com%2Fdf10d%2Fimg%2Favatars%2Fava_0009-72.png",
            "first_name": "",
            "real_name": "Anozi Mada",
            "display_name": "Anozi Mada",
            "team": "TC0C1HURK",
            "name": "anozimada",
            "is_restricted": false,
            "is_ultra_restricted": false
        },
        "blocks": [
            {
                "type": "rich_text",
                "block_id": "BQGKg",
                "elements": [
                    {
                        "type": "rich_text_section",
                        "elements": [
                            {
                                "type": "text",
                                "text": "update: I can successfully use it with version 0.10.0"
                            }
                        ]
                    }
                ]
            }
        ],
        "thread_ts": "1577690247.071100",
        "parent_user_id": "URRU0GD4J"
    }
]