[
    {
        "type": "message",
        "subtype": "channel_join",
        "ts": "1574671731.405000",
        "user": "UQXLY5PG8",
        "text": "<@UQXLY5PG8> has joined the channel"
    },
    {
        "client_msg_id": "3bf93627-ae94-427b-99de-9effd0ace2c3",
        "type": "message",
        "text": "Hello every1, nice to be here :slightly_smiling_face:",
        "user": "UQXLY5PG8",
        "ts": "1574671770.405400",
        "team": "TC0C1HURK",
        "user_team": "TC0C1HURK",
        "source_team": "TC0C1HURK",
        "user_profile": {
            "avatar_hash": "g9a31bb56a2b",
            "image_72": "https:\/\/secure.gravatar.com\/avatar\/9a31bb56a2b4c63e537a12ad6acd9e80.jpg?s=72&d=https%3A%2F%2Fa.slack-edge.com%2Fdf10d%2Fimg%2Favatars%2Fava_0016-72.png",
            "first_name": "",
            "real_name": "Tamir Ciprut",
            "display_name": "Tamir Ciprut",
            "team": "TC0C1HURK",
            "name": "tamir",
            "is_restricted": false,
            "is_ultra_restricted": false
        },
        "blocks": [
            {
                "type": "rich_text",
                "block_id": "VnD2p",
                "elements": [
                    {
                        "type": "rich_text_section",
                        "elements": [
                            {
                                "type": "text",
                                "text": "Hello every1, nice to be here "
                            },
                            {
                                "type": "emoji",
                                "name": "slightly_smiling_face"
                            }
                        ]
                    }
                ]
            }
        ]
    },
    {
        "client_msg_id": "f9290160-b4cd-4ea4-9f0d-9bd3e0bb7fcb",
        "type": "message",
        "text": "Can I use CUBE.JS to visualize data I have already received with a SQL query in JSON format?",
        "user": "UQXLY5PG8",
        "ts": "1574672759.406800",
        "team": "TC0C1HURK",
        "user_team": "TC0C1HURK",
        "source_team": "TC0C1HURK",
        "user_profile": {
            "avatar_hash": "g9a31bb56a2b",
            "image_72": "https:\/\/secure.gravatar.com\/avatar\/9a31bb56a2b4c63e537a12ad6acd9e80.jpg?s=72&d=https%3A%2F%2Fa.slack-edge.com%2Fdf10d%2Fimg%2Favatars%2Fava_0016-72.png",
            "first_name": "",
            "real_name": "Tamir Ciprut",
            "display_name": "Tamir Ciprut",
            "team": "TC0C1HURK",
            "name": "tamir",
            "is_restricted": false,
            "is_ultra_restricted": false
        },
        "blocks": [
            {
                "type": "rich_text",
                "block_id": "eHuy",
                "elements": [
                    {
                        "type": "rich_text_section",
                        "elements": [
                            {
                                "type": "text",
                                "text": "Can I use CUBE.JS to visualize data I have already received with a SQL query in JSON format?"
                            }
                        ]
                    }
                ]
            }
        ]
    },
    {
        "client_msg_id": "70d4b535-f0fe-4cbd-9a24-4bfa2c0dfa2e",
        "type": "message",
        "text": "And one more thing, I work with a few data sources (different google projects and each of them is a different BigQuery database). Is there a way to get data from all of them? I only have one project credentials t insert in the \".env\" file",
        "user": "UQXLY5PG8",
        "ts": "1574673038.408900",
        "team": "TC0C1HURK",
        "user_team": "TC0C1HURK",
        "source_team": "TC0C1HURK",
        "user_profile": {
            "avatar_hash": "g9a31bb56a2b",
            "image_72": "https:\/\/secure.gravatar.com\/avatar\/9a31bb56a2b4c63e537a12ad6acd9e80.jpg?s=72&d=https%3A%2F%2Fa.slack-edge.com%2Fdf10d%2Fimg%2Favatars%2Fava_0016-72.png",
            "first_name": "",
            "real_name": "Tamir Ciprut",
            "display_name": "Tamir Ciprut",
            "team": "TC0C1HURK",
            "name": "tamir",
            "is_restricted": false,
            "is_ultra_restricted": false
        },
        "blocks": [
            {
                "type": "rich_text",
                "block_id": "0CZqd",
                "elements": [
                    {
                        "type": "rich_text_section",
                        "elements": [
                            {
                                "type": "text",
                                "text": "And one more thing, I work with a few data sources (different google projects and each of them is a different BigQuery database). Is there a way to get data from all of them? I only have one project credentials t insert in the \".env\" file"
                            }
                        ]
                    }
                ]
            }
        ],
        "thread_ts": "1574673038.408900",
        "reply_count": 6,
        "reply_users_count": 2,
        "latest_reply": "1574790534.430600",
        "reply_users": [
            "UC19HAUAK",
            "UQXLY5PG8"
        ],
        "replies": [
            {
                "user": "UC19HAUAK",
                "ts": "1574706521.412800"
            },
            {
                "user": "UQXLY5PG8",
                "ts": "1574715840.413500"
            },
            {
                "user": "UQXLY5PG8",
                "ts": "1574754492.428800"
            },
            {
                "user": "UQXLY5PG8",
                "ts": "1574754539.429000"
            },
            {
                "user": "UC19HAUAK",
                "ts": "1574790487.430300"
            },
            {
                "user": "UC19HAUAK",
                "ts": "1574790534.430600"
            }
        ],
        "subscribed": false
    },
    {
        "client_msg_id": "47f50d51-70e1-4995-a26e-a8a623e1147c",
        "type": "message",
        "text": "thanks!",
        "user": "UQVM4NG23",
        "ts": "1574680771.409100",
        "team": "TC0C1HURK",
        "user_team": "TC0C1HURK",
        "source_team": "TC0C1HURK",
        "user_profile": {
            "avatar_hash": "gcf3a2a3183a",
            "image_72": "https:\/\/secure.gravatar.com\/avatar\/cf3a2a3183a2157fbeef3bee36466cfb.jpg?s=72&d=https%3A%2F%2Fa.slack-edge.com%2Fdf10d%2Fimg%2Favatars%2Fava_0025-72.png",
            "first_name": "",
            "real_name": "sharonYoobic",
            "display_name": "sharonYoobic",
            "team": "TC0C1HURK",
            "name": "shophy",
            "is_restricted": false,
            "is_ultra_restricted": false
        },
        "blocks": [
            {
                "type": "rich_text",
                "block_id": "qceR",
                "elements": [
                    {
                        "type": "rich_text_section",
                        "elements": [
                            {
                                "type": "text",
                                "text": "thanks!"
                            }
                        ]
                    }
                ]
            }
        ],
        "thread_ts": "1574589643.391000",
        "parent_user_id": "UQVM4NG23",
        "reactions": [
            {
                "name": "raised_hands",
                "users": [
                    "UC19HAUAK"
                ],
                "count": 1
            }
        ]
    },
    {
        "client_msg_id": "3348aded-3d51-4f99-adf8-089a236cb830",
        "type": "message",
        "text": "Exactly, haha",
        "user": "UQGF0N4FM",
        "ts": "1574686775.409500",
        "team": "TC0C1HURK",
        "user_team": "TC0C1HURK",
        "source_team": "TC0C1HURK",
        "user_profile": {
            "avatar_hash": "gd93d5cb3986",
            "image_72": "https:\/\/secure.gravatar.com\/avatar\/d93d5cb39864821e725b066eab825e6a.jpg?s=72&d=https%3A%2F%2Fa.slack-edge.com%2Fdf10d%2Fimg%2Favatars%2Fava_0014-72.png",
            "first_name": "Vicente",
            "real_name": "Vicente Fuenzalida Marin",
            "display_name": "vicente",
            "team": "TC0C1HURK",
            "name": "vicente",
            "is_restricted": false,
            "is_ultra_restricted": false
        },
        "blocks": [
            {
                "type": "rich_text",
                "block_id": "V=vN3",
                "elements": [
                    {
                        "type": "rich_text_section",
                        "elements": [
                            {
                                "type": "text",
                                "text": "Exactly, haha"
                            }
                        ]
                    }
                ]
            }
        ],
        "thread_ts": "1574375047.348700",
        "parent_user_id": "UQGF0N4FM"
    },
    {
        "client_msg_id": "96e5059b-5d31-41b8-9fe6-cac0c459c650",
        "type": "message",
        "text": "But for now that is the only table we have, so all Order information is stored in this  _OrderItems_ table",
        "user": "UQGF0N4FM",
        "ts": "1574686844.409700",
        "team": "TC0C1HURK",
        "user_team": "TC0C1HURK",
        "source_team": "TC0C1HURK",
        "user_profile": {
            "avatar_hash": "gd93d5cb3986",
            "image_72": "https:\/\/secure.gravatar.com\/avatar\/d93d5cb39864821e725b066eab825e6a.jpg?s=72&d=https%3A%2F%2Fa.slack-edge.com%2Fdf10d%2Fimg%2Favatars%2Fava_0014-72.png",
            "first_name": "Vicente",
            "real_name": "Vicente Fuenzalida Marin",
            "display_name": "vicente",
            "team": "TC0C1HURK",
            "name": "vicente",
            "is_restricted": false,
            "is_ultra_restricted": false
        },
        "blocks": [
            {
                "type": "rich_text",
                "block_id": "JqX",
                "elements": [
                    {
                        "type": "rich_text_section",
                        "elements": [
                            {
                                "type": "text",
                                "text": "But for now that is the only table we have, so all Order information is stored in this  "
                            },
                            {
                                "type": "text",
                                "text": "OrderItems",
                                "style": {
                                    "italic": true
                                }
                            },
                            {
                                "type": "text",
                                "text": " table"
                            }
                        ]
                    }
                ]
            }
        ],
        "thread_ts": "1574375047.348700",
        "parent_user_id": "UQGF0N4FM"
    },
    {
        "client_msg_id": "fbd30f81-3fb3-437f-895b-3502acbc50b1",
        "type": "message",
        "text": "Do you have any suggestions?",
        "user": "UQGF0N4FM",
        "ts": "1574686857.409900",
        "team": "TC0C1HURK",
        "user_team": "TC0C1HURK",
        "source_team": "TC0C1HURK",
        "user_profile": {
            "avatar_hash": "gd93d5cb3986",
            "image_72": "https:\/\/secure.gravatar.com\/avatar\/d93d5cb39864821e725b066eab825e6a.jpg?s=72&d=https%3A%2F%2Fa.slack-edge.com%2Fdf10d%2Fimg%2Favatars%2Fava_0014-72.png",
            "first_name": "Vicente",
            "real_name": "Vicente Fuenzalida Marin",
            "display_name": "vicente",
            "team": "TC0C1HURK",
            "name": "vicente",
            "is_restricted": false,
            "is_ultra_restricted": false
        },
        "blocks": [
            {
                "type": "rich_text",
                "block_id": "b=9+I",
                "elements": [
                    {
                        "type": "rich_text_section",
                        "elements": [
                            {
                                "type": "text",
                                "text": "Do you have any suggestions?"
                            }
                        ]
                    }
                ]
            }
        ],
        "thread_ts": "1574375047.348700",
        "parent_user_id": "UQGF0N4FM"
    },
    {
        "client_msg_id": "13e49071-8044-468a-86a1-5bad820b5383",
        "type": "message",
        "text": "Actually I don't want to self-join orders, I just need to aggregate the pre-aggregation by different dimensions (for example, by `Orders.userid`)",
        "user": "UQGF0N4FM",
        "ts": "1574687101.410100",
        "team": "TC0C1HURK",
        "user_team": "TC0C1HURK",
        "source_team": "TC0C1HURK",
        "user_profile": {
            "avatar_hash": "gd93d5cb3986",
            "image_72": "https:\/\/secure.gravatar.com\/avatar\/d93d5cb39864821e725b066eab825e6a.jpg?s=72&d=https%3A%2F%2Fa.slack-edge.com%2Fdf10d%2Fimg%2Favatars%2Fava_0014-72.png",
            "first_name": "Vicente",
            "real_name": "Vicente Fuenzalida Marin",
            "display_name": "vicente",
            "team": "TC0C1HURK",
            "name": "vicente",
            "is_restricted": false,
            "is_ultra_restricted": false
        },
        "blocks": [
            {
                "type": "rich_text",
                "block_id": "5OhbT",
                "elements": [
                    {
                        "type": "rich_text_section",
                        "elements": [
                            {
                                "type": "text",
                                "text": "Actually I don't want to self-join orders, I just need to aggregate the pre-aggregation by different dimensions (for example, by "
                            },
                            {
                                "type": "text",
                                "text": "Orders.userid",
                                "style": {
                                    "code": true
                                }
                            },
                            {
                                "type": "text",
                                "text": ")"
                            }
                        ]
                    }
                ]
            }
        ],
        "thread_ts": "1574375047.348700",
        "parent_user_id": "UQGF0N4FM"
    },
    {
        "type": "message",
        "subtype": "channel_join",
        "ts": "1574687528.410400",
        "user": "UQZRJ3MNK",
        "text": "<@UQZRJ3MNK> has joined the channel"
    },
    {
        "type": "message",
        "subtype": "channel_join",
        "ts": "1574689172.410700",
        "user": "UQY1NA0HK",
        "text": "<@UQY1NA0HK> has joined the channel"
    },
    {
        "client_msg_id": "a38647e0-5162-408c-b13e-31b5185e8456",
        "type": "message",
        "text": "Hello every1, nice to be here",
        "user": "UQY1NA0HK",
        "ts": "1574689233.410900",
        "team": "TC0C1HURK",
        "user_team": "TC0C1HURK",
        "source_team": "TC0C1HURK",
        "user_profile": {
            "avatar_hash": "gc5918b0d0d4",
            "image_72": "https:\/\/secure.gravatar.com\/avatar\/c5918b0d0d49b22d2c8133b091763adb.jpg?s=72&d=https%3A%2F%2Fa.slack-edge.com%2Fdf10d%2Fimg%2Favatars%2Fava_0019-72.png",
            "first_name": "",
            "real_name": "df",
            "display_name": "df",
            "team": "TC0C1HURK",
            "name": "weteh54637",
            "is_restricted": false,
            "is_ultra_restricted": false
        },
        "blocks": [
            {
                "type": "rich_text",
                "block_id": "QUH+i",
                "elements": [
                    {
                        "type": "rich_text_section",
                        "elements": [
                            {
                                "type": "text",
                                "text": "Hello every1, nice to be here"
                            }
                        ]
                    }
                ]
            }
        ]
    },
    {
        "type": "message",
        "subtype": "channel_join",
        "ts": "1574690890.411100",
        "user": "UQK8YMABU",
        "text": "<@UQK8YMABU> has joined the channel"
    },
    {
        "client_msg_id": "186da9bf-cf1d-4809-8bb9-ce616d9f3223",
        "type": "message",
        "text": "Hello everyone !",
        "user": "UQK8YMABU",
        "ts": "1574691051.411300",
        "team": "TC0C1HURK",
        "user_team": "TC0C1HURK",
        "source_team": "TC0C1HURK",
        "user_profile": {
            "avatar_hash": "be01b881eee5",
            "image_72": "https:\/\/avatars.slack-edge.com\/2019-11-25\/848100971952_be01b881eee541d89671_72.jpg",
            "first_name": "",
            "real_name": "Girou Maxime",
            "display_name": "Girou Maxime",
            "team": "TC0C1HURK",
            "name": "maxime.girou",
            "is_restricted": false,
            "is_ultra_restricted": false
        },
        "blocks": [
            {
                "type": "rich_text",
                "block_id": "jIr",
                "elements": [
                    {
                        "type": "rich_text_section",
                        "elements": [
                            {
                                "type": "text",
                                "text": "Hello everyone !"
                            }
                        ]
                    }
                ]
            }
        ],
        "reactions": [
            {
                "name": "wave",
                "users": [
                    "UHEMDJPRS",
                    "UQGF0N4FM",
                    "UC1HAFW4E",
                    "UC19HAUAK"
                ],
                "count": 4
            }
        ]
    },
    {
        "type": "message",
        "subtype": "channel_join",
        "ts": "1574704522.411900",
        "user": "UQYEFNEHE",
        "text": "<@UQYEFNEHE> has joined the channel"
    },
    {
        "type": "message",
        "text": "Done! Lets upvote cubejs ",
        "files": [
            {
                "id": "FQKN3TT3L",
                "created": 1574706054,
                "timestamp": 1574706054,
                "name": "Image from iOS.jpg",
                "title": "Image from iOS",
                "mimetype": "image\/jpeg",
                "filetype": "jpg",
                "pretty_type": "JPEG",
                "user": "UP4FTFUP2",
                "editable": false,
                "size": 35963,
                "mode": "hosted",
                "is_external": false,
                "external_type": "",
                "is_public": true,
                "public_url_shared": false,
                "display_as_bot": false,
                "username": "",
                "url_private": "https:\/\/files.slack.com\/files-pri\/TC0C1HURK-FQKN3TT3L\/image_from_ios.jpg?t=xoxe-408409606869-1300049925941-1294691254950-5e5ba619551397a2daf3223fc6c48b4a",
                "url_private_download": "https:\/\/files.slack.com\/files-pri\/TC0C1HURK-FQKN3TT3L\/download\/image_from_ios.jpg?t=xoxe-408409606869-1300049925941-1294691254950-5e5ba619551397a2daf3223fc6c48b4a",
                "thumb_64": "https:\/\/files.slack.com\/files-tmb\/TC0C1HURK-FQKN3TT3L-0118d650d2\/image_from_ios_64.jpg?t=xoxe-408409606869-1300049925941-1294691254950-5e5ba619551397a2daf3223fc6c48b4a",
                "thumb_80": "https:\/\/files.slack.com\/files-tmb\/TC0C1HURK-FQKN3TT3L-0118d650d2\/image_from_ios_80.jpg?t=xoxe-408409606869-1300049925941-1294691254950-5e5ba619551397a2daf3223fc6c48b4a",
                "thumb_360": "https:\/\/files.slack.com\/files-tmb\/TC0C1HURK-FQKN3TT3L-0118d650d2\/image_from_ios_360.jpg?t=xoxe-408409606869-1300049925941-1294691254950-5e5ba619551397a2daf3223fc6c48b4a",
                "thumb_360_w": 350,
                "thumb_360_h": 360,
                "thumb_480": "https:\/\/files.slack.com\/files-tmb\/TC0C1HURK-FQKN3TT3L-0118d650d2\/image_from_ios_480.jpg?t=xoxe-408409606869-1300049925941-1294691254950-5e5ba619551397a2daf3223fc6c48b4a",
                "thumb_480_w": 466,
                "thumb_480_h": 480,
                "thumb_160": "https:\/\/files.slack.com\/files-tmb\/TC0C1HURK-FQKN3TT3L-0118d650d2\/image_from_ios_160.jpg?t=xoxe-408409606869-1300049925941-1294691254950-5e5ba619551397a2daf3223fc6c48b4a",
                "thumb_720": "https:\/\/files.slack.com\/files-tmb\/TC0C1HURK-FQKN3TT3L-0118d650d2\/image_from_ios_720.jpg?t=xoxe-408409606869-1300049925941-1294691254950-5e5ba619551397a2daf3223fc6c48b4a",
                "thumb_720_w": 700,
                "thumb_720_h": 720,
                "thumb_800": "https:\/\/files.slack.com\/files-tmb\/TC0C1HURK-FQKN3TT3L-0118d650d2\/image_from_ios_800.jpg?t=xoxe-408409606869-1300049925941-1294691254950-5e5ba619551397a2daf3223fc6c48b4a",
                "thumb_800_w": 800,
                "thumb_800_h": 823,
                "image_exif_rotation": 1,
                "original_w": 828,
                "original_h": 852,
                "thumb_tiny": "AwAwAC7S59qBnvj8KWigAoqC7EpjHk5JzyAcVLEGEa7\/AL2OaAHUUUUAFGaKQjnjFADSXzxtx704Hj5sZ9qAPXH5UmD7flQA7I9aKQAA5wKWgAzRmk5peaAEPPcj6UDgUmD7\/nS8\/wCTQAuaM0c0nNAH\/9k=",
                "permalink": "https:\/\/cube-js.slack.com\/files\/UP4FTFUP2\/FQKN3TT3L\/image_from_ios.jpg",
                "permalink_public": "https:\/\/slack-files.com\/TC0C1HURK-FQKN3TT3L-5c7ba0c540",
                "is_starred": false,
                "has_rich_preview": false
            }
        ],
        "upload": true,
        "user": "UP4FTFUP2",
        "display_as_bot": false,
        "ts": "1574706054.412200",
        "client_msg_id": "2D2996F0-B436-4D63-AD6C-C7775A2AE6C5",
        "reactions": [
            {
                "name": "heart",
                "users": [
                    "UC19HAUAK",
                    "UC1HAFW4E",
                    "UQGF0N4FM"
                ],
                "count": 3
            },
            {
                "name": "cube",
                "users": [
                    "UC1HAFW4E",
                    "UC19HAUAK",
                    "UP4FTFUP2"
                ],
                "count": 3
            }
        ]
    },
    {
        "client_msg_id": "3288F30E-E4EC-47F8-B63F-01CEFB811CFA",
        "type": "message",
        "text": "<https:\/\/www.producthunt.com>",
        "user": "UP4FTFUP2",
        "ts": "1574706302.412600",
        "team": "TC0C1HURK",
        "user_team": "TC0C1HURK",
        "source_team": "TC0C1HURK",
        "user_profile": {
            "avatar_hash": "da62d87d7d99",
            "image_72": "https:\/\/avatars.slack-edge.com\/2019-10-07\/786558804576_da62d87d7d99f2909952_72.png",
            "first_name": "",
            "real_name": "rafabarros",
            "display_name": "rafabarros",
            "team": "TC0C1HURK",
            "name": "rafaelbarros",
            "is_restricted": false,
            "is_ultra_restricted": false
        },
        "attachments": [
            {
                "service_name": "Product Hunt",
                "title": "Product Hunt – The best new products in tech.",
                "title_link": "https:\/\/www.producthunt.com\/",
                "text": "Product Hunt is a curation of the best new products, every day. Discover the latest mobile apps, websites, and technology products that everyone's talking about.",
                "fallback": "Product Hunt: Product Hunt – The best new products in tech.",
                "image_url": "https:\/\/api.url2png.com\/v6\/P5329C1FA0ECB6\/790272390317dc724643b1ca88f5da6e\/png\/?url=https%3A%2F%2Fwww.producthunt.com%2F",
                "from_url": "https:\/\/www.producthunt.com\/",
                "image_width": 357,
                "image_height": 250,
                "image_bytes": 278153,
                "service_icon": "https:\/\/assets.producthunt.com\/assets\/ph-ios-icon-e1733530a1bfc41080db8161823f1ef262cdbbc933800c0a2a706f70eb9c277a.png",
                "id": 1,
                "original_url": "https:\/\/www.producthunt.com"
            }
        ]
    },
    {
        "client_msg_id": "48266fc8-0cce-4890-95f2-0f61b66b3302",
        "type": "message",
        "text": "Hey <@UQXLY5PG8>! Yep. It's possible: <https:\/\/cube.dev\/docs\/multitenancy-setup#multiple-db-instances-with-same-schema>",
        "user": "UC19HAUAK",
        "ts": "1574706521.412800",
        "team": "TC0C1HURK",
        "user_team": "TC0C1HURK",
        "source_team": "TC0C1HURK",
        "user_profile": {
            "avatar_hash": "066a042e018c",
            "image_72": "https:\/\/avatars.slack-edge.com\/2019-12-07\/866588520998_066a042e018ca831a195_72.png",
            "first_name": "Pavel",
            "real_name": "Pavel Tiunov",
            "display_name": "pavel",
            "team": "TC0C1HURK",
            "name": "pavel",
            "is_restricted": false,
            "is_ultra_restricted": false
        },
        "blocks": [
            {
                "type": "rich_text",
                "block_id": "DUQSC",
                "elements": [
                    {
                        "type": "rich_text_section",
                        "elements": [
                            {
                                "type": "text",
                                "text": "Hey "
                            },
                            {
                                "type": "user",
                                "user_id": "UQXLY5PG8"
                            },
                            {
                                "type": "text",
                                "text": "! Yep. It's possible: "
                            },
                            {
                                "type": "link",
                                "url": "https:\/\/cube.dev\/docs\/multitenancy-setup#multiple-db-instances-with-same-schema"
                            }
                        ]
                    }
                ]
            }
        ],
        "thread_ts": "1574673038.408900",
        "parent_user_id": "UQXLY5PG8"
    },
    {
        "client_msg_id": "8326ffc8-4d2b-4c7e-82ed-459d385f55fb",
        "type": "message",
        "text": "Yayy thank you, it helped me a lot",
        "user": "UQXLY5PG8",
        "ts": "1574715840.413500",
        "team": "TC0C1HURK",
        "user_team": "TC0C1HURK",
        "source_team": "TC0C1HURK",
        "user_profile": {
            "avatar_hash": "g9a31bb56a2b",
            "image_72": "https:\/\/secure.gravatar.com\/avatar\/9a31bb56a2b4c63e537a12ad6acd9e80.jpg?s=72&d=https%3A%2F%2Fa.slack-edge.com%2Fdf10d%2Fimg%2Favatars%2Fava_0016-72.png",
            "first_name": "",
            "real_name": "Tamir Ciprut",
            "display_name": "Tamir Ciprut",
            "team": "TC0C1HURK",
            "name": "tamir",
            "is_restricted": false,
            "is_ultra_restricted": false
        },
        "blocks": [
            {
                "type": "rich_text",
                "block_id": "HSPKG",
                "elements": [
                    {
                        "type": "rich_text_section",
                        "elements": [
                            {
                                "type": "text",
                                "text": "Yayy thank you, it helped me a lot"
                            }
                        ]
                    }
                ]
            }
        ],
        "thread_ts": "1574673038.408900",
        "parent_user_id": "UQXLY5PG8",
        "reactions": [
            {
                "name": "raised_hands",
                "users": [
                    "UC19HAUAK"
                ],
                "count": 1
            }
        ]
    },
    {
        "client_msg_id": "fece1bc6-2ccb-4da7-a36a-3ecc251eb478",
        "type": "message",
        "text": "<@UC19HAUAK> Doesn't work by this way.",
        "user": "UNS4PKYAK",
        "ts": "1574745220.414800",
        "team": "TC0C1HURK",
        "user_team": "TC0C1HURK",
        "source_team": "TC0C1HURK",
        "user_profile": {
            "avatar_hash": "664213ef9cf5",
            "image_72": "https:\/\/avatars.slack-edge.com\/2019-10-17\/800974914790_664213ef9cf5f85d3637_72.jpg",
            "first_name": "chintesh",
            "real_name": "chintesh kumar",
            "display_name": "chintesh kumar",
            "team": "TC0C1HURK",
            "name": "chintesh_kumar",
            "is_restricted": false,
            "is_ultra_restricted": false
        },
        "blocks": [
            {
                "type": "rich_text",
                "block_id": "DfVXH",
                "elements": [
                    {
                        "type": "rich_text_section",
                        "elements": [
                            {
                                "type": "user",
                                "user_id": "UC19HAUAK"
                            },
                            {
                                "type": "text",
                                "text": " Doesn't work by this way."
                            }
                        ]
                    }
                ]
            }
        ],
        "thread_ts": "1574224385.319100",
        "parent_user_id": "UNS4PKYAK"
    },
    {
        "client_msg_id": "5c163c86-c4de-400e-ba4c-9d33378494ff",
        "type": "message",
        "text": "hi, <@UC19HAUAK>. i’m wondering how can i manage 2 use cases in same cubejs implementation. idea came from simplicity of cubejs so i’m motivated use cubejs for 2 scenarios: A.  datashboard outside erp (standard erp).   B.  datawarehouse inside erp for operation (reason: show aggregated data in erp save java costly calculations)\n\nwhen i found cubejs i thought i can build an external erp dashboard, however looks we are near to use cubejs to scenario A.\n\nlast weekend i study how we can stream postgrea wal logs into kinesis, then pass trough lambda (aggregation), then route it back to postgres for as nosql server (jsonblob). however asking myself: why we need implement this if we have simple cubejs ?\n\nthe question is: can we get data back to postgres in json as stream ? can we read data as stream ? (maybe interesting challenge for cubejs) -\n\nmaybe you say me this is not our scenario, this is silly question… :slightly_smiling_face:",
        "user": "ULKS069JN",
        "ts": "1574747288.425800",
        "team": "TC0C1HURK",
        "user_team": "TC0C1HURK",
        "source_team": "TC0C1HURK",
        "user_profile": {
            "avatar_hash": "b1fec10e8c15",
            "image_72": "https:\/\/avatars.slack-edge.com\/2019-11-13\/835478181030_b1fec10e8c15e04269cc_72.png",
            "first_name": "Norbert",
            "real_name": "Norbert Bede",
            "display_name": "Norbert Bede",
            "team": "TC0C1HURK",
            "name": "norbert.bede764",
            "is_restricted": false,
            "is_ultra_restricted": false
        },
        "edited": {
            "user": "ULKS069JN",
            "ts": "1574747378.000000"
        },
        "blocks": [
            {
                "type": "rich_text",
                "block_id": "acdH",
                "elements": [
                    {
                        "type": "rich_text_section",
                        "elements": [
                            {
                                "type": "text",
                                "text": "hi, "
                            },
                            {
                                "type": "user",
                                "user_id": "UC19HAUAK"
                            },
                            {
                                "type": "text",
                                "text": ". i’m wondering how can i manage 2 use cases in same cubejs implementation. idea came from simplicity of cubejs so i’m motivated use cubejs for 2 scenarios: A.  datashboard outside erp (standard erp).   B.  datawarehouse inside erp for operation (reason: show aggregated data in erp save java costly calculations)\n\nwhen i found cubejs i thought i can build an external erp dashboard, however looks we are near to use cubejs to scenario A.\n\nlast weekend i study how we can stream postgrea wal logs into kinesis, then pass trough lambda (aggregation), then route it back to postgres for as nosql server (jsonblob). however asking myself: why we need implement this if we have simple cubejs ?\n\nthe question is: can we get data back to postgres in json as stream ? can we read data as stream ? (maybe interesting challenge for cubejs) -\n\nmaybe you say me this is not our scenario, this is silly question… "
                            },
                            {
                                "type": "emoji",
                                "name": "slightly_smiling_face"
                            }
                        ]
                    }
                ]
            }
        ],
        "thread_ts": "1574747288.425800",
        "reply_count": 27,
        "reply_users_count": 2,
        "latest_reply": "1574877774.458300",
        "reply_users": [
            "UC19HAUAK",
            "ULKS069JN"
        ],
        "replies": [
            {
                "user": "UC19HAUAK",
                "ts": "1574747433.426200"
            },
            {
                "user": "ULKS069JN",
                "ts": "1574747585.426500"
            },
            {
                "user": "ULKS069JN",
                "ts": "1574747627.426700"
            },
            {
                "user": "ULKS069JN",
                "ts": "1574747690.426900"
            },
            {
                "user": "ULKS069JN",
                "ts": "1574747732.427100"
            },
            {
                "user": "ULKS069JN",
                "ts": "1574747736.427300"
            },
            {
                "user": "ULKS069JN",
                "ts": "1574747909.427500"
            },
            {
                "user": "ULKS069JN",
                "ts": "1574747953.427700"
            },
            {
                "user": "ULKS069JN",
                "ts": "1574747974.427900"
            },
            {
                "user": "UC19HAUAK",
                "ts": "1574748392.428100"
            },
            {
                "user": "ULKS069JN",
                "ts": "1574795439.436100"
            },
            {
                "user": "UC19HAUAK",
                "ts": "1574876995.454000"
            },
            {
                "user": "ULKS069JN",
                "ts": "1574877043.454200"
            },
            {
                "user": "ULKS069JN",
                "ts": "1574877062.454500"
            },
            {
                "user": "ULKS069JN",
                "ts": "1574877063.454700"
            },
            {
                "user": "ULKS069JN",
                "ts": "1574877101.455100"
            },
            {
                "user": "ULKS069JN",
                "ts": "1574877188.455500"
            },
            {
                "user": "ULKS069JN",
                "ts": "1574877199.455700"
            },
            {
                "user": "UC19HAUAK",
                "ts": "1574877209.456100"
            },
            {
                "user": "ULKS069JN",
                "ts": "1574877265.456300"
            },
            {
                "user": "ULKS069JN",
                "ts": "1574877315.456500"
            },
            {
                "user": "ULKS069JN",
                "ts": "1574877346.456700"
            },
            {
                "user": "ULKS069JN",
                "ts": "1574877444.456900"
            },
            {
                "user": "UC19HAUAK",
                "ts": "1574877469.457100"
            },
            {
                "user": "ULKS069JN",
                "ts": "1574877582.457500"
            },
            {
                "user": "UC19HAUAK",
                "ts": "1574877760.458100"
            },
            {
                "user": "ULKS069JN",
                "ts": "1574877774.458300"
            }
        ],
        "subscribed": false
    },
    {
        "client_msg_id": "b6477ed0-91f0-4038-88e3-45f6b66cff9c",
        "type": "message",
        "text": "Hey <@ULKS069JN>! Do you mean to connect cube.js directly to production postgres instance?",
        "user": "UC19HAUAK",
        "ts": "1574747433.426200",
        "team": "TC0C1HURK",
        "user_team": "TC0C1HURK",
        "source_team": "TC0C1HURK",
        "user_profile": {
            "avatar_hash": "066a042e018c",
            "image_72": "https:\/\/avatars.slack-edge.com\/2019-12-07\/866588520998_066a042e018ca831a195_72.png",
            "first_name": "Pavel",
            "real_name": "Pavel Tiunov",
            "display_name": "pavel",
            "team": "TC0C1HURK",
            "name": "pavel",
            "is_restricted": false,
            "is_ultra_restricted": false
        },
        "blocks": [
            {
                "type": "rich_text",
                "block_id": "wH=fb",
                "elements": [
                    {
                        "type": "rich_text_section",
                        "elements": [
                            {
                                "type": "text",
                                "text": "Hey "
                            },
                            {
                                "type": "user",
                                "user_id": "ULKS069JN"
                            },
                            {
                                "type": "text",
                                "text": "! Do you mean to connect cube.js directly to production postgres instance?"
                            }
                        ]
                    }
                ]
            }
        ],
        "thread_ts": "1574747288.425800",
        "parent_user_id": "ULKS069JN"
    },
    {
        "client_msg_id": "bed30a99-7488-49b0-9a09-2d409cf0f063",
        "type": "message",
        "text": "yes.",
        "user": "ULKS069JN",
        "ts": "1574747585.426500",
        "team": "TC0C1HURK",
        "user_team": "TC0C1HURK",
        "source_team": "TC0C1HURK",
        "user_profile": {
            "avatar_hash": "b1fec10e8c15",
            "image_72": "https:\/\/avatars.slack-edge.com\/2019-11-13\/835478181030_b1fec10e8c15e04269cc_72.png",
            "first_name": "Norbert",
            "real_name": "Norbert Bede",
            "display_name": "Norbert Bede",
            "team": "TC0C1HURK",
            "name": "norbert.bede764",
            "is_restricted": false,
            "is_ultra_restricted": false
        },
        "blocks": [
            {
                "type": "rich_text",
                "block_id": "aZmwm",
                "elements": [
                    {
                        "type": "rich_text_section",
                        "elements": [
                            {
                                "type": "text",
                                "text": "yes."
                            }
                        ]
                    }
                ]
            }
        ],
        "thread_ts": "1574747288.425800",
        "parent_user_id": "ULKS069JN"
    },
    {
        "client_msg_id": "0b442c83-e6fa-4b79-be54-66f300adf0cb",
        "type": "message",
        "text": "before we thought we will aggreagate data by triggers. but that is wrong because potential locks",
        "user": "ULKS069JN",
        "ts": "1574747627.426700",
        "team": "TC0C1HURK",
        "user_team": "TC0C1HURK",
        "source_team": "TC0C1HURK",
        "user_profile": {
            "avatar_hash": "b1fec10e8c15",
            "image_72": "https:\/\/avatars.slack-edge.com\/2019-11-13\/835478181030_b1fec10e8c15e04269cc_72.png",
            "first_name": "Norbert",
            "real_name": "Norbert Bede",
            "display_name": "Norbert Bede",
            "team": "TC0C1HURK",
            "name": "norbert.bede764",
            "is_restricted": false,
            "is_ultra_restricted": false
        },
        "blocks": [
            {
                "type": "rich_text",
                "block_id": "o7A",
                "elements": [
                    {
                        "type": "rich_text_section",
                        "elements": [
                            {
                                "type": "text",
                                "text": "before we thought we will aggreagate data by triggers. but that is wrong because potential locks"
                            }
                        ]
                    }
                ]
            }
        ],
        "thread_ts": "1574747288.425800",
        "parent_user_id": "ULKS069JN"
    },
    {
        "client_msg_id": "002f3cc8-d246-40a4-a250-a409eaa98030",
        "type": "message",
        "text": "practically time is crucial. for operation data. so if data are changed  example in a warehouse location bin, then i need it aggregate in some hundread of ms",
        "user": "ULKS069JN",
        "ts": "1574747690.426900",
        "team": "TC0C1HURK",
        "user_team": "TC0C1HURK",
        "source_team": "TC0C1HURK",
        "user_profile": {
            "avatar_hash": "b1fec10e8c15",
            "image_72": "https:\/\/avatars.slack-edge.com\/2019-11-13\/835478181030_b1fec10e8c15e04269cc_72.png",
            "first_name": "Norbert",
            "real_name": "Norbert Bede",
            "display_name": "Norbert Bede",
            "team": "TC0C1HURK",
            "name": "norbert.bede764",
            "is_restricted": false,
            "is_ultra_restricted": false
        },
        "blocks": [
            {
                "type": "rich_text",
                "block_id": "Apk",
                "elements": [
                    {
                        "type": "rich_text_section",
                        "elements": [
                            {
                                "type": "text",
                                "text": "practically time is crucial. for operation data. so if data are changed  example in a warehouse location bin, then i need it aggregate in some hundread of ms"
                            }
                        ]
                    }
                ]
            }
        ],
        "thread_ts": "1574747288.425800",
        "parent_user_id": "ULKS069JN"
    },
    {
        "client_msg_id": "5e502345-ccfa-49de-9954-a2dfcfbab921",
        "type": "message",
        "text": "something, like cubejs would be as lambda for erp",
        "user": "ULKS069JN",
        "ts": "1574747732.427100",
        "team": "TC0C1HURK",
        "user_team": "TC0C1HURK",
        "source_team": "TC0C1HURK",
        "user_profile": {
            "avatar_hash": "b1fec10e8c15",
            "image_72": "https:\/\/avatars.slack-edge.com\/2019-11-13\/835478181030_b1fec10e8c15e04269cc_72.png",
            "first_name": "Norbert",
            "real_name": "Norbert Bede",
            "display_name": "Norbert Bede",
            "team": "TC0C1HURK",
            "name": "norbert.bede764",
            "is_restricted": false,
            "is_ultra_restricted": false
        },
        "blocks": [
            {
                "type": "rich_text",
                "block_id": "V7DJu",
                "elements": [
                    {
                        "type": "rich_text_section",
                        "elements": [
                            {
                                "type": "text",
                                "text": "something, like cubejs would be as lambda for erp"
                            }
                        ]
                    }
                ]
            }
        ],
        "thread_ts": "1574747288.425800",
        "parent_user_id": "ULKS069JN"
    },
    {
        "client_msg_id": "c6338f29-134f-4627-9e16-6643250c0be1",
        "type": "message",
        "text": "very weird ?",
        "user": "ULKS069JN",
        "ts": "1574747736.427300",
        "team": "TC0C1HURK",
        "user_team": "TC0C1HURK",
        "source_team": "TC0C1HURK",
        "user_profile": {
            "avatar_hash": "b1fec10e8c15",
            "image_72": "https:\/\/avatars.slack-edge.com\/2019-11-13\/835478181030_b1fec10e8c15e04269cc_72.png",
            "first_name": "Norbert",
            "real_name": "Norbert Bede",
            "display_name": "Norbert Bede",
            "team": "TC0C1HURK",
            "name": "norbert.bede764",
            "is_restricted": false,
            "is_ultra_restricted": false
        },
        "blocks": [
            {
                "type": "rich_text",
                "block_id": "RKf",
                "elements": [
                    {
                        "type": "rich_text_section",
                        "elements": [
                            {
                                "type": "text",
                                "text": "very weird ?"
                            }
                        ]
                    }
                ]
            }
        ],
        "thread_ts": "1574747288.425800",
        "parent_user_id": "ULKS069JN"
    },
    {
        "client_msg_id": "0ed8f0cc-95e5-4c60-a5fa-f1cf4adc85af",
        "type": "message",
        "text": "reason: we want to use same technology and logic for aggregating. but some data for operation usage nowadays awaited to have available immediately..",
        "user": "ULKS069JN",
        "ts": "1574747909.427500",
        "team": "TC0C1HURK",
        "user_team": "TC0C1HURK",
        "source_team": "TC0C1HURK",
        "user_profile": {
            "avatar_hash": "b1fec10e8c15",
            "image_72": "https:\/\/avatars.slack-edge.com\/2019-11-13\/835478181030_b1fec10e8c15e04269cc_72.png",
            "first_name": "Norbert",
            "real_name": "Norbert Bede",
            "display_name": "Norbert Bede",
            "team": "TC0C1HURK",
            "name": "norbert.bede764",
            "is_restricted": false,
            "is_ultra_restricted": false
        },
        "blocks": [
            {
                "type": "rich_text",
                "block_id": "aO2P",
                "elements": [
                    {
                        "type": "rich_text_section",
                        "elements": [
                            {
                                "type": "text",
                                "text": "reason: we want to use same technology and logic for aggregating. but some data for operation usage nowadays awaited to have available immediately.."
                            }
                        ]
                    }
                ]
            }
        ],
        "thread_ts": "1574747288.425800",
        "parent_user_id": "ULKS069JN"
    },
    {
        "client_msg_id": "6df314bd-55e2-44fa-834a-f458af95c3e5",
        "type": "message",
        "text": "still we can send back nightly\/hourly, just we put there a timestamp, last update :slightly_smiling_face:",
        "user": "ULKS069JN",
        "ts": "1574747953.427700",
        "team": "TC0C1HURK",
        "user_team": "TC0C1HURK",
        "source_team": "TC0C1HURK",
        "user_profile": {
            "avatar_hash": "b1fec10e8c15",
            "image_72": "https:\/\/avatars.slack-edge.com\/2019-11-13\/835478181030_b1fec10e8c15e04269cc_72.png",
            "first_name": "Norbert",
            "real_name": "Norbert Bede",
            "display_name": "Norbert Bede",
            "team": "TC0C1HURK",
            "name": "norbert.bede764",
            "is_restricted": false,
            "is_ultra_restricted": false
        },
        "blocks": [
            {
                "type": "rich_text",
                "block_id": "0xv",
                "elements": [
                    {
                        "type": "rich_text_section",
                        "elements": [
                            {
                                "type": "text",
                                "text": "still we can send back nightly\/hourly, just we put there a timestamp, last update "
                            },
                            {
                                "type": "emoji",
                                "name": "slightly_smiling_face"
                            }
                        ]
                    }
                ]
            }
        ],
        "thread_ts": "1574747288.425800",
        "parent_user_id": "ULKS069JN"
    },
    {
        "client_msg_id": "84a33471-cbbb-4b89-b00d-b0dade83ed1f",
        "type": "message",
        "text": "maybe that is interesting use ase for cubejs. let me know what you mean",
        "user": "ULKS069JN",
        "ts": "1574747974.427900",
        "team": "TC0C1HURK",
        "user_team": "TC0C1HURK",
        "source_team": "TC0C1HURK",
        "user_profile": {
            "avatar_hash": "b1fec10e8c15",
            "image_72": "https:\/\/avatars.slack-edge.com\/2019-11-13\/835478181030_b1fec10e8c15e04269cc_72.png",
            "first_name": "Norbert",
            "real_name": "Norbert Bede",
            "display_name": "Norbert Bede",
            "team": "TC0C1HURK",
            "name": "norbert.bede764",
            "is_restricted": false,
            "is_ultra_restricted": false
        },
        "blocks": [
            {
                "type": "rich_text",
                "block_id": "Q+J6+",
                "elements": [
                    {
                        "type": "rich_text_section",
                        "elements": [
                            {
                                "type": "text",
                                "text": "maybe that is interesting use ase for cubejs. let me know what you mean"
                            }
                        ]
                    }
                ]
            }
        ],
        "thread_ts": "1574747288.425800",
        "parent_user_id": "ULKS069JN"
    },
    {
        "client_msg_id": "d83b3dc5-4a99-451d-a667-1629142febd0",
        "type": "message",
        "text": "<@ULKS069JN> It's completely fine. More over it's one of most popular use cases for cube.js. You may connect to the master prod instance but as best practice it'd be better to create replica.",
        "user": "UC19HAUAK",
        "ts": "1574748392.428100",
        "team": "TC0C1HURK",
        "user_team": "TC0C1HURK",
        "source_team": "TC0C1HURK",
        "user_profile": {
            "avatar_hash": "066a042e018c",
            "image_72": "https:\/\/avatars.slack-edge.com\/2019-12-07\/866588520998_066a042e018ca831a195_72.png",
            "first_name": "Pavel",
            "real_name": "Pavel Tiunov",
            "display_name": "pavel",
            "team": "TC0C1HURK",
            "name": "pavel",
            "is_restricted": false,
            "is_ultra_restricted": false
        },
        "edited": {
            "user": "UC19HAUAK",
            "ts": "1574748396.000000"
        },
        "blocks": [
            {
                "type": "rich_text",
                "block_id": "vUNG",
                "elements": [
                    {
                        "type": "rich_text_section",
                        "elements": [
                            {
                                "type": "user",
                                "user_id": "ULKS069JN"
                            },
                            {
                                "type": "text",
                                "text": " It's completely fine. More over it's one of most popular use cases for cube.js. You may connect to the master prod instance but as best practice it'd be better to create replica."
                            }
                        ]
                    }
                ]
            }
        ],
        "thread_ts": "1574747288.425800",
        "parent_user_id": "ULKS069JN"
    },
    {
        "client_msg_id": "9698b8c9-35c6-46f1-a301-4070e12ada7e",
        "type": "message",
        "text": "<@UNS4PKYAK> Is it the same error?",
        "user": "UC19HAUAK",
        "ts": "1574750479.428400",
        "team": "TC0C1HURK",
        "user_team": "TC0C1HURK",
        "source_team": "TC0C1HURK",
        "user_profile": {
            "avatar_hash": "066a042e018c",
            "image_72": "https:\/\/avatars.slack-edge.com\/2019-12-07\/866588520998_066a042e018ca831a195_72.png",
            "first_name": "Pavel",
            "real_name": "Pavel Tiunov",
            "display_name": "pavel",
            "team": "TC0C1HURK",
            "name": "pavel",
            "is_restricted": false,
            "is_ultra_restricted": false
        },
        "blocks": [
            {
                "type": "rich_text",
                "block_id": "7N9N9",
                "elements": [
                    {
                        "type": "rich_text_section",
                        "elements": [
                            {
                                "type": "user",
                                "user_id": "UNS4PKYAK"
                            },
                            {
                                "type": "text",
                                "text": " Is it the same error?"
                            }
                        ]
                    }
                ]
            }
        ],
        "thread_ts": "1574224385.319100",
        "parent_user_id": "UNS4PKYAK"
    },
    {
        "client_msg_id": "934d4072-4c74-4907-b377-82fe2bcc95a9",
        "type": "message",
        "text": "<@UC19HAUAK> Yes",
        "user": "UNS4PKYAK",
        "ts": "1574751048.428600",
        "team": "TC0C1HURK",
        "user_team": "TC0C1HURK",
        "source_team": "TC0C1HURK",
        "user_profile": {
            "avatar_hash": "664213ef9cf5",
            "image_72": "https:\/\/avatars.slack-edge.com\/2019-10-17\/800974914790_664213ef9cf5f85d3637_72.jpg",
            "first_name": "chintesh",
            "real_name": "chintesh kumar",
            "display_name": "chintesh kumar",
            "team": "TC0C1HURK",
            "name": "chintesh_kumar",
            "is_restricted": false,
            "is_ultra_restricted": false
        },
        "blocks": [
            {
                "type": "rich_text",
                "block_id": "pGA",
                "elements": [
                    {
                        "type": "rich_text_section",
                        "elements": [
                            {
                                "type": "user",
                                "user_id": "UC19HAUAK"
                            },
                            {
                                "type": "text",
                                "text": " Yes"
                            }
                        ]
                    }
                ]
            }
        ],
        "thread_ts": "1574224385.319100",
        "parent_user_id": "UNS4PKYAK"
    },
    {
        "client_msg_id": "ad82972d-cc30-419e-ae4d-8a15d6622c85",
        "type": "message",
        "text": "It's very hard to understand the docs, it uses professional terminology and I don't have a month to learn about the product. Do you know any project example?",
        "user": "UQXLY5PG8",
        "ts": "1574754492.428800",
        "team": "TC0C1HURK",
        "user_team": "TC0C1HURK",
        "source_team": "TC0C1HURK",
        "user_profile": {
            "avatar_hash": "g9a31bb56a2b",
            "image_72": "https:\/\/secure.gravatar.com\/avatar\/9a31bb56a2b4c63e537a12ad6acd9e80.jpg?s=72&d=https%3A%2F%2Fa.slack-edge.com%2Fdf10d%2Fimg%2Favatars%2Fava_0016-72.png",
            "first_name": "",
            "real_name": "Tamir Ciprut",
            "display_name": "Tamir Ciprut",
            "team": "TC0C1HURK",
            "name": "tamir",
            "is_restricted": false,
            "is_ultra_restricted": false
        },
        "blocks": [
            {
                "type": "rich_text",
                "block_id": "f0wR+",
                "elements": [
                    {
                        "type": "rich_text_section",
                        "elements": [
                            {
                                "type": "text",
                                "text": "It's very hard to understand the docs, it uses professional terminology and I don't have a month to learn about the product. Do you know any project example?"
                            }
                        ]
                    }
                ]
            }
        ],
        "thread_ts": "1574673038.408900",
        "parent_user_id": "UQXLY5PG8"
    },
    {
        "client_msg_id": "b50b40f7-df47-49d5-a51d-bd99be4dce67",
        "type": "message",
        "text": "Or code snippet?",
        "user": "UQXLY5PG8",
        "ts": "1574754539.429000",
        "team": "TC0C1HURK",
        "user_team": "TC0C1HURK",
        "source_team": "TC0C1HURK",
        "user_profile": {
            "avatar_hash": "g9a31bb56a2b",
            "image_72": "https:\/\/secure.gravatar.com\/avatar\/9a31bb56a2b4c63e537a12ad6acd9e80.jpg?s=72&d=https%3A%2F%2Fa.slack-edge.com%2Fdf10d%2Fimg%2Favatars%2Fava_0016-72.png",
            "first_name": "",
            "real_name": "Tamir Ciprut",
            "display_name": "Tamir Ciprut",
            "team": "TC0C1HURK",
            "name": "tamir",
            "is_restricted": false,
            "is_ultra_restricted": false
        },
        "blocks": [
            {
                "type": "rich_text",
                "block_id": "DEy",
                "elements": [
                    {
                        "type": "rich_text_section",
                        "elements": [
                            {
                                "type": "text",
                                "text": "Or code snippet?"
                            }
                        ]
                    }
                ]
            }
        ],
        "thread_ts": "1574673038.408900",
        "parent_user_id": "UQXLY5PG8"
    }
]