[
    {
        "type": "message",
        "subtype": "channel_join",
        "ts": "1568105507.023500",
        "user": "UN6LL6MPA",
        "text": "<@UN6LL6MPA> has joined the channel"
    },
    {
        "client_msg_id": "7d2f0ec1-bf0c-4e3f-a145-b1ebbd2b6d10",
        "type": "message",
        "text": "Does anyone know how I can achieve a ```minutes``` granularity in cubejs?\ncurrently the lowest supported granularity is ```hour```",
        "user": "UN3D16N79",
        "ts": "1568105576.024300",
        "team": "TC0C1HURK",
        "user_team": "TC0C1HURK",
        "source_team": "TC0C1HURK",
        "user_profile": {
            "avatar_hash": "gd41520b9e9a",
            "image_72": "https:\/\/secure.gravatar.com\/avatar\/ed41520b9e9a440991210c655aee4a69.jpg?s=72&d=https%3A%2F%2Fa.slack-edge.com%2Fdf10d%2Fimg%2Favatars%2Fava_0014-72.png",
            "first_name": "",
            "real_name": "Yohay Golan",
            "display_name": "Yohay Golan",
            "team": "TC0C1HURK",
            "name": "yohayg",
            "is_restricted": false,
            "is_ultra_restricted": false
        },
        "thread_ts": "1568105576.024300",
        "reply_count": 4,
        "reply_users_count": 3,
        "latest_reply": "1568178759.025400",
        "reply_users": [
            "UC19HAUAK",
            "UN3D16N79",
            "UN6LL6MPA"
        ],
        "replies": [
            {
                "user": "UC19HAUAK",
                "ts": "1568135493.024600"
            },
            {
                "user": "UN3D16N79",
                "ts": "1568137153.024900"
            },
            {
                "user": "UN6LL6MPA",
                "ts": "1568178364.025100"
            },
            {
                "user": "UC19HAUAK",
                "ts": "1568178759.025400"
            }
        ],
        "subscribed": false
    },
    {
        "client_msg_id": "5080a03b-a421-476b-844d-ea1b64957b91",
        "type": "message",
        "text": "Hey <@UMEBJ3NV6>! Could you please elaborate on your use case? Do you want provide your users with query builder and ability to build their own dashboards?",
        "user": "UC19HAUAK",
        "ts": "1568132479.024400",
        "team": "TC0C1HURK",
        "user_team": "TC0C1HURK",
        "source_team": "TC0C1HURK",
        "user_profile": {
            "avatar_hash": "066a042e018c",
            "image_72": "https:\/\/avatars.slack-edge.com\/2019-12-07\/866588520998_066a042e018ca831a195_72.png",
            "first_name": "Pavel",
            "real_name": "Pavel Tiunov",
            "display_name": "pavel",
            "team": "TC0C1HURK",
            "name": "pavel",
            "is_restricted": false,
            "is_ultra_restricted": false
        },
        "thread_ts": "1568092886.021900",
        "parent_user_id": "UMEBJ3NV6"
    },
    {
        "client_msg_id": "3d06efa7-eb6f-464a-a472-1527c52ebea9",
        "type": "message",
        "text": "Hey <@UN3D16N79>! There's no minute granularity support. Here's an issue for that <https:\/\/github.com\/cube-js\/cube.js\/issues\/177>. Please upvote and leave your thoughts on how you see it can be implemented.",
        "user": "UC19HAUAK",
        "ts": "1568135493.024600",
        "team": "TC0C1HURK",
        "user_team": "TC0C1HURK",
        "source_team": "TC0C1HURK",
        "user_profile": {
            "avatar_hash": "066a042e018c",
            "image_72": "https:\/\/avatars.slack-edge.com\/2019-12-07\/866588520998_066a042e018ca831a195_72.png",
            "first_name": "Pavel",
            "real_name": "Pavel Tiunov",
            "display_name": "pavel",
            "team": "TC0C1HURK",
            "name": "pavel",
            "is_restricted": false,
            "is_ultra_restricted": false
        },
        "attachments": [
            {
                "service_name": "GitHub",
                "title": "Alternate week granularity to allow for week starting either Sunday OR Monday and other granularities · Issue #177 · cube-js\/cube.js",
                "title_link": "https:\/\/github.com\/cube-js\/cube.js\/issues\/177",
                "text": "Is your feature request related to a problem? Please describe. We work with a dataset where some customers consider a week differently, where a &amp;quot;week&amp;quot; is starting either Sunday or Monday....",
                "fallback": "GitHub: Alternate week granularity to allow for week starting either Sunday OR Monday and other granularities · Issue #177 · cube-js\/cube.js",
                "thumb_url": "https:\/\/avatars0.githubusercontent.com\/u\/52467369?s=400&v=4",
                "from_url": "https:\/\/github.com\/cube-js\/cube.js\/issues\/177",
                "thumb_width": 400,
                "thumb_height": 400,
                "service_icon": "https:\/\/a.slack-edge.com\/80588\/img\/unfurl_icons\/github.png",
                "id": 1,
                "original_url": "https:\/\/github.com\/cube-js\/cube.js\/issues\/177"
            }
        ],
        "thread_ts": "1568105576.024300",
        "parent_user_id": "UN3D16N79"
    },
    {
        "client_msg_id": "636a6f84-3278-412f-b243-04712198e041",
        "type": "message",
        "text": "Thanks",
        "user": "UN3D16N79",
        "ts": "1568137153.024900",
        "team": "TC0C1HURK",
        "user_team": "TC0C1HURK",
        "source_team": "TC0C1HURK",
        "user_profile": {
            "avatar_hash": "gd41520b9e9a",
            "image_72": "https:\/\/secure.gravatar.com\/avatar\/ed41520b9e9a440991210c655aee4a69.jpg?s=72&d=https%3A%2F%2Fa.slack-edge.com%2Fdf10d%2Fimg%2Favatars%2Fava_0014-72.png",
            "first_name": "",
            "real_name": "Yohay Golan",
            "display_name": "Yohay Golan",
            "team": "TC0C1HURK",
            "name": "yohayg",
            "is_restricted": false,
            "is_ultra_restricted": false
        },
        "thread_ts": "1568105576.024300",
        "parent_user_id": "UN3D16N79"
    },
    {
        "client_msg_id": "0b0ecc53-f845-494a-9170-9aa27162a510",
        "type": "message",
        "text": "Hi <@UC19HAUAK>, is there support for date range format( timeDimensions) that is not just by date (format YYYY-MM-DD) for example: format YYYY-MM-DD HH:MM:SS",
        "user": "UN6LL6MPA",
        "ts": "1568178364.025100",
        "team": "TC0C1HURK",
        "user_team": "TC0C1HURK",
        "source_team": "TC0C1HURK",
        "user_profile": {
            "avatar_hash": "g1d6575dba39",
            "image_72": "https:\/\/secure.gravatar.com\/avatar\/f1d6575dba398fb67b8ad4bbd72fd1e7.jpg?s=72&d=https%3A%2F%2Fa.slack-edge.com%2Fdf10d%2Fimg%2Favatars%2Fava_0018-72.png",
            "first_name": "",
            "real_name": "Yakir",
            "display_name": "Yakir",
            "team": "TC0C1HURK",
            "name": "yakir",
            "is_restricted": false,
            "is_ultra_restricted": false
        },
        "edited": {
            "user": "UN6LL6MPA",
            "ts": "1568178393.000000"
        },
        "thread_ts": "1568105576.024300",
        "parent_user_id": "UN3D16N79"
    },
    {
        "client_msg_id": "4199a601-b35a-43aa-aaed-7e5b77e82029",
        "type": "message",
        "text": "Hey <@UN6LL6MPA>! This one is complementary but it's another one issue: <https:\/\/github.com\/cube-js\/cube.js\/issues\/179>. Please upvote so we can track the demand for this one as well.",
        "user": "UC19HAUAK",
        "ts": "1568178759.025400",
        "team": "TC0C1HURK",
        "user_team": "TC0C1HURK",
        "source_team": "TC0C1HURK",
        "user_profile": {
            "avatar_hash": "066a042e018c",
            "image_72": "https:\/\/avatars.slack-edge.com\/2019-12-07\/866588520998_066a042e018ca831a195_72.png",
            "first_name": "Pavel",
            "real_name": "Pavel Tiunov",
            "display_name": "pavel",
            "team": "TC0C1HURK",
            "name": "pavel",
            "is_restricted": false,
            "is_ultra_restricted": false
        },
        "attachments": [
            {
                "service_name": "GitHub",
                "title": "Provide date filter with hourly granularity · Issue #179 · cube-js\/cube.js",
                "title_link": "https:\/\/github.com\/cube-js\/cube.js\/issues\/179",
                "text": "Is your feature request related to a problem? Please describe. We are trying to display the results for the last 24 hours. Currently, there is no way to provide time filter with hourly granularity....",
                "fallback": "GitHub: Provide date filter with hourly granularity · Issue #179 · cube-js\/cube.js",
                "thumb_url": "https:\/\/avatars0.githubusercontent.com\/u\/52467369?s=400&v=4",
                "from_url": "https:\/\/github.com\/cube-js\/cube.js\/issues\/179",
                "thumb_width": 400,
                "thumb_height": 400,
                "service_icon": "https:\/\/a.slack-edge.com\/80588\/img\/unfurl_icons\/github.png",
                "id": 1,
                "original_url": "https:\/\/github.com\/cube-js\/cube.js\/issues\/179"
            }
        ],
        "thread_ts": "1568105576.024300",
        "parent_user_id": "UN3D16N79"
    }
]