[
    {
        "client_msg_id": "933a8814-b563-4a65-a2a1-b164a6c80701",
        "type": "message",
        "text": "Hey <@ULL8V11C4>, I'll DM you shortly.",
        "user": "UC1HAFW4E",
        "ts": "1564386721.038600",
        "team": "TC0C1HURK",
        "user_team": "TC0C1HURK",
        "source_team": "TC0C1HURK",
        "user_profile": {
            "avatar_hash": "ee7b69830a11",
            "image_72": "https:\/\/avatars.slack-edge.com\/2018-08-13\/414857329600_ee7b69830a119331e10e_72.jpg",
            "first_name": "Artyom",
            "real_name": "Artyom Keydunov",
            "display_name": "Artyom Keydunov",
            "team": "TC0C1HURK",
            "name": "artyom",
            "is_restricted": false,
            "is_ultra_restricted": false
        },
        "thread_ts": "1564082519.028700",
        "parent_user_id": "ULS90CSDT"
    },
    {
        "client_msg_id": "74c4836b-2875-4be6-9188-d6c2240ec3ea",
        "type": "message",
        "text": "How to make query MAX in Cube JS?",
        "user": "UK3MR5VSN",
        "ts": "1564388462.039200",
        "team": "TC0C1HURK",
        "user_team": "TC0C1HURK",
        "source_team": "TC0C1HURK",
        "user_profile": {
            "avatar_hash": "g1c20957ded8",
            "image_72": "https:\/\/secure.gravatar.com\/avatar\/b1c20957ded859ecaee756debb75d2c0.jpg?s=72&d=https%3A%2F%2Fa.slack-edge.com%2Fdf10d%2Fimg%2Favatars%2Fava_0025-72.png",
            "first_name": "",
            "real_name": "Kelvin Nainggolan",
            "display_name": "Kelvin Nainggolan",
            "team": "TC0C1HURK",
            "name": "kelvinnainggolan59",
            "is_restricted": false,
            "is_ultra_restricted": false
        },
        "thread_ts": "1564388462.039200",
        "reply_count": 1,
        "reply_users_count": 1,
        "latest_reply": "1564388524.039300",
        "reply_users": [
            "UC1HAFW4E"
        ],
        "replies": [
            {
                "user": "UC1HAFW4E",
                "ts": "1564388524.039300"
            }
        ],
        "subscribed": true,
        "last_read": "1564388524.039300"
    },
    {
        "client_msg_id": "fa7a3525-a4c8-4391-8614-3db816d16436",
        "type": "message",
        "text": "Hey <@UK3MR5VSN>, I'd recommend using `max` type - <https:\/\/cube.dev\/docs\/types-and-formats#measures-types-max>",
        "user": "UC1HAFW4E",
        "ts": "1564388524.039300",
        "team": "TC0C1HURK",
        "user_team": "TC0C1HURK",
        "source_team": "TC0C1HURK",
        "user_profile": {
            "avatar_hash": "ee7b69830a11",
            "image_72": "https:\/\/avatars.slack-edge.com\/2018-08-13\/414857329600_ee7b69830a119331e10e_72.jpg",
            "first_name": "Artyom",
            "real_name": "Artyom Keydunov",
            "display_name": "Artyom Keydunov",
            "team": "TC0C1HURK",
            "name": "artyom",
            "is_restricted": false,
            "is_ultra_restricted": false
        },
        "edited": {
            "user": "UC1HAFW4E",
            "ts": "1564388612.000000"
        },
        "thread_ts": "1564388462.039200",
        "parent_user_id": "UK3MR5VSN",
        "reactions": [
            {
                "name": "100",
                "users": [
                    "UK3MR5VSN"
                ],
                "count": 1
            }
        ]
    },
    {
        "type": "message",
        "subtype": "channel_join",
        "ts": "1564393005.039700",
        "user": "ULUAP9SKE",
        "text": "<@ULUAP9SKE> has joined the channel"
    },
    {
        "type": "message",
        "subtype": "channel_join",
        "ts": "1564393201.041000",
        "user": "ULNEJ0Q81",
        "text": "<@ULNEJ0Q81> has joined the channel"
    },
    {
        "client_msg_id": "2497786e-e739-4bda-87dd-12a1a016d6b4",
        "type": "message",
        "text": "Hi, I'm using cubejs with mongobi servers that has auth enable (username, password), when connect to the server the app gives me an Error: ssl is required when using cleartext authentication. It seems to me that I have to use SSL <https:\/\/docs.mongodb.com\/bi-connector\/master\/connect\/mysql\/#connect-from-mysql-with-authentication-and-tls-ssl>. My question is do CubeJS support that?",
        "user": "ULUAP9SKE",
        "ts": "1564393231.041600",
        "team": "TC0C1HURK",
        "user_team": "TC0C1HURK",
        "source_team": "TC0C1HURK",
        "user_profile": {
            "avatar_hash": "g54fe20b111b",
            "image_72": "https:\/\/secure.gravatar.com\/avatar\/754fe20b111b6d8c6b5c27e4bd247652.jpg?s=72&d=https%3A%2F%2Fa.slack-edge.com%2Fdf10d%2Fimg%2Favatars%2Fava_0020-72.png",
            "first_name": "",
            "real_name": "Chien VQ",
            "display_name": "Chien VQ",
            "team": "TC0C1HURK",
            "name": "vuquangchien",
            "is_restricted": false,
            "is_ultra_restricted": false
        },
        "attachments": [
            {
                "title": "Connect from the MySQL Client — MongoDB Connector for BI 2.10",
                "title_link": "https:\/\/docs.mongodb.com\/bi-connector\/master\/connect\/mysql\/#connect-from-mysql-with-authentication-and-tls-ssl",
                "fallback": "Connect from the MySQL Client — MongoDB Connector for BI 2.10",
                "image_url": "http:\/\/s3.amazonaws.com\/info-mongodb-com\/_com_assets\/cms\/mongodb-for-giant-ideas-bbab5c3cf8.png",
                "from_url": "https:\/\/docs.mongodb.com\/bi-connector\/master\/connect\/mysql\/#connect-from-mysql-with-authentication-and-tls-ssl",
                "image_width": 500,
                "image_height": 250,
                "image_bytes": 4380,
                "service_icon": "https:\/\/media.mongodb.org\/favicon.ico",
                "service_name": "docs.mongodb.com",
                "id": 1,
                "original_url": "https:\/\/docs.mongodb.com\/bi-connector\/master\/connect\/mysql\/#connect-from-mysql-with-authentication-and-tls-ssl"
            }
        ],
        "thread_ts": "1564393231.041600",
        "reply_count": 3,
        "reply_users_count": 2,
        "latest_reply": "1564394649.042400",
        "reply_users": [
            "UHETZ5RS4",
            "ULUAP9SKE"
        ],
        "replies": [
            {
                "user": "UHETZ5RS4",
                "ts": "1564393486.041900"
            },
            {
                "user": "ULUAP9SKE",
                "ts": "1564394620.042200"
            },
            {
                "user": "ULUAP9SKE",
                "ts": "1564394649.042400"
            }
        ],
        "subscribed": false
    },
    {
        "client_msg_id": "2fa26f0a-63a1-40e4-ab7e-fb4756a87cf6",
        "type": "message",
        "text": "yes, it does support SSL connections, which configuration option are you using?",
        "user": "UHETZ5RS4",
        "ts": "1564393486.041900",
        "team": "TC0C1HURK",
        "user_team": "TC0C1HURK",
        "source_team": "TC0C1HURK",
        "user_profile": {
            "avatar_hash": "g2fe23ff256d",
            "image_72": "https:\/\/secure.gravatar.com\/avatar\/a2fe23ff256dda91ba8fcfb3a943b889.jpg?s=72&d=https%3A%2F%2Fa.slack-edge.com%2Fdf10d%2Fimg%2Favatars%2Fava_0003-72.png",
            "first_name": "",
            "real_name": "Ricardo Tapia",
            "display_name": "Ricardo Tapia",
            "team": "TC0C1HURK",
            "name": "rtapia92",
            "is_restricted": false,
            "is_ultra_restricted": false
        },
        "edited": {
            "user": "UHETZ5RS4",
            "ts": "1564393514.000000"
        },
        "thread_ts": "1564393231.041600",
        "parent_user_id": "ULUAP9SKE"
    },
    {
        "client_msg_id": "ccd5a4cd-e2be-457c-9b2e-384ce3a75703",
        "type": "message",
        "text": "I tried first with no SSL but it didn't work (mysql --user='reportsUser?source=admin' --default-auth=mongosql_auth -p). I think I might have to setup SSL in my mongobi",
        "user": "ULUAP9SKE",
        "ts": "1564394620.042200",
        "team": "TC0C1HURK",
        "user_team": "TC0C1HURK",
        "source_team": "TC0C1HURK",
        "user_profile": {
            "avatar_hash": "g54fe20b111b",
            "image_72": "https:\/\/secure.gravatar.com\/avatar\/754fe20b111b6d8c6b5c27e4bd247652.jpg?s=72&d=https%3A%2F%2Fa.slack-edge.com%2Fdf10d%2Fimg%2Favatars%2Fava_0020-72.png",
            "first_name": "",
            "real_name": "Chien VQ",
            "display_name": "Chien VQ",
            "team": "TC0C1HURK",
            "name": "vuquangchien",
            "is_restricted": false,
            "is_ultra_restricted": false
        },
        "thread_ts": "1564393231.041600",
        "parent_user_id": "ULUAP9SKE"
    },
    {
        "client_msg_id": "157c3598-c412-4307-9c79-1712d8020bd6",
        "type": "message",
        "text": "can I use SSL in mongobi, but keep using non-ssl for mongodb?",
        "user": "ULUAP9SKE",
        "ts": "1564394649.042400",
        "team": "TC0C1HURK",
        "user_team": "TC0C1HURK",
        "source_team": "TC0C1HURK",
        "user_profile": {
            "avatar_hash": "g54fe20b111b",
            "image_72": "https:\/\/secure.gravatar.com\/avatar\/754fe20b111b6d8c6b5c27e4bd247652.jpg?s=72&d=https%3A%2F%2Fa.slack-edge.com%2Fdf10d%2Fimg%2Favatars%2Fava_0020-72.png",
            "first_name": "",
            "real_name": "Chien VQ",
            "display_name": "Chien VQ",
            "team": "TC0C1HURK",
            "name": "vuquangchien",
            "is_restricted": false,
            "is_ultra_restricted": false
        },
        "thread_ts": "1564393231.041600",
        "parent_user_id": "ULUAP9SKE"
    },
    {
        "type": "message",
        "subtype": "channel_join",
        "ts": "1564420975.049400",
        "user": "ULHTL11V1",
        "text": "<@ULHTL11V1> has joined the channel"
    },
    {
        "client_msg_id": "e0184a15-052d-4f65-8180-6116822f22e6",
        "type": "message",
        "text": "Hey <@ULL8V11C4>! What db do you use?",
        "user": "UC19HAUAK",
        "ts": "1564422503.049500",
        "team": "TC0C1HURK",
        "user_team": "TC0C1HURK",
        "source_team": "TC0C1HURK",
        "user_profile": {
            "avatar_hash": "066a042e018c",
            "image_72": "https:\/\/avatars.slack-edge.com\/2019-12-07\/866588520998_066a042e018ca831a195_72.png",
            "first_name": "Pavel",
            "real_name": "Pavel Tiunov",
            "display_name": "pavel",
            "team": "TC0C1HURK",
            "name": "pavel",
            "is_restricted": false,
            "is_ultra_restricted": false
        },
        "thread_ts": "1564381384.038000",
        "parent_user_id": "ULL8V11C4"
    },
    {
        "client_msg_id": "ebeed054-5a7a-4444-8eb7-d7faf6cf2ab3",
        "type": "message",
        "text": "I am validating pre-aggregation functionality for performance and cost estimates.  I am not seeing pre-aggregates get utilized for scenarios I expected, which also seems to be inconsistent with the Rollup Examples (<https:\/\/cube.dev\/docs\/pre-aggregations#rollup-rollup-examples>).  Here are the scenarios that are at issue:\n• TimeDimensions - I have a \"month\" granularity preAggregation.  I expected this to be used if no time dimension is applied to the query, as long as it covered the requested Dimension and Measure; similar to the \"Order Revenue by Category this month\" rollup example.  I only see the pre-aggregate applied if I also group by month.  Is this because the \"This Month\" or \"This Year\" filters translate to specific date ranges and therefore only work with the \"day\" granularity?\n• Time Hierarchy - This may be an issue in my understanding, but I was hoping a group by \"year\" could also leverage the pre-aggregate at the month granularity.  Is there a way that I can utilize the month aggregate for queries at the year granularity?  I realize this would need an internal hierarchy understanding between Year -&gt; Month -&gt; Day, but seems like this should be possible.",
        "user": "ULD1RCPFF",
        "ts": "1564426452.049700",
        "team": "TC0C1HURK",
        "user_team": "TC0C1HURK",
        "source_team": "TC0C1HURK",
        "user_profile": {
            "avatar_hash": "g59412c4fe14",
            "image_72": "https:\/\/secure.gravatar.com\/avatar\/459412c4fe140c486be91b276053bc01.jpg?s=72&d=https%3A%2F%2Fa.slack-edge.com%2Fdf10d%2Fimg%2Favatars%2Fava_0011-72.png",
            "first_name": "",
            "real_name": "Scott Hietpas",
            "display_name": "Scott Hietpas",
            "team": "TC0C1HURK",
            "name": "scott.hietpas",
            "is_restricted": false,
            "is_ultra_restricted": false
        },
        "edited": {
            "user": "ULD1RCPFF",
            "ts": "1564426617.000000"
        },
        "thread_ts": "1564426452.049700",
        "reply_count": 4,
        "reply_users_count": 2,
        "latest_reply": "1564427130.050500",
        "reply_users": [
            "UC19HAUAK",
            "ULD1RCPFF"
        ],
        "replies": [
            {
                "user": "UC19HAUAK",
                "ts": "1564426616.049800"
            },
            {
                "user": "UC19HAUAK",
                "ts": "1564426643.050100"
            },
            {
                "user": "ULD1RCPFF",
                "ts": "1564426699.050300"
            },
            {
                "user": "UC19HAUAK",
                "ts": "1564427130.050500"
            }
        ],
        "subscribed": false
    },
    {
        "client_msg_id": "82db230e-713a-4ec7-97db-931ce8c41396",
        "type": "message",
        "text": "Hey <@ULD1RCPFF>! Could you please share your schema file where you define pre-aggregations? First case should work. Second won't work because month-year hierarchy inheritance not implemented yet. You need separate pre-aggregation for that.",
        "user": "UC19HAUAK",
        "ts": "1564426616.049800",
        "team": "TC0C1HURK",
        "user_team": "TC0C1HURK",
        "source_team": "TC0C1HURK",
        "user_profile": {
            "avatar_hash": "066a042e018c",
            "image_72": "https:\/\/avatars.slack-edge.com\/2019-12-07\/866588520998_066a042e018ca831a195_72.png",
            "first_name": "Pavel",
            "real_name": "Pavel Tiunov",
            "display_name": "pavel",
            "team": "TC0C1HURK",
            "name": "pavel",
            "is_restricted": false,
            "is_ultra_restricted": false
        },
        "thread_ts": "1564426452.049700",
        "parent_user_id": "ULD1RCPFF"
    },
    {
        "client_msg_id": "ff481534-da87-4b25-b90b-1d9f2134e1b8",
        "type": "message",
        "text": "Worth creating Github issue for that.",
        "user": "UC19HAUAK",
        "ts": "1564426643.050100",
        "team": "TC0C1HURK",
        "user_team": "TC0C1HURK",
        "source_team": "TC0C1HURK",
        "user_profile": {
            "avatar_hash": "066a042e018c",
            "image_72": "https:\/\/avatars.slack-edge.com\/2019-12-07\/866588520998_066a042e018ca831a195_72.png",
            "first_name": "Pavel",
            "real_name": "Pavel Tiunov",
            "display_name": "pavel",
            "team": "TC0C1HURK",
            "name": "pavel",
            "is_restricted": false,
            "is_ultra_restricted": false
        },
        "thread_ts": "1564426452.049700",
        "parent_user_id": "ULD1RCPFF"
    },
    {
        "client_msg_id": "3fa5407b-bd90-489e-bb53-087d113ee0db",
        "type": "message",
        "text": "<@UC19HAUAK> I just updated my post for first question.  Is my assumption that for \"This Month\" and \"This Year\" filters only work with \"day\" granularity?",
        "user": "ULD1RCPFF",
        "ts": "1564426699.050300",
        "team": "TC0C1HURK",
        "user_team": "TC0C1HURK",
        "source_team": "TC0C1HURK",
        "user_profile": {
            "avatar_hash": "g59412c4fe14",
            "image_72": "https:\/\/secure.gravatar.com\/avatar\/459412c4fe140c486be91b276053bc01.jpg?s=72&d=https%3A%2F%2Fa.slack-edge.com%2Fdf10d%2Fimg%2Favatars%2Fava_0011-72.png",
            "first_name": "",
            "real_name": "Scott Hietpas",
            "display_name": "Scott Hietpas",
            "team": "TC0C1HURK",
            "name": "scott.hietpas",
            "is_restricted": false,
            "is_ultra_restricted": false
        },
        "thread_ts": "1564426452.049700",
        "parent_user_id": "ULD1RCPFF"
    },
    {
        "client_msg_id": "ea60b57c-0982-4570-b762-a17f1e298100",
        "type": "message",
        "text": "<@ULD1RCPFF> Actually it should be checked but it isn't right now: <https:\/\/github.com\/cube-js\/cube.js\/issues\/103>",
        "user": "UC19HAUAK",
        "ts": "1564427130.050500",
        "team": "TC0C1HURK",
        "user_team": "TC0C1HURK",
        "source_team": "TC0C1HURK",
        "user_profile": {
            "avatar_hash": "066a042e018c",
            "image_72": "https:\/\/avatars.slack-edge.com\/2019-12-07\/866588520998_066a042e018ca831a195_72.png",
            "first_name": "Pavel",
            "real_name": "Pavel Tiunov",
            "display_name": "pavel",
            "team": "TC0C1HURK",
            "name": "pavel",
            "is_restricted": false,
            "is_ultra_restricted": false
        },
        "attachments": [
            {
                "service_name": "GitHub",
                "title": "Queries with granularity result in incomplete data when date range is not aligned with granularity and pre-aggregations are activated · Issue #103 · cube-js\/cube.js",
                "title_link": "https:\/\/github.com\/cube-js\/cube.js\/issues\/103",
                "text": "Describe the bug When sending a query with a start date that is not aligned with the specified granularity, the server does not send data of &amp;quot;incomplete&amp;quot; time partitions. This problem onl...",
                "fallback": "GitHub: Queries with granularity result in incomplete data when date range is not aligned with granularity and pre-aggregations are activated · Issue #103 · cube-js\/cube.js",
                "thumb_url": "https:\/\/avatars0.githubusercontent.com\/u\/52467369?s=400&v=4",
                "from_url": "https:\/\/github.com\/cube-js\/cube.js\/issues\/103",
                "thumb_width": 400,
                "thumb_height": 400,
                "service_icon": "https:\/\/a.slack-edge.com\/bfaba\/img\/unfurl_icons\/github.png",
                "id": 1,
                "original_url": "https:\/\/github.com\/cube-js\/cube.js\/issues\/103"
            }
        ],
        "thread_ts": "1564426452.049700",
        "parent_user_id": "ULD1RCPFF"
    },
    {
        "type": "message",
        "subtype": "channel_join",
        "ts": "1564438280.050900",
        "user": "ULV6BHT52",
        "text": "<@ULV6BHT52> has joined the channel"
    }
]