[
    {
        "type": "message",
        "subtype": "channel_join",
        "ts": "1577100290.018400",
        "user": "US03ZTVJR",
        "text": "<@US03ZTVJR> has joined the channel"
    },
    {
        "client_msg_id": "da2ca5af-4338-4e85-9647-ff7daeea04bd",
        "type": "message",
        "text": "Hello, I am new to Cube.js and have completed creating cubes and joins on tables using Cubes. However, while using P re-agregations I got an error saying:",
        "user": "US03ZTVJR",
        "ts": "1577100741.020500",
        "team": "TC0C1HURK",
        "user_team": "TC0C1HURK",
        "source_team": "TC0C1HURK",
        "user_profile": {
            "avatar_hash": "g35ac00207d5",
            "image_72": "https:\/\/secure.gravatar.com\/avatar\/35ac00207d5f8ebce52e2f3ea9d5e107.jpg?s=72&d=https%3A%2F%2Fa.slack-edge.com%2Fdf10d%2Fimg%2Favatars%2Fava_0018-72.png",
            "first_name": "",
            "real_name": "Vara",
            "display_name": "Vara",
            "team": "TC0C1HURK",
            "name": "varaprasad.chodapanee",
            "is_restricted": false,
            "is_ultra_restricted": false
        },
        "blocks": [
            {
                "type": "rich_text",
                "block_id": "BI5",
                "elements": [
                    {
                        "type": "rich_text_section",
                        "elements": [
                            {
                                "type": "text",
                                "text": "Hello, I am new to Cube.js and have completed creating cubes and joins on tables using Cubes. However, while using P re-agregations I got an error saying:"
                            }
                        ]
                    }
                ]
            }
        ],
        "thread_ts": "1577100741.020500",
        "reply_count": 15,
        "reply_users_count": 3,
        "latest_reply": "1590010001.350600",
        "reply_users": [
            "UC19HAUAK",
            "US03ZTVJR",
            "URUTC0H0W"
        ],
        "replies": [
            {
                "user": "UC19HAUAK",
                "ts": "1577139862.029200"
            },
            {
                "user": "UC19HAUAK",
                "ts": "1577140052.030000"
            },
            {
                "user": "US03ZTVJR",
                "ts": "1577264310.038400"
            },
            {
                "user": "US03ZTVJR",
                "ts": "1577264356.038600"
            },
            {
                "user": "US03ZTVJR",
                "ts": "1577353533.039600"
            },
            {
                "user": "US03ZTVJR",
                "ts": "1577353575.039800"
            },
            {
                "user": "US03ZTVJR",
                "ts": "1577353662.040000"
            },
            {
                "user": "US03ZTVJR",
                "ts": "1577354225.040200"
            },
            {
                "user": "US03ZTVJR",
                "ts": "1577354266.040400"
            },
            {
                "user": "UC19HAUAK",
                "ts": "1577462197.057100"
            },
            {
                "user": "US03ZTVJR",
                "ts": "1577685734.070400"
            },
            {
                "user": "US03ZTVJR",
                "ts": "1577685739.070600"
            },
            {
                "user": "URUTC0H0W",
                "ts": "1589884757.333300"
            },
            {
                "user": "URUTC0H0W",
                "ts": "1589884765.333500"
            },
            {
                "user": "UC19HAUAK",
                "ts": "1590010001.350600"
            }
        ],
        "subscribed": false
    },
    {
        "client_msg_id": "eb1ca933-ecd9-48e8-8663-df2cbca05a74",
        "type": "message",
        "text": "```Error: ER_TRUNCATED_WRONG_VALUE: Incorrect datetime value: '2017-06-01T09:45:06.253Z' for column 'message_datetime'```\n",
        "user": "US03ZTVJR",
        "ts": "1577100743.020700",
        "team": "TC0C1HURK",
        "user_team": "TC0C1HURK",
        "source_team": "TC0C1HURK",
        "user_profile": {
            "avatar_hash": "g35ac00207d5",
            "image_72": "https:\/\/secure.gravatar.com\/avatar\/35ac00207d5f8ebce52e2f3ea9d5e107.jpg?s=72&d=https%3A%2F%2Fa.slack-edge.com%2Fdf10d%2Fimg%2Favatars%2Fava_0018-72.png",
            "first_name": "",
            "real_name": "Vara",
            "display_name": "Vara",
            "team": "TC0C1HURK",
            "name": "varaprasad.chodapanee",
            "is_restricted": false,
            "is_ultra_restricted": false
        },
        "blocks": [
            {
                "type": "rich_text",
                "block_id": "x=0h",
                "elements": [
                    {
                        "type": "rich_text_preformatted",
                        "elements": [
                            {
                                "type": "text",
                                "text": "Error: ER_TRUNCATED_WRONG_VALUE: Incorrect datetime value: '2017-06-01T09:45:06.253Z' for column 'message_datetime'"
                            }
                        ]
                    },
                    {
                        "type": "rich_text_section",
                        "elements": []
                    }
                ]
            }
        ]
    },
    {
        "client_msg_id": "956f9079-4dc0-4a93-a2ca-55b02b172370",
        "type": "message",
        "text": "Error: ER_TRUNCATED_WRONG_VALUE: Truncated incorrect INTEGER value: ''",
        "user": "US03ZTVJR",
        "ts": "1577100782.020900",
        "team": "TC0C1HURK",
        "user_team": "TC0C1HURK",
        "source_team": "TC0C1HURK",
        "user_profile": {
            "avatar_hash": "g35ac00207d5",
            "image_72": "https:\/\/secure.gravatar.com\/avatar\/35ac00207d5f8ebce52e2f3ea9d5e107.jpg?s=72&d=https%3A%2F%2Fa.slack-edge.com%2Fdf10d%2Fimg%2Favatars%2Fava_0018-72.png",
            "first_name": "",
            "real_name": "Vara",
            "display_name": "Vara",
            "team": "TC0C1HURK",
            "name": "varaprasad.chodapanee",
            "is_restricted": false,
            "is_ultra_restricted": false
        },
        "blocks": [
            {
                "type": "rich_text",
                "block_id": "0qZvA",
                "elements": [
                    {
                        "type": "rich_text_section",
                        "elements": [
                            {
                                "type": "text",
                                "text": "Error: ER_TRUNCATED_WRONG_VALUE: Truncated incorrect INTEGER value: ''"
                            }
                        ]
                    }
                ]
            }
        ]
    },
    {
        "client_msg_id": "8d03c925-d4ea-42dc-8f80-00bf32ffccad",
        "type": "message",
        "text": "Can you please help me with this?",
        "user": "US03ZTVJR",
        "ts": "1577100796.021300",
        "team": "TC0C1HURK",
        "user_team": "TC0C1HURK",
        "source_team": "TC0C1HURK",
        "user_profile": {
            "avatar_hash": "g35ac00207d5",
            "image_72": "https:\/\/secure.gravatar.com\/avatar\/35ac00207d5f8ebce52e2f3ea9d5e107.jpg?s=72&d=https%3A%2F%2Fa.slack-edge.com%2Fdf10d%2Fimg%2Favatars%2Fava_0018-72.png",
            "first_name": "",
            "real_name": "Vara",
            "display_name": "Vara",
            "team": "TC0C1HURK",
            "name": "varaprasad.chodapanee",
            "is_restricted": false,
            "is_ultra_restricted": false
        },
        "blocks": [
            {
                "type": "rich_text",
                "block_id": "Vtq",
                "elements": [
                    {
                        "type": "rich_text_section",
                        "elements": [
                            {
                                "type": "text",
                                "text": "Can you please help me with this?"
                            }
                        ]
                    }
                ]
            }
        ]
    },
    {
        "client_msg_id": "f2ced752-6eea-4cdf-a808-915e08f0d924",
        "type": "message",
        "text": "People on stack overflow has a solution saying we have to change the @sql_mode to accept invalid Datetime formats: `<https:\/\/stackoverflow.com\/questions\/44304777\/er-truncated-wrong-value-incorrect-datetime-value>`",
        "user": "US03ZTVJR",
        "ts": "1577100954.022700",
        "team": "TC0C1HURK",
        "user_team": "TC0C1HURK",
        "source_team": "TC0C1HURK",
        "user_profile": {
            "avatar_hash": "g35ac00207d5",
            "image_72": "https:\/\/secure.gravatar.com\/avatar\/35ac00207d5f8ebce52e2f3ea9d5e107.jpg?s=72&d=https%3A%2F%2Fa.slack-edge.com%2Fdf10d%2Fimg%2Favatars%2Fava_0018-72.png",
            "first_name": "",
            "real_name": "Vara",
            "display_name": "Vara",
            "team": "TC0C1HURK",
            "name": "varaprasad.chodapanee",
            "is_restricted": false,
            "is_ultra_restricted": false
        },
        "blocks": [
            {
                "type": "rich_text",
                "block_id": "8veP",
                "elements": [
                    {
                        "type": "rich_text_section",
                        "elements": [
                            {
                                "type": "text",
                                "text": "People on stack overflow has a solution saying we have to change the @sql_mode to accept invalid Datetime formats: "
                            },
                            {
                                "type": "link",
                                "url": "https:\/\/stackoverflow.com\/questions\/44304777\/er-truncated-wrong-value-incorrect-datetime-value",
                                "style": {
                                    "code": true
                                }
                            }
                        ]
                    }
                ]
            }
        ]
    },
    {
        "client_msg_id": "8d2df1d0-6e64-49b7-ab1f-215c5a3e6bf8",
        "type": "message",
        "text": "but I should not accept invalid formats and avoid these errors.",
        "user": "US03ZTVJR",
        "ts": "1577100971.023200",
        "team": "TC0C1HURK",
        "user_team": "TC0C1HURK",
        "source_team": "TC0C1HURK",
        "user_profile": {
            "avatar_hash": "g35ac00207d5",
            "image_72": "https:\/\/secure.gravatar.com\/avatar\/35ac00207d5f8ebce52e2f3ea9d5e107.jpg?s=72&d=https%3A%2F%2Fa.slack-edge.com%2Fdf10d%2Fimg%2Favatars%2Fava_0018-72.png",
            "first_name": "",
            "real_name": "Vara",
            "display_name": "Vara",
            "team": "TC0C1HURK",
            "name": "varaprasad.chodapanee",
            "is_restricted": false,
            "is_ultra_restricted": false
        },
        "blocks": [
            {
                "type": "rich_text",
                "block_id": "AJtgo",
                "elements": [
                    {
                        "type": "rich_text_section",
                        "elements": [
                            {
                                "type": "text",
                                "text": "but I should not accept invalid formats and avoid these errors."
                            }
                        ]
                    }
                ]
            }
        ]
    },
    {
        "client_msg_id": "b5aa749e-f9bf-42fd-bafa-e925ce1b1a4c",
        "type": "message",
        "text": "Do we have a solution where this error can be avoided and Datetime format for MySQL is enforced?",
        "user": "US03ZTVJR",
        "ts": "1577101015.024300",
        "team": "TC0C1HURK",
        "user_team": "TC0C1HURK",
        "source_team": "TC0C1HURK",
        "user_profile": {
            "avatar_hash": "g35ac00207d5",
            "image_72": "https:\/\/secure.gravatar.com\/avatar\/35ac00207d5f8ebce52e2f3ea9d5e107.jpg?s=72&d=https%3A%2F%2Fa.slack-edge.com%2Fdf10d%2Fimg%2Favatars%2Fava_0018-72.png",
            "first_name": "",
            "real_name": "Vara",
            "display_name": "Vara",
            "team": "TC0C1HURK",
            "name": "varaprasad.chodapanee",
            "is_restricted": false,
            "is_ultra_restricted": false
        },
        "blocks": [
            {
                "type": "rich_text",
                "block_id": "jMuem",
                "elements": [
                    {
                        "type": "rich_text_section",
                        "elements": [
                            {
                                "type": "text",
                                "text": "Do we have a solution where this error can be avoided and Datetime format for MySQL is enforced?"
                            }
                        ]
                    }
                ]
            }
        ]
    },
    {
        "client_msg_id": "9bce171a-31f0-4503-9e92-ea51fb70d269",
        "type": "message",
        "text": "Hi everyone!\nI'm trying to run cube.js in AWS lambda with connection to Google BigQuery, cube.js seems to be running, but whenever I try to make an actual request it returns only \"Continue wait\" and not finishing. What could be wrong here?",
        "user": "URHM1THNW",
        "ts": "1577108867.026000",
        "team": "TC0C1HURK",
        "user_team": "TC0C1HURK",
        "source_team": "TC0C1HURK",
        "user_profile": {
            "avatar_hash": "gd04448b753e",
            "image_72": "https:\/\/secure.gravatar.com\/avatar\/d04448b753eafdabc4ca8dcd517dcbe8.jpg?s=72&d=https%3A%2F%2Fa.slack-edge.com%2Fdf10d%2Fimg%2Favatars%2Fava_0012-72.png",
            "first_name": "",
            "real_name": "Gregory Yermolaev",
            "display_name": "Gregory Yermolaev",
            "team": "TC0C1HURK",
            "name": "gregory",
            "is_restricted": false,
            "is_ultra_restricted": false
        },
        "blocks": [
            {
                "type": "rich_text",
                "block_id": "RLha",
                "elements": [
                    {
                        "type": "rich_text_section",
                        "elements": [
                            {
                                "type": "text",
                                "text": "Hi everyone!\nI'm trying to run cube.js in AWS lambda with connection to Google BigQuery, cube.js seems to be running, but whenever I try to make an actual request it returns only \"Continue wait\" and not finishing. What could be wrong here?"
                            }
                        ]
                    }
                ]
            }
        ],
        "thread_ts": "1577108867.026000",
        "reply_count": 4,
        "reply_users_count": 3,
        "latest_reply": "1577178679.030400",
        "reply_users": [
            "UQV98J5M1",
            "URHM1THNW",
            "UC19HAUAK"
        ],
        "replies": [
            {
                "user": "UQV98J5M1",
                "ts": "1577109100.026100"
            },
            {
                "user": "URHM1THNW",
                "ts": "1577110566.026300"
            },
            {
                "user": "UC19HAUAK",
                "ts": "1577138040.027900"
            },
            {
                "user": "URHM1THNW",
                "ts": "1577178679.030400"
            }
        ],
        "subscribed": false
    },
    {
        "client_msg_id": "d7dc2dd4-eebb-4451-a9fa-450408500bae",
        "type": "message",
        "text": "Continue wait means the query is taking longer than 5 seconds to complete. Try the same query again to get results if they're completed.",
        "user": "UQV98J5M1",
        "ts": "1577109100.026100",
        "team": "TC0C1HURK",
        "user_team": "TC0C1HURK",
        "source_team": "TC0C1HURK",
        "user_profile": {
            "avatar_hash": "117613ce265a",
            "image_72": "https:\/\/avatars.slack-edge.com\/2019-12-05\/862064587488_117613ce265a35836f93_72.jpg",
            "first_name": "",
            "real_name": "Will Hausman",
            "display_name": "Will Hausman",
            "team": "TC0C1HURK",
            "name": "will.hausman",
            "is_restricted": false,
            "is_ultra_restricted": false
        },
        "blocks": [
            {
                "type": "rich_text",
                "block_id": "uryc",
                "elements": [
                    {
                        "type": "rich_text_section",
                        "elements": [
                            {
                                "type": "text",
                                "text": "Continue wait means the query is taking longer than 5 seconds to complete. Try the same query again to get results if they're completed."
                            }
                        ]
                    }
                ]
            }
        ],
        "thread_ts": "1577108867.026000",
        "parent_user_id": "URHM1THNW"
    },
    {
        "client_msg_id": "cb9df5e9-7046-4c1b-99b1-33cafec58c86",
        "type": "message",
        "text": "I know, but this happens for like 20 mins, while when I was running it locally it was completed almost instantly",
        "user": "URHM1THNW",
        "ts": "1577110566.026300",
        "team": "TC0C1HURK",
        "user_team": "TC0C1HURK",
        "source_team": "TC0C1HURK",
        "user_profile": {
            "avatar_hash": "gd04448b753e",
            "image_72": "https:\/\/secure.gravatar.com\/avatar\/d04448b753eafdabc4ca8dcd517dcbe8.jpg?s=72&d=https%3A%2F%2Fa.slack-edge.com%2Fdf10d%2Fimg%2Favatars%2Fava_0012-72.png",
            "first_name": "",
            "real_name": "Gregory Yermolaev",
            "display_name": "Gregory Yermolaev",
            "team": "TC0C1HURK",
            "name": "gregory",
            "is_restricted": false,
            "is_ultra_restricted": false
        },
        "blocks": [
            {
                "type": "rich_text",
                "block_id": "wRdTo",
                "elements": [
                    {
                        "type": "rich_text_section",
                        "elements": [
                            {
                                "type": "text",
                                "text": "I know, but this happens for like 20 mins, while when I was running it locally it was completed almost instantly"
                            }
                        ]
                    }
                ]
            }
        ],
        "thread_ts": "1577108867.026000",
        "parent_user_id": "URHM1THNW"
    },
    {
        "type": "message",
        "text": "Thanks a lot for your anwser, while I was able to do many interesting things with this library, this still pose me quite the trouble and i couldn't find documentation about helper dimensions or helper cubes\n\nI tried something like this based on the subquery documentation found here : <https:\/\/cube.dev\/docs\/subquery>\nIs this schema what you mean by \"helper cube\" ?\n\nIt gave me this error because i'm not trying to get a measure but two dimension from the unnested data : `Error: Error: Subquery dimension activities.cat_type should reference at least one measure`\n\nAnd also brings me two question :\n• Is it possible to pass the where clause (for example the `timeDimensions` used to filter the data) to the subquery ?",
        "files": [
            {
                "id": "FRMHPN5U2",
                "created": 1577115898,
                "timestamp": 1577115898,
                "name": "Untitled",
                "title": "Untitled",
                "mimetype": "text\/plain",
                "filetype": "text",
                "pretty_type": "Plain Text",
                "user": "URG03MR27",
                "editable": true,
                "size": 1313,
                "mode": "snippet",
                "is_external": false,
                "external_type": "",
                "is_public": true,
                "public_url_shared": false,
                "display_as_bot": false,
                "username": "",
                "url_private": "https:\/\/files.slack.com\/files-pri\/TC0C1HURK-FRMHPN5U2\/untitled?t=xoxe-408409606869-1300049925941-1294691254950-5e5ba619551397a2daf3223fc6c48b4a",
                "url_private_download": "https:\/\/files.slack.com\/files-pri\/TC0C1HURK-FRMHPN5U2\/download\/untitled?t=xoxe-408409606869-1300049925941-1294691254950-5e5ba619551397a2daf3223fc6c48b4a",
                "permalink": "https:\/\/cube-js.slack.com\/files\/URG03MR27\/FRMHPN5U2\/untitled",
                "permalink_public": "https:\/\/slack-files.com\/TC0C1HURK-FRMHPN5U2-a3e1672ef4",
                "edit_link": "https:\/\/cube-js.slack.com\/files\/URG03MR27\/FRMHPN5U2\/untitled\/edit",
                "is_starred": false,
                "has_rich_preview": false
            }
        ],
        "upload": true,
        "blocks": [
            {
                "type": "rich_text",
                "block_id": "p=wct",
                "elements": [
                    {
                        "type": "rich_text_section",
                        "elements": [
                            {
                                "type": "text",
                                "text": "Thanks a lot for your anwser, while I was able to do many interesting things with this library, this still pose me quite the trouble and i couldn't find documentation about helper dimensions or helper cubes\n\nI tried something like this based on the subquery documentation found here : "
                            },
                            {
                                "type": "link",
                                "url": "https:\/\/cube.dev\/docs\/subquery"
                            },
                            {
                                "type": "text",
                                "text": "\nIs this schema what you mean by \"helper cube\" ?\n\nIt gave me this error because i'm not trying to get a measure but two dimension from the unnested data : "
                            },
                            {
                                "type": "text",
                                "text": "Error: Error: Subquery dimension activities.cat_type should reference at least one measure",
                                "style": {
                                    "code": true
                                }
                            },
                            {
                                "type": "text",
                                "text": "\n\nAnd also brings me two question :\n"
                            }
                        ]
                    },
                    {
                        "type": "rich_text_list",
                        "style": "bullet",
                        "indent": 0,
                        "elements": [
                            {
                                "type": "rich_text_section",
                                "elements": [
                                    {
                                        "type": "text",
                                        "text": "Is it possible to pass the where clause (for example the "
                                    },
                                    {
                                        "type": "text",
                                        "text": "timeDimensions",
                                        "style": {
                                            "code": true
                                        }
                                    },
                                    {
                                        "type": "text",
                                        "text": " used to filter the data) to the subquery ?"
                                    }
                                ]
                            }
                        ]
                    }
                ]
            }
        ],
        "user": "URG03MR27",
        "display_as_bot": false,
        "ts": "1577115899.026500",
        "client_msg_id": "5dd9c467-b00a-44aa-a0cb-1f71224b6f31",
        "thread_ts": "1576672667.056100",
        "parent_user_id": "URG03MR27"
    },
    {
        "type": "message",
        "subtype": "channel_join",
        "ts": "1577119825.027000",
        "user": "URMKQ304A",
        "text": "<@URMKQ304A> has joined the channel"
    },
    {
        "client_msg_id": "CE329A52-B8B1-410C-AE36-D4A4DDBDE541",
        "type": "message",
        "text": "Hey <@URHM1THNW> ! Most probably your lambda doesn’t have either internet either redis connection.",
        "user": "UC19HAUAK",
        "ts": "1577138040.027900",
        "team": "TC0C1HURK",
        "user_team": "TC0C1HURK",
        "source_team": "TC0C1HURK",
        "user_profile": {
            "avatar_hash": "066a042e018c",
            "image_72": "https:\/\/avatars.slack-edge.com\/2019-12-07\/866588520998_066a042e018ca831a195_72.png",
            "first_name": "Pavel",
            "real_name": "Pavel Tiunov",
            "display_name": "pavel",
            "team": "TC0C1HURK",
            "name": "pavel",
            "is_restricted": false,
            "is_ultra_restricted": false
        },
        "blocks": [
            {
                "type": "rich_text",
                "block_id": "RiF",
                "elements": [
                    {
                        "type": "rich_text_section",
                        "elements": [
                            {
                                "type": "text",
                                "text": "Hey "
                            },
                            {
                                "type": "user",
                                "user_id": "URHM1THNW"
                            },
                            {
                                "type": "text",
                                "text": " ! Most probably your lambda doesn’t have either internet either redis connection."
                            }
                        ]
                    }
                ]
            }
        ],
        "thread_ts": "1577108867.026000",
        "parent_user_id": "URHM1THNW"
    },
    {
        "client_msg_id": "BD998B2D-DD47-4B3D-9B30-97941CA42326",
        "type": "message",
        "text": "Hey <@US03ZTVJR> ! What’s column type for message_datetime?",
        "user": "UC19HAUAK",
        "ts": "1577139862.029200",
        "team": "TC0C1HURK",
        "user_team": "TC0C1HURK",
        "source_team": "TC0C1HURK",
        "user_profile": {
            "avatar_hash": "066a042e018c",
            "image_72": "https:\/\/avatars.slack-edge.com\/2019-12-07\/866588520998_066a042e018ca831a195_72.png",
            "first_name": "Pavel",
            "real_name": "Pavel Tiunov",
            "display_name": "pavel",
            "team": "TC0C1HURK",
            "name": "pavel",
            "is_restricted": false,
            "is_ultra_restricted": false
        },
        "blocks": [
            {
                "type": "rich_text",
                "block_id": "xX\/",
                "elements": [
                    {
                        "type": "rich_text_section",
                        "elements": [
                            {
                                "type": "text",
                                "text": "Hey "
                            },
                            {
                                "type": "user",
                                "user_id": "US03ZTVJR"
                            },
                            {
                                "type": "text",
                                "text": " ! What’s column type for message_datetime?"
                            }
                        ]
                    }
                ]
            }
        ],
        "thread_ts": "1577100741.020500",
        "parent_user_id": "US03ZTVJR"
    },
    {
        "client_msg_id": "DC3700C9-17E3-4C78-B305-7219B5D98510",
        "type": "message",
        "text": "<@US03ZTVJR> if it’s string please checkout this one: <https:\/\/cube.dev\/docs\/working-with-string-time-dimensions|https:\/\/cube.dev\/docs\/working-with-string-time-dimensions>",
        "user": "UC19HAUAK",
        "ts": "1577140052.030000",
        "team": "TC0C1HURK",
        "user_team": "TC0C1HURK",
        "source_team": "TC0C1HURK",
        "user_profile": {
            "avatar_hash": "066a042e018c",
            "image_72": "https:\/\/avatars.slack-edge.com\/2019-12-07\/866588520998_066a042e018ca831a195_72.png",
            "first_name": "Pavel",
            "real_name": "Pavel Tiunov",
            "display_name": "pavel",
            "team": "TC0C1HURK",
            "name": "pavel",
            "is_restricted": false,
            "is_ultra_restricted": false
        },
        "blocks": [
            {
                "type": "rich_text",
                "block_id": "zzcE",
                "elements": [
                    {
                        "type": "rich_text_section",
                        "elements": [
                            {
                                "type": "user",
                                "user_id": "US03ZTVJR"
                            },
                            {
                                "type": "text",
                                "text": " if it’s string please checkout this one: "
                            },
                            {
                                "type": "link",
                                "url": "https:\/\/cube.dev\/docs\/working-with-string-time-dimensions",
                                "text": "https:\/\/cube.dev\/docs\/working-with-string-time-dimensions"
                            }
                        ]
                    }
                ]
            }
        ],
        "thread_ts": "1577100741.020500",
        "parent_user_id": "US03ZTVJR"
    }
]