[
    {
        "client_msg_id": "521c91d6-2bde-4199-954a-14d517941785",
        "type": "message",
        "text": "Do you document any kinda future roadmap document (features in development, planned, idea phase) for cubejs or should I try to look trough GitHub issues?",
        "user": "URRK6323B",
        "ts": "1577438839.044900",
        "team": "TC0C1HURK",
        "user_team": "TC0C1HURK",
        "source_team": "TC0C1HURK",
        "user_profile": {
            "avatar_hash": "g5c60757eac0",
            "image_72": "https:\/\/secure.gravatar.com\/avatar\/5c60757eac0609127bb38d03de511439.jpg?s=72&d=https%3A%2F%2Fa.slack-edge.com%2Fdf10d%2Fimg%2Favatars%2Fava_0001-72.png",
            "first_name": "",
            "real_name": "Kimmo Hintikka",
            "display_name": "Kimmo Hintikka",
            "team": "TC0C1HURK",
            "name": "hintikkakimmo",
            "is_restricted": false,
            "is_ultra_restricted": false
        },
        "blocks": [
            {
                "type": "rich_text",
                "block_id": "g1ZW",
                "elements": [
                    {
                        "type": "rich_text_section",
                        "elements": [
                            {
                                "type": "text",
                                "text": "Do you document any kinda future roadmap document (features in development, planned, idea phase) for cubejs or should I try to look trough GitHub issues?"
                            }
                        ]
                    }
                ]
            }
        ],
        "thread_ts": "1577438839.044900",
        "reply_count": 7,
        "reply_users_count": 2,
        "latest_reply": "1577459979.056900",
        "reply_users": [
            "UC19HAUAK",
            "URRK6323B"
        ],
        "replies": [
            {
                "user": "UC19HAUAK",
                "ts": "1577458665.048700"
            },
            {
                "user": "URRK6323B",
                "ts": "1577459163.052700"
            },
            {
                "user": "UC19HAUAK",
                "ts": "1577459260.053900"
            },
            {
                "user": "UC19HAUAK",
                "ts": "1577459356.054800"
            },
            {
                "user": "URRK6323B",
                "ts": "1577459561.055100"
            },
            {
                "user": "URRK6323B",
                "ts": "1577459620.055300"
            },
            {
                "user": "UC19HAUAK",
                "ts": "1577459979.056900"
            }
        ],
        "subscribed": false
    },
    {
        "type": "message",
        "subtype": "channel_join",
        "ts": "1577439831.045200",
        "user": "US2P41EH2",
        "text": "<@US2P41EH2> has joined the channel"
    },
    {
        "client_msg_id": "af589a4d-c359-4d3c-b731-27ac5f8a047b",
        "type": "message",
        "text": "Good morning! just wondering about the sqlite support? Is that community driven as I do not see it in the list of supported databases! Just for quick local prototyping or usage in an electron app?",
        "user": "US2P41EH2",
        "ts": "1577440195.046300",
        "team": "TC0C1HURK",
        "user_team": "TC0C1HURK",
        "source_team": "TC0C1HURK",
        "user_profile": {
            "avatar_hash": "g354ba540415",
            "image_72": "https:\/\/secure.gravatar.com\/avatar\/354ba540415e38f8305640cff4c377c5.jpg?s=72&d=https%3A%2F%2Fa.slack-edge.com%2Fdf10d%2Fimg%2Favatars%2Fava_0007-72.png",
            "first_name": "",
            "real_name": "Koen",
            "display_name": "Koen",
            "team": "TC0C1HURK",
            "name": "koen.vanbesien",
            "is_restricted": false,
            "is_ultra_restricted": false
        },
        "blocks": [
            {
                "type": "rich_text",
                "block_id": "YfR",
                "elements": [
                    {
                        "type": "rich_text_section",
                        "elements": [
                            {
                                "type": "text",
                                "text": "Good morning! just wondering about the sqlite support? Is that community driven as I do not see it in the list of supported databases! Just for quick local prototyping or usage in an electron app?"
                            }
                        ]
                    }
                ]
            }
        ],
        "thread_ts": "1577440195.046300",
        "reply_count": 2,
        "reply_users_count": 2,
        "latest_reply": "1577459018.052500",
        "reply_users": [
            "UC19HAUAK",
            "US2P41EH2"
        ],
        "replies": [
            {
                "user": "UC19HAUAK",
                "ts": "1577458993.052300"
            },
            {
                "user": "US2P41EH2",
                "ts": "1577459018.052500"
            }
        ],
        "subscribed": false
    },
    {
        "client_msg_id": "550A7C17-BEB4-43C2-AC0C-2F204F2CF4FC",
        "type": "message",
        "text": "Hey <@URRK6323B> ! It’s pretty ad-hoc right now and there’s no public version yet. Basically we prioritize everything that withholds users from deploying it to production.",
        "user": "UC19HAUAK",
        "ts": "1577458665.048700",
        "team": "TC0C1HURK",
        "user_team": "TC0C1HURK",
        "source_team": "TC0C1HURK",
        "user_profile": {
            "avatar_hash": "066a042e018c",
            "image_72": "https:\/\/avatars.slack-edge.com\/2019-12-07\/866588520998_066a042e018ca831a195_72.png",
            "first_name": "Pavel",
            "real_name": "Pavel Tiunov",
            "display_name": "pavel",
            "team": "TC0C1HURK",
            "name": "pavel",
            "is_restricted": false,
            "is_ultra_restricted": false
        },
        "blocks": [
            {
                "type": "rich_text",
                "block_id": "w3Me",
                "elements": [
                    {
                        "type": "rich_text_section",
                        "elements": [
                            {
                                "type": "text",
                                "text": "Hey "
                            },
                            {
                                "type": "user",
                                "user_id": "URRK6323B"
                            },
                            {
                                "type": "text",
                                "text": " ! It’s pretty ad-hoc right now and there’s no public version yet. Basically we prioritize everything that withholds users from deploying it to production."
                            }
                        ]
                    }
                ]
            }
        ],
        "thread_ts": "1577438839.044900",
        "parent_user_id": "URRK6323B"
    },
    {
        "client_msg_id": "5E1188A2-3AB7-4B64-BB0C-906FE8539180",
        "type": "message",
        "text": "Hey <@US2P41EH2> ! It’s available for preview. There’re no docs for it yet. You can use it already though. There will be some changes on how it processes queries as currently it uses node event loop which is not great for analytic workload.",
        "user": "UC19HAUAK",
        "ts": "1577458993.052300",
        "team": "TC0C1HURK",
        "user_team": "TC0C1HURK",
        "source_team": "TC0C1HURK",
        "user_profile": {
            "avatar_hash": "066a042e018c",
            "image_72": "https:\/\/avatars.slack-edge.com\/2019-12-07\/866588520998_066a042e018ca831a195_72.png",
            "first_name": "Pavel",
            "real_name": "Pavel Tiunov",
            "display_name": "pavel",
            "team": "TC0C1HURK",
            "name": "pavel",
            "is_restricted": false,
            "is_ultra_restricted": false
        },
        "blocks": [
            {
                "type": "rich_text",
                "block_id": "g5b",
                "elements": [
                    {
                        "type": "rich_text_section",
                        "elements": [
                            {
                                "type": "text",
                                "text": "Hey "
                            },
                            {
                                "type": "user",
                                "user_id": "US2P41EH2"
                            },
                            {
                                "type": "text",
                                "text": " ! It’s available for preview. There’re no docs for it yet. You can use it already though. There will be some changes on how it processes queries as currently it uses node event loop which is not great for analytic workload."
                            }
                        ]
                    }
                ]
            }
        ],
        "thread_ts": "1577440195.046300",
        "parent_user_id": "US2P41EH2"
    },
    {
        "client_msg_id": "3644bd9d-c159-4dc3-9710-b8fbcb1e7d0b",
        "type": "message",
        "text": "ok thanks. Will have a look!",
        "user": "US2P41EH2",
        "ts": "1577459018.052500",
        "team": "TC0C1HURK",
        "user_team": "TC0C1HURK",
        "source_team": "TC0C1HURK",
        "user_profile": {
            "avatar_hash": "g354ba540415",
            "image_72": "https:\/\/secure.gravatar.com\/avatar\/354ba540415e38f8305640cff4c377c5.jpg?s=72&d=https%3A%2F%2Fa.slack-edge.com%2Fdf10d%2Fimg%2Favatars%2Fava_0007-72.png",
            "first_name": "",
            "real_name": "Koen",
            "display_name": "Koen",
            "team": "TC0C1HURK",
            "name": "koen.vanbesien",
            "is_restricted": false,
            "is_ultra_restricted": false
        },
        "blocks": [
            {
                "type": "rich_text",
                "block_id": "fIv",
                "elements": [
                    {
                        "type": "rich_text_section",
                        "elements": [
                            {
                                "type": "text",
                                "text": "ok thanks. Will have a look!"
                            }
                        ]
                    }
                ]
            }
        ],
        "thread_ts": "1577440195.046300",
        "parent_user_id": "US2P41EH2",
        "reactions": [
            {
                "name": "raised_hands",
                "users": [
                    "UC19HAUAK"
                ],
                "count": 1
            }
        ]
    },
    {
        "client_msg_id": "20217f48-c189-4254-9f7c-680694bff395",
        "type": "message",
        "text": "Got it thanks <@UC19HAUAK> ! My question was mainly reaction to discussion about elastic search above.",
        "user": "URRK6323B",
        "ts": "1577459163.052700",
        "team": "TC0C1HURK",
        "user_team": "TC0C1HURK",
        "source_team": "TC0C1HURK",
        "user_profile": {
            "avatar_hash": "g5c60757eac0",
            "image_72": "https:\/\/secure.gravatar.com\/avatar\/5c60757eac0609127bb38d03de511439.jpg?s=72&d=https%3A%2F%2Fa.slack-edge.com%2Fdf10d%2Fimg%2Favatars%2Fava_0001-72.png",
            "first_name": "",
            "real_name": "Kimmo Hintikka",
            "display_name": "Kimmo Hintikka",
            "team": "TC0C1HURK",
            "name": "hintikkakimmo",
            "is_restricted": false,
            "is_ultra_restricted": false
        },
        "blocks": [
            {
                "type": "rich_text",
                "block_id": "0XJ7",
                "elements": [
                    {
                        "type": "rich_text_section",
                        "elements": [
                            {
                                "type": "text",
                                "text": "Got it thanks "
                            },
                            {
                                "type": "user",
                                "user_id": "UC19HAUAK"
                            },
                            {
                                "type": "text",
                                "text": " ! My question was mainly reaction to discussion about elastic search above."
                            }
                        ]
                    }
                ]
            }
        ],
        "thread_ts": "1577438839.044900",
        "parent_user_id": "URRK6323B"
    },
    {
        "client_msg_id": "FB78799E-4503-4CF1-B361-3ACFAA0D31D7",
        "type": "message",
        "text": "<@URRK6323B> I see. Do you use elastic or opendistro?",
        "user": "UC19HAUAK",
        "ts": "1577459260.053900",
        "team": "TC0C1HURK",
        "user_team": "TC0C1HURK",
        "source_team": "TC0C1HURK",
        "user_profile": {
            "avatar_hash": "066a042e018c",
            "image_72": "https:\/\/avatars.slack-edge.com\/2019-12-07\/866588520998_066a042e018ca831a195_72.png",
            "first_name": "Pavel",
            "real_name": "Pavel Tiunov",
            "display_name": "pavel",
            "team": "TC0C1HURK",
            "name": "pavel",
            "is_restricted": false,
            "is_ultra_restricted": false
        },
        "blocks": [
            {
                "type": "rich_text",
                "block_id": "F9D",
                "elements": [
                    {
                        "type": "rich_text_section",
                        "elements": [
                            {
                                "type": "user",
                                "user_id": "URRK6323B"
                            },
                            {
                                "type": "text",
                                "text": " "
                            },
                            {
                                "type": "text",
                                "text": "I see. Do you use elastic or opendistro?"
                            }
                        ]
                    }
                ]
            }
        ],
        "thread_ts": "1577438839.044900",
        "parent_user_id": "URRK6323B"
    },
    {
        "client_msg_id": "92B54320-FA2B-4214-BC6B-715B223DBF54",
        "type": "message",
        "text": "We’re considering releasing elastic X-pack SQL support.",
        "user": "UC19HAUAK",
        "ts": "1577459356.054800",
        "team": "TC0C1HURK",
        "user_team": "TC0C1HURK",
        "source_team": "TC0C1HURK",
        "user_profile": {
            "avatar_hash": "066a042e018c",
            "image_72": "https:\/\/avatars.slack-edge.com\/2019-12-07\/866588520998_066a042e018ca831a195_72.png",
            "first_name": "Pavel",
            "real_name": "Pavel Tiunov",
            "display_name": "pavel",
            "team": "TC0C1HURK",
            "name": "pavel",
            "is_restricted": false,
            "is_ultra_restricted": false
        },
        "blocks": [
            {
                "type": "rich_text",
                "block_id": "YMMX",
                "elements": [
                    {
                        "type": "rich_text_section",
                        "elements": [
                            {
                                "type": "text",
                                "text": "We’re considering releasing elastic X-pack SQL support."
                            }
                        ]
                    }
                ]
            }
        ],
        "thread_ts": "1577438839.044900",
        "parent_user_id": "URRK6323B"
    },
    {
        "client_msg_id": "3194ee00-6e52-4b49-98ae-4559c0b83a26",
        "type": "message",
        "text": "Logs are in elastic, but considering migration. Migration seems to break elastic alerts (fired by data thresholds like CPU use) so no wanted to do it so far. I wouldn’t bother for my use case at the moment because I’m still playing with cubejs instead of serious prod usage",
        "user": "URRK6323B",
        "ts": "1577459561.055100",
        "team": "TC0C1HURK",
        "user_team": "TC0C1HURK",
        "source_team": "TC0C1HURK",
        "user_profile": {
            "avatar_hash": "g5c60757eac0",
            "image_72": "https:\/\/secure.gravatar.com\/avatar\/5c60757eac0609127bb38d03de511439.jpg?s=72&d=https%3A%2F%2Fa.slack-edge.com%2Fdf10d%2Fimg%2Favatars%2Fava_0001-72.png",
            "first_name": "",
            "real_name": "Kimmo Hintikka",
            "display_name": "Kimmo Hintikka",
            "team": "TC0C1HURK",
            "name": "hintikkakimmo",
            "is_restricted": false,
            "is_ultra_restricted": false
        },
        "blocks": [
            {
                "type": "rich_text",
                "block_id": "7jHJ",
                "elements": [
                    {
                        "type": "rich_text_section",
                        "elements": [
                            {
                                "type": "text",
                                "text": "Logs are in elastic, but considering migration. Migration seems to break elastic alerts (fired by data thresholds like CPU use) so no wanted to do it so far. I wouldn’t bother for my use case at the moment because I’m still playing with cubejs instead of serious prod usage"
                            }
                        ]
                    }
                ]
            }
        ],
        "thread_ts": "1577438839.044900",
        "parent_user_id": "URRK6323B"
    },
    {
        "client_msg_id": "4d54c16a-967e-4167-8dca-ce6b4bf5b1ec",
        "type": "message",
        "text": "That said really great job based on my experience so far",
        "user": "URRK6323B",
        "ts": "1577459620.055300",
        "team": "TC0C1HURK",
        "user_team": "TC0C1HURK",
        "source_team": "TC0C1HURK",
        "user_profile": {
            "avatar_hash": "g5c60757eac0",
            "image_72": "https:\/\/secure.gravatar.com\/avatar\/5c60757eac0609127bb38d03de511439.jpg?s=72&d=https%3A%2F%2Fa.slack-edge.com%2Fdf10d%2Fimg%2Favatars%2Fava_0001-72.png",
            "first_name": "",
            "real_name": "Kimmo Hintikka",
            "display_name": "Kimmo Hintikka",
            "team": "TC0C1HURK",
            "name": "hintikkakimmo",
            "is_restricted": false,
            "is_ultra_restricted": false
        },
        "blocks": [
            {
                "type": "rich_text",
                "block_id": "HIs",
                "elements": [
                    {
                        "type": "rich_text_section",
                        "elements": [
                            {
                                "type": "text",
                                "text": "That said really great job based on my experience so far"
                            }
                        ]
                    }
                ]
            }
        ],
        "thread_ts": "1577438839.044900",
        "parent_user_id": "URRK6323B"
    },
    {
        "client_msg_id": "3BCC08B6-6908-4FC1-9559-5BF21A54F8B3",
        "type": "message",
        "text": "<@URRK6323B> I see. Are you using X-pack?",
        "user": "UC19HAUAK",
        "ts": "1577459979.056900",
        "team": "TC0C1HURK",
        "user_team": "TC0C1HURK",
        "source_team": "TC0C1HURK",
        "user_profile": {
            "avatar_hash": "066a042e018c",
            "image_72": "https:\/\/avatars.slack-edge.com\/2019-12-07\/866588520998_066a042e018ca831a195_72.png",
            "first_name": "Pavel",
            "real_name": "Pavel Tiunov",
            "display_name": "pavel",
            "team": "TC0C1HURK",
            "name": "pavel",
            "is_restricted": false,
            "is_ultra_restricted": false
        },
        "blocks": [
            {
                "type": "rich_text",
                "block_id": "Eg3",
                "elements": [
                    {
                        "type": "rich_text_section",
                        "elements": [
                            {
                                "type": "user",
                                "user_id": "URRK6323B"
                            },
                            {
                                "type": "text",
                                "text": " I see. Are you using X-pack?"
                            }
                        ]
                    }
                ]
            }
        ],
        "thread_ts": "1577438839.044900",
        "parent_user_id": "URRK6323B"
    },
    {
        "client_msg_id": "acd467dc-ca36-4dda-b0d0-c706f0398fb7",
        "type": "message",
        "text": "<@US03ZTVJR> Could you please share your cube.js schema?",
        "user": "UC19HAUAK",
        "ts": "1577462197.057100",
        "team": "TC0C1HURK",
        "user_team": "TC0C1HURK",
        "source_team": "TC0C1HURK",
        "user_profile": {
            "avatar_hash": "066a042e018c",
            "image_72": "https:\/\/avatars.slack-edge.com\/2019-12-07\/866588520998_066a042e018ca831a195_72.png",
            "first_name": "Pavel",
            "real_name": "Pavel Tiunov",
            "display_name": "pavel",
            "team": "TC0C1HURK",
            "name": "pavel",
            "is_restricted": false,
            "is_ultra_restricted": false
        },
        "blocks": [
            {
                "type": "rich_text",
                "block_id": "kNYjq",
                "elements": [
                    {
                        "type": "rich_text_section",
                        "elements": [
                            {
                                "type": "user",
                                "user_id": "US03ZTVJR"
                            },
                            {
                                "type": "text",
                                "text": " Could you please share your cube.js schema?"
                            }
                        ]
                    }
                ]
            }
        ],
        "thread_ts": "1577100741.020500",
        "parent_user_id": "US03ZTVJR"
    },
    {
        "client_msg_id": "fed141d5-e430-403d-97d9-3ec170c77a48",
        "type": "message",
        "text": "Hi,\nIs there a way to access CubeJS's date range specified in an API query from the SQL of the cube?",
        "user": "UNZ620Z4H",
        "ts": "1577462761.058100",
        "team": "TC0C1HURK",
        "user_team": "TC0C1HURK",
        "source_team": "TC0C1HURK",
        "user_profile": {
            "avatar_hash": "g02f74cd84ce",
            "image_72": "https:\/\/secure.gravatar.com\/avatar\/02f74cd84ce1f12108ba2bd87821e2f6.jpg?s=72&d=https%3A%2F%2Fa.slack-edge.com%2Fdf10d%2Fimg%2Favatars%2Fava_0024-72.png",
            "first_name": "",
            "real_name": "Mohamed Elsharnouby",
            "display_name": "Mohamed Elsharnouby",
            "team": "TC0C1HURK",
            "name": "sharnoby3",
            "is_restricted": false,
            "is_ultra_restricted": false
        },
        "blocks": [
            {
                "type": "rich_text",
                "block_id": "jQE",
                "elements": [
                    {
                        "type": "rich_text_section",
                        "elements": [
                            {
                                "type": "text",
                                "text": "Hi,\nIs there a way to access CubeJS's date range specified in an API query from the SQL of the cube?"
                            }
                        ]
                    }
                ]
            }
        ],
        "thread_ts": "1577462761.058100",
        "reply_count": 2,
        "reply_users_count": 2,
        "latest_reply": "1577469063.058400",
        "reply_users": [
            "UC19HAUAK",
            "UNZ620Z4H"
        ],
        "replies": [
            {
                "user": "UC19HAUAK",
                "ts": "1577466728.058200"
            },
            {
                "user": "UNZ620Z4H",
                "ts": "1577469063.058400"
            }
        ],
        "subscribed": false
    },
    {
        "client_msg_id": "37ad8e87-1ff8-45fa-8f3f-763c4721841b",
        "type": "message",
        "text": "Hey <@UNZ620Z4H>! I believe you're looking for FILTER_PARAMS: <https:\/\/cube.dev\/docs\/cube#context-variables-filter-params>",
        "user": "UC19HAUAK",
        "ts": "1577466728.058200",
        "team": "TC0C1HURK",
        "user_team": "TC0C1HURK",
        "source_team": "TC0C1HURK",
        "user_profile": {
            "avatar_hash": "066a042e018c",
            "image_72": "https:\/\/avatars.slack-edge.com\/2019-12-07\/866588520998_066a042e018ca831a195_72.png",
            "first_name": "Pavel",
            "real_name": "Pavel Tiunov",
            "display_name": "pavel",
            "team": "TC0C1HURK",
            "name": "pavel",
            "is_restricted": false,
            "is_ultra_restricted": false
        },
        "blocks": [
            {
                "type": "rich_text",
                "block_id": "qY1",
                "elements": [
                    {
                        "type": "rich_text_section",
                        "elements": [
                            {
                                "type": "text",
                                "text": "Hey "
                            },
                            {
                                "type": "user",
                                "user_id": "UNZ620Z4H"
                            },
                            {
                                "type": "text",
                                "text": "! I believe you're looking for FILTER_PARAMS: "
                            },
                            {
                                "type": "link",
                                "url": "https:\/\/cube.dev\/docs\/cube#context-variables-filter-params"
                            }
                        ]
                    }
                ]
            }
        ],
        "thread_ts": "1577462761.058100",
        "parent_user_id": "UNZ620Z4H"
    },
    {
        "client_msg_id": "1b159868-8f11-4bdd-aeef-adf4f5387bc0",
        "type": "message",
        "text": "Awesome, that worked out!\nThanks Pavel :slightly_smiling_face:",
        "user": "UNZ620Z4H",
        "ts": "1577469063.058400",
        "team": "TC0C1HURK",
        "user_team": "TC0C1HURK",
        "source_team": "TC0C1HURK",
        "user_profile": {
            "avatar_hash": "g02f74cd84ce",
            "image_72": "https:\/\/secure.gravatar.com\/avatar\/02f74cd84ce1f12108ba2bd87821e2f6.jpg?s=72&d=https%3A%2F%2Fa.slack-edge.com%2Fdf10d%2Fimg%2Favatars%2Fava_0024-72.png",
            "first_name": "",
            "real_name": "Mohamed Elsharnouby",
            "display_name": "Mohamed Elsharnouby",
            "team": "TC0C1HURK",
            "name": "sharnoby3",
            "is_restricted": false,
            "is_ultra_restricted": false
        },
        "blocks": [
            {
                "type": "rich_text",
                "block_id": "RDG",
                "elements": [
                    {
                        "type": "rich_text_section",
                        "elements": [
                            {
                                "type": "text",
                                "text": "Awesome, that worked out!\nThanks Pavel "
                            },
                            {
                                "type": "emoji",
                                "name": "slightly_smiling_face"
                            }
                        ]
                    }
                ]
            }
        ],
        "thread_ts": "1577462761.058100",
        "parent_user_id": "UNZ620Z4H",
        "reactions": [
            {
                "name": "raised_hands",
                "users": [
                    "UC19HAUAK"
                ],
                "count": 1
            }
        ]
    }
]