[
    {
        "client_msg_id": "e58c4ee2-e3ee-4338-b64d-536bd3e34bd4",
        "type": "message",
        "text": "Hi all, have you ever tried to deploy cube js backend \/ frontend on Google App Engine - standard edition?\nI think that it would be possible but I'd like to ask your experiences about this anyway.\nThanks in advance",
        "user": "UN15WL4FQ",
        "ts": "1568966063.062000",
        "team": "TC0C1HURK",
        "user_team": "TC0C1HURK",
        "source_team": "TC0C1HURK",
        "user_profile": {
            "avatar_hash": "gef08a99d573",
            "image_72": "https:\/\/secure.gravatar.com\/avatar\/9ef08a99d573847022e22e775e34a6b3.jpg?s=72&d=https%3A%2F%2Fa.slack-edge.com%2Fdf10d%2Fimg%2Favatars%2Fava_0003-72.png",
            "first_name": "",
            "real_name": "Marco Riezzo",
            "display_name": "Marco Riezzo",
            "team": "TC0C1HURK",
            "name": "m.riezzo",
            "is_restricted": false,
            "is_ultra_restricted": false
        },
        "thread_ts": "1568966063.062000",
        "reply_count": 4,
        "reply_users_count": 2,
        "latest_reply": "1569946166.171500",
        "reply_users": [
            "UC19HAUAK",
            "UN15WL4FQ"
        ],
        "replies": [
            {
                "user": "UC19HAUAK",
                "ts": "1568997962.066900"
            },
            {
                "user": "UN15WL4FQ",
                "ts": "1569944725.171100"
            },
            {
                "user": "UN15WL4FQ",
                "ts": "1569944799.171300"
            },
            {
                "user": "UC19HAUAK",
                "ts": "1569946166.171500"
            }
        ],
        "subscribed": false
    },
    {
        "client_msg_id": "345a697d-a4fe-4275-88df-332b5734530b",
        "type": "message",
        "text": "Hi",
        "user": "UNE429Q84",
        "ts": "1568976303.062100",
        "team": "TC0C1HURK",
        "user_team": "TC0C1HURK",
        "source_team": "TC0C1HURK",
        "user_profile": {
            "avatar_hash": "g70183ae895d",
            "image_72": "https:\/\/secure.gravatar.com\/avatar\/270183ae895dad4505b9d3824cddabc5.jpg?s=72&d=https%3A%2F%2Fa.slack-edge.com%2Fdf10d%2Fimg%2Favatars%2Fava_0012-72.png",
            "first_name": "",
            "real_name": "Lav",
            "display_name": "Lav",
            "team": "TC0C1HURK",
            "name": "lav.naphade",
            "is_restricted": false,
            "is_ultra_restricted": false
        },
        "thread_ts": "1568951242.047400",
        "parent_user_id": "UNE429Q84"
    },
    {
        "client_msg_id": "7b767055-1e6a-4ee3-a78a-b1564bd38cc8",
        "type": "message",
        "text": "i have getting the below error\ncubejs-client-core.js:5 Uncaught ReferenceError: require is not defined\n    at cubejs-client-core.js:5\n(anonymous) @ cubejs-client-core.js:5",
        "user": "UNE429Q84",
        "ts": "1568976317.062300",
        "team": "TC0C1HURK",
        "user_team": "TC0C1HURK",
        "source_team": "TC0C1HURK",
        "user_profile": {
            "avatar_hash": "g70183ae895d",
            "image_72": "https:\/\/secure.gravatar.com\/avatar\/270183ae895dad4505b9d3824cddabc5.jpg?s=72&d=https%3A%2F%2Fa.slack-edge.com%2Fdf10d%2Fimg%2Favatars%2Fava_0012-72.png",
            "first_name": "",
            "real_name": "Lav",
            "display_name": "Lav",
            "team": "TC0C1HURK",
            "name": "lav.naphade",
            "is_restricted": false,
            "is_ultra_restricted": false
        },
        "thread_ts": "1568951242.047400",
        "parent_user_id": "UNE429Q84"
    },
    {
        "client_msg_id": "b8ea5a74-221b-437a-80cc-09d175690fec",
        "type": "message",
        "text": "plz can you help on this",
        "user": "UNE429Q84",
        "ts": "1568976341.062500",
        "team": "TC0C1HURK",
        "user_team": "TC0C1HURK",
        "source_team": "TC0C1HURK",
        "user_profile": {
            "avatar_hash": "g70183ae895d",
            "image_72": "https:\/\/secure.gravatar.com\/avatar\/270183ae895dad4505b9d3824cddabc5.jpg?s=72&d=https%3A%2F%2Fa.slack-edge.com%2Fdf10d%2Fimg%2Favatars%2Fava_0012-72.png",
            "first_name": "",
            "real_name": "Lav",
            "display_name": "Lav",
            "team": "TC0C1HURK",
            "name": "lav.naphade",
            "is_restricted": false,
            "is_ultra_restricted": false
        },
        "thread_ts": "1568951242.047400",
        "parent_user_id": "UNE429Q84"
    },
    {
        "client_msg_id": "3937c6e1-728c-4cbe-8555-51b5e8c6278e",
        "type": "message",
        "text": "index.hbs file not getting cubejs",
        "user": "UNE429Q84",
        "ts": "1568976353.062700",
        "team": "TC0C1HURK",
        "user_team": "TC0C1HURK",
        "source_team": "TC0C1HURK",
        "user_profile": {
            "avatar_hash": "g70183ae895d",
            "image_72": "https:\/\/secure.gravatar.com\/avatar\/270183ae895dad4505b9d3824cddabc5.jpg?s=72&d=https%3A%2F%2Fa.slack-edge.com%2Fdf10d%2Fimg%2Favatars%2Fava_0012-72.png",
            "first_name": "",
            "real_name": "Lav",
            "display_name": "Lav",
            "team": "TC0C1HURK",
            "name": "lav.naphade",
            "is_restricted": false,
            "is_ultra_restricted": false
        },
        "thread_ts": "1568951242.047400",
        "parent_user_id": "UNE429Q84"
    },
    {
        "client_msg_id": "33a7b4df-710f-4c34-8398-ba6e17b6d746",
        "type": "message",
        "text": "reference",
        "user": "UNE429Q84",
        "ts": "1568976357.062900",
        "team": "TC0C1HURK",
        "user_team": "TC0C1HURK",
        "source_team": "TC0C1HURK",
        "user_profile": {
            "avatar_hash": "g70183ae895d",
            "image_72": "https:\/\/secure.gravatar.com\/avatar\/270183ae895dad4505b9d3824cddabc5.jpg?s=72&d=https%3A%2F%2Fa.slack-edge.com%2Fdf10d%2Fimg%2Favatars%2Fava_0012-72.png",
            "first_name": "",
            "real_name": "Lav",
            "display_name": "Lav",
            "team": "TC0C1HURK",
            "name": "lav.naphade",
            "is_restricted": false,
            "is_ultra_restricted": false
        },
        "thread_ts": "1568951242.047400",
        "parent_user_id": "UNE429Q84"
    },
    {
        "client_msg_id": "13931F82-E359-4300-9920-52356F7840EF",
        "type": "message",
        "text": "How do you load cube.js into your index.hbs file?",
        "user": "UC1HAFW4E",
        "ts": "1568991178.063700",
        "team": "TC0C1HURK",
        "user_team": "TC0C1HURK",
        "source_team": "TC0C1HURK",
        "user_profile": {
            "avatar_hash": "ee7b69830a11",
            "image_72": "https:\/\/avatars.slack-edge.com\/2018-08-13\/414857329600_ee7b69830a119331e10e_72.jpg",
            "first_name": "Artyom",
            "real_name": "Artyom Keydunov",
            "display_name": "Artyom Keydunov",
            "team": "TC0C1HURK",
            "name": "artyom",
            "is_restricted": false,
            "is_ultra_restricted": false
        },
        "thread_ts": "1568951242.047400",
        "parent_user_id": "UNE429Q84"
    },
    {
        "type": "message",
        "subtype": "channel_join",
        "ts": "1568991291.064000",
        "user": "UND812W3B",
        "text": "<@UND812W3B> has joined the channel"
    },
    {
        "client_msg_id": "6BFD7C21-D095-4D4E-9362-D85E63325BD3",
        "type": "message",
        "text": "Hey <@UN15WL4FQ> ! It isn’t specifically designed to run in Google App Engine but you can use Serverless implementation as an example to adopt it to app engine. We can guide you through this process. It would be great if you can contribute this!",
        "user": "UC19HAUAK",
        "ts": "1568997962.066900",
        "team": "TC0C1HURK",
        "user_team": "TC0C1HURK",
        "source_team": "TC0C1HURK",
        "user_profile": {
            "avatar_hash": "066a042e018c",
            "image_72": "https:\/\/avatars.slack-edge.com\/2019-12-07\/866588520998_066a042e018ca831a195_72.png",
            "first_name": "Pavel",
            "real_name": "Pavel Tiunov",
            "display_name": "pavel",
            "team": "TC0C1HURK",
            "name": "pavel",
            "is_restricted": false,
            "is_ultra_restricted": false
        },
        "thread_ts": "1568966063.062000",
        "parent_user_id": "UN15WL4FQ"
    },
    {
        "client_msg_id": "c4b30af6-e91a-4414-a59b-9d173775890d",
        "type": "message",
        "text": "added refernce of &lt;script src=\"<https:\/\/unpkg.com\/@cubejs-client\/core@0.6.0\/dist\/cubejs-client-core.js>\"&gt;&lt;\/script&gt;\n in index.hbs file",
        "user": "UNE429Q84",
        "ts": "1569047507.067100",
        "team": "TC0C1HURK",
        "user_team": "TC0C1HURK",
        "source_team": "TC0C1HURK",
        "user_profile": {
            "avatar_hash": "g70183ae895d",
            "image_72": "https:\/\/secure.gravatar.com\/avatar\/270183ae895dad4505b9d3824cddabc5.jpg?s=72&d=https%3A%2F%2Fa.slack-edge.com%2Fdf10d%2Fimg%2Favatars%2Fava_0012-72.png",
            "first_name": "",
            "real_name": "Lav",
            "display_name": "Lav",
            "team": "TC0C1HURK",
            "name": "lav.naphade",
            "is_restricted": false,
            "is_ultra_restricted": false
        },
        "thread_ts": "1568951242.047400",
        "parent_user_id": "UNE429Q84"
    }
]