[
    {
        "type": "message",
        "subtype": "channel_join",
        "ts": "1556217266.000200",
        "user": "UJ6P3SMR6",
        "text": "<@UJ6P3SMR6> has joined the channel"
    },
    {
        "type": "message",
        "subtype": "channel_join",
        "ts": "1556252483.000200",
        "user": "UJ75LTC2C",
        "text": "<@UJ75LTC2C> has joined the channel"
    },
    {
        "client_msg_id": "be68b0a6-2491-4ca2-a60a-df77601f8071",
        "type": "message",
        "text": "Hi guys, question… how does “drillmember” works in general? I read the document but couldn’t understand how to use…",
        "user": "UJ75LTC2C",
        "ts": "1556252672.001700",
        "team": "TC0C1HURK",
        "user_team": "TC0C1HURK",
        "source_team": "TC0C1HURK",
        "user_profile": {
            "avatar_hash": "g496641a9c75",
            "image_72": "https:\/\/secure.gravatar.com\/avatar\/4496641a9c75ead13ce3f0a39575f424.jpg?s=72&d=https%3A%2F%2Fa.slack-edge.com%2Fdf10d%2Fimg%2Favatars%2Fava_0011-72.png",
            "first_name": "",
            "real_name": "Yu Sasaki",
            "display_name": "Yu Sasaki",
            "team": "TC0C1HURK",
            "name": "cinnapple.fun",
            "is_restricted": false,
            "is_ultra_restricted": false
        },
        "thread_ts": "1556252672.001700",
        "reply_count": 2,
        "reply_users_count": 2,
        "latest_reply": "1556343155.019300",
        "reply_users": [
            "UC19HAUAK",
            "UJ75LTC2C"
        ],
        "replies": [
            {
                "user": "UC19HAUAK",
                "ts": "1556303256.016000"
            },
            {
                "user": "UJ75LTC2C",
                "ts": "1556343155.019300"
            }
        ],
        "subscribed": false
    },
    {
        "type": "message",
        "subtype": "channel_join",
        "ts": "1556256942.001900",
        "user": "UJ9AT9XRU",
        "text": "<@UJ9AT9XRU> has joined the channel"
    }
]