[
    {
        "client_msg_id": "90137aae-8888-40e9-bb57-47c643bbdf8e",
        "type": "message",
        "text": "i do anlytics on cities, there are multiple cities having the same name but diffrent id's\nis it possible to distinguish these ?",
        "user": "UJXANJSSF",
        "ts": "1560947879.135600",
        "team": "TC0C1HURK",
        "user_team": "TC0C1HURK",
        "source_team": "TC0C1HURK",
        "user_profile": {
            "avatar_hash": "g3f3bd6705da",
            "image_72": "https:\/\/secure.gravatar.com\/avatar\/d3f3bd6705da3e80e9f3a4204dcd4d9a.jpg?s=72&d=https%3A%2F%2Fa.slack-edge.com%2Fdf10d%2Fimg%2Favatars%2Fava_0025-72.png",
            "first_name": "",
            "real_name": "Ferenc Mohos",
            "display_name": "Ferenc Mohos",
            "team": "TC0C1HURK",
            "name": "ferenc.mohos",
            "is_restricted": false,
            "is_ultra_restricted": false
        },
        "thread_ts": "1560947879.135600",
        "reply_count": 3,
        "reply_users_count": 2,
        "latest_reply": "1561102320.153000",
        "reply_users": [
            "UC19HAUAK",
            "UJXANJSSF"
        ],
        "replies": [
            {
                "user": "UC19HAUAK",
                "ts": "1560964248.135700"
            },
            {
                "user": "UJXANJSSF",
                "ts": "1561029830.137500"
            },
            {
                "user": "UJXANJSSF",
                "ts": "1561102320.153000"
            }
        ],
        "subscribed": false
    },
    {
        "client_msg_id": "eb5bd852-6cf9-448e-8c83-e287a74c8b75",
        "type": "message",
        "text": "Hey <@UJXANJSSF>! Yep. Definitely. Could you please elaborate a little bit on your use case?",
        "user": "UC19HAUAK",
        "ts": "1560964248.135700",
        "team": "TC0C1HURK",
        "user_team": "TC0C1HURK",
        "source_team": "TC0C1HURK",
        "user_profile": {
            "avatar_hash": "066a042e018c",
            "image_72": "https:\/\/avatars.slack-edge.com\/2019-12-07\/866588520998_066a042e018ca831a195_72.png",
            "first_name": "Pavel",
            "real_name": "Pavel Tiunov",
            "display_name": "pavel",
            "team": "TC0C1HURK",
            "name": "pavel",
            "is_restricted": false,
            "is_ultra_restricted": false
        },
        "thread_ts": "1560947879.135600",
        "parent_user_id": "UJXANJSSF"
    }
]