[
    {
        "client_msg_id": "3eaebce1-27d7-44a3-902a-428db0050698",
        "type": "message",
        "text": "<@URRU0GD4J> Thanks for heads up! Fixed in 0.13.7",
        "user": "UC19HAUAK",
        "ts": "1577780720.075600",
        "team": "TC0C1HURK",
        "user_team": "TC0C1HURK",
        "source_team": "TC0C1HURK",
        "user_profile": {
            "avatar_hash": "066a042e018c",
            "image_72": "https:\/\/avatars.slack-edge.com\/2019-12-07\/866588520998_066a042e018ca831a195_72.png",
            "first_name": "Pavel",
            "real_name": "Pavel Tiunov",
            "display_name": "pavel",
            "team": "TC0C1HURK",
            "name": "pavel",
            "is_restricted": false,
            "is_ultra_restricted": false
        },
        "blocks": [
            {
                "type": "rich_text",
                "block_id": "JgtK4",
                "elements": [
                    {
                        "type": "rich_text_section",
                        "elements": [
                            {
                                "type": "user",
                                "user_id": "URRU0GD4J"
                            },
                            {
                                "type": "text",
                                "text": " Thanks for heads up! Fixed in 0.13.7"
                            }
                        ]
                    }
                ]
            }
        ],
        "thread_ts": "1577690247.071100",
        "parent_user_id": "URRU0GD4J"
    },
    {
        "type": "message",
        "subtype": "channel_join",
        "ts": "1577784817.075900",
        "user": "URT1V5350",
        "text": "<@URT1V5350> has joined the channel"
    },
    {
        "client_msg_id": "5924d594-ce76-4020-b560-582e00558e72",
        "type": "message",
        "text": "awesome, thank you so much!",
        "user": "URRU0GD4J",
        "ts": "1577786609.076500",
        "team": "TC0C1HURK",
        "user_team": "TC0C1HURK",
        "source_team": "TC0C1HURK",
        "user_profile": {
            "avatar_hash": "gf26dfec904c",
            "image_72": "https:\/\/secure.gravatar.com\/avatar\/f26dfec904ccd2110737af1c782f6f9b.jpg?s=72&d=https%3A%2F%2Fa.slack-edge.com%2Fdf10d%2Fimg%2Favatars%2Fava_0009-72.png",
            "first_name": "",
            "real_name": "Anozi Mada",
            "display_name": "Anozi Mada",
            "team": "TC0C1HURK",
            "name": "anozimada",
            "is_restricted": false,
            "is_ultra_restricted": false
        },
        "blocks": [
            {
                "type": "rich_text",
                "block_id": "4nP",
                "elements": [
                    {
                        "type": "rich_text_section",
                        "elements": [
                            {
                                "type": "text",
                                "text": "awesome, thank you so much!"
                            }
                        ]
                    }
                ]
            }
        ],
        "thread_ts": "1577690247.071100",
        "parent_user_id": "URRU0GD4J",
        "reactions": [
            {
                "name": "raised_hands",
                "users": [
                    "UC19HAUAK"
                ],
                "count": 1
            }
        ]
    }
]