[
    {
        "client_msg_id": "85cd8098-53dd-4e10-bd6e-d9242a10c01a",
        "type": "message",
        "text": "Hey <@UGDAQ2S7K>! Thanks for feedback! Could you please elaborate a little bit more on how much data you have and what are your hosting requirements? Cloud or on-premises?",
        "user": "UC19HAUAK",
        "ts": "1550831529.011300",
        "team": "TC0C1HURK",
        "user_team": "TC0C1HURK",
        "source_team": "TC0C1HURK",
        "user_profile": {
            "avatar_hash": "066a042e018c",
            "image_72": "https:\/\/avatars.slack-edge.com\/2019-12-07\/866588520998_066a042e018ca831a195_72.png",
            "first_name": "Pavel",
            "real_name": "Pavel Tiunov",
            "display_name": "pavel",
            "team": "TC0C1HURK",
            "name": "pavel",
            "is_restricted": false,
            "is_ultra_restricted": false
        },
        "thread_ts": "1550821390.011000",
        "parent_user_id": "UGDAQ2S7K"
    },
    {
        "type": "message",
        "subtype": "channel_join",
        "ts": "1550854009.012300",
        "user": "UGE7PAEAX",
        "text": "<@UGE7PAEAX> has joined the channel"
    }
]