[
    {
        "client_msg_id": "c153dd14-a800-474f-a5b0-86fc424f6297",
        "type": "message",
        "text": "Hey, I already put about this issue yesterday but no reply so i'm writing again...i'm using external rollup pre aggregation...in my .env one is hosting server for main DB and one is hosting server for external pre aggregation schema...because i want i create pre aggregation schema on different server..that is successfully done...its alraedy creating pre aggregation schema on second server of external pre aggregation...but the Problem is that its still creating pre aggregation schema on main server also...mean its create pre aggregation schema on both servers...So it would be really nice if anyone can help about that or give any guidness....Thanks",
        "user": "UM7PN9074",
        "ts": "1567667804.000600",
        "team": "TC0C1HURK",
        "user_team": "TC0C1HURK",
        "source_team": "TC0C1HURK",
        "user_profile": {
            "avatar_hash": "g11599c4f24d",
            "image_72": "https:\/\/secure.gravatar.com\/avatar\/211599c4f24d5ebb1170546549a467d9.jpg?s=72&d=https%3A%2F%2Fa.slack-edge.com%2Fdf10d%2Fimg%2Favatars%2Fava_0008-72.png",
            "first_name": "",
            "real_name": "Sajjad Ali",
            "display_name": "Sajjad Ali",
            "team": "TC0C1HURK",
            "name": "ali",
            "is_restricted": false,
            "is_ultra_restricted": false
        },
        "thread_ts": "1567667804.000600",
        "reply_count": 14,
        "reply_users_count": 3,
        "latest_reply": "1581965393.130000",
        "reply_users": [
            "UC19HAUAK",
            "UM7PN9074",
            "UU66WH5QW"
        ],
        "replies": [
            {
                "user": "UC19HAUAK",
                "ts": "1567699728.003600"
            },
            {
                "user": "UM7PN9074",
                "ts": "1567735362.004000"
            },
            {
                "user": "UC19HAUAK",
                "ts": "1567735540.004200"
            },
            {
                "user": "UM7PN9074",
                "ts": "1567737443.004400"
            },
            {
                "user": "UM7PN9074",
                "ts": "1567737540.004600"
            },
            {
                "user": "UC19HAUAK",
                "ts": "1567737665.004800"
            },
            {
                "user": "UM7PN9074",
                "ts": "1567738286.005000"
            },
            {
                "user": "UM7PN9074",
                "ts": "1567738865.005300"
            },
            {
                "user": "UC19HAUAK",
                "ts": "1567741989.005900"
            },
            {
                "user": "UM7PN9074",
                "ts": "1567756119.006600"
            },
            {
                "user": "UU66WH5QW",
                "ts": "1581964060.125700"
            },
            {
                "user": "UC19HAUAK",
                "ts": "1581964117.126000"
            },
            {
                "user": "UC19HAUAK",
                "ts": "1581964186.126800"
            },
            {
                "user": "UU66WH5QW",
                "ts": "1581965393.130000"
            }
        ],
        "subscribed": false
    },
    {
        "type": "message",
        "subtype": "channel_join",
        "ts": "1567672121.000800",
        "user": "UN3D16N79",
        "text": "<@UN3D16N79> has joined the channel"
    },
    {
        "client_msg_id": "5b9ca1a8-c7c4-42b7-9c06-9f400a24ad8a",
        "type": "message",
        "text": "Hi, quick question. I'm deploying cube.js with k8s.\nIs there a health url for checking if the service is up? something like: cubejs-api\/v1\/health\nThanks",
        "user": "UN3D16N79",
        "ts": "1567672386.003200",
        "team": "TC0C1HURK",
        "user_team": "TC0C1HURK",
        "source_team": "TC0C1HURK",
        "user_profile": {
            "avatar_hash": "gd41520b9e9a",
            "image_72": "https:\/\/secure.gravatar.com\/avatar\/ed41520b9e9a440991210c655aee4a69.jpg?s=72&d=https%3A%2F%2Fa.slack-edge.com%2Fdf10d%2Fimg%2Favatars%2Fava_0014-72.png",
            "first_name": "",
            "real_name": "Yohay Golan",
            "display_name": "Yohay Golan",
            "team": "TC0C1HURK",
            "name": "yohayg",
            "is_restricted": false,
            "is_ultra_restricted": false
        },
        "thread_ts": "1567672386.003200",
        "reply_count": 1,
        "reply_users_count": 1,
        "latest_reply": "1567699930.003800",
        "reply_users": [
            "UC19HAUAK"
        ],
        "replies": [
            {
                "user": "UC19HAUAK",
                "ts": "1567699930.003800"
            }
        ],
        "subscribed": false
    },
    {
        "client_msg_id": "f631d479-3d41-4159-8c46-bbdfaedbd337",
        "type": "message",
        "text": "<@UMEBJ3NV6> Interesting error. Let me check.",
        "user": "UC19HAUAK",
        "ts": "1567699605.003400",
        "team": "TC0C1HURK",
        "user_team": "TC0C1HURK",
        "source_team": "TC0C1HURK",
        "user_profile": {
            "avatar_hash": "066a042e018c",
            "image_72": "https:\/\/avatars.slack-edge.com\/2019-12-07\/866588520998_066a042e018ca831a195_72.png",
            "first_name": "Pavel",
            "real_name": "Pavel Tiunov",
            "display_name": "pavel",
            "team": "TC0C1HURK",
            "name": "pavel",
            "is_restricted": false,
            "is_ultra_restricted": false
        },
        "thread_ts": "1567663495.000400",
        "parent_user_id": "UMEBJ3NV6"
    },
    {
        "client_msg_id": "7c7daa3f-d0dd-451f-8294-51abaab6e92b",
        "type": "message",
        "text": "Hey <@UM7PN9074>! It's how external rollup works. Currently creation of pre-aggregation in the main database is required as well. We're working on ad-hoc rollup downloading option.",
        "user": "UC19HAUAK",
        "ts": "1567699728.003600",
        "team": "TC0C1HURK",
        "user_team": "TC0C1HURK",
        "source_team": "TC0C1HURK",
        "user_profile": {
            "avatar_hash": "066a042e018c",
            "image_72": "https:\/\/avatars.slack-edge.com\/2019-12-07\/866588520998_066a042e018ca831a195_72.png",
            "first_name": "Pavel",
            "real_name": "Pavel Tiunov",
            "display_name": "pavel",
            "team": "TC0C1HURK",
            "name": "pavel",
            "is_restricted": false,
            "is_ultra_restricted": false
        },
        "thread_ts": "1567667804.000600",
        "parent_user_id": "UM7PN9074"
    },
    {
        "client_msg_id": "490c93cc-b69e-4edb-87d8-c9fad847b449",
        "type": "message",
        "text": "Hey <@UN3D16N79>! Great question! Currently not. Probably makes sense to add a GitHub issue for it. From our experience the weakest point is connection made by DB driver and it can hang up even if node process itself is healthy. For this scenario some real test query is used to make health checks.",
        "user": "UC19HAUAK",
        "ts": "1567699930.003800",
        "team": "TC0C1HURK",
        "user_team": "TC0C1HURK",
        "source_team": "TC0C1HURK",
        "user_profile": {
            "avatar_hash": "066a042e018c",
            "image_72": "https:\/\/avatars.slack-edge.com\/2019-12-07\/866588520998_066a042e018ca831a195_72.png",
            "first_name": "Pavel",
            "real_name": "Pavel Tiunov",
            "display_name": "pavel",
            "team": "TC0C1HURK",
            "name": "pavel",
            "is_restricted": false,
            "is_ultra_restricted": false
        },
        "thread_ts": "1567672386.003200",
        "parent_user_id": "UN3D16N79"
    },
    {
        "client_msg_id": "120f3f87-22aa-436e-8e76-90828635313b",
        "type": "message",
        "text": "<@UC19HAUAK> thanks",
        "user": "UM7PN9074",
        "ts": "1567735362.004000",
        "team": "TC0C1HURK",
        "user_team": "TC0C1HURK",
        "source_team": "TC0C1HURK",
        "user_profile": {
            "avatar_hash": "g11599c4f24d",
            "image_72": "https:\/\/secure.gravatar.com\/avatar\/211599c4f24d5ebb1170546549a467d9.jpg?s=72&d=https%3A%2F%2Fa.slack-edge.com%2Fdf10d%2Fimg%2Favatars%2Fava_0008-72.png",
            "first_name": "",
            "real_name": "Sajjad Ali",
            "display_name": "Sajjad Ali",
            "team": "TC0C1HURK",
            "name": "ali",
            "is_restricted": false,
            "is_ultra_restricted": false
        },
        "thread_ts": "1567667804.000600",
        "parent_user_id": "UM7PN9074"
    },
    {
        "client_msg_id": "ad39dcae-9bc7-46e8-b3a0-cd7d8a10f1c2",
        "type": "message",
        "text": "<@UM7PN9074> Do you have any specific restrictions on having pre-aggregation tables in main DB?",
        "user": "UC19HAUAK",
        "ts": "1567735540.004200",
        "team": "TC0C1HURK",
        "user_team": "TC0C1HURK",
        "source_team": "TC0C1HURK",
        "user_profile": {
            "avatar_hash": "066a042e018c",
            "image_72": "https:\/\/avatars.slack-edge.com\/2019-12-07\/866588520998_066a042e018ca831a195_72.png",
            "first_name": "Pavel",
            "real_name": "Pavel Tiunov",
            "display_name": "pavel",
            "team": "TC0C1HURK",
            "name": "pavel",
            "is_restricted": false,
            "is_ultra_restricted": false
        },
        "thread_ts": "1567667804.000600",
        "parent_user_id": "UM7PN9074"
    },
    {
        "client_msg_id": "72772f14-775b-4cd5-a3a2-64d3eb2ffee1",
        "type": "message",
        "text": "Yes...I don't want when perform query any activity log on main server...just when create pre aggregation it will access main DB or when perform refresh on backend...Other time its getting data from pre aggregation schema from local server",
        "user": "UM7PN9074",
        "ts": "1567737443.004400",
        "team": "TC0C1HURK",
        "user_team": "TC0C1HURK",
        "source_team": "TC0C1HURK",
        "user_profile": {
            "avatar_hash": "g11599c4f24d",
            "image_72": "https:\/\/secure.gravatar.com\/avatar\/211599c4f24d5ebb1170546549a467d9.jpg?s=72&d=https%3A%2F%2Fa.slack-edge.com%2Fdf10d%2Fimg%2Favatars%2Fava_0008-72.png",
            "first_name": "",
            "real_name": "Sajjad Ali",
            "display_name": "Sajjad Ali",
            "team": "TC0C1HURK",
            "name": "ali",
            "is_restricted": false,
            "is_ultra_restricted": false
        },
        "thread_ts": "1567667804.000600",
        "parent_user_id": "UM7PN9074"
    },
    {
        "client_msg_id": "1c205980-19ef-4007-a58d-6fbd28337133",
        "type": "message",
        "text": "One more question when define segment inside schema...then that member of schema...like status,plan_type these also need to define in dimensionReferences: or no need",
        "user": "UM7PN9074",
        "ts": "1567737540.004600",
        "team": "TC0C1HURK",
        "user_team": "TC0C1HURK",
        "source_team": "TC0C1HURK",
        "user_profile": {
            "avatar_hash": "g11599c4f24d",
            "image_72": "https:\/\/secure.gravatar.com\/avatar\/211599c4f24d5ebb1170546549a467d9.jpg?s=72&d=https%3A%2F%2Fa.slack-edge.com%2Fdf10d%2Fimg%2Favatars%2Fava_0008-72.png",
            "first_name": "",
            "real_name": "Sajjad Ali",
            "display_name": "Sajjad Ali",
            "team": "TC0C1HURK",
            "name": "ali",
            "is_restricted": false,
            "is_ultra_restricted": false
        },
        "thread_ts": "1567667804.000600",
        "parent_user_id": "UM7PN9074"
    },
    {
        "client_msg_id": "58bf45f7-7ae3-41c3-b431-27842284a366",
        "type": "message",
        "text": "<@UM7PN9074> If you want to pre-aggregate segment you should reference it in `segmentReferences`",
        "user": "UC19HAUAK",
        "ts": "1567737665.004800",
        "team": "TC0C1HURK",
        "user_team": "TC0C1HURK",
        "source_team": "TC0C1HURK",
        "user_profile": {
            "avatar_hash": "066a042e018c",
            "image_72": "https:\/\/avatars.slack-edge.com\/2019-12-07\/866588520998_066a042e018ca831a195_72.png",
            "first_name": "Pavel",
            "real_name": "Pavel Tiunov",
            "display_name": "pavel",
            "team": "TC0C1HURK",
            "name": "pavel",
            "is_restricted": false,
            "is_ultra_restricted": false
        },
        "thread_ts": "1567667804.000600",
        "parent_user_id": "UM7PN9074"
    },
    {
        "client_msg_id": "51432dd0-f943-40e0-a4ab-43519a1c6584",
        "type": "message",
        "text": "ohhh yes...thanks man you awesome...you don't know how much you help me...thanks alot",
        "user": "UM7PN9074",
        "ts": "1567738286.005000",
        "team": "TC0C1HURK",
        "user_team": "TC0C1HURK",
        "source_team": "TC0C1HURK",
        "user_profile": {
            "avatar_hash": "g11599c4f24d",
            "image_72": "https:\/\/secure.gravatar.com\/avatar\/211599c4f24d5ebb1170546549a467d9.jpg?s=72&d=https%3A%2F%2Fa.slack-edge.com%2Fdf10d%2Fimg%2Favatars%2Fava_0008-72.png",
            "first_name": "",
            "real_name": "Sajjad Ali",
            "display_name": "Sajjad Ali",
            "team": "TC0C1HURK",
            "name": "ali",
            "is_restricted": false,
            "is_ultra_restricted": false
        },
        "thread_ts": "1567667804.000600",
        "parent_user_id": "UM7PN9074",
        "reactions": [
            {
                "name": "raised_hands",
                "users": [
                    "UC19HAUAK"
                ],
                "count": 1
            }
        ]
    },
    {
        "client_msg_id": "6069fc8c-76c7-4168-b141-fc9d9da7db31",
        "type": "message",
        "text": "CUBEJS can interact with any web application like CMS..to show visualizations to clients...or something like connect api...i hope you understand what i try to ask",
        "user": "UM7PN9074",
        "ts": "1567738865.005300",
        "team": "TC0C1HURK",
        "user_team": "TC0C1HURK",
        "source_team": "TC0C1HURK",
        "user_profile": {
            "avatar_hash": "g11599c4f24d",
            "image_72": "https:\/\/secure.gravatar.com\/avatar\/211599c4f24d5ebb1170546549a467d9.jpg?s=72&d=https%3A%2F%2Fa.slack-edge.com%2Fdf10d%2Fimg%2Favatars%2Fava_0008-72.png",
            "first_name": "",
            "real_name": "Sajjad Ali",
            "display_name": "Sajjad Ali",
            "team": "TC0C1HURK",
            "name": "ali",
            "is_restricted": false,
            "is_ultra_restricted": false
        },
        "thread_ts": "1567667804.000600",
        "parent_user_id": "UM7PN9074"
    },
    {
        "client_msg_id": "453c920c-010e-4098-9ba9-73993a1ff7e8",
        "type": "message",
        "text": "ok. Thanks.",
        "user": "UMEBJ3NV6",
        "ts": "1567740678.005500",
        "team": "TC0C1HURK",
        "user_team": "TC0C1HURK",
        "source_team": "TC0C1HURK",
        "user_profile": {
            "avatar_hash": "g720873e9d68",
            "image_72": "https:\/\/secure.gravatar.com\/avatar\/a720873e9d683968a424422bfbdfce78.jpg?s=72&d=https%3A%2F%2Fa.slack-edge.com%2Fdf10d%2Fimg%2Favatars%2Fava_0009-72.png",
            "first_name": "",
            "real_name": "Bhavin Shah",
            "display_name": "Bhavin Shah",
            "team": "TC0C1HURK",
            "name": "bhavin.ahmedabad",
            "is_restricted": false,
            "is_ultra_restricted": false
        },
        "thread_ts": "1567663495.000400",
        "parent_user_id": "UMEBJ3NV6"
    },
    {
        "client_msg_id": "62436ab9-2e2f-4c54-8bc8-daf85385683e",
        "type": "message",
        "text": "This is lambda. I am using serverless to deploy.",
        "user": "UMEBJ3NV6",
        "ts": "1567740696.005700",
        "team": "TC0C1HURK",
        "user_team": "TC0C1HURK",
        "source_team": "TC0C1HURK",
        "user_profile": {
            "avatar_hash": "g720873e9d68",
            "image_72": "https:\/\/secure.gravatar.com\/avatar\/a720873e9d683968a424422bfbdfce78.jpg?s=72&d=https%3A%2F%2Fa.slack-edge.com%2Fdf10d%2Fimg%2Favatars%2Fava_0009-72.png",
            "first_name": "",
            "real_name": "Bhavin Shah",
            "display_name": "Bhavin Shah",
            "team": "TC0C1HURK",
            "name": "bhavin.ahmedabad",
            "is_restricted": false,
            "is_ultra_restricted": false
        },
        "thread_ts": "1567663495.000400",
        "parent_user_id": "UMEBJ3NV6"
    },
    {
        "client_msg_id": "5938f82d-8f3a-47b3-8daa-86ac11e952b6",
        "type": "message",
        "text": "<@UM7PN9074> Yes if Cube.js can be connected to this CMS database.",
        "user": "UC19HAUAK",
        "ts": "1567741989.005900",
        "team": "TC0C1HURK",
        "user_team": "TC0C1HURK",
        "source_team": "TC0C1HURK",
        "user_profile": {
            "avatar_hash": "066a042e018c",
            "image_72": "https:\/\/avatars.slack-edge.com\/2019-12-07\/866588520998_066a042e018ca831a195_72.png",
            "first_name": "Pavel",
            "real_name": "Pavel Tiunov",
            "display_name": "pavel",
            "team": "TC0C1HURK",
            "name": "pavel",
            "is_restricted": false,
            "is_ultra_restricted": false
        },
        "thread_ts": "1567667804.000600",
        "parent_user_id": "UM7PN9074",
        "reactions": [
            {
                "name": "+1",
                "users": [
                    "UM7PN9074"
                ],
                "count": 1
            }
        ]
    },
    {
        "type": "message",
        "subtype": "channel_join",
        "ts": "1567749114.006300",
        "user": "UN2DC1W9J",
        "text": "<@UN2DC1W9J> has joined the channel"
    },
    {
        "type": "message",
        "subtype": "channel_join",
        "ts": "1567749829.006500",
        "user": "UN54558DC",
        "text": "<@UN54558DC> has joined the channel"
    }
]