[
    {
        "client_msg_id": "5c10355a-7c8c-469a-a4a5-182886995de6",
        "type": "message",
        "text": "Hey guys :wave: currently looking into cube.js for custom dashboards. I'm trying to connect cube to a existing exasol database. Following the excellent documentation I started to add exasols jdbc driver to the JDBCDriver.js implementation. I'm kinda stuck at the building process atm is there any other file I need to modify in order to be able to reference the new exasol driver from the cli tool?",
        "user": "UKTCNMLSE",
        "ts": "1562662484.235700",
        "team": "TC0C1HURK",
        "user_team": "TC0C1HURK",
        "source_team": "TC0C1HURK",
        "user_profile": {
            "avatar_hash": "g189f629d562",
            "image_72": "https:\/\/secure.gravatar.com\/avatar\/1189f629d5626280d48567786fd2120a.jpg?s=72&d=https%3A%2F%2Fa.slack-edge.com%2Fdf10d%2Fimg%2Favatars%2Fava_0012-72.png",
            "first_name": "",
            "real_name": "Robin Finkbeiner devoteam",
            "display_name": "Robin Finkbeiner devoteam",
            "team": "TC0C1HURK",
            "name": "robin.finkbeiner",
            "is_restricted": false,
            "is_ultra_restricted": false
        },
        "thread_ts": "1562662484.235700",
        "reply_count": 1,
        "reply_users_count": 1,
        "latest_reply": "1562685420.239500",
        "reply_users": [
            "UC19HAUAK"
        ],
        "replies": [
            {
                "user": "UC19HAUAK",
                "ts": "1562685420.239500"
            }
        ],
        "subscribed": false
    },
    {
        "type": "message",
        "subtype": "channel_join",
        "ts": "1562664529.235900",
        "user": "UL28231ED",
        "text": "<@UL28231ED> has joined the channel"
    },
    {
        "type": "message",
        "subtype": "channel_join",
        "ts": "1562675661.236100",
        "user": "UKXB016SW",
        "text": "<@UKXB016SW> has joined the channel"
    },
    {
        "client_msg_id": "cd04e189-f50a-49e2-a775-106c2a0e9c88",
        "type": "message",
        "text": "hello -- trying to do some date math in a cube file. any docs or examples laying around?",
        "user": "UKXB016SW",
        "ts": "1562675749.236700",
        "team": "TC0C1HURK",
        "user_team": "TC0C1HURK",
        "source_team": "TC0C1HURK",
        "user_profile": {
            "avatar_hash": "gd217d7fe27a",
            "image_72": "https:\/\/secure.gravatar.com\/avatar\/dd217d7fe27ab332ec6a8d638bfd2a3a.jpg?s=72&d=https%3A%2F%2Fa.slack-edge.com%2Fdf10d%2Fimg%2Favatars%2Fava_0009-72.png",
            "first_name": "",
            "real_name": "Tanner",
            "display_name": "Tanner",
            "team": "TC0C1HURK",
            "name": "tanner",
            "is_restricted": false,
            "is_ultra_restricted": false
        }
    },
    {
        "type": "message",
        "text": "",
        "files": [
            {
                "id": "FKXB2043U",
                "created": 1562675779,
                "timestamp": 1562675779,
                "name": "Untitled.js",
                "title": "Untitled",
                "mimetype": "text\/plain",
                "filetype": "javascript",
                "pretty_type": "JavaScript\/JSON",
                "user": "UKXB016SW",
                "editable": true,
                "size": 594,
                "mode": "snippet",
                "is_external": false,
                "external_type": "",
                "is_public": true,
                "public_url_shared": false,
                "display_as_bot": false,
                "username": "",
                "url_private": "https:\/\/files.slack.com\/files-pri\/TC0C1HURK-FKXB2043U\/Untitled.js?t=xoxe-408409606869-1300049925941-1294691254950-5e5ba619551397a2daf3223fc6c48b4a",
                "url_private_download": "https:\/\/files.slack.com\/files-pri\/TC0C1HURK-FKXB2043U\/download\/Untitled.js?t=xoxe-408409606869-1300049925941-1294691254950-5e5ba619551397a2daf3223fc6c48b4a",
                "permalink": "https:\/\/cube-js.slack.com\/files\/UKXB016SW\/FKXB2043U\/Untitled.js",
                "permalink_public": "https:\/\/slack-files.com\/TC0C1HURK-FKXB2043U-1437b076bf",
                "edit_link": "https:\/\/cube-js.slack.com\/files\/UKXB016SW\/FKXB2043U\/Untitled.js\/edit",
                "is_starred": false,
                "has_rich_preview": false
            }
        ],
        "upload": true,
        "user": "UKXB016SW",
        "display_as_bot": false,
        "ts": "1562675779.236800"
    },
    {
        "client_msg_id": "2e008100-92b0-463f-b062-2dedc25f4a07",
        "type": "message",
        "text": "```\nError querying db: {\"query\":\"SELECT date_trunc('day', (\\\"bookings\\\".created_at::timestamptz AT TIME ZONE 'UTC')) \\\"bookings.created_at_date\\\", avg(\\\"bookings\\\".NaN) \\\"bookings.average_length\\\" FROM public.bookings AS \\\"bookings\\\" GROUP BY 1 ORDER BY 1 ASC LIMIT 10000\",\"params\":[]}\nError: column bookings.nan does not exist\n```",
        "user": "UKXB016SW",
        "ts": "1562675963.237300",
        "team": "TC0C1HURK",
        "user_team": "TC0C1HURK",
        "source_team": "TC0C1HURK",
        "user_profile": {
            "avatar_hash": "gd217d7fe27a",
            "image_72": "https:\/\/secure.gravatar.com\/avatar\/dd217d7fe27ab332ec6a8d638bfd2a3a.jpg?s=72&d=https%3A%2F%2Fa.slack-edge.com%2Fdf10d%2Fimg%2Favatars%2Fava_0009-72.png",
            "first_name": "",
            "real_name": "Tanner",
            "display_name": "Tanner",
            "team": "TC0C1HURK",
            "name": "tanner",
            "is_restricted": false,
            "is_ultra_restricted": false
        }
    },
    {
        "client_msg_id": "6ee9403a-e101-410f-93e0-62a105cb5058",
        "type": "message",
        "text": "Just realized my mistake:\n```\nlength: {\n      type: `number`,\n      sql: `${endTime - startTime}` &lt;----- should be ---&gt; . sql: `${endTime} - ${startTime}`\n```",
        "user": "UKXB016SW",
        "ts": "1562676101.237900",
        "team": "TC0C1HURK",
        "user_team": "TC0C1HURK",
        "source_team": "TC0C1HURK",
        "user_profile": {
            "avatar_hash": "gd217d7fe27a",
            "image_72": "https:\/\/secure.gravatar.com\/avatar\/dd217d7fe27ab332ec6a8d638bfd2a3a.jpg?s=72&d=https%3A%2F%2Fa.slack-edge.com%2Fdf10d%2Fimg%2Favatars%2Fava_0009-72.png",
            "first_name": "",
            "real_name": "Tanner",
            "display_name": "Tanner",
            "team": "TC0C1HURK",
            "name": "tanner",
            "is_restricted": false,
            "is_ultra_restricted": false
        },
        "thread_ts": "1562676101.237900",
        "reply_count": 7,
        "reply_users_count": 2,
        "latest_reply": "1562695925.241000",
        "reply_users": [
            "UC19HAUAK",
            "UKXB016SW"
        ],
        "replies": [
            {
                "user": "UC19HAUAK",
                "ts": "1562685379.238800"
            },
            {
                "user": "UKXB016SW",
                "ts": "1562694249.239700"
            },
            {
                "user": "UKXB016SW",
                "ts": "1562695797.239900"
            },
            {
                "user": "UKXB016SW",
                "ts": "1562695799.240100"
            },
            {
                "user": "UKXB016SW",
                "ts": "1562695827.240300"
            },
            {
                "user": "UKXB016SW",
                "ts": "1562695890.240600"
            },
            {
                "user": "UKXB016SW",
                "ts": "1562695925.241000"
            }
        ],
        "subscribed": false
    },
    {
        "type": "message",
        "subtype": "channel_join",
        "ts": "1562678838.238100",
        "user": "UL2EQBWD7",
        "text": "<@UL2EQBWD7> has joined the channel"
    },
    {
        "client_msg_id": "94F4BD39-63AF-48FC-981B-9DED66AC12D1",
        "type": "message",
        "text": "Hey <@UKXB016SW> ! Yep. Right. Is it resolved?",
        "user": "UC19HAUAK",
        "ts": "1562685379.238800",
        "team": "TC0C1HURK",
        "user_team": "TC0C1HURK",
        "source_team": "TC0C1HURK",
        "user_profile": {
            "avatar_hash": "066a042e018c",
            "image_72": "https:\/\/avatars.slack-edge.com\/2019-12-07\/866588520998_066a042e018ca831a195_72.png",
            "first_name": "Pavel",
            "real_name": "Pavel Tiunov",
            "display_name": "pavel",
            "team": "TC0C1HURK",
            "name": "pavel",
            "is_restricted": false,
            "is_ultra_restricted": false
        },
        "thread_ts": "1562676101.237900",
        "parent_user_id": "UKXB016SW"
    },
    {
        "client_msg_id": "024A020B-1FEC-4AE9-B4C9-1C4ABFB07D17",
        "type": "message",
        "text": "Hey <@UKTCNMLSE> ! Do you see any errors?",
        "user": "UC19HAUAK",
        "ts": "1562685420.239500",
        "team": "TC0C1HURK",
        "user_team": "TC0C1HURK",
        "source_team": "TC0C1HURK",
        "user_profile": {
            "avatar_hash": "066a042e018c",
            "image_72": "https:\/\/avatars.slack-edge.com\/2019-12-07\/866588520998_066a042e018ca831a195_72.png",
            "first_name": "Pavel",
            "real_name": "Pavel Tiunov",
            "display_name": "pavel",
            "team": "TC0C1HURK",
            "name": "pavel",
            "is_restricted": false,
            "is_ultra_restricted": false
        },
        "thread_ts": "1562662484.235700",
        "parent_user_id": "UKTCNMLSE"
    },
    {
        "client_msg_id": "9efd2df2-5fce-46c8-98a0-98a6800e9a33",
        "type": "message",
        "text": "Yes on that, but ran into another issue....",
        "user": "UKXB016SW",
        "ts": "1562694249.239700",
        "team": "TC0C1HURK",
        "user_team": "TC0C1HURK",
        "source_team": "TC0C1HURK",
        "user_profile": {
            "avatar_hash": "gd217d7fe27a",
            "image_72": "https:\/\/secure.gravatar.com\/avatar\/dd217d7fe27ab332ec6a8d638bfd2a3a.jpg?s=72&d=https%3A%2F%2Fa.slack-edge.com%2Fdf10d%2Fimg%2Favatars%2Fava_0009-72.png",
            "first_name": "",
            "real_name": "Tanner",
            "display_name": "Tanner",
            "team": "TC0C1HURK",
            "name": "tanner",
            "is_restricted": false,
            "is_ultra_restricted": false
        },
        "thread_ts": "1562676101.237900",
        "parent_user_id": "UKXB016SW"
    },
    {
        "client_msg_id": "66c65baf-80a8-43d1-bc60-4426d1dbcde8",
        "type": "message",
        "text": "Trying to do",
        "user": "UKXB016SW",
        "ts": "1562695797.239900",
        "team": "TC0C1HURK",
        "user_team": "TC0C1HURK",
        "source_team": "TC0C1HURK",
        "user_profile": {
            "avatar_hash": "gd217d7fe27a",
            "image_72": "https:\/\/secure.gravatar.com\/avatar\/dd217d7fe27ab332ec6a8d638bfd2a3a.jpg?s=72&d=https%3A%2F%2Fa.slack-edge.com%2Fdf10d%2Fimg%2Favatars%2Fava_0009-72.png",
            "first_name": "",
            "real_name": "Tanner",
            "display_name": "Tanner",
            "team": "TC0C1HURK",
            "name": "tanner",
            "is_restricted": false,
            "is_ultra_restricted": false
        },
        "thread_ts": "1562676101.237900",
        "parent_user_id": "UKXB016SW"
    },
    {
        "client_msg_id": "5b53c98a-115d-42c4-9d23-8733ef326826",
        "type": "message",
        "text": "```\nmeasures: {\n    count: {\n      type: `count`,\n      drillMembers: [\n        id,\n        name,\n        gcalEventId,\n        gcalCalendarId,\n        iosCalendarId,\n        androidCalendarId,\n        createdAt,\n        updatedAt,\n        campusId\n      ],\n      filters: [\n        { sql: `${CUBE}.is_archived = 'false' OR ${CUBE}.is_archived IS null` }\n      ]\n    },\n\n    length: {\n      type: `number`,\n      sql: `${CUBE}.end_time - ${CUBE}.start_time`\n    },\n\n    averageLength: {\n      type: `avg`,\n      sql: `${length}`\n    }\n  },\n```",
        "user": "UKXB016SW",
        "ts": "1562695799.240100",
        "team": "TC0C1HURK",
        "user_team": "TC0C1HURK",
        "source_team": "TC0C1HURK",
        "user_profile": {
            "avatar_hash": "gd217d7fe27a",
            "image_72": "https:\/\/secure.gravatar.com\/avatar\/dd217d7fe27ab332ec6a8d638bfd2a3a.jpg?s=72&d=https%3A%2F%2Fa.slack-edge.com%2Fdf10d%2Fimg%2Favatars%2Fava_0009-72.png",
            "first_name": "",
            "real_name": "Tanner",
            "display_name": "Tanner",
            "team": "TC0C1HURK",
            "name": "tanner",
            "is_restricted": false,
            "is_ultra_restricted": false
        },
        "thread_ts": "1562676101.237900",
        "parent_user_id": "UKXB016SW"
    },
    {
        "client_msg_id": "805351b2-d61d-4417-84bc-cc58e82f7045",
        "type": "message",
        "text": "but getting a NaN output for number result when I use the average length measure. Any thoughts?",
        "user": "UKXB016SW",
        "ts": "1562695827.240300",
        "team": "TC0C1HURK",
        "user_team": "TC0C1HURK",
        "source_team": "TC0C1HURK",
        "user_profile": {
            "avatar_hash": "gd217d7fe27a",
            "image_72": "https:\/\/secure.gravatar.com\/avatar\/dd217d7fe27ab332ec6a8d638bfd2a3a.jpg?s=72&d=https%3A%2F%2Fa.slack-edge.com%2Fdf10d%2Fimg%2Favatars%2Fava_0009-72.png",
            "first_name": "",
            "real_name": "Tanner",
            "display_name": "Tanner",
            "team": "TC0C1HURK",
            "name": "tanner",
            "is_restricted": false,
            "is_ultra_restricted": false
        },
        "edited": {
            "user": "UKXB016SW",
            "ts": "1562695840.000000"
        },
        "thread_ts": "1562676101.237900",
        "parent_user_id": "UKXB016SW"
    },
    {
        "type": "message",
        "text": "",
        "files": [
            {
                "id": "FLBBC6Y78",
                "created": 1562695886,
                "timestamp": 1562695886,
                "name": "Screen Shot 2019-07-09 at 2.10.50 PM.png",
                "title": "Screen Shot 2019-07-09 at 2.10.50 PM.png",
                "mimetype": "image\/png",
                "filetype": "png",
                "pretty_type": "PNG",
                "user": "UKXB016SW",
                "editable": false,
                "size": 66679,
                "mode": "hosted",
                "is_external": false,
                "external_type": "",
                "is_public": true,
                "public_url_shared": false,
                "display_as_bot": false,
                "username": "",
                "url_private": "https:\/\/files.slack.com\/files-pri\/TC0C1HURK-FLBBC6Y78\/screen_shot_2019-07-09_at_2.10.50_pm.png?t=xoxe-408409606869-1300049925941-1294691254950-5e5ba619551397a2daf3223fc6c48b4a",
                "url_private_download": "https:\/\/files.slack.com\/files-pri\/TC0C1HURK-FLBBC6Y78\/download\/screen_shot_2019-07-09_at_2.10.50_pm.png?t=xoxe-408409606869-1300049925941-1294691254950-5e5ba619551397a2daf3223fc6c48b4a",
                "thumb_64": "https:\/\/files.slack.com\/files-tmb\/TC0C1HURK-FLBBC6Y78-bc7ea941bb\/screen_shot_2019-07-09_at_2.10.50_pm_64.png?t=xoxe-408409606869-1300049925941-1294691254950-5e5ba619551397a2daf3223fc6c48b4a",
                "thumb_80": "https:\/\/files.slack.com\/files-tmb\/TC0C1HURK-FLBBC6Y78-bc7ea941bb\/screen_shot_2019-07-09_at_2.10.50_pm_80.png?t=xoxe-408409606869-1300049925941-1294691254950-5e5ba619551397a2daf3223fc6c48b4a",
                "thumb_360": "https:\/\/files.slack.com\/files-tmb\/TC0C1HURK-FLBBC6Y78-bc7ea941bb\/screen_shot_2019-07-09_at_2.10.50_pm_360.png?t=xoxe-408409606869-1300049925941-1294691254950-5e5ba619551397a2daf3223fc6c48b4a",
                "thumb_360_w": 360,
                "thumb_360_h": 233,
                "thumb_480": "https:\/\/files.slack.com\/files-tmb\/TC0C1HURK-FLBBC6Y78-bc7ea941bb\/screen_shot_2019-07-09_at_2.10.50_pm_480.png?t=xoxe-408409606869-1300049925941-1294691254950-5e5ba619551397a2daf3223fc6c48b4a",
                "thumb_480_w": 480,
                "thumb_480_h": 311,
                "thumb_160": "https:\/\/files.slack.com\/files-tmb\/TC0C1HURK-FLBBC6Y78-bc7ea941bb\/screen_shot_2019-07-09_at_2.10.50_pm_160.png?t=xoxe-408409606869-1300049925941-1294691254950-5e5ba619551397a2daf3223fc6c48b4a",
                "thumb_720": "https:\/\/files.slack.com\/files-tmb\/TC0C1HURK-FLBBC6Y78-bc7ea941bb\/screen_shot_2019-07-09_at_2.10.50_pm_720.png?t=xoxe-408409606869-1300049925941-1294691254950-5e5ba619551397a2daf3223fc6c48b4a",
                "thumb_720_w": 720,
                "thumb_720_h": 466,
                "thumb_800": "https:\/\/files.slack.com\/files-tmb\/TC0C1HURK-FLBBC6Y78-bc7ea941bb\/screen_shot_2019-07-09_at_2.10.50_pm_800.png?t=xoxe-408409606869-1300049925941-1294691254950-5e5ba619551397a2daf3223fc6c48b4a",
                "thumb_800_w": 800,
                "thumb_800_h": 518,
                "thumb_960": "https:\/\/files.slack.com\/files-tmb\/TC0C1HURK-FLBBC6Y78-bc7ea941bb\/screen_shot_2019-07-09_at_2.10.50_pm_960.png?t=xoxe-408409606869-1300049925941-1294691254950-5e5ba619551397a2daf3223fc6c48b4a",
                "thumb_960_w": 960,
                "thumb_960_h": 622,
                "thumb_1024": "https:\/\/files.slack.com\/files-tmb\/TC0C1HURK-FLBBC6Y78-bc7ea941bb\/screen_shot_2019-07-09_at_2.10.50_pm_1024.png?t=xoxe-408409606869-1300049925941-1294691254950-5e5ba619551397a2daf3223fc6c48b4a",
                "thumb_1024_w": 1024,
                "thumb_1024_h": 663,
                "image_exif_rotation": 1,
                "original_w": 1499,
                "original_h": 971,
                "permalink": "https:\/\/cube-js.slack.com\/files\/UKXB016SW\/FLBBC6Y78\/screen_shot_2019-07-09_at_2.10.50_pm.png",
                "permalink_public": "https:\/\/slack-files.com\/TC0C1HURK-FLBBC6Y78-75e13adab1",
                "is_starred": false,
                "has_rich_preview": false
            }
        ],
        "upload": true,
        "user": "UKXB016SW",
        "display_as_bot": false,
        "ts": "1562695890.240600",
        "client_msg_id": "aabd6fb4-9c4f-408e-9a6e-f523fdbbbf84",
        "thread_ts": "1562676101.237900",
        "parent_user_id": "UKXB016SW"
    },
    {
        "client_msg_id": "e9e4dc0b-1905-4fc5-abb1-699ba409402c",
        "type": "message",
        "text": "Thanks in advance!",
        "user": "UKXB016SW",
        "ts": "1562695925.241000",
        "team": "TC0C1HURK",
        "user_team": "TC0C1HURK",
        "source_team": "TC0C1HURK",
        "user_profile": {
            "avatar_hash": "gd217d7fe27a",
            "image_72": "https:\/\/secure.gravatar.com\/avatar\/dd217d7fe27ab332ec6a8d638bfd2a3a.jpg?s=72&d=https%3A%2F%2Fa.slack-edge.com%2Fdf10d%2Fimg%2Favatars%2Fava_0009-72.png",
            "first_name": "",
            "real_name": "Tanner",
            "display_name": "Tanner",
            "team": "TC0C1HURK",
            "name": "tanner",
            "is_restricted": false,
            "is_ultra_restricted": false
        },
        "thread_ts": "1562676101.237900",
        "parent_user_id": "UKXB016SW"
    },
    {
        "client_msg_id": "c565f95b-1e08-43e2-859a-318455b877ae",
        "type": "message",
        "text": "Hey <@UC19HAUAK>, I had an idea last night about how we could do pagination more generally. What if we partitioned the rows in redis into discrete chunks that we could page on",
        "user": "UK1F7RL11",
        "ts": "1562697588.242200",
        "team": "TC0C1HURK",
        "user_team": "TC0C1HURK",
        "source_team": "TC0C1HURK",
        "user_profile": {
            "avatar_hash": "g8d6826e3477",
            "image_72": "https:\/\/secure.gravatar.com\/avatar\/b8d6826e347757b4a132f3a651b91ded.jpg?s=72&d=https%3A%2F%2Fa.slack-edge.com%2Fdf10d%2Fimg%2Favatars%2Fava_0014-72.png",
            "first_name": "",
            "real_name": "Ethan Mahintorabi",
            "display_name": "Ethan Mahintorabi",
            "team": "TC0C1HURK",
            "name": "emahintorabi",
            "is_restricted": false,
            "is_ultra_restricted": false
        },
        "thread_ts": "1562697588.242200",
        "reply_count": 4,
        "reply_users_count": 2,
        "latest_reply": "1562698486.245600",
        "reply_users": [
            "UC19HAUAK",
            "UK1F7RL11"
        ],
        "replies": [
            {
                "user": "UC19HAUAK",
                "ts": "1562698024.244900"
            },
            {
                "user": "UK1F7RL11",
                "ts": "1562698148.245100"
            },
            {
                "user": "UC19HAUAK",
                "ts": "1562698475.245400"
            },
            {
                "user": "UK1F7RL11",
                "ts": "1562698486.245600"
            }
        ],
        "subscribed": false
    },
    {
        "client_msg_id": "d0d48b70-3086-4286-b2df-789e426dfa51",
        "type": "message",
        "text": "So instead of key =&gt; rows we could do key =&gt; {partition_count: 2, total_rows: 10000}, key+1 =&gt; [rows[1..5000]], key+2 =&gt; [rows[500..10000]]",
        "user": "UK1F7RL11",
        "ts": "1562697668.243300",
        "team": "TC0C1HURK",
        "user_team": "TC0C1HURK",
        "source_team": "TC0C1HURK",
        "user_profile": {
            "avatar_hash": "g8d6826e3477",
            "image_72": "https:\/\/secure.gravatar.com\/avatar\/b8d6826e347757b4a132f3a651b91ded.jpg?s=72&d=https%3A%2F%2Fa.slack-edge.com%2Fdf10d%2Fimg%2Favatars%2Fava_0014-72.png",
            "first_name": "",
            "real_name": "Ethan Mahintorabi",
            "display_name": "Ethan Mahintorabi",
            "team": "TC0C1HURK",
            "name": "emahintorabi",
            "is_restricted": false,
            "is_ultra_restricted": false
        },
        "edited": {
            "user": "UK1F7RL11",
            "ts": "1562697716.000000"
        }
    },
    {
        "client_msg_id": "116f9858-ff5d-47b0-9a61-05abd167d32b",
        "type": "message",
        "text": "That way we could support paging in the api for all drivers",
        "user": "UK1F7RL11",
        "ts": "1562697681.243700",
        "team": "TC0C1HURK",
        "user_team": "TC0C1HURK",
        "source_team": "TC0C1HURK",
        "user_profile": {
            "avatar_hash": "g8d6826e3477",
            "image_72": "https:\/\/secure.gravatar.com\/avatar\/b8d6826e347757b4a132f3a651b91ded.jpg?s=72&d=https%3A%2F%2Fa.slack-edge.com%2Fdf10d%2Fimg%2Favatars%2Fava_0014-72.png",
            "first_name": "",
            "real_name": "Ethan Mahintorabi",
            "display_name": "Ethan Mahintorabi",
            "team": "TC0C1HURK",
            "name": "emahintorabi",
            "is_restricted": false,
            "is_ultra_restricted": false
        }
    },
    {
        "client_msg_id": "d17b1c99-3c30-4a61-b9f0-82bc4f11ba5d",
        "type": "message",
        "text": "It could be a config option as well as to not break old implementations.",
        "user": "UK1F7RL11",
        "ts": "1562697758.244400",
        "team": "TC0C1HURK",
        "user_team": "TC0C1HURK",
        "source_team": "TC0C1HURK",
        "user_profile": {
            "avatar_hash": "g8d6826e3477",
            "image_72": "https:\/\/secure.gravatar.com\/avatar\/b8d6826e347757b4a132f3a651b91ded.jpg?s=72&d=https%3A%2F%2Fa.slack-edge.com%2Fdf10d%2Fimg%2Favatars%2Fava_0014-72.png",
            "first_name": "",
            "real_name": "Ethan Mahintorabi",
            "display_name": "Ethan Mahintorabi",
            "team": "TC0C1HURK",
            "name": "emahintorabi",
            "is_restricted": false,
            "is_ultra_restricted": false
        }
    },
    {
        "client_msg_id": "6662d2b1-61c6-4a26-9bd3-7b20c3eef950",
        "type": "message",
        "text": "Because SparkSQL doesn’t actually support the  OFFSET keyword",
        "user": "UK1F7RL11",
        "ts": "1562697802.244800",
        "team": "TC0C1HURK",
        "user_team": "TC0C1HURK",
        "source_team": "TC0C1HURK",
        "user_profile": {
            "avatar_hash": "g8d6826e3477",
            "image_72": "https:\/\/secure.gravatar.com\/avatar\/b8d6826e347757b4a132f3a651b91ded.jpg?s=72&d=https%3A%2F%2Fa.slack-edge.com%2Fdf10d%2Fimg%2Favatars%2Fava_0014-72.png",
            "first_name": "",
            "real_name": "Ethan Mahintorabi",
            "display_name": "Ethan Mahintorabi",
            "team": "TC0C1HURK",
            "name": "emahintorabi",
            "is_restricted": false,
            "is_ultra_restricted": false
        }
    },
    {
        "client_msg_id": "2e6c76e5-a102-4464-be00-4577c3d4b1de",
        "type": "message",
        "text": "Hey <@UK1F7RL11>! Yep. That seems right direction. We thought about this problem as well for various scenarios and ended up with external rollups: <https:\/\/cube.dev\/docs\/pre-aggregations#external-rollup>. Pagination support case is covered by external rollup as well.",
        "user": "UC19HAUAK",
        "ts": "1562698024.244900",
        "team": "TC0C1HURK",
        "user_team": "TC0C1HURK",
        "source_team": "TC0C1HURK",
        "user_profile": {
            "avatar_hash": "066a042e018c",
            "image_72": "https:\/\/avatars.slack-edge.com\/2019-12-07\/866588520998_066a042e018ca831a195_72.png",
            "first_name": "Pavel",
            "real_name": "Pavel Tiunov",
            "display_name": "pavel",
            "team": "TC0C1HURK",
            "name": "pavel",
            "is_restricted": false,
            "is_ultra_restricted": false
        },
        "thread_ts": "1562697588.242200",
        "parent_user_id": "UK1F7RL11"
    },
    {
        "client_msg_id": "77827c20-cb4f-4809-964b-4fd19c801f18",
        "type": "message",
        "text": "Is pagination already supported on Rollups or are you saying that this approach would work well in that case too?",
        "user": "UK1F7RL11",
        "ts": "1562698148.245100",
        "team": "TC0C1HURK",
        "user_team": "TC0C1HURK",
        "source_team": "TC0C1HURK",
        "user_profile": {
            "avatar_hash": "g8d6826e3477",
            "image_72": "https:\/\/secure.gravatar.com\/avatar\/b8d6826e347757b4a132f3a651b91ded.jpg?s=72&d=https%3A%2F%2Fa.slack-edge.com%2Fdf10d%2Fimg%2Favatars%2Fava_0014-72.png",
            "first_name": "",
            "real_name": "Ethan Mahintorabi",
            "display_name": "Ethan Mahintorabi",
            "team": "TC0C1HURK",
            "name": "emahintorabi",
            "is_restricted": false,
            "is_ultra_restricted": false
        },
        "edited": {
            "user": "UK1F7RL11",
            "ts": "1562698209.000000"
        },
        "thread_ts": "1562697588.242200",
        "parent_user_id": "UK1F7RL11"
    },
    {
        "client_msg_id": "ccdc09a5-d2be-4475-b6ed-4eaddc0f287f",
        "type": "message",
        "text": "<@UK1F7RL11> There's no pagination implementation in place but if we implement it just in general for queries it'll work there as well.",
        "user": "UC19HAUAK",
        "ts": "1562698475.245400",
        "team": "TC0C1HURK",
        "user_team": "TC0C1HURK",
        "source_team": "TC0C1HURK",
        "user_profile": {
            "avatar_hash": "066a042e018c",
            "image_72": "https:\/\/avatars.slack-edge.com\/2019-12-07\/866588520998_066a042e018ca831a195_72.png",
            "first_name": "Pavel",
            "real_name": "Pavel Tiunov",
            "display_name": "pavel",
            "team": "TC0C1HURK",
            "name": "pavel",
            "is_restricted": false,
            "is_ultra_restricted": false
        },
        "thread_ts": "1562697588.242200",
        "parent_user_id": "UK1F7RL11"
    },
    {
        "client_msg_id": "5f4764ff-aceb-4966-8379-89f113c7fefe",
        "type": "message",
        "text": "Okay cool!",
        "user": "UK1F7RL11",
        "ts": "1562698486.245600",
        "team": "TC0C1HURK",
        "user_team": "TC0C1HURK",
        "source_team": "TC0C1HURK",
        "user_profile": {
            "avatar_hash": "g8d6826e3477",
            "image_72": "https:\/\/secure.gravatar.com\/avatar\/b8d6826e347757b4a132f3a651b91ded.jpg?s=72&d=https%3A%2F%2Fa.slack-edge.com%2Fdf10d%2Fimg%2Favatars%2Fava_0014-72.png",
            "first_name": "",
            "real_name": "Ethan Mahintorabi",
            "display_name": "Ethan Mahintorabi",
            "team": "TC0C1HURK",
            "name": "emahintorabi",
            "is_restricted": false,
            "is_ultra_restricted": false
        },
        "thread_ts": "1562697588.242200",
        "parent_user_id": "UK1F7RL11"
    },
    {
        "type": "message",
        "subtype": "channel_join",
        "ts": "1562704090.245900",
        "user": "UL9C3UVD3",
        "text": "<@UL9C3UVD3> has joined the channel"
    },
    {
        "type": "message",
        "subtype": "channel_join",
        "ts": "1562737245.246100",
        "user": "UL9MWTJF2",
        "text": "<@UL9MWTJF2> has joined the channel"
    },
    {
        "client_msg_id": "732c7400-f5e5-4e5c-a148-c052c560b301",
        "type": "message",
        "text": "Hi guys! Is there any Oracle integration exists for cubejs?",
        "user": "UL9MWTJF2",
        "ts": "1562737532.248100",
        "team": "TC0C1HURK",
        "user_team": "TC0C1HURK",
        "source_team": "TC0C1HURK",
        "user_profile": {
            "avatar_hash": "6cc117512b5a",
            "image_72": "https:\/\/avatars.slack-edge.com\/2019-07-11\/684804674945_6cc117512b5af80ce0fd_72.png",
            "first_name": "Ilya",
            "real_name": "Ilya Trikoz",
            "display_name": "Ilya",
            "team": "TC0C1HURK",
            "name": "jleed",
            "is_restricted": false,
            "is_ultra_restricted": false
        },
        "thread_ts": "1562737532.248100",
        "reply_count": 5,
        "reply_users_count": 2,
        "latest_reply": "1562861485.268700",
        "reply_users": [
            "UC19HAUAK",
            "UL9MWTJF2"
        ],
        "replies": [
            {
                "user": "UC19HAUAK",
                "ts": "1562781629.255100"
            },
            {
                "user": "UL9MWTJF2",
                "ts": "1562817554.255700"
            },
            {
                "user": "UC19HAUAK",
                "ts": "1562818555.256000"
            },
            {
                "user": "UL9MWTJF2",
                "ts": "1562825230.258500"
            },
            {
                "user": "UC19HAUAK",
                "ts": "1562861485.268700"
            }
        ],
        "subscribed": false
    }
]