[
    {
        "client_msg_id": "e3bfec3e-a01d-41cd-b9a1-1da6d72b7e4a",
        "type": "message",
        "text": "Yes, the CubeJS Client Components",
        "user": "UL00NAZGT",
        "ts": "1563171771.287600",
        "team": "TC0C1HURK",
        "user_team": "TC0C1HURK",
        "source_team": "TC0C1HURK",
        "user_profile": {
            "avatar_hash": "gdec521b35fd",
            "image_72": "https:\/\/secure.gravatar.com\/avatar\/8dec521b35fdbd82396457c7390fbac5.jpg?s=72&d=https%3A%2F%2Fa.slack-edge.com%2Fdf10d%2Fimg%2Favatars%2Fava_0026-72.png",
            "first_name": "",
            "real_name": "Zakayo Thuku",
            "display_name": "Zakayo Thuku",
            "team": "TC0C1HURK",
            "name": "zakayothuku",
            "is_restricted": false,
            "is_ultra_restricted": false
        },
        "thread_ts": "1562845041.264400",
        "parent_user_id": "UL00NAZGT"
    },
    {
        "type": "message",
        "subtype": "channel_join",
        "ts": "1563172823.287900",
        "user": "ULG6G5KAB",
        "text": "<@ULG6G5KAB> has joined the channel"
    }
]