[
    {
        "client_msg_id": "50006b14-78dc-435f-a8a1-ea72722a0134",
        "type": "message",
        "text": "Hello Guys, i am using cube.js. i need to setup the  Multitenancy on single Host (driver: mssql) with dynamic database name i.e(dbname_101). Please provide a sample example or step by step guide to setup the things.",
        "user": "UNS4PKYAK",
        "ts": "1569839757.151900",
        "team": "TC0C1HURK",
        "user_team": "TC0C1HURK",
        "source_team": "TC0C1HURK",
        "user_profile": {
            "avatar_hash": "664213ef9cf5",
            "image_72": "https:\/\/avatars.slack-edge.com\/2019-10-17\/800974914790_664213ef9cf5f85d3637_72.jpg",
            "first_name": "chintesh",
            "real_name": "chintesh kumar",
            "display_name": "chintesh kumar",
            "team": "TC0C1HURK",
            "name": "chintesh_kumar",
            "is_restricted": false,
            "is_ultra_restricted": false
        },
        "thread_ts": "1569839757.151900",
        "reply_count": 121,
        "reply_users_count": 3,
        "latest_reply": "1571640979.083500",
        "reply_users": [
            "UC19HAUAK",
            "UNH5WL410",
            "UNS4PKYAK"
        ],
        "replies": [
            {
                "user": "UC19HAUAK",
                "ts": "1569874888.156500"
            },
            {
                "user": "UNH5WL410",
                "ts": "1569926267.167500"
            },
            {
                "user": "UC19HAUAK",
                "ts": "1569965993.172100"
            },
            {
                "user": "UNS4PKYAK",
                "ts": "1570077354.185600"
            },
            {
                "user": "UC19HAUAK",
                "ts": "1570122466.186100"
            },
            {
                "user": "UNS4PKYAK",
                "ts": "1571028586.016300"
            },
            {
                "user": "UC19HAUAK",
                "ts": "1571036449.017000"
            },
            {
                "user": "UNS4PKYAK",
                "ts": "1571036515.017200"
            },
            {
                "user": "UNS4PKYAK",
                "ts": "1571036685.017400"
            },
            {
                "user": "UNS4PKYAK",
                "ts": "1571036723.017600"
            },
            {
                "user": "UNS4PKYAK",
                "ts": "1571036850.017800"
            },
            {
                "user": "UC19HAUAK",
                "ts": "1571086962.018500"
            },
            {
                "user": "UNS4PKYAK",
                "ts": "1571118121.018700"
            },
            {
                "user": "UNS4PKYAK",
                "ts": "1571118153.018900"
            },
            {
                "user": "UNS4PKYAK",
                "ts": "1571118188.019100"
            },
            {
                "user": "UC19HAUAK",
                "ts": "1571119685.019300"
            },
            {
                "user": "UNS4PKYAK",
                "ts": "1571119780.019500"
            },
            {
                "user": "UC19HAUAK",
                "ts": "1571120573.019700"
            },
            {
                "user": "UNS4PKYAK",
                "ts": "1571120737.020000"
            },
            {
                "user": "UC19HAUAK",
                "ts": "1571121961.020300"
            },
            {
                "user": "UNS4PKYAK",
                "ts": "1571122087.020500"
            },
            {
                "user": "UC19HAUAK",
                "ts": "1571160564.026700"
            },
            {
                "user": "UNS4PKYAK",
                "ts": "1571200671.027800"
            },
            {
                "user": "UNS4PKYAK",
                "ts": "1571200715.028000"
            },
            {
                "user": "UC19HAUAK",
                "ts": "1571210767.028300"
            },
            {
                "user": "UNS4PKYAK",
                "ts": "1571210862.028500"
            },
            {
                "user": "UC19HAUAK",
                "ts": "1571210906.028800"
            },
            {
                "user": "UNS4PKYAK",
                "ts": "1571210973.029200"
            },
            {
                "user": "UNS4PKYAK",
                "ts": "1571210999.029400"
            },
            {
                "user": "UC19HAUAK",
                "ts": "1571211146.029600"
            },
            {
                "user": "UNS4PKYAK",
                "ts": "1571211164.029800"
            },
            {
                "user": "UNS4PKYAK",
                "ts": "1571211340.030000"
            },
            {
                "user": "UNS4PKYAK",
                "ts": "1571211387.030200"
            },
            {
                "user": "UC19HAUAK",
                "ts": "1571211427.030400"
            },
            {
                "user": "UNS4PKYAK",
                "ts": "1571211755.030600"
            },
            {
                "user": "UNS4PKYAK",
                "ts": "1571211970.030800"
            },
            {
                "user": "UC19HAUAK",
                "ts": "1571242992.034200"
            },
            {
                "user": "UC19HAUAK",
                "ts": "1571244095.034400"
            },
            {
                "user": "UNS4PKYAK",
                "ts": "1571286216.036800"
            },
            {
                "user": "UNS4PKYAK",
                "ts": "1571301984.037000"
            },
            {
                "user": "UNS4PKYAK",
                "ts": "1571302091.037500"
            },
            {
                "user": "UNS4PKYAK",
                "ts": "1571302173.037900"
            },
            {
                "user": "UNS4PKYAK",
                "ts": "1571302243.038100"
            },
            {
                "user": "UC19HAUAK",
                "ts": "1571328380.039000"
            },
            {
                "user": "UNS4PKYAK",
                "ts": "1571373682.049600"
            },
            {
                "user": "UNS4PKYAK",
                "ts": "1571374068.049800"
            },
            {
                "user": "UC19HAUAK",
                "ts": "1571383990.051400"
            },
            {
                "user": "UC19HAUAK",
                "ts": "1571384124.051600"
            },
            {
                "user": "UNS4PKYAK",
                "ts": "1571388413.051800"
            },
            {
                "user": "UC19HAUAK",
                "ts": "1571414352.052000"
            },
            {
                "user": "UC19HAUAK",
                "ts": "1571415096.052200"
            },
            {
                "user": "UC19HAUAK",
                "ts": "1571430094.052400"
            },
            {
                "user": "UNS4PKYAK",
                "ts": "1571633276.062400"
            },
            {
                "user": "UNS4PKYAK",
                "ts": "1571633474.062600"
            },
            {
                "user": "UNS4PKYAK",
                "ts": "1571633530.062800"
            },
            {
                "user": "UC19HAUAK",
                "ts": "1571633582.063000"
            },
            {
                "user": "UNS4PKYAK",
                "ts": "1571633590.063200"
            },
            {
                "user": "UNS4PKYAK",
                "ts": "1571633693.063600"
            },
            {
                "user": "UC19HAUAK",
                "ts": "1571633738.063800"
            },
            {
                "user": "UNS4PKYAK",
                "ts": "1571633768.064000"
            },
            {
                "user": "UNS4PKYAK",
                "ts": "1571633834.064300"
            },
            {
                "user": "UC19HAUAK",
                "ts": "1571633869.064500"
            },
            {
                "user": "UNS4PKYAK",
                "ts": "1571633901.064700"
            },
            {
                "user": "UNS4PKYAK",
                "ts": "1571633944.064900"
            },
            {
                "user": "UC19HAUAK",
                "ts": "1571634167.065200"
            },
            {
                "user": "UNS4PKYAK",
                "ts": "1571634239.065400"
            },
            {
                "user": "UC19HAUAK",
                "ts": "1571634421.065600"
            },
            {
                "user": "UNS4PKYAK",
                "ts": "1571634452.065800"
            },
            {
                "user": "UC19HAUAK",
                "ts": "1571634596.066000"
            },
            {
                "user": "UNS4PKYAK",
                "ts": "1571634641.066200"
            },
            {
                "user": "UC19HAUAK",
                "ts": "1571634654.066400"
            },
            {
                "user": "UNS4PKYAK",
                "ts": "1571634689.066600"
            },
            {
                "user": "UNS4PKYAK",
                "ts": "1571634716.066800"
            },
            {
                "user": "UC19HAUAK",
                "ts": "1571634726.067000"
            },
            {
                "user": "UNS4PKYAK",
                "ts": "1571634742.067200"
            },
            {
                "user": "UNS4PKYAK",
                "ts": "1571634766.067400"
            },
            {
                "user": "UC19HAUAK",
                "ts": "1571634848.067600"
            },
            {
                "user": "UNS4PKYAK",
                "ts": "1571635056.067900"
            },
            {
                "user": "UNS4PKYAK",
                "ts": "1571635109.068100"
            },
            {
                "user": "UNS4PKYAK",
                "ts": "1571635219.068300"
            },
            {
                "user": "UC19HAUAK",
                "ts": "1571635242.068700"
            },
            {
                "user": "UNS4PKYAK",
                "ts": "1571635377.068900"
            },
            {
                "user": "UNS4PKYAK",
                "ts": "1571635476.069300"
            },
            {
                "user": "UC19HAUAK",
                "ts": "1571636699.069600"
            },
            {
                "user": "UNS4PKYAK",
                "ts": "1571636791.069800"
            },
            {
                "user": "UC19HAUAK",
                "ts": "1571636814.070000"
            },
            {
                "user": "UNS4PKYAK",
                "ts": "1571636838.070200"
            },
            {
                "user": "UC19HAUAK",
                "ts": "1571637059.070400"
            },
            {
                "user": "UNS4PKYAK",
                "ts": "1571637127.070600"
            },
            {
                "user": "UNS4PKYAK",
                "ts": "1571637163.070800"
            },
            {
                "user": "UC19HAUAK",
                "ts": "1571637844.071300"
            },
            {
                "user": "UNS4PKYAK",
                "ts": "1571637903.071500"
            },
            {
                "user": "UC19HAUAK",
                "ts": "1571638068.072700"
            },
            {
                "user": "UC19HAUAK",
                "ts": "1571638123.073800"
            },
            {
                "user": "UNS4PKYAK",
                "ts": "1571638125.074100"
            },
            {
                "user": "UNS4PKYAK",
                "ts": "1571638227.074900"
            },
            {
                "user": "UNS4PKYAK",
                "ts": "1571638248.075200"
            },
            {
                "user": "UC19HAUAK",
                "ts": "1571638342.075400"
            },
            {
                "user": "UNS4PKYAK",
                "ts": "1571638449.076000"
            },
            {
                "user": "UNS4PKYAK",
                "ts": "1571638499.076200"
            },
            {
                "user": "UNS4PKYAK",
                "ts": "1571638511.076600"
            },
            {
                "user": "UC19HAUAK",
                "ts": "1571638639.077000"
            },
            {
                "user": "UNS4PKYAK",
                "ts": "1571638708.077300"
            },
            {
                "user": "UNS4PKYAK",
                "ts": "1571638880.077700"
            },
            {
                "user": "UC19HAUAK",
                "ts": "1571639470.078200"
            },
            {
                "user": "UNS4PKYAK",
                "ts": "1571639539.078400"
            },
            {
                "user": "UC19HAUAK",
                "ts": "1571639666.079200"
            },
            {
                "user": "UC19HAUAK",
                "ts": "1571639706.079600"
            },
            {
                "user": "UNS4PKYAK",
                "ts": "1571639734.079800"
            },
            {
                "user": "UC19HAUAK",
                "ts": "1571639738.080000"
            },
            {
                "user": "UC19HAUAK",
                "ts": "1571639753.080200"
            },
            {
                "user": "UNS4PKYAK",
                "ts": "1571639765.080400"
            },
            {
                "user": "UNS4PKYAK",
                "ts": "1571639898.080600"
            },
            {
                "user": "UC19HAUAK",
                "ts": "1571640154.081000"
            },
            {
                "user": "UNS4PKYAK",
                "ts": "1571640361.081200"
            },
            {
                "user": "UNS4PKYAK",
                "ts": "1571640378.081400"
            },
            {
                "user": "UC19HAUAK",
                "ts": "1571640645.081700"
            },
            {
                "user": "UNS4PKYAK",
                "ts": "1571640700.081900"
            },
            {
                "user": "UNS4PKYAK",
                "ts": "1571640829.082100"
            },
            {
                "user": "UC19HAUAK",
                "ts": "1571640919.083300"
            },
            {
                "user": "UNS4PKYAK",
                "ts": "1571640979.083500"
            }
        ],
        "subscribed": false
    },
    {
        "type": "message",
        "text": "I am using vue chartkick. Is there any problem on that",
        "files": [
            {
                "id": "FNPDWR9A5",
                "created": 1569843730,
                "timestamp": 1569843730,
                "name": "image.png",
                "title": "image.png",
                "mimetype": "image\/png",
                "filetype": "png",
                "pretty_type": "PNG",
                "user": "UN5B03DNV",
                "editable": false,
                "size": 55730,
                "mode": "hosted",
                "is_external": false,
                "external_type": "",
                "is_public": true,
                "public_url_shared": false,
                "display_as_bot": false,
                "username": "",
                "url_private": "https:\/\/files.slack.com\/files-pri\/TC0C1HURK-FNPDWR9A5\/image.png?t=xoxe-408409606869-1300049925941-1294691254950-5e5ba619551397a2daf3223fc6c48b4a",
                "url_private_download": "https:\/\/files.slack.com\/files-pri\/TC0C1HURK-FNPDWR9A5\/download\/image.png?t=xoxe-408409606869-1300049925941-1294691254950-5e5ba619551397a2daf3223fc6c48b4a",
                "thumb_64": "https:\/\/files.slack.com\/files-tmb\/TC0C1HURK-FNPDWR9A5-929c77a1c7\/image_64.png?t=xoxe-408409606869-1300049925941-1294691254950-5e5ba619551397a2daf3223fc6c48b4a",
                "thumb_80": "https:\/\/files.slack.com\/files-tmb\/TC0C1HURK-FNPDWR9A5-929c77a1c7\/image_80.png?t=xoxe-408409606869-1300049925941-1294691254950-5e5ba619551397a2daf3223fc6c48b4a",
                "thumb_360": "https:\/\/files.slack.com\/files-tmb\/TC0C1HURK-FNPDWR9A5-929c77a1c7\/image_360.png?t=xoxe-408409606869-1300049925941-1294691254950-5e5ba619551397a2daf3223fc6c48b4a",
                "thumb_360_w": 360,
                "thumb_360_h": 185,
                "thumb_480": "https:\/\/files.slack.com\/files-tmb\/TC0C1HURK-FNPDWR9A5-929c77a1c7\/image_480.png?t=xoxe-408409606869-1300049925941-1294691254950-5e5ba619551397a2daf3223fc6c48b4a",
                "thumb_480_w": 480,
                "thumb_480_h": 247,
                "thumb_160": "https:\/\/files.slack.com\/files-tmb\/TC0C1HURK-FNPDWR9A5-929c77a1c7\/image_160.png?t=xoxe-408409606869-1300049925941-1294691254950-5e5ba619551397a2daf3223fc6c48b4a",
                "image_exif_rotation": 1,
                "original_w": 625,
                "original_h": 322,
                "permalink": "https:\/\/cube-js.slack.com\/files\/UN5B03DNV\/FNPDWR9A5\/image.png",
                "permalink_public": "https:\/\/slack-files.com\/TC0C1HURK-FNPDWR9A5-095e7b200d",
                "is_starred": false,
                "has_rich_preview": false
            }
        ],
        "upload": true,
        "user": "UN5B03DNV",
        "display_as_bot": false,
        "ts": "1569843730.152000",
        "client_msg_id": "da4323ab-8e87-430a-a84b-f272adefe96f",
        "thread_ts": "1569697897.132300",
        "parent_user_id": "UN5B03DNV"
    },
    {
        "type": "message",
        "subtype": "channel_join",
        "ts": "1569844240.152500",
        "user": "UNXNHGG2K",
        "text": "<@UNXNHGG2K> has joined the channel"
    },
    {
        "type": "message",
        "subtype": "channel_join",
        "ts": "1569848798.152700",
        "user": "UNH5WL410",
        "text": "<@UNH5WL410> has joined the channel"
    },
    {
        "client_msg_id": "e2de1dd8-f621-4bbe-9bcd-0111585e22d7",
        "type": "message",
        "text": "Hello Everyone, is there any way to use socketio or realtime dashboards using cubejs?",
        "user": "UNH5WL410",
        "ts": "1569848911.153500",
        "team": "TC0C1HURK",
        "user_team": "TC0C1HURK",
        "source_team": "TC0C1HURK",
        "user_profile": {
            "avatar_hash": "g5924d6e935e",
            "image_72": "https:\/\/secure.gravatar.com\/avatar\/5924d6e935e42363152bb93c0dc4f7ce.jpg?s=72&d=https%3A%2F%2Fa.slack-edge.com%2Fdf10d%2Fimg%2Favatars%2Fava_0016-72.png",
            "first_name": "Rizwan",
            "real_name": "Rizwan Haider",
            "display_name": "Rizwan Haider",
            "team": "TC0C1HURK",
            "name": "rizwan.seing",
            "is_restricted": false,
            "is_ultra_restricted": false
        },
        "thread_ts": "1569848911.153500",
        "reply_count": 4,
        "reply_users_count": 3,
        "latest_reply": "1569974130.172500",
        "reply_users": [
            "UC19HAUAK",
            "UNH5WL410",
            "UNXNHGG2K"
        ],
        "replies": [
            {
                "user": "UC19HAUAK",
                "ts": "1569874684.156000"
            },
            {
                "user": "UNH5WL410",
                "ts": "1569912615.161600"
            },
            {
                "user": "UNXNHGG2K",
                "ts": "1569914261.161900"
            },
            {
                "user": "UC19HAUAK",
                "ts": "1569974130.172500"
            }
        ],
        "subscribed": false
    },
    {
        "client_msg_id": "eb646bd3-10cf-407f-b778-2b60d0096d3b",
        "type": "message",
        "text": "Is it possible to run custom sql, bcz in some cases I need to avoid this `left join` and `group by`, which are creating automatically",
        "user": "UMZGSKQCU",
        "ts": "1569853377.155300",
        "team": "TC0C1HURK",
        "user_team": "TC0C1HURK",
        "source_team": "TC0C1HURK",
        "user_profile": {
            "avatar_hash": "gae94c75bf42",
            "image_72": "https:\/\/secure.gravatar.com\/avatar\/2ae94c75bf4244e39897bec0d7e5056e.jpg?s=72&d=https%3A%2F%2Fa.slack-edge.com%2Fdf10d%2Fimg%2Favatars%2Fava_0026-72.png",
            "first_name": "",
            "real_name": "Nibin John",
            "display_name": "Nibin John",
            "team": "TC0C1HURK",
            "name": "rockingnibin",
            "is_restricted": false,
            "is_ultra_restricted": false
        },
        "thread_ts": "1569853377.155300",
        "reply_count": 12,
        "reply_users_count": 2,
        "latest_reply": "1569994102.173100",
        "reply_users": [
            "UC19HAUAK",
            "UMZGSKQCU"
        ],
        "replies": [
            {
                "user": "UC19HAUAK",
                "ts": "1569874856.156300"
            },
            {
                "user": "UMZGSKQCU",
                "ts": "1569910203.157600"
            },
            {
                "user": "UMZGSKQCU",
                "ts": "1569910227.157800"
            },
            {
                "user": "UMZGSKQCU",
                "ts": "1569910280.158100"
            },
            {
                "user": "UMZGSKQCU",
                "ts": "1569910308.158500"
            },
            {
                "user": "UMZGSKQCU",
                "ts": "1569910354.158700"
            },
            {
                "user": "UMZGSKQCU",
                "ts": "1569910432.159200"
            },
            {
                "user": "UMZGSKQCU",
                "ts": "1569910686.159700"
            },
            {
                "user": "UMZGSKQCU",
                "ts": "1569910984.160900"
            },
            {
                "user": "UMZGSKQCU",
                "ts": "1569910994.161300"
            },
            {
                "user": "UC19HAUAK",
                "ts": "1569974441.172700"
            },
            {
                "user": "UMZGSKQCU",
                "ts": "1569994102.173100"
            }
        ],
        "subscribed": false
    },
    {
        "client_msg_id": "942e9cac-3c10-4614-8962-a40425f448d7",
        "type": "message",
        "text": "Hey <@UNH5WL410>! Great question! There was a conversation some time ago: <https:\/\/cube-js.slack.com\/archives\/CC1908QHM\/p1565881296023000>. Would love if you can create an issue for it so we can discuss and track progress there.",
        "user": "UC19HAUAK",
        "ts": "1569874684.156000",
        "team": "TC0C1HURK",
        "user_team": "TC0C1HURK",
        "source_team": "TC0C1HURK",
        "user_profile": {
            "avatar_hash": "066a042e018c",
            "image_72": "https:\/\/avatars.slack-edge.com\/2019-12-07\/866588520998_066a042e018ca831a195_72.png",
            "first_name": "Pavel",
            "real_name": "Pavel Tiunov",
            "display_name": "pavel",
            "team": "TC0C1HURK",
            "name": "pavel",
            "is_restricted": false,
            "is_ultra_restricted": false
        },
        "attachments": [
            {
                "from_url": "https:\/\/cube-js.slack.com\/archives\/CC1908QHM\/p1565881296023000",
                "fallback": "[August 15th, 2019 8:01 AM] miguelrk_8: Hello everyone! Quick question: Does CubeJS suport subscriptions to certain queries in order to enable real-time data (e.g. through WebSockets) instead of querying via HTTP calls repeatedly at certain intervals? If not, is this planned for a future release? Any help is greatly appreciated! Thanks in advance!",
                "ts": "1565881296.023000",
                "author_id": "UMDJCKP29",
                "author_subname": "Miguel",
                "channel_id": "CC1908QHM",
                "channel_name": "random",
                "is_msg_unfurl": true,
                "is_thread_root_unfurl": true,
                "text": "Hello everyone! Quick question: Does CubeJS suport subscriptions to certain queries in order to enable real-time data (e.g. through WebSockets) instead of querying via HTTP calls repeatedly at certain intervals? If not, is this planned for a future release? Any help is greatly appreciated! Thanks in advance!",
                "author_name": "Miguel",
                "author_link": "https:\/\/cube-js.slack.com\/team\/UMDJCKP29",
                "author_icon": "https:\/\/secure.gravatar.com\/avatar\/f7d0a35f660595c9fd8018a73213026a.jpg?s=48&d=https%3A%2F%2Fa.slack-edge.com%2F80588%2Fimg%2Favatars%2Fuser_shapes%2Fava_0017-48.png",
                "mrkdwn_in": [
                    "text"
                ],
                "id": 1,
                "original_url": "https:\/\/cube-js.slack.com\/archives\/CC1908QHM\/p1565881296023000",
                "footer": "Thread in #random"
            }
        ],
        "thread_ts": "1569848911.153500",
        "parent_user_id": "UNH5WL410"
    },
    {
        "client_msg_id": "c34b3aee-1107-4444-b12e-c7737921a862",
        "type": "message",
        "text": "Hey <@UMZGSKQCU>! Could you please elaborate on your use case? Sounds like you're trying just to output some table without calculating anything in fact. How this table looks like? Is it for drill down?",
        "user": "UC19HAUAK",
        "ts": "1569874856.156300",
        "team": "TC0C1HURK",
        "user_team": "TC0C1HURK",
        "source_team": "TC0C1HURK",
        "user_profile": {
            "avatar_hash": "066a042e018c",
            "image_72": "https:\/\/avatars.slack-edge.com\/2019-12-07\/866588520998_066a042e018ca831a195_72.png",
            "first_name": "Pavel",
            "real_name": "Pavel Tiunov",
            "display_name": "pavel",
            "team": "TC0C1HURK",
            "name": "pavel",
            "is_restricted": false,
            "is_ultra_restricted": false
        },
        "thread_ts": "1569853377.155300",
        "parent_user_id": "UMZGSKQCU"
    },
    {
        "client_msg_id": "6ae2d1a5-765f-467f-af75-77d8bf95cb93",
        "type": "message",
        "text": "Hey <@UNS4PKYAK>! Did you have a chance to check this doc: <https:\/\/cube.dev\/docs\/multitenancy-setup> ?",
        "user": "UC19HAUAK",
        "ts": "1569874888.156500",
        "team": "TC0C1HURK",
        "user_team": "TC0C1HURK",
        "source_team": "TC0C1HURK",
        "user_profile": {
            "avatar_hash": "066a042e018c",
            "image_72": "https:\/\/avatars.slack-edge.com\/2019-12-07\/866588520998_066a042e018ca831a195_72.png",
            "first_name": "Pavel",
            "real_name": "Pavel Tiunov",
            "display_name": "pavel",
            "team": "TC0C1HURK",
            "name": "pavel",
            "is_restricted": false,
            "is_ultra_restricted": false
        },
        "thread_ts": "1569839757.151900",
        "parent_user_id": "UNS4PKYAK"
    },
    {
        "client_msg_id": "63fc7c43-8d0b-4aac-b7ae-1e8962458ed2",
        "type": "message",
        "text": "I believe it's somewhere outside of cube.js?",
        "user": "UC19HAUAK",
        "ts": "1569875104.156700",
        "team": "TC0C1HURK",
        "user_team": "TC0C1HURK",
        "source_team": "TC0C1HURK",
        "user_profile": {
            "avatar_hash": "066a042e018c",
            "image_72": "https:\/\/avatars.slack-edge.com\/2019-12-07\/866588520998_066a042e018ca831a195_72.png",
            "first_name": "Pavel",
            "real_name": "Pavel Tiunov",
            "display_name": "pavel",
            "team": "TC0C1HURK",
            "name": "pavel",
            "is_restricted": false,
            "is_ultra_restricted": false
        },
        "thread_ts": "1569697897.132300",
        "parent_user_id": "UN5B03DNV"
    },
    {
        "client_msg_id": "b42c4315-ed8a-4e20-815c-e72273fb1b85",
        "type": "message",
        "text": "<@UMZGSKQCU> is there any aggregation in this query? Could you please share this query?",
        "user": "UC19HAUAK",
        "ts": "1569875322.156900",
        "team": "TC0C1HURK",
        "user_team": "TC0C1HURK",
        "source_team": "TC0C1HURK",
        "user_profile": {
            "avatar_hash": "066a042e018c",
            "image_72": "https:\/\/avatars.slack-edge.com\/2019-12-07\/866588520998_066a042e018ca831a195_72.png",
            "first_name": "Pavel",
            "real_name": "Pavel Tiunov",
            "display_name": "pavel",
            "team": "TC0C1HURK",
            "name": "pavel",
            "is_restricted": false,
            "is_ultra_restricted": false
        },
        "edited": {
            "user": "UC19HAUAK",
            "ts": "1569875347.000000"
        },
        "thread_ts": "1569822301.148300",
        "parent_user_id": "UMZGSKQCU"
    },
    {
        "client_msg_id": "843fbc44-00d6-4bf9-88c4-8f466b1f8d80",
        "type": "message",
        "text": "No I tried without aggregation",
        "user": "UMZGSKQCU",
        "ts": "1569906992.157200",
        "team": "TC0C1HURK",
        "user_team": "TC0C1HURK",
        "source_team": "TC0C1HURK",
        "user_profile": {
            "avatar_hash": "gae94c75bf42",
            "image_72": "https:\/\/secure.gravatar.com\/avatar\/2ae94c75bf4244e39897bec0d7e5056e.jpg?s=72&d=https%3A%2F%2Fa.slack-edge.com%2Fdf10d%2Fimg%2Favatars%2Fava_0026-72.png",
            "first_name": "",
            "real_name": "Nibin John",
            "display_name": "Nibin John",
            "team": "TC0C1HURK",
            "name": "rockingnibin",
            "is_restricted": false,
            "is_ultra_restricted": false
        },
        "thread_ts": "1569822301.148300",
        "parent_user_id": "UMZGSKQCU"
    },
    {
        "client_msg_id": "d84bccaf-52d2-4cc2-9d94-770976eb0bbd",
        "type": "message",
        "text": "Will check it. Thanks for your clarification",
        "user": "UN5B03DNV",
        "ts": "1569908975.157400",
        "team": "TC0C1HURK",
        "user_team": "TC0C1HURK",
        "source_team": "TC0C1HURK",
        "user_profile": {
            "avatar_hash": "ga97bf3467ae",
            "image_72": "https:\/\/secure.gravatar.com\/avatar\/9a97bf3467aeea1aea22e27a7868916c.jpg?s=72&d=https%3A%2F%2Fa.slack-edge.com%2Fdf10d%2Fimg%2Favatars%2Fava_0001-72.png",
            "first_name": "",
            "real_name": "Ramprakash",
            "display_name": "Ramprakash",
            "team": "TC0C1HURK",
            "name": "ramprakashjagadeesan",
            "is_restricted": false,
            "is_ultra_restricted": false
        },
        "thread_ts": "1569697897.132300",
        "parent_user_id": "UN5B03DNV"
    },
    {
        "client_msg_id": "f8cdd755-a7b3-4dc6-a92d-0e9481b5d34a",
        "type": "message",
        "text": "I'll explain",
        "user": "UMZGSKQCU",
        "ts": "1569910203.157600",
        "team": "TC0C1HURK",
        "user_team": "TC0C1HURK",
        "source_team": "TC0C1HURK",
        "user_profile": {
            "avatar_hash": "gae94c75bf42",
            "image_72": "https:\/\/secure.gravatar.com\/avatar\/2ae94c75bf4244e39897bec0d7e5056e.jpg?s=72&d=https%3A%2F%2Fa.slack-edge.com%2Fdf10d%2Fimg%2Favatars%2Fava_0026-72.png",
            "first_name": "",
            "real_name": "Nibin John",
            "display_name": "Nibin John",
            "team": "TC0C1HURK",
            "name": "rockingnibin",
            "is_restricted": false,
            "is_ultra_restricted": false
        },
        "thread_ts": "1569853377.155300",
        "parent_user_id": "UMZGSKQCU"
    },
    {
        "client_msg_id": "2392b91d-b45b-430a-b779-e7fb869824d0",
        "type": "message",
        "text": "```query={{\n            measures: [],\n            timeDimensions: [],\n            dimensions: [\n              \"LogProvider.providerId\",\n              \"LogProvider.type\",\n              \"LogProvider.file\",\n              \"LogProvider.ip\",\n              \"LogProvider.createdAt\",\n            ],\n            filters: [],\n            order: {},\n            timezone: \"Asia\/Dubai\",\n            renewQuery: true\n          }}```\n\nthis is my query",
        "user": "UMZGSKQCU",
        "ts": "1569910227.157800",
        "team": "TC0C1HURK",
        "user_team": "TC0C1HURK",
        "source_team": "TC0C1HURK",
        "user_profile": {
            "avatar_hash": "gae94c75bf42",
            "image_72": "https:\/\/secure.gravatar.com\/avatar\/2ae94c75bf4244e39897bec0d7e5056e.jpg?s=72&d=https%3A%2F%2Fa.slack-edge.com%2Fdf10d%2Fimg%2Favatars%2Fava_0026-72.png",
            "first_name": "",
            "real_name": "Nibin John",
            "display_name": "Nibin John",
            "team": "TC0C1HURK",
            "name": "rockingnibin",
            "is_restricted": false,
            "is_ultra_restricted": false
        },
        "edited": {
            "user": "UMZGSKQCU",
            "ts": "1569910255.000000"
        },
        "thread_ts": "1569853377.155300",
        "parent_user_id": "UMZGSKQCU"
    },
    {
        "type": "message",
        "text": "",
        "files": [
            {
                "id": "FNQK3S0BB",
                "created": 1569910278,
                "timestamp": 1569910278,
                "name": "wg.PNG",
                "title": "wg.PNG",
                "mimetype": "image\/png",
                "filetype": "png",
                "pretty_type": "PNG",
                "user": "UMZGSKQCU",
                "editable": false,
                "size": 54666,
                "mode": "hosted",
                "is_external": false,
                "external_type": "",
                "is_public": true,
                "public_url_shared": false,
                "display_as_bot": false,
                "username": "",
                "url_private": "https:\/\/files.slack.com\/files-pri\/TC0C1HURK-FNQK3S0BB\/wg.png?t=xoxe-408409606869-1300049925941-1294691254950-5e5ba619551397a2daf3223fc6c48b4a",
                "url_private_download": "https:\/\/files.slack.com\/files-pri\/TC0C1HURK-FNQK3S0BB\/download\/wg.png?t=xoxe-408409606869-1300049925941-1294691254950-5e5ba619551397a2daf3223fc6c48b4a",
                "thumb_64": "https:\/\/files.slack.com\/files-tmb\/TC0C1HURK-FNQK3S0BB-ed7e1516c1\/wg_64.png?t=xoxe-408409606869-1300049925941-1294691254950-5e5ba619551397a2daf3223fc6c48b4a",
                "thumb_80": "https:\/\/files.slack.com\/files-tmb\/TC0C1HURK-FNQK3S0BB-ed7e1516c1\/wg_80.png?t=xoxe-408409606869-1300049925941-1294691254950-5e5ba619551397a2daf3223fc6c48b4a",
                "thumb_360": "https:\/\/files.slack.com\/files-tmb\/TC0C1HURK-FNQK3S0BB-ed7e1516c1\/wg_360.png?t=xoxe-408409606869-1300049925941-1294691254950-5e5ba619551397a2daf3223fc6c48b4a",
                "thumb_360_w": 360,
                "thumb_360_h": 177,
                "thumb_480": "https:\/\/files.slack.com\/files-tmb\/TC0C1HURK-FNQK3S0BB-ed7e1516c1\/wg_480.png?t=xoxe-408409606869-1300049925941-1294691254950-5e5ba619551397a2daf3223fc6c48b4a",
                "thumb_480_w": 480,
                "thumb_480_h": 236,
                "thumb_160": "https:\/\/files.slack.com\/files-tmb\/TC0C1HURK-FNQK3S0BB-ed7e1516c1\/wg_160.png?t=xoxe-408409606869-1300049925941-1294691254950-5e5ba619551397a2daf3223fc6c48b4a",
                "thumb_720": "https:\/\/files.slack.com\/files-tmb\/TC0C1HURK-FNQK3S0BB-ed7e1516c1\/wg_720.png?t=xoxe-408409606869-1300049925941-1294691254950-5e5ba619551397a2daf3223fc6c48b4a",
                "thumb_720_w": 720,
                "thumb_720_h": 354,
                "thumb_800": "https:\/\/files.slack.com\/files-tmb\/TC0C1HURK-FNQK3S0BB-ed7e1516c1\/wg_800.png?t=xoxe-408409606869-1300049925941-1294691254950-5e5ba619551397a2daf3223fc6c48b4a",
                "thumb_800_w": 800,
                "thumb_800_h": 393,
                "thumb_960": "https:\/\/files.slack.com\/files-tmb\/TC0C1HURK-FNQK3S0BB-ed7e1516c1\/wg_960.png?t=xoxe-408409606869-1300049925941-1294691254950-5e5ba619551397a2daf3223fc6c48b4a",
                "thumb_960_w": 960,
                "thumb_960_h": 472,
                "thumb_1024": "https:\/\/files.slack.com\/files-tmb\/TC0C1HURK-FNQK3S0BB-ed7e1516c1\/wg_1024.png?t=xoxe-408409606869-1300049925941-1294691254950-5e5ba619551397a2daf3223fc6c48b4a",
                "thumb_1024_w": 1024,
                "thumb_1024_h": 503,
                "image_exif_rotation": 1,
                "original_w": 1435,
                "original_h": 705,
                "permalink": "https:\/\/cube-js.slack.com\/files\/UMZGSKQCU\/FNQK3S0BB\/wg.png",
                "permalink_public": "https:\/\/slack-files.com\/TC0C1HURK-FNQK3S0BB-fe1e92992f",
                "is_starred": false,
                "has_rich_preview": false
            }
        ],
        "upload": true,
        "user": "UMZGSKQCU",
        "display_as_bot": false,
        "ts": "1569910280.158100",
        "client_msg_id": "908c4937-f2ac-4943-8a90-6c51d258d055",
        "thread_ts": "1569853377.155300",
        "parent_user_id": "UMZGSKQCU"
    },
    {
        "client_msg_id": "cefb28ce-1960-46a8-804a-b0feb9c31eda",
        "type": "message",
        "text": ":point_up_2: this is cubejs generated query(with grouping) giving me `139675` results",
        "user": "UMZGSKQCU",
        "ts": "1569910308.158500",
        "team": "TC0C1HURK",
        "user_team": "TC0C1HURK",
        "source_team": "TC0C1HURK",
        "user_profile": {
            "avatar_hash": "gae94c75bf42",
            "image_72": "https:\/\/secure.gravatar.com\/avatar\/2ae94c75bf4244e39897bec0d7e5056e.jpg?s=72&d=https%3A%2F%2Fa.slack-edge.com%2Fdf10d%2Fimg%2Favatars%2Fava_0026-72.png",
            "first_name": "",
            "real_name": "Nibin John",
            "display_name": "Nibin John",
            "team": "TC0C1HURK",
            "name": "rockingnibin",
            "is_restricted": false,
            "is_ultra_restricted": false
        },
        "edited": {
            "user": "UMZGSKQCU",
            "ts": "1569910530.000000"
        },
        "thread_ts": "1569853377.155300",
        "parent_user_id": "UMZGSKQCU"
    },
    {
        "type": "message",
        "text": "",
        "files": [
            {
                "id": "FNJ8YKLPL",
                "created": 1569910351,
                "timestamp": 1569910351,
                "name": "wog.PNG",
                "title": "wog.PNG",
                "mimetype": "image\/png",
                "filetype": "png",
                "pretty_type": "PNG",
                "user": "UMZGSKQCU",
                "editable": false,
                "size": 52341,
                "mode": "hosted",
                "is_external": false,
                "external_type": "",
                "is_public": true,
                "public_url_shared": false,
                "display_as_bot": false,
                "username": "",
                "url_private": "https:\/\/files.slack.com\/files-pri\/TC0C1HURK-FNJ8YKLPL\/wog.png?t=xoxe-408409606869-1300049925941-1294691254950-5e5ba619551397a2daf3223fc6c48b4a",
                "url_private_download": "https:\/\/files.slack.com\/files-pri\/TC0C1HURK-FNJ8YKLPL\/download\/wog.png?t=xoxe-408409606869-1300049925941-1294691254950-5e5ba619551397a2daf3223fc6c48b4a",
                "thumb_64": "https:\/\/files.slack.com\/files-tmb\/TC0C1HURK-FNJ8YKLPL-7c314b2a67\/wog_64.png?t=xoxe-408409606869-1300049925941-1294691254950-5e5ba619551397a2daf3223fc6c48b4a",
                "thumb_80": "https:\/\/files.slack.com\/files-tmb\/TC0C1HURK-FNJ8YKLPL-7c314b2a67\/wog_80.png?t=xoxe-408409606869-1300049925941-1294691254950-5e5ba619551397a2daf3223fc6c48b4a",
                "thumb_360": "https:\/\/files.slack.com\/files-tmb\/TC0C1HURK-FNJ8YKLPL-7c314b2a67\/wog_360.png?t=xoxe-408409606869-1300049925941-1294691254950-5e5ba619551397a2daf3223fc6c48b4a",
                "thumb_360_w": 360,
                "thumb_360_h": 175,
                "thumb_480": "https:\/\/files.slack.com\/files-tmb\/TC0C1HURK-FNJ8YKLPL-7c314b2a67\/wog_480.png?t=xoxe-408409606869-1300049925941-1294691254950-5e5ba619551397a2daf3223fc6c48b4a",
                "thumb_480_w": 480,
                "thumb_480_h": 233,
                "thumb_160": "https:\/\/files.slack.com\/files-tmb\/TC0C1HURK-FNJ8YKLPL-7c314b2a67\/wog_160.png?t=xoxe-408409606869-1300049925941-1294691254950-5e5ba619551397a2daf3223fc6c48b4a",
                "thumb_720": "https:\/\/files.slack.com\/files-tmb\/TC0C1HURK-FNJ8YKLPL-7c314b2a67\/wog_720.png?t=xoxe-408409606869-1300049925941-1294691254950-5e5ba619551397a2daf3223fc6c48b4a",
                "thumb_720_w": 720,
                "thumb_720_h": 350,
                "thumb_800": "https:\/\/files.slack.com\/files-tmb\/TC0C1HURK-FNJ8YKLPL-7c314b2a67\/wog_800.png?t=xoxe-408409606869-1300049925941-1294691254950-5e5ba619551397a2daf3223fc6c48b4a",
                "thumb_800_w": 800,
                "thumb_800_h": 389,
                "thumb_960": "https:\/\/files.slack.com\/files-tmb\/TC0C1HURK-FNJ8YKLPL-7c314b2a67\/wog_960.png?t=xoxe-408409606869-1300049925941-1294691254950-5e5ba619551397a2daf3223fc6c48b4a",
                "thumb_960_w": 960,
                "thumb_960_h": 467,
                "thumb_1024": "https:\/\/files.slack.com\/files-tmb\/TC0C1HURK-FNJ8YKLPL-7c314b2a67\/wog_1024.png?t=xoxe-408409606869-1300049925941-1294691254950-5e5ba619551397a2daf3223fc6c48b4a",
                "thumb_1024_w": 1024,
                "thumb_1024_h": 498,
                "image_exif_rotation": 1,
                "original_w": 1435,
                "original_h": 698,
                "permalink": "https:\/\/cube-js.slack.com\/files\/UMZGSKQCU\/FNJ8YKLPL\/wog.png",
                "permalink_public": "https:\/\/slack-files.com\/TC0C1HURK-FNJ8YKLPL-1f2a578aba",
                "is_starred": false,
                "has_rich_preview": false
            }
        ],
        "upload": true,
        "user": "UMZGSKQCU",
        "display_as_bot": false,
        "ts": "1569910354.158700",
        "client_msg_id": "1356c3bc-f667-4ab4-bde9-c35cd5937368",
        "thread_ts": "1569853377.155300",
        "parent_user_id": "UMZGSKQCU"
    },
    {
        "client_msg_id": "1b3b2321-f400-468c-bfd3-1d2b3c9046a7",
        "type": "message",
        "text": ":point_up_2: this is my actual query use to get total results(without grouping), gives me `141514` results, which is correct",
        "user": "UMZGSKQCU",
        "ts": "1569910432.159200",
        "team": "TC0C1HURK",
        "user_team": "TC0C1HURK",
        "source_team": "TC0C1HURK",
        "user_profile": {
            "avatar_hash": "gae94c75bf42",
            "image_72": "https:\/\/secure.gravatar.com\/avatar\/2ae94c75bf4244e39897bec0d7e5056e.jpg?s=72&d=https%3A%2F%2Fa.slack-edge.com%2Fdf10d%2Fimg%2Favatars%2Fava_0026-72.png",
            "first_name": "",
            "real_name": "Nibin John",
            "display_name": "Nibin John",
            "team": "TC0C1HURK",
            "name": "rockingnibin",
            "is_restricted": false,
            "is_ultra_restricted": false
        },
        "edited": {
            "user": "UMZGSKQCU",
            "ts": "1569910812.000000"
        },
        "thread_ts": "1569853377.155300",
        "parent_user_id": "UMZGSKQCU"
    },
    {
        "client_msg_id": "f8d983ce-dffe-40a5-8f21-02eeaec4d3d9",
        "type": "message",
        "text": "If I'm adding `LogProvider.id` (primary key) to the query `dimensions`, it is giving me correct result(`141514`) :point_down:. But I do not want to show `LogProvider.id`",
        "user": "UMZGSKQCU",
        "ts": "1569910686.159700",
        "team": "TC0C1HURK",
        "user_team": "TC0C1HURK",
        "source_team": "TC0C1HURK",
        "user_profile": {
            "avatar_hash": "gae94c75bf42",
            "image_72": "https:\/\/secure.gravatar.com\/avatar\/2ae94c75bf4244e39897bec0d7e5056e.jpg?s=72&d=https%3A%2F%2Fa.slack-edge.com%2Fdf10d%2Fimg%2Favatars%2Fava_0026-72.png",
            "first_name": "",
            "real_name": "Nibin John",
            "display_name": "Nibin John",
            "team": "TC0C1HURK",
            "name": "rockingnibin",
            "is_restricted": false,
            "is_ultra_restricted": false
        },
        "edited": {
            "user": "UMZGSKQCU",
            "ts": "1569910970.000000"
        },
        "thread_ts": "1569853377.155300",
        "parent_user_id": "UMZGSKQCU"
    },
    {
        "type": "message",
        "text": "",
        "files": [
            {
                "id": "FNQKBF8V7",
                "created": 1569910980,
                "timestamp": 1569910980,
                "name": "wid.PNG",
                "title": "wid.PNG",
                "mimetype": "image\/png",
                "filetype": "png",
                "pretty_type": "PNG",
                "user": "UMZGSKQCU",
                "editable": false,
                "size": 64502,
                "mode": "hosted",
                "is_external": false,
                "external_type": "",
                "is_public": true,
                "public_url_shared": false,
                "display_as_bot": false,
                "username": "",
                "url_private": "https:\/\/files.slack.com\/files-pri\/TC0C1HURK-FNQKBF8V7\/wid.png?t=xoxe-408409606869-1300049925941-1294691254950-5e5ba619551397a2daf3223fc6c48b4a",
                "url_private_download": "https:\/\/files.slack.com\/files-pri\/TC0C1HURK-FNQKBF8V7\/download\/wid.png?t=xoxe-408409606869-1300049925941-1294691254950-5e5ba619551397a2daf3223fc6c48b4a",
                "thumb_64": "https:\/\/files.slack.com\/files-tmb\/TC0C1HURK-FNQKBF8V7-74974c2179\/wid_64.png?t=xoxe-408409606869-1300049925941-1294691254950-5e5ba619551397a2daf3223fc6c48b4a",
                "thumb_80": "https:\/\/files.slack.com\/files-tmb\/TC0C1HURK-FNQKBF8V7-74974c2179\/wid_80.png?t=xoxe-408409606869-1300049925941-1294691254950-5e5ba619551397a2daf3223fc6c48b4a",
                "thumb_360": "https:\/\/files.slack.com\/files-tmb\/TC0C1HURK-FNQKBF8V7-74974c2179\/wid_360.png?t=xoxe-408409606869-1300049925941-1294691254950-5e5ba619551397a2daf3223fc6c48b4a",
                "thumb_360_w": 360,
                "thumb_360_h": 198,
                "thumb_480": "https:\/\/files.slack.com\/files-tmb\/TC0C1HURK-FNQKBF8V7-74974c2179\/wid_480.png?t=xoxe-408409606869-1300049925941-1294691254950-5e5ba619551397a2daf3223fc6c48b4a",
                "thumb_480_w": 480,
                "thumb_480_h": 264,
                "thumb_160": "https:\/\/files.slack.com\/files-tmb\/TC0C1HURK-FNQKBF8V7-74974c2179\/wid_160.png?t=xoxe-408409606869-1300049925941-1294691254950-5e5ba619551397a2daf3223fc6c48b4a",
                "thumb_720": "https:\/\/files.slack.com\/files-tmb\/TC0C1HURK-FNQKBF8V7-74974c2179\/wid_720.png?t=xoxe-408409606869-1300049925941-1294691254950-5e5ba619551397a2daf3223fc6c48b4a",
                "thumb_720_w": 720,
                "thumb_720_h": 396,
                "thumb_800": "https:\/\/files.slack.com\/files-tmb\/TC0C1HURK-FNQKBF8V7-74974c2179\/wid_800.png?t=xoxe-408409606869-1300049925941-1294691254950-5e5ba619551397a2daf3223fc6c48b4a",
                "thumb_800_w": 800,
                "thumb_800_h": 440,
                "thumb_960": "https:\/\/files.slack.com\/files-tmb\/TC0C1HURK-FNQKBF8V7-74974c2179\/wid_960.png?t=xoxe-408409606869-1300049925941-1294691254950-5e5ba619551397a2daf3223fc6c48b4a",
                "thumb_960_w": 960,
                "thumb_960_h": 528,
                "thumb_1024": "https:\/\/files.slack.com\/files-tmb\/TC0C1HURK-FNQKBF8V7-74974c2179\/wid_1024.png?t=xoxe-408409606869-1300049925941-1294691254950-5e5ba619551397a2daf3223fc6c48b4a",
                "thumb_1024_w": 1024,
                "thumb_1024_h": 563,
                "image_exif_rotation": 1,
                "original_w": 1440,
                "original_h": 792,
                "permalink": "https:\/\/cube-js.slack.com\/files\/UMZGSKQCU\/FNQKBF8V7\/wid.png",
                "permalink_public": "https:\/\/slack-files.com\/TC0C1HURK-FNQKBF8V7-628e9cf79f",
                "is_starred": false,
                "has_rich_preview": false
            }
        ],
        "upload": true,
        "user": "UMZGSKQCU",
        "display_as_bot": false,
        "ts": "1569910984.160900",
        "client_msg_id": "f9fadca3-5ee0-49ba-b4e0-e848c8456e78",
        "thread_ts": "1569853377.155300",
        "parent_user_id": "UMZGSKQCU"
    },
    {
        "client_msg_id": "4fc30404-9565-4b6a-ae54-87c3436a908c",
        "type": "message",
        "text": "Is there any way to remove this grouping, OR hide columns showing in the table even if we added to the dimension",
        "user": "UMZGSKQCU",
        "ts": "1569910994.161300",
        "team": "TC0C1HURK",
        "user_team": "TC0C1HURK",
        "source_team": "TC0C1HURK",
        "user_profile": {
            "avatar_hash": "gae94c75bf42",
            "image_72": "https:\/\/secure.gravatar.com\/avatar\/2ae94c75bf4244e39897bec0d7e5056e.jpg?s=72&d=https%3A%2F%2Fa.slack-edge.com%2Fdf10d%2Fimg%2Favatars%2Fava_0026-72.png",
            "first_name": "",
            "real_name": "Nibin John",
            "display_name": "Nibin John",
            "team": "TC0C1HURK",
            "name": "rockingnibin",
            "is_restricted": false,
            "is_ultra_restricted": false
        },
        "edited": {
            "user": "UMZGSKQCU",
            "ts": "1569911881.000000"
        },
        "thread_ts": "1569853377.155300",
        "parent_user_id": "UMZGSKQCU"
    },
    {
        "client_msg_id": "45c03fda-066b-41a0-87a5-4ec898194f9c",
        "type": "message",
        "text": "Thanks <@UC19HAUAK>. I creating new issue on slack.\n<https:\/\/github.com\/cube-js\/cube.js\/issues\/221>",
        "user": "UNH5WL410",
        "ts": "1569912615.161600",
        "team": "TC0C1HURK",
        "user_team": "TC0C1HURK",
        "source_team": "TC0C1HURK",
        "user_profile": {
            "avatar_hash": "g5924d6e935e",
            "image_72": "https:\/\/secure.gravatar.com\/avatar\/5924d6e935e42363152bb93c0dc4f7ce.jpg?s=72&d=https%3A%2F%2Fa.slack-edge.com%2Fdf10d%2Fimg%2Favatars%2Fava_0016-72.png",
            "first_name": "Rizwan",
            "real_name": "Rizwan Haider",
            "display_name": "Rizwan Haider",
            "team": "TC0C1HURK",
            "name": "rizwan.seing",
            "is_restricted": false,
            "is_ultra_restricted": false
        },
        "attachments": [
            {
                "service_name": "GitHub",
                "title": "Socket.io compatibility with cube.js · Issue #221 · cube-js\/cube.js",
                "title_link": "https:\/\/github.com\/cube-js\/cube.js\/issues\/221",
                "text": "Is there any way to create the real-time charts with cubejs? compatibility of <http:\/\/Socket.io|Socket.io> or real-time data with cubejs will be a great feature because most analytics needs real-time data.",
                "fallback": "GitHub: Socket.io compatibility with cube.js · Issue #221 · cube-js\/cube.js",
                "thumb_url": "https:\/\/avatars0.githubusercontent.com\/u\/52467369?s=400&v=4",
                "from_url": "https:\/\/github.com\/cube-js\/cube.js\/issues\/221",
                "thumb_width": 400,
                "thumb_height": 400,
                "service_icon": "https:\/\/a.slack-edge.com\/80588\/img\/unfurl_icons\/github.png",
                "id": 1,
                "original_url": "https:\/\/github.com\/cube-js\/cube.js\/issues\/221"
            }
        ],
        "thread_ts": "1569848911.153500",
        "parent_user_id": "UNH5WL410"
    }
]