[
    {
        "client_msg_id": "0c20fb6f-1ee6-483d-a6f1-fd9a2d13861b",
        "type": "message",
        "text": "<@UC19HAUAK> Hey thanks I will try your suggestion. I don't have enough reputation to add a new tag so maybe you could create `cube.js` tag first and I will add the tag to the question?",
        "user": "UM242SM41",
        "ts": "1565508237.140800",
        "team": "TC0C1HURK",
        "user_team": "TC0C1HURK",
        "source_team": "TC0C1HURK",
        "user_profile": {
            "avatar_hash": "g0589932f70b",
            "image_72": "https:\/\/secure.gravatar.com\/avatar\/90589932f70b491b2be3fdda149a2d5b.jpg?s=72&d=https%3A%2F%2Fa.slack-edge.com%2Fdf10d%2Fimg%2Favatars%2Fava_0016-72.png",
            "first_name": "",
            "real_name": "Hiep Le",
            "display_name": "Hiep Le",
            "team": "TC0C1HURK",
            "name": "hieptuanle",
            "is_restricted": false,
            "is_ultra_restricted": false
        },
        "edited": {
            "user": "UM242SM41",
            "ts": "1565508279.000000"
        },
        "thread_ts": "1565428719.135000",
        "parent_user_id": "UM242SM41"
    },
    {
        "type": "message",
        "subtype": "channel_join",
        "ts": "1565584325.141200",
        "user": "ULXNUCNG2",
        "text": "<@ULXNUCNG2> has joined the channel"
    }
]