[
    {
        "client_msg_id": "49b193a1-590e-44c7-a934-4792b9e9fd27",
        "type": "message",
        "text": "is there anyone using Cubejs with MySql or Athena through the jdbc package?",
        "user": "UJ5RZ4ZSS",
        "ts": "1559214098.001100",
        "team": "TC0C1HURK",
        "user_team": "TC0C1HURK",
        "source_team": "TC0C1HURK",
        "user_profile": {
            "avatar_hash": "g9c801ae9dd2",
            "image_72": "https:\/\/secure.gravatar.com\/avatar\/29c801ae9dd2351175b738b334557ec8.jpg?s=72&d=https%3A%2F%2Fa.slack-edge.com%2Fdf10d%2Fimg%2Favatars%2Fava_0026-72.png",
            "first_name": "",
            "real_name": "Tamas",
            "display_name": "Tamas",
            "team": "TC0C1HURK",
            "name": "tamas",
            "is_restricted": false,
            "is_ultra_restricted": false
        },
        "thread_ts": "1559214098.001100",
        "reply_count": 1,
        "reply_users_count": 1,
        "latest_reply": "1559251013.007300",
        "reply_users": [
            "UC19HAUAK"
        ],
        "replies": [
            {
                "user": "UC19HAUAK",
                "ts": "1559251013.007300"
            }
        ],
        "subscribed": false
    },
    {
        "type": "message",
        "subtype": "channel_join",
        "ts": "1559218744.001300",
        "user": "UJSSJC97D",
        "text": "<@UJSSJC97D> has joined the channel"
    },
    {
        "type": "message",
        "subtype": "channel_join",
        "ts": "1559236561.001500",
        "user": "UK45B3Q4C",
        "text": "<@UK45B3Q4C> has joined the channel"
    },
    {
        "client_msg_id": "771f7e25-f9a7-4dcd-9856-3b2e70475a97",
        "type": "message",
        "text": "Any inputs on how to pass the \"role\" name to the PostGres DriverFactory to apply different policy based on the security context (TOKEN)?",
        "user": "UK45B3Q4C",
        "ts": "1559236880.003000",
        "team": "TC0C1HURK",
        "user_team": "TC0C1HURK",
        "source_team": "TC0C1HURK",
        "user_profile": {
            "avatar_hash": "gc33f9ada340",
            "image_72": "https:\/\/secure.gravatar.com\/avatar\/6c33f9ada34062edf5a91c12d6bc080f.jpg?s=72&d=https%3A%2F%2Fa.slack-edge.com%2Fdf10d%2Fimg%2Favatars%2Fava_0004-72.png",
            "first_name": "",
            "real_name": "Keshava Gavigowda",
            "display_name": "Keshava Gavigowda",
            "team": "TC0C1HURK",
            "name": "keshav",
            "is_restricted": false,
            "is_ultra_restricted": false
        },
        "thread_ts": "1559236880.003000",
        "reply_count": 7,
        "reply_users_count": 3,
        "latest_reply": "1559250343.006000",
        "reply_users": [
            "UC1HAFW4E",
            "UK45B3Q4C",
            "UC19HAUAK"
        ],
        "replies": [
            {
                "user": "UC1HAFW4E",
                "ts": "1559237200.003100"
            },
            {
                "user": "UC1HAFW4E",
                "ts": "1559237206.003300"
            },
            {
                "user": "UC1HAFW4E",
                "ts": "1559237307.003600"
            },
            {
                "user": "UK45B3Q4C",
                "ts": "1559238097.003800"
            },
            {
                "user": "UK45B3Q4C",
                "ts": "1559242292.004000"
            },
            {
                "user": "UK45B3Q4C",
                "ts": "1559242340.004200"
            },
            {
                "user": "UC19HAUAK",
                "ts": "1559250343.006000"
            }
        ],
        "subscribed": true,
        "last_read": "1559250343.006000"
    },
    {
        "client_msg_id": "cb85c168-6302-4b64-9aa2-6fdac5a13bd1",
        "type": "message",
        "text": "Hey <@UK45B3Q4C> we don't have yet docs for every driver. But they are pretty generic and postgres driver uses `pg` node package under the hood -",
        "user": "UC1HAFW4E",
        "ts": "1559237200.003100",
        "team": "TC0C1HURK",
        "user_team": "TC0C1HURK",
        "source_team": "TC0C1HURK",
        "user_profile": {
            "avatar_hash": "ee7b69830a11",
            "image_72": "https:\/\/avatars.slack-edge.com\/2018-08-13\/414857329600_ee7b69830a119331e10e_72.jpg",
            "first_name": "Artyom",
            "real_name": "Artyom Keydunov",
            "display_name": "Artyom Keydunov",
            "team": "TC0C1HURK",
            "name": "artyom",
            "is_restricted": false,
            "is_ultra_restricted": false
        },
        "thread_ts": "1559236880.003000",
        "parent_user_id": "UK45B3Q4C"
    },
    {
        "client_msg_id": "06835935-219b-4b05-b6cf-baeab833f54c",
        "type": "message",
        "text": "<https:\/\/github.com\/statsbotco\/cube.js\/blob\/master\/packages\/cubejs-postgres-driver\/driver\/PostgresDriver.js#L2-L17>",
        "user": "UC1HAFW4E",
        "ts": "1559237206.003300",
        "team": "TC0C1HURK",
        "user_team": "TC0C1HURK",
        "source_team": "TC0C1HURK",
        "user_profile": {
            "avatar_hash": "ee7b69830a11",
            "image_72": "https:\/\/avatars.slack-edge.com\/2018-08-13\/414857329600_ee7b69830a119331e10e_72.jpg",
            "first_name": "Artyom",
            "real_name": "Artyom Keydunov",
            "display_name": "Artyom Keydunov",
            "team": "TC0C1HURK",
            "name": "artyom",
            "is_restricted": false,
            "is_ultra_restricted": false
        },
        "attachments": [
            {
                "service_name": "GitHub",
                "title": "statsbotco\/cube.js",
                "title_link": "https:\/\/github.com\/statsbotco\/cube.js\/blob\/master\/packages\/cubejs-postgres-driver\/driver\/PostgresDriver.js#L2-L17",
                "text": ":bar_chart: Cube.js - Open Source Analytics Framework. Contribute to statsbotco\/cube.js development by creating an account on GitHub.",
                "fallback": "GitHub: statsbotco\/cube.js",
                "thumb_url": "https:\/\/avatars3.githubusercontent.com\/u\/23642077?s=400&v=4",
                "from_url": "https:\/\/github.com\/statsbotco\/cube.js\/blob\/master\/packages\/cubejs-postgres-driver\/driver\/PostgresDriver.js#L2-L17",
                "thumb_width": 400,
                "thumb_height": 400,
                "service_icon": "https:\/\/a.slack-edge.com\/bfaba\/img\/unfurl_icons\/github.png",
                "id": 1,
                "original_url": "https:\/\/github.com\/statsbotco\/cube.js\/blob\/master\/packages\/cubejs-postgres-driver\/driver\/PostgresDriver.js#L2-L17"
            }
        ],
        "thread_ts": "1559236880.003000",
        "parent_user_id": "UK45B3Q4C"
    },
    {
        "client_msg_id": "6cd453ab-8488-4dc4-bf44-1f948acb00eb",
        "type": "message",
        "text": "I believe it could be something like -\n\n```\ndriverFactory: ({ authInfo }) =&gt;\n    new PostgresDriver({\n      user: `user_${authInfo.appId}`\n    })\n```",
        "user": "UC1HAFW4E",
        "ts": "1559237307.003600",
        "team": "TC0C1HURK",
        "user_team": "TC0C1HURK",
        "source_team": "TC0C1HURK",
        "user_profile": {
            "avatar_hash": "ee7b69830a11",
            "image_72": "https:\/\/avatars.slack-edge.com\/2018-08-13\/414857329600_ee7b69830a119331e10e_72.jpg",
            "first_name": "Artyom",
            "real_name": "Artyom Keydunov",
            "display_name": "Artyom Keydunov",
            "team": "TC0C1HURK",
            "name": "artyom",
            "is_restricted": false,
            "is_ultra_restricted": false
        },
        "thread_ts": "1559236880.003000",
        "parent_user_id": "UK45B3Q4C"
    },
    {
        "client_msg_id": "59defcc1-7b24-4690-9a63-ce058ffafc41",
        "type": "message",
        "text": "We would like to use one user to login, but to change the role at the connection.  E.g, SET ROLE 'basic'; I saw the Driver code, I think we if modify the code in the query function to  include an async query before the actual query \"await client.query(`SET ROLE '${this.config.localRole || this.config.user}'`)\" would work.",
        "user": "UK45B3Q4C",
        "ts": "1559238097.003800",
        "team": "TC0C1HURK",
        "user_team": "TC0C1HURK",
        "source_team": "TC0C1HURK",
        "user_profile": {
            "avatar_hash": "gc33f9ada340",
            "image_72": "https:\/\/secure.gravatar.com\/avatar\/6c33f9ada34062edf5a91c12d6bc080f.jpg?s=72&d=https%3A%2F%2Fa.slack-edge.com%2Fdf10d%2Fimg%2Favatars%2Fava_0004-72.png",
            "first_name": "",
            "real_name": "Keshava Gavigowda",
            "display_name": "Keshava Gavigowda",
            "team": "TC0C1HURK",
            "name": "keshav",
            "is_restricted": false,
            "is_ultra_restricted": false
        },
        "thread_ts": "1559236880.003000",
        "parent_user_id": "UK45B3Q4C"
    },
    {
        "client_msg_id": "b682e371-f7fb-4aa6-a163-8c8697af84bf",
        "type": "message",
        "text": "But, with this method data is getting poised with cache",
        "user": "UK45B3Q4C",
        "ts": "1559242292.004000",
        "team": "TC0C1HURK",
        "user_team": "TC0C1HURK",
        "source_team": "TC0C1HURK",
        "user_profile": {
            "avatar_hash": "gc33f9ada340",
            "image_72": "https:\/\/secure.gravatar.com\/avatar\/6c33f9ada34062edf5a91c12d6bc080f.jpg?s=72&d=https%3A%2F%2Fa.slack-edge.com%2Fdf10d%2Fimg%2Favatars%2Fava_0004-72.png",
            "first_name": "",
            "real_name": "Keshava Gavigowda",
            "display_name": "Keshava Gavigowda",
            "team": "TC0C1HURK",
            "name": "keshav",
            "is_restricted": false,
            "is_ultra_restricted": false
        },
        "thread_ts": "1559236880.003000",
        "parent_user_id": "UK45B3Q4C"
    },
    {
        "client_msg_id": "be562766-f853-4c04-921c-ea20eec42f38",
        "type": "message",
        "text": "Do you think cache issue will not occour switching the user?",
        "user": "UK45B3Q4C",
        "ts": "1559242340.004200",
        "team": "TC0C1HURK",
        "user_team": "TC0C1HURK",
        "source_team": "TC0C1HURK",
        "user_profile": {
            "avatar_hash": "gc33f9ada340",
            "image_72": "https:\/\/secure.gravatar.com\/avatar\/6c33f9ada34062edf5a91c12d6bc080f.jpg?s=72&d=https%3A%2F%2Fa.slack-edge.com%2Fdf10d%2Fimg%2Favatars%2Fava_0004-72.png",
            "first_name": "",
            "real_name": "Keshava Gavigowda",
            "display_name": "Keshava Gavigowda",
            "team": "TC0C1HURK",
            "name": "keshav",
            "is_restricted": false,
            "is_ultra_restricted": false
        },
        "thread_ts": "1559236880.003000",
        "parent_user_id": "UK45B3Q4C"
    },
    {
        "client_msg_id": "BA86C8DF-76A4-4CA9-A072-238DDD92581A",
        "type": "message",
        "text": "Hey <@UK45B3Q4C> ! You actually can override pg driver to do it. To evade any caching issues you should use multitenancy <https:\/\/cube.dev\/docs\/multitenancy-setup>.",
        "user": "UC19HAUAK",
        "ts": "1559250343.006000",
        "team": "TC0C1HURK",
        "user_team": "TC0C1HURK",
        "source_team": "TC0C1HURK",
        "user_profile": {
            "avatar_hash": "066a042e018c",
            "image_72": "https:\/\/avatars.slack-edge.com\/2019-12-07\/866588520998_066a042e018ca831a195_72.png",
            "first_name": "Pavel",
            "real_name": "Pavel Tiunov",
            "display_name": "pavel",
            "team": "TC0C1HURK",
            "name": "pavel",
            "is_restricted": false,
            "is_ultra_restricted": false
        },
        "thread_ts": "1559236880.003000",
        "parent_user_id": "UK45B3Q4C"
    },
    {
        "client_msg_id": "FB46E090-B53F-437F-BC56-22A9A7E36350",
        "type": "message",
        "text": "Hey <@UJ5RZ4ZSS> ! We use these in cloud. What question do you have?",
        "user": "UC19HAUAK",
        "ts": "1559251013.007300",
        "team": "TC0C1HURK",
        "user_team": "TC0C1HURK",
        "source_team": "TC0C1HURK",
        "user_profile": {
            "avatar_hash": "066a042e018c",
            "image_72": "https:\/\/avatars.slack-edge.com\/2019-12-07\/866588520998_066a042e018ca831a195_72.png",
            "first_name": "Pavel",
            "real_name": "Pavel Tiunov",
            "display_name": "pavel",
            "team": "TC0C1HURK",
            "name": "pavel",
            "is_restricted": false,
            "is_ultra_restricted": false
        },
        "thread_ts": "1559214098.001100",
        "parent_user_id": "UJ5RZ4ZSS"
    },
    {
        "client_msg_id": "92efc699-df21-428c-8353-f317cb95d397",
        "type": "message",
        "text": "If I use MongoDB BI Connector, I understand I wont be benefited by pre-aggregation since MongoDB BI Connector does not allow writing to tables, whats the solution in this case ?\n\nWe are trying to build a customer facing video analytics dashboard and are estimating to run into millions of \"rows\" easily.",
        "user": "UJSSJC97D",
        "ts": "1559281124.009400",
        "team": "TC0C1HURK",
        "user_team": "TC0C1HURK",
        "source_team": "TC0C1HURK",
        "user_profile": {
            "avatar_hash": "gbd765be0b3d",
            "image_72": "https:\/\/secure.gravatar.com\/avatar\/cbd765be0b3dc4eb83eb7edb519a3601.jpg?s=72&d=https%3A%2F%2Fa.slack-edge.com%2Fdf10d%2Fimg%2Favatars%2Fava_0020-72.png",
            "first_name": "",
            "real_name": "Avinesh",
            "display_name": "Avinesh",
            "team": "TC0C1HURK",
            "name": "avin3sh",
            "is_restricted": false,
            "is_ultra_restricted": false
        },
        "thread_ts": "1559281124.009400",
        "reply_count": 2,
        "reply_users_count": 1,
        "latest_reply": "1559320357.010600",
        "reply_users": [
            "UC19HAUAK"
        ],
        "replies": [
            {
                "user": "UC19HAUAK",
                "ts": "1559317112.010300"
            },
            {
                "user": "UC19HAUAK",
                "ts": "1559320357.010600"
            }
        ],
        "subscribed": false
    }
]