[
    {
        "type": "message",
        "subtype": "channel_join",
        "ts": "1565173339.117800",
        "user": "UM6MG2JDV",
        "text": "<@UM6MG2JDV> has joined the channel"
    },
    {
        "client_msg_id": "066a2324-d5e8-4780-b25a-2fd013969531",
        "type": "message",
        "text": "Hi All, Seem to be having an issue connecting to postgres with CUBEJS_DB_SSL=true not working and cant figure out whats going wrong, when adding it to the .env im still getting an error ```Error: Please use CUBEJS_DB_SSL=true to connect: error: no pg_hba.conf entry for host \"*\", user \"*\", database \"*\", SSL on at PostgresDriver.testConnection (\/node_modules\/@cubejs-backend\/postgres-driver\/driver\/PostgresDriver.js:33:15) at process.internalTickCallback (internal\/process\/next_tick.js:77:7)```",
        "user": "UM6MG2JDV",
        "ts": "1565176124.119400",
        "team": "TC0C1HURK",
        "user_team": "TC0C1HURK",
        "source_team": "TC0C1HURK",
        "user_profile": {
            "avatar_hash": "g2281191f0ac",
            "image_72": "https:\/\/secure.gravatar.com\/avatar\/c2281191f0ac0484f8755160ce22b657.jpg?s=72&d=https%3A%2F%2Fa.slack-edge.com%2Fdf10d%2Fimg%2Favatars%2Fava_0017-72.png",
            "first_name": "",
            "real_name": "Craw",
            "display_name": "Craw",
            "team": "TC0C1HURK",
            "name": "crawford.davidson",
            "is_restricted": false,
            "is_ultra_restricted": false
        },
        "thread_ts": "1565176124.119400",
        "reply_count": 1,
        "reply_users_count": 1,
        "latest_reply": "1565201139.122000",
        "reply_users": [
            "UC19HAUAK"
        ],
        "replies": [
            {
                "user": "UC19HAUAK",
                "ts": "1565201139.122000"
            }
        ],
        "subscribed": false
    },
    {
        "client_msg_id": "60a699a2-039c-4e65-b0f9-297e41a41495",
        "type": "message",
        "text": "<@UC19HAUAK> yes this is reproducible all the time - however i’m load data only from postgres with simple sql query on top of table (not tested with view)\n\nto reproduce\n1. create table\/view with fieldname including underline eg. ad_client\n2. then create a cube def including query on this column\n3. add to dimensions (similar to me above)\n4. start explore select measure then dimension with name including underline. (do not use title because that works)",
        "user": "ULKS069JN",
        "ts": "1565179717.119500",
        "team": "TC0C1HURK",
        "user_team": "TC0C1HURK",
        "source_team": "TC0C1HURK",
        "user_profile": {
            "avatar_hash": "b1fec10e8c15",
            "image_72": "https:\/\/avatars.slack-edge.com\/2019-11-13\/835478181030_b1fec10e8c15e04269cc_72.png",
            "first_name": "Norbert",
            "real_name": "Norbert Bede",
            "display_name": "Norbert Bede",
            "team": "TC0C1HURK",
            "name": "norbert.bede764",
            "is_restricted": false,
            "is_ultra_restricted": false
        },
        "thread_ts": "1564552076.060600",
        "parent_user_id": "ULKS069JN"
    },
    {
        "client_msg_id": "2c486fcd-5339-4ae6-a8dc-d7ff78253909",
        "type": "message",
        "text": "<@UC19HAUAK> <@UJ0TZSN6M> I have a similar scenario where I would like to bypass cache.  My use case is related to Big Query, which already provides caching, so ideally I can reduce overhead and just directly send queries to Big Query.  Ideally, I would also reduce costs by not needing Redis cache.  Is there any way to run Cube.js without the cache layer activated?",
        "user": "ULD1RCPFF",
        "ts": "1565183396.119700",
        "team": "TC0C1HURK",
        "user_team": "TC0C1HURK",
        "source_team": "TC0C1HURK",
        "user_profile": {
            "avatar_hash": "g59412c4fe14",
            "image_72": "https:\/\/secure.gravatar.com\/avatar\/459412c4fe140c486be91b276053bc01.jpg?s=72&d=https%3A%2F%2Fa.slack-edge.com%2Fdf10d%2Fimg%2Favatars%2Fava_0011-72.png",
            "first_name": "",
            "real_name": "Scott Hietpas",
            "display_name": "Scott Hietpas",
            "team": "TC0C1HURK",
            "name": "scott.hietpas",
            "is_restricted": false,
            "is_ultra_restricted": false
        },
        "thread_ts": "1564591058.066400",
        "parent_user_id": "UJ0TZSN6M"
    },
    {
        "type": "message",
        "subtype": "channel_join",
        "ts": "1565183481.120000",
        "user": "UM6S412UF",
        "text": "<@UM6S412UF> has joined the channel"
    },
    {
        "client_msg_id": "e5371ae8-5fc3-459e-b990-688fdda5ea20",
        "type": "message",
        "text": "hi",
        "user": "ULKS069JN",
        "ts": "1565185273.120200",
        "team": "TC0C1HURK",
        "user_team": "TC0C1HURK",
        "source_team": "TC0C1HURK",
        "user_profile": {
            "avatar_hash": "b1fec10e8c15",
            "image_72": "https:\/\/avatars.slack-edge.com\/2019-11-13\/835478181030_b1fec10e8c15e04269cc_72.png",
            "first_name": "Norbert",
            "real_name": "Norbert Bede",
            "display_name": "Norbert Bede",
            "team": "TC0C1HURK",
            "name": "norbert.bede764",
            "is_restricted": false,
            "is_ultra_restricted": false
        }
    },
    {
        "client_msg_id": "b7d2d15d-eadf-495a-859e-cea00b3154d0",
        "type": "message",
        "text": "we are trying embed cubejs as vanilla js into java application - without npm. any example how to do it ? (backend we have as normal npm server.)",
        "user": "ULKS069JN",
        "ts": "1565185306.120900",
        "team": "TC0C1HURK",
        "user_team": "TC0C1HURK",
        "source_team": "TC0C1HURK",
        "user_profile": {
            "avatar_hash": "b1fec10e8c15",
            "image_72": "https:\/\/avatars.slack-edge.com\/2019-11-13\/835478181030_b1fec10e8c15e04269cc_72.png",
            "first_name": "Norbert",
            "real_name": "Norbert Bede",
            "display_name": "Norbert Bede",
            "team": "TC0C1HURK",
            "name": "norbert.bede764",
            "is_restricted": false,
            "is_ultra_restricted": false
        },
        "edited": {
            "user": "ULKS069JN",
            "ts": "1565185334.000000"
        },
        "thread_ts": "1565185306.120900",
        "reply_count": 13,
        "reply_users_count": 3,
        "latest_reply": "1565208064.128200",
        "reply_users": [
            "UJ5RZ4ZSS",
            "ULKS069JN",
            "UC19HAUAK"
        ],
        "replies": [
            {
                "user": "UJ5RZ4ZSS",
                "ts": "1565188946.121200"
            },
            {
                "user": "ULKS069JN",
                "ts": "1565189142.121400"
            },
            {
                "user": "ULKS069JN",
                "ts": "1565189157.121600"
            },
            {
                "user": "UC19HAUAK",
                "ts": "1565201331.122300"
            },
            {
                "user": "ULKS069JN",
                "ts": "1565204561.122500"
            },
            {
                "user": "UC19HAUAK",
                "ts": "1565205006.123000"
            },
            {
                "user": "ULKS069JN",
                "ts": "1565205068.123200"
            },
            {
                "user": "ULKS069JN",
                "ts": "1565205105.123400"
            },
            {
                "user": "ULKS069JN",
                "ts": "1565205150.123600"
            },
            {
                "user": "ULKS069JN",
                "ts": "1565205229.123800"
            },
            {
                "user": "UC19HAUAK",
                "ts": "1565205271.124000"
            },
            {
                "user": "ULKS069JN",
                "ts": "1565205828.124200"
            },
            {
                "user": "UC19HAUAK",
                "ts": "1565208064.128200"
            }
        ],
        "subscribed": false
    },
    {
        "client_msg_id": "43135600-de74-4ed9-839c-42011239d6a3",
        "type": "message",
        "text": "are u trying to use the cube.js backend from a java backend or do you want to integrate intro a java framework like Spring?",
        "user": "UJ5RZ4ZSS",
        "ts": "1565188946.121200",
        "team": "TC0C1HURK",
        "user_team": "TC0C1HURK",
        "source_team": "TC0C1HURK",
        "user_profile": {
            "avatar_hash": "g9c801ae9dd2",
            "image_72": "https:\/\/secure.gravatar.com\/avatar\/29c801ae9dd2351175b738b334557ec8.jpg?s=72&d=https%3A%2F%2Fa.slack-edge.com%2Fdf10d%2Fimg%2Favatars%2Fava_0026-72.png",
            "first_name": "",
            "real_name": "Tamas",
            "display_name": "Tamas",
            "team": "TC0C1HURK",
            "name": "tamas",
            "is_restricted": false,
            "is_ultra_restricted": false
        },
        "thread_ts": "1565185306.120900",
        "parent_user_id": "ULKS069JN"
    },
    {
        "client_msg_id": "5cf71d90-017c-41c5-8320-859a728b486d",
        "type": "message",
        "text": "we have ERP in java where we plan run frontend js and connect to external cube nodejs backend server",
        "user": "ULKS069JN",
        "ts": "1565189142.121400",
        "team": "TC0C1HURK",
        "user_team": "TC0C1HURK",
        "source_team": "TC0C1HURK",
        "user_profile": {
            "avatar_hash": "b1fec10e8c15",
            "image_72": "https:\/\/avatars.slack-edge.com\/2019-11-13\/835478181030_b1fec10e8c15e04269cc_72.png",
            "first_name": "Norbert",
            "real_name": "Norbert Bede",
            "display_name": "Norbert Bede",
            "team": "TC0C1HURK",
            "name": "norbert.bede764",
            "is_restricted": false,
            "is_ultra_restricted": false
        },
        "thread_ts": "1565185306.120900",
        "parent_user_id": "ULKS069JN"
    },
    {
        "client_msg_id": "5840b366-deee-4e96-b7df-7617f8e4c324",
        "type": "message",
        "text": "we are using project idempiere on OSGI",
        "user": "ULKS069JN",
        "ts": "1565189157.121600",
        "team": "TC0C1HURK",
        "user_team": "TC0C1HURK",
        "source_team": "TC0C1HURK",
        "user_profile": {
            "avatar_hash": "b1fec10e8c15",
            "image_72": "https:\/\/avatars.slack-edge.com\/2019-11-13\/835478181030_b1fec10e8c15e04269cc_72.png",
            "first_name": "Norbert",
            "real_name": "Norbert Bede",
            "display_name": "Norbert Bede",
            "team": "TC0C1HURK",
            "name": "norbert.bede764",
            "is_restricted": false,
            "is_ultra_restricted": false
        },
        "thread_ts": "1565185306.120900",
        "parent_user_id": "ULKS069JN"
    },
    {
        "type": "message",
        "subtype": "channel_join",
        "ts": "1565193920.121900",
        "user": "ULYSWFRS5",
        "text": "<@ULYSWFRS5> has joined the channel"
    },
    {
        "client_msg_id": "960c0337-54a5-49e4-b221-bfceca935c07",
        "type": "message",
        "text": "Hey <@UM6MG2JDV>! Is it self hosted? You should try this one <https:\/\/dba.stackexchange.com\/questions\/83984\/connect-to-postgresql-server-fatal-no-pg-hba-conf-entry-for-host>",
        "user": "UC19HAUAK",
        "ts": "1565201139.122000",
        "team": "TC0C1HURK",
        "user_team": "TC0C1HURK",
        "source_team": "TC0C1HURK",
        "user_profile": {
            "avatar_hash": "066a042e018c",
            "image_72": "https:\/\/avatars.slack-edge.com\/2019-12-07\/866588520998_066a042e018ca831a195_72.png",
            "first_name": "Pavel",
            "real_name": "Pavel Tiunov",
            "display_name": "pavel",
            "team": "TC0C1HURK",
            "name": "pavel",
            "is_restricted": false,
            "is_ultra_restricted": false
        },
        "attachments": [
            {
                "service_name": "Database Administrators Stack Exchange",
                "title": "connect to PostgreSQL server: FATAL: no pg_hba.conf entry for host",
                "title_link": "https:\/\/dba.stackexchange.com\/questions\/83984\/connect-to-postgresql-server-fatal-no-pg-hba-conf-entry-for-host",
                "text": "Hello I am trying to run a website sent to me but after doing so this error appeared connect to PostgreSQL server: FATAL: no pg_hba.conf entry for host \"<http:\/\/4X.XXX.XX.XXX|4X.XXX.XX.XXX>\", user \"userXXX\", database \"d...",
                "fallback": "Database Administrators Stack Exchange: connect to PostgreSQL server: FATAL: no pg_hba.conf entry for host",
                "thumb_url": "https:\/\/cdn.sstatic.net\/Sites\/dba\/img\/apple-touch-icon@2.png?v=246e2cb2439c",
                "from_url": "https:\/\/dba.stackexchange.com\/questions\/83984\/connect-to-postgresql-server-fatal-no-pg-hba-conf-entry-for-host",
                "thumb_width": 316,
                "thumb_height": 316,
                "service_icon": "https:\/\/cdn.sstatic.net\/Sites\/dba\/img\/favicon.ico?v=60c86c1ab344",
                "id": 1,
                "original_url": "https:\/\/dba.stackexchange.com\/questions\/83984\/connect-to-postgresql-server-fatal-no-pg-hba-conf-entry-for-host"
            }
        ],
        "thread_ts": "1565176124.119400",
        "parent_user_id": "UM6MG2JDV"
    },
    {
        "client_msg_id": "aad25ef6-4a31-4e2f-9aa1-04817b7e870b",
        "type": "message",
        "text": "Hey <@ULKS069JN>! Not a lot of examples at the moment and probably we should put more in docs. Could you please refer to <https:\/\/cube.dev\/docs\/@cubejs-client-core> and let me know what aspect is missing so we can add it.",
        "user": "UC19HAUAK",
        "ts": "1565201331.122300",
        "team": "TC0C1HURK",
        "user_team": "TC0C1HURK",
        "source_team": "TC0C1HURK",
        "user_profile": {
            "avatar_hash": "066a042e018c",
            "image_72": "https:\/\/avatars.slack-edge.com\/2019-12-07\/866588520998_066a042e018ca831a195_72.png",
            "first_name": "Pavel",
            "real_name": "Pavel Tiunov",
            "display_name": "pavel",
            "team": "TC0C1HURK",
            "name": "pavel",
            "is_restricted": false,
            "is_ultra_restricted": false
        },
        "thread_ts": "1565185306.120900",
        "parent_user_id": "ULKS069JN"
    },
    {
        "client_msg_id": "6f51703b-f781-41ba-844b-c2b4f61ec51f",
        "type": "message",
        "text": "we did it successfully. we used webpack to get all dependencies into a compiled js. then worked. maybe this solution should help people - they  have no npm option in their environment.",
        "user": "ULKS069JN",
        "ts": "1565204561.122500",
        "team": "TC0C1HURK",
        "user_team": "TC0C1HURK",
        "source_team": "TC0C1HURK",
        "user_profile": {
            "avatar_hash": "b1fec10e8c15",
            "image_72": "https:\/\/avatars.slack-edge.com\/2019-11-13\/835478181030_b1fec10e8c15e04269cc_72.png",
            "first_name": "Norbert",
            "real_name": "Norbert Bede",
            "display_name": "Norbert Bede",
            "team": "TC0C1HURK",
            "name": "norbert.bede764",
            "is_restricted": false,
            "is_ultra_restricted": false
        },
        "thread_ts": "1565185306.120900",
        "parent_user_id": "ULKS069JN"
    },
    {
        "client_msg_id": "0eda6392-b56e-4360-bfd2-08e989a6cffe",
        "type": "message",
        "text": "<@ULD1RCPFF> Additionally to what mentioned in this thread you can use `CUBEJS_CACHE_AND_QUEUE_DRIVER=memory` to avoid using Redis <https:\/\/github.com\/cube-js\/cube.js\/issues\/110#issuecomment-499749640>. From our experience BigQuery cache is very naive and in case you update tables you end up with no caching at all. In cases where it has cached values it will return results not faster than 500ms on average and you'll be charged on every cache miss. You can read more about restrictions here: <https:\/\/cloud.google.com\/bigquery\/docs\/cached-results>\n\nRight now there's no option to bypass cache completely as from our perspective it can work only with non-production environments. However given the demand for such kind of option we're considering adding this one.",
        "user": "UC19HAUAK",
        "ts": "1565204769.122700",
        "team": "TC0C1HURK",
        "user_team": "TC0C1HURK",
        "source_team": "TC0C1HURK",
        "user_profile": {
            "avatar_hash": "066a042e018c",
            "image_72": "https:\/\/avatars.slack-edge.com\/2019-12-07\/866588520998_066a042e018ca831a195_72.png",
            "first_name": "Pavel",
            "real_name": "Pavel Tiunov",
            "display_name": "pavel",
            "team": "TC0C1HURK",
            "name": "pavel",
            "is_restricted": false,
            "is_ultra_restricted": false
        },
        "attachments": [
            {
                "service_name": "GitHub",
                "title": "Add option to run in production without redis · Issue #110 · cube-js\/cube.js",
                "title_link": "https:\/\/github.com\/cube-js\/cube.js\/issues\/110#issuecomment-499749640",
                "text": "It would be nice to be able to run cubejs in production mode without redis, especially when the datasets used are not massive.",
                "fallback": "GitHub: Add option to run in production without redis · Issue #110 · cube-js\/cube.js",
                "thumb_url": "https:\/\/avatars0.githubusercontent.com\/u\/52467369?s=400&v=4",
                "from_url": "https:\/\/github.com\/cube-js\/cube.js\/issues\/110#issuecomment-499749640",
                "thumb_width": 400,
                "thumb_height": 400,
                "service_icon": "https:\/\/a.slack-edge.com\/bfaba\/img\/unfurl_icons\/github.png",
                "id": 1,
                "original_url": "https:\/\/github.com\/cube-js\/cube.js\/issues\/110#issuecomment-499749640"
            }
        ],
        "thread_ts": "1564591058.066400",
        "parent_user_id": "UJ0TZSN6M"
    },
    {
        "client_msg_id": "f3679672-b66f-4545-95fe-fe1ec5f79b9f",
        "type": "message",
        "text": "<@ULKS069JN> Great to hear that! What's specifically you mean by 'no npm option'?",
        "user": "UC19HAUAK",
        "ts": "1565205006.123000",
        "team": "TC0C1HURK",
        "user_team": "TC0C1HURK",
        "source_team": "TC0C1HURK",
        "user_profile": {
            "avatar_hash": "066a042e018c",
            "image_72": "https:\/\/avatars.slack-edge.com\/2019-12-07\/866588520998_066a042e018ca831a195_72.png",
            "first_name": "Pavel",
            "real_name": "Pavel Tiunov",
            "display_name": "pavel",
            "team": "TC0C1HURK",
            "name": "pavel",
            "is_restricted": false,
            "is_ultra_restricted": false
        },
        "thread_ts": "1565185306.120900",
        "parent_user_id": "ULKS069JN"
    },
    {
        "client_msg_id": "e16dc7aa-5353-49dd-a9d2-9c10cc2fc294",
        "type": "message",
        "text": "we running idempiere java based ERP system. this is designed on JAVA using ZKOSS hml5 GUI. som we are coding everything in java.",
        "user": "ULKS069JN",
        "ts": "1565205068.123200",
        "team": "TC0C1HURK",
        "user_team": "TC0C1HURK",
        "source_team": "TC0C1HURK",
        "user_profile": {
            "avatar_hash": "b1fec10e8c15",
            "image_72": "https:\/\/avatars.slack-edge.com\/2019-11-13\/835478181030_b1fec10e8c15e04269cc_72.png",
            "first_name": "Norbert",
            "real_name": "Norbert Bede",
            "display_name": "Norbert Bede",
            "team": "TC0C1HURK",
            "name": "norbert.bede764",
            "is_restricted": false,
            "is_ultra_restricted": false
        },
        "thread_ts": "1565185306.120900",
        "parent_user_id": "ULKS069JN"
    },
    {
        "client_msg_id": "a06aa50a-9737-4bda-a4c4-00a9010e5d2b",
        "type": "message",
        "text": "i mean no nodejs installed inside naturally. so we cant install nodejs simple way on this OSGI karaf server",
        "user": "ULKS069JN",
        "ts": "1565205105.123400",
        "team": "TC0C1HURK",
        "user_team": "TC0C1HURK",
        "source_team": "TC0C1HURK",
        "user_profile": {
            "avatar_hash": "b1fec10e8c15",
            "image_72": "https:\/\/avatars.slack-edge.com\/2019-11-13\/835478181030_b1fec10e8c15e04269cc_72.png",
            "first_name": "Norbert",
            "real_name": "Norbert Bede",
            "display_name": "Norbert Bede",
            "team": "TC0C1HURK",
            "name": "norbert.bede764",
            "is_restricted": false,
            "is_ultra_restricted": false
        },
        "thread_ts": "1565185306.120900",
        "parent_user_id": "ULKS069JN"
    },
    {
        "client_msg_id": "2a64f1c4-7412-42ea-a821-d33b4a3ba72a",
        "type": "message",
        "text": "however whole idea is very interesting - so write own js dashlets and get preagregated data is cool. <@UC19HAUAK>",
        "user": "ULKS069JN",
        "ts": "1565205150.123600",
        "team": "TC0C1HURK",
        "user_team": "TC0C1HURK",
        "source_team": "TC0C1HURK",
        "user_profile": {
            "avatar_hash": "b1fec10e8c15",
            "image_72": "https:\/\/avatars.slack-edge.com\/2019-11-13\/835478181030_b1fec10e8c15e04269cc_72.png",
            "first_name": "Norbert",
            "real_name": "Norbert Bede",
            "display_name": "Norbert Bede",
            "team": "TC0C1HURK",
            "name": "norbert.bede764",
            "is_restricted": false,
            "is_ultra_restricted": false
        },
        "thread_ts": "1565185306.120900",
        "parent_user_id": "ULKS069JN"
    },
    {
        "client_msg_id": "987358e9-f9ff-4f29-89b4-179fc1272b44",
        "type": "message",
        "text": "i mean we are authenticated inside app then call from dashlets (vanilla js) to rest data source - getting from same data trough secure auth flow",
        "user": "ULKS069JN",
        "ts": "1565205229.123800",
        "team": "TC0C1HURK",
        "user_team": "TC0C1HURK",
        "source_team": "TC0C1HURK",
        "user_profile": {
            "avatar_hash": "b1fec10e8c15",
            "image_72": "https:\/\/avatars.slack-edge.com\/2019-11-13\/835478181030_b1fec10e8c15e04269cc_72.png",
            "first_name": "Norbert",
            "real_name": "Norbert Bede",
            "display_name": "Norbert Bede",
            "team": "TC0C1HURK",
            "name": "norbert.bede764",
            "is_restricted": false,
            "is_ultra_restricted": false
        },
        "thread_ts": "1565185306.120900",
        "parent_user_id": "ULKS069JN"
    },
    {
        "client_msg_id": "61cac8b6-cf87-4ecc-bf1e-d3276c100e33",
        "type": "message",
        "text": "<@ULKS069JN> I see. Do you run Cube.js backend server somewhere?",
        "user": "UC19HAUAK",
        "ts": "1565205271.124000",
        "team": "TC0C1HURK",
        "user_team": "TC0C1HURK",
        "source_team": "TC0C1HURK",
        "user_profile": {
            "avatar_hash": "066a042e018c",
            "image_72": "https:\/\/avatars.slack-edge.com\/2019-12-07\/866588520998_066a042e018ca831a195_72.png",
            "first_name": "Pavel",
            "real_name": "Pavel Tiunov",
            "display_name": "pavel",
            "team": "TC0C1HURK",
            "name": "pavel",
            "is_restricted": false,
            "is_ultra_restricted": false
        },
        "thread_ts": "1565185306.120900",
        "parent_user_id": "ULKS069JN"
    },
    {
        "client_msg_id": "adc51e02-a31b-4fcc-b973-82447c609736",
        "type": "message",
        "text": "<@UC19HAUAK> yes. on another server instance (ec2)",
        "user": "ULKS069JN",
        "ts": "1565205828.124200",
        "team": "TC0C1HURK",
        "user_team": "TC0C1HURK",
        "source_team": "TC0C1HURK",
        "user_profile": {
            "avatar_hash": "b1fec10e8c15",
            "image_72": "https:\/\/avatars.slack-edge.com\/2019-11-13\/835478181030_b1fec10e8c15e04269cc_72.png",
            "first_name": "Norbert",
            "real_name": "Norbert Bede",
            "display_name": "Norbert Bede",
            "team": "TC0C1HURK",
            "name": "norbert.bede764",
            "is_restricted": false,
            "is_ultra_restricted": false
        },
        "thread_ts": "1565185306.120900",
        "parent_user_id": "ULKS069JN"
    },
    {
        "client_msg_id": "b7f63fda-d8da-4377-93c3-0d0a08853606",
        "type": "message",
        "text": "<@UC19HAUAK> Would that work when using serverless functions?  I tried previously and the \"api\" function keeps executing Query Started, Missing cache, Continue Wait repeatedly.  The \"process\" function executes with \"Query cancelled in-flight\" each time.  I ran for 6 minutes, but it seems like this scenario is not supported with serverless.  I assume it needs state for the cache\/queue process to work.",
        "user": "ULD1RCPFF",
        "ts": "1565205951.124400",
        "team": "TC0C1HURK",
        "user_team": "TC0C1HURK",
        "source_team": "TC0C1HURK",
        "user_profile": {
            "avatar_hash": "g59412c4fe14",
            "image_72": "https:\/\/secure.gravatar.com\/avatar\/459412c4fe140c486be91b276053bc01.jpg?s=72&d=https%3A%2F%2Fa.slack-edge.com%2Fdf10d%2Fimg%2Favatars%2Fava_0011-72.png",
            "first_name": "",
            "real_name": "Scott Hietpas",
            "display_name": "Scott Hietpas",
            "team": "TC0C1HURK",
            "name": "scott.hietpas",
            "is_restricted": false,
            "is_ultra_restricted": false
        },
        "thread_ts": "1564591058.066400",
        "parent_user_id": "UJ0TZSN6M"
    },
    {
        "client_msg_id": "7968C70D-9F29-4E26-852F-EA43D186009D",
        "type": "message",
        "text": "<@ULD1RCPFF> Nope. Serverless functions are stateless. Redis is the only option for Serverless right now.",
        "user": "UC19HAUAK",
        "ts": "1565206656.125800",
        "team": "TC0C1HURK",
        "user_team": "TC0C1HURK",
        "source_team": "TC0C1HURK",
        "user_profile": {
            "avatar_hash": "066a042e018c",
            "image_72": "https:\/\/avatars.slack-edge.com\/2019-12-07\/866588520998_066a042e018ca831a195_72.png",
            "first_name": "Pavel",
            "real_name": "Pavel Tiunov",
            "display_name": "pavel",
            "team": "TC0C1HURK",
            "name": "pavel",
            "is_restricted": false,
            "is_ultra_restricted": false
        },
        "thread_ts": "1564591058.066400",
        "parent_user_id": "UJ0TZSN6M"
    },
    {
        "client_msg_id": "6A96C455-B180-43DF-8483-D5E684F51C3D",
        "type": "message",
        "text": "<@ULKS069JN> Makes sense. Sounds like by no npm solution you refer to micro service architecture which is what Cube.js designed for: main app is served by one server and analytics by another.",
        "user": "UC19HAUAK",
        "ts": "1565208064.128200",
        "team": "TC0C1HURK",
        "user_team": "TC0C1HURK",
        "source_team": "TC0C1HURK",
        "user_profile": {
            "avatar_hash": "066a042e018c",
            "image_72": "https:\/\/avatars.slack-edge.com\/2019-12-07\/866588520998_066a042e018ca831a195_72.png",
            "first_name": "Pavel",
            "real_name": "Pavel Tiunov",
            "display_name": "pavel",
            "team": "TC0C1HURK",
            "name": "pavel",
            "is_restricted": false,
            "is_ultra_restricted": false
        },
        "thread_ts": "1565185306.120900",
        "parent_user_id": "ULKS069JN"
    },
    {
        "type": "message",
        "subtype": "channel_join",
        "ts": "1565213302.128500",
        "user": "UM5KMD5B2",
        "text": "<@UM5KMD5B2> has joined the channel"
    }
]