[
    {
        "type": "message",
        "subtype": "channel_join",
        "ts": "1576743018.001600",
        "user": "URXP9CK3R",
        "text": "<@URXP9CK3R> has joined the channel"
    },
    {
        "type": "message",
        "subtype": "channel_join",
        "ts": "1576769281.001900",
        "user": "URHM1THNW",
        "text": "<@URHM1THNW> has joined the channel"
    },
    {
        "client_msg_id": "fb1cb8cb-721b-4eb1-825a-9d0f9582abce",
        "type": "message",
        "text": "Is there anything built-in to gracefully close the cubejs server's db connections on app shutdown?",
        "user": "UQV98J5M1",
        "ts": "1576773890.005100",
        "team": "TC0C1HURK",
        "user_team": "TC0C1HURK",
        "source_team": "TC0C1HURK",
        "user_profile": {
            "avatar_hash": "117613ce265a",
            "image_72": "https:\/\/avatars.slack-edge.com\/2019-12-05\/862064587488_117613ce265a35836f93_72.jpg",
            "first_name": "",
            "real_name": "Will Hausman",
            "display_name": "Will Hausman",
            "team": "TC0C1HURK",
            "name": "will.hausman",
            "is_restricted": false,
            "is_ultra_restricted": false
        },
        "edited": {
            "user": "UQV98J5M1",
            "ts": "1576773938.000000"
        },
        "blocks": [
            {
                "type": "rich_text",
                "block_id": "dGDEE",
                "elements": [
                    {
                        "type": "rich_text_section",
                        "elements": [
                            {
                                "type": "text",
                                "text": "Is there anything built-in to gracefully close the cubejs server's db connections on app shutdown?"
                            }
                        ]
                    }
                ]
            }
        ],
        "thread_ts": "1576773890.005100",
        "reply_count": 5,
        "reply_users_count": 2,
        "latest_reply": "1576794173.006800",
        "reply_users": [
            "UC19HAUAK",
            "UQV98J5M1"
        ],
        "replies": [
            {
                "user": "UC19HAUAK",
                "ts": "1576789281.005900"
            },
            {
                "user": "UQV98J5M1",
                "ts": "1576789376.006100"
            },
            {
                "user": "UC19HAUAK",
                "ts": "1576790190.006300"
            },
            {
                "user": "UQV98J5M1",
                "ts": "1576790364.006500"
            },
            {
                "user": "UC19HAUAK",
                "ts": "1576794173.006800"
            }
        ],
        "subscribed": false
    },
    {
        "client_msg_id": "b7e786e7-2c98-429a-a053-0dcc1974eabb",
        "type": "message",
        "text": "Hey <@UQV98J5M1>! Unfortunately no. There're methods only for http server shutdown. Most of drivers should gracefully shutdown if not used themselves. What DB do you use?",
        "user": "UC19HAUAK",
        "ts": "1576789281.005900",
        "team": "TC0C1HURK",
        "user_team": "TC0C1HURK",
        "source_team": "TC0C1HURK",
        "user_profile": {
            "avatar_hash": "066a042e018c",
            "image_72": "https:\/\/avatars.slack-edge.com\/2019-12-07\/866588520998_066a042e018ca831a195_72.png",
            "first_name": "Pavel",
            "real_name": "Pavel Tiunov",
            "display_name": "pavel",
            "team": "TC0C1HURK",
            "name": "pavel",
            "is_restricted": false,
            "is_ultra_restricted": false
        },
        "blocks": [
            {
                "type": "rich_text",
                "block_id": "HhBs",
                "elements": [
                    {
                        "type": "rich_text_section",
                        "elements": [
                            {
                                "type": "text",
                                "text": "Hey "
                            },
                            {
                                "type": "user",
                                "user_id": "UQV98J5M1"
                            },
                            {
                                "type": "text",
                                "text": "! Unfortunately no. There're methods only for http server shutdown. Most of drivers should gracefully shutdown if not used themselves. What DB do you use?"
                            }
                        ]
                    }
                ]
            }
        ],
        "thread_ts": "1576773890.005100",
        "parent_user_id": "UQV98J5M1"
    },
    {
        "client_msg_id": "ba6df157-b9fd-4be6-8df7-e35226fec918",
        "type": "message",
        "text": "I'm on Postgres. I see it's got a release() for releasing the pool, but it's never called that I can find.",
        "user": "UQV98J5M1",
        "ts": "1576789376.006100",
        "team": "TC0C1HURK",
        "user_team": "TC0C1HURK",
        "source_team": "TC0C1HURK",
        "user_profile": {
            "avatar_hash": "117613ce265a",
            "image_72": "https:\/\/avatars.slack-edge.com\/2019-12-05\/862064587488_117613ce265a35836f93_72.jpg",
            "first_name": "",
            "real_name": "Will Hausman",
            "display_name": "Will Hausman",
            "team": "TC0C1HURK",
            "name": "will.hausman",
            "is_restricted": false,
            "is_ultra_restricted": false
        },
        "blocks": [
            {
                "type": "rich_text",
                "block_id": "EIol2",
                "elements": [
                    {
                        "type": "rich_text_section",
                        "elements": [
                            {
                                "type": "text",
                                "text": "I'm on Postgres. I see it's got a release() for releasing the pool, but it's never called that I can find."
                            }
                        ]
                    }
                ]
            }
        ],
        "thread_ts": "1576773890.005100",
        "parent_user_id": "UQV98J5M1"
    },
    {
        "client_msg_id": "1a9ab913-249d-44c7-81d4-d490ab23d9cc",
        "type": "message",
        "text": "<@UQV98J5M1> Yeah. I believe it isn't called by server core. Only by CLI",
        "user": "UC19HAUAK",
        "ts": "1576790190.006300",
        "team": "TC0C1HURK",
        "user_team": "TC0C1HURK",
        "source_team": "TC0C1HURK",
        "user_profile": {
            "avatar_hash": "066a042e018c",
            "image_72": "https:\/\/avatars.slack-edge.com\/2019-12-07\/866588520998_066a042e018ca831a195_72.png",
            "first_name": "Pavel",
            "real_name": "Pavel Tiunov",
            "display_name": "pavel",
            "team": "TC0C1HURK",
            "name": "pavel",
            "is_restricted": false,
            "is_ultra_restricted": false
        },
        "blocks": [
            {
                "type": "rich_text",
                "block_id": "Ko2Lb",
                "elements": [
                    {
                        "type": "rich_text_section",
                        "elements": [
                            {
                                "type": "user",
                                "user_id": "UQV98J5M1"
                            },
                            {
                                "type": "text",
                                "text": " Yeah. I believe it isn't called by server core. Only by CLI"
                            }
                        ]
                    }
                ]
            }
        ],
        "thread_ts": "1576773890.005100",
        "parent_user_id": "UQV98J5M1"
    },
    {
        "client_msg_id": "83fab35d-8aeb-4626-969e-8fee6936d582",
        "type": "message",
        "text": "Ok. I just happened to be working on health checks, same as <https:\/\/github.com\/cube-js\/cube.js\/issues\/302|https:\/\/github.com\/cube-js\/cube.js\/issues\/302> so I guess I'll work on that with this",
        "user": "UQV98J5M1",
        "ts": "1576790364.006500",
        "team": "TC0C1HURK",
        "user_team": "TC0C1HURK",
        "source_team": "TC0C1HURK",
        "user_profile": {
            "avatar_hash": "117613ce265a",
            "image_72": "https:\/\/avatars.slack-edge.com\/2019-12-05\/862064587488_117613ce265a35836f93_72.jpg",
            "first_name": "",
            "real_name": "Will Hausman",
            "display_name": "Will Hausman",
            "team": "TC0C1HURK",
            "name": "will.hausman",
            "is_restricted": false,
            "is_ultra_restricted": false
        },
        "attachments": [
            {
                "service_name": "GitHub",
                "title": "How to add a new healthcheck to the cube server? · Issue #302 · cube-js\/cube.js",
                "title_link": "https:\/\/github.com\/cube-js\/cube.js\/issues\/302",
                "text": "I am trying to add a new \/health endpoint to my implementation of the cube js backend and i was wondering if there is a preferred method of doing that?",
                "fallback": "GitHub: How to add a new healthcheck to the cube server? · Issue #302 · cube-js\/cube.js",
                "thumb_url": "https:\/\/avatars0.githubusercontent.com\/u\/52467369?s=400&v=4",
                "from_url": "https:\/\/github.com\/cube-js\/cube.js\/issues\/302",
                "thumb_width": 400,
                "thumb_height": 400,
                "service_icon": "https:\/\/a.slack-edge.com\/80588\/img\/unfurl_icons\/github.png",
                "id": 1,
                "original_url": "https:\/\/github.com\/cube-js\/cube.js\/issues\/302"
            }
        ],
        "blocks": [
            {
                "type": "rich_text",
                "block_id": "RzsdC",
                "elements": [
                    {
                        "type": "rich_text_section",
                        "elements": [
                            {
                                "type": "text",
                                "text": "Ok. I just happened to be working on health checks, same as "
                            },
                            {
                                "type": "link",
                                "url": "https:\/\/github.com\/cube-js\/cube.js\/issues\/302",
                                "text": "https:\/\/github.com\/cube-js\/cube.js\/issues\/302"
                            },
                            {
                                "type": "text",
                                "text": " so I guess I'll work on that with this"
                            }
                        ]
                    }
                ]
            }
        ],
        "thread_ts": "1576773890.005100",
        "parent_user_id": "UQV98J5M1",
        "reactions": [
            {
                "name": "+1",
                "users": [
                    "UC19HAUAK"
                ],
                "count": 1
            }
        ]
    },
    {
        "client_msg_id": "76fb6ccd-10be-4469-955e-2028b1482067",
        "type": "message",
        "text": "Sounds good!",
        "user": "UC19HAUAK",
        "ts": "1576794173.006800",
        "team": "TC0C1HURK",
        "user_team": "TC0C1HURK",
        "source_team": "TC0C1HURK",
        "user_profile": {
            "avatar_hash": "066a042e018c",
            "image_72": "https:\/\/avatars.slack-edge.com\/2019-12-07\/866588520998_066a042e018ca831a195_72.png",
            "first_name": "Pavel",
            "real_name": "Pavel Tiunov",
            "display_name": "pavel",
            "team": "TC0C1HURK",
            "name": "pavel",
            "is_restricted": false,
            "is_ultra_restricted": false
        },
        "blocks": [
            {
                "type": "rich_text",
                "block_id": "M7IOg",
                "elements": [
                    {
                        "type": "rich_text_section",
                        "elements": [
                            {
                                "type": "text",
                                "text": "Sounds good!"
                            }
                        ]
                    }
                ]
            }
        ],
        "thread_ts": "1576773890.005100",
        "parent_user_id": "UQV98J5M1"
    },
    {
        "type": "message",
        "subtype": "channel_join",
        "ts": "1576794478.007200",
        "user": "URLT2LVRP",
        "text": "<@URLT2LVRP> has joined the channel"
    },
    {
        "type": "message",
        "subtype": "channel_join",
        "ts": "1576797845.007400",
        "user": "URZCZGJGN",
        "text": "<@URZCZGJGN> has joined the channel"
    },
    {
        "client_msg_id": "a0392849-e91a-4c72-99a8-e785b7ed17b8",
        "type": "message",
        "text": "Hello, everyone! I have a question: is there a way of setting up development environment of cubejs instead of installing ready-to-use npm package? I wanted to try to build something using cubejs with making changes in the source code.",
        "user": "ULPK5SZ0C",
        "ts": "1576822536.009700",
        "team": "TC0C1HURK",
        "user_team": "TC0C1HURK",
        "source_team": "TC0C1HURK",
        "user_profile": {
            "avatar_hash": "gdfc14dc2daa",
            "image_72": "https:\/\/secure.gravatar.com\/avatar\/edfc14dc2daaccfe2a0abc5c679e0828.jpg?s=72&d=https%3A%2F%2Fa.slack-edge.com%2Fdf10d%2Fimg%2Favatars%2Fava_0011-72.png",
            "first_name": "",
            "real_name": "Akylbek Salimzhanov",
            "display_name": "Akylbek Salimzhanov",
            "team": "TC0C1HURK",
            "name": "asalimzhanov",
            "is_restricted": false,
            "is_ultra_restricted": false
        },
        "blocks": [
            {
                "type": "rich_text",
                "block_id": "jvlvs",
                "elements": [
                    {
                        "type": "rich_text_section",
                        "elements": [
                            {
                                "type": "text",
                                "text": "Hello, everyone! I have a question: is there a way of setting up development environment of cubejs instead of installing ready-to-use npm package? I wanted to try to build something using cubejs with making changes in the source code."
                            }
                        ]
                    }
                ]
            }
        ],
        "thread_ts": "1576822536.009700",
        "reply_count": 2,
        "reply_users_count": 2,
        "latest_reply": "1576921477.017600",
        "reply_users": [
            "UC19HAUAK",
            "ULPK5SZ0C"
        ],
        "replies": [
            {
                "user": "UC19HAUAK",
                "ts": "1576893152.013300"
            },
            {
                "user": "ULPK5SZ0C",
                "ts": "1576921477.017600"
            }
        ],
        "subscribed": false
    },
    {
        "client_msg_id": "0f99adcb-1585-4c54-b22f-12f8d3844b1b",
        "type": "message",
        "text": "I can think of only one way for now: make an express application and try to port every module from cubejs npm package into my application. but i'm not sure is this a correct way to do it..",
        "user": "ULPK5SZ0C",
        "ts": "1576824389.011400",
        "team": "TC0C1HURK",
        "user_team": "TC0C1HURK",
        "source_team": "TC0C1HURK",
        "user_profile": {
            "avatar_hash": "gdfc14dc2daa",
            "image_72": "https:\/\/secure.gravatar.com\/avatar\/edfc14dc2daaccfe2a0abc5c679e0828.jpg?s=72&d=https%3A%2F%2Fa.slack-edge.com%2Fdf10d%2Fimg%2Favatars%2Fava_0011-72.png",
            "first_name": "",
            "real_name": "Akylbek Salimzhanov",
            "display_name": "Akylbek Salimzhanov",
            "team": "TC0C1HURK",
            "name": "asalimzhanov",
            "is_restricted": false,
            "is_ultra_restricted": false
        },
        "blocks": [
            {
                "type": "rich_text",
                "block_id": "hQDo",
                "elements": [
                    {
                        "type": "rich_text_section",
                        "elements": [
                            {
                                "type": "text",
                                "text": "I can think of only one way for now: make an express application and try to port every module from cubejs npm package into my application. but i'm not sure is this a correct way to do it.."
                            }
                        ]
                    }
                ]
            }
        ]
    }
]