[
    {
        "client_msg_id": "78235b93-e2dc-4ae4-af09-62d206302fa8",
        "type": "message",
        "text": "Another question I have - it is possible to simply define cubes as pure SQL?",
        "user": "UJX9GQBPE",
        "ts": "1558596898.191700",
        "team": "TC0C1HURK",
        "user_team": "TC0C1HURK",
        "source_team": "TC0C1HURK",
        "user_profile": {
            "avatar_hash": "a7485cc971d1",
            "image_72": "https:\/\/avatars.slack-edge.com\/2019-07-11\/685827260961_a7485cc971d182736cac_72.jpg",
            "first_name": "",
            "real_name": "Michael Manoochehri",
            "display_name": "Michael Manoochehri",
            "team": "TC0C1HURK",
            "name": "michael.manoochehri",
            "is_restricted": false,
            "is_ultra_restricted": false
        },
        "thread_ts": "1558596898.191700",
        "reply_count": 2,
        "reply_users_count": 2,
        "latest_reply": "1558626827.201200",
        "reply_users": [
            "UC19HAUAK",
            "UJX9GQBPE"
        ],
        "replies": [
            {
                "user": "UC19HAUAK",
                "ts": "1558610686.197900"
            },
            {
                "user": "UJX9GQBPE",
                "ts": "1558626827.201200"
            }
        ],
        "subscribed": false
    },
    {
        "type": "message",
        "subtype": "channel_join",
        "ts": "1558597686.191900",
        "user": "UJRG0GMDF",
        "text": "<@UJRG0GMDF> has joined the channel"
    },
    {
        "client_msg_id": "F9A87CA6-79CD-4285-B394-89408C9D9CCF",
        "type": "message",
        "text": "Hey <@UJX9GQBPE> ! Could you please try delete dashboard-app directory and try to create app again. If you get any errors could you please check output of your console?",
        "user": "UC19HAUAK",
        "ts": "1558610350.194100",
        "team": "TC0C1HURK",
        "user_team": "TC0C1HURK",
        "source_team": "TC0C1HURK",
        "user_profile": {
            "avatar_hash": "066a042e018c",
            "image_72": "https:\/\/avatars.slack-edge.com\/2019-12-07\/866588520998_066a042e018ca831a195_72.png",
            "first_name": "Pavel",
            "real_name": "Pavel Tiunov",
            "display_name": "pavel",
            "team": "TC0C1HURK",
            "name": "pavel",
            "is_restricted": false,
            "is_ultra_restricted": false
        },
        "thread_ts": "1558594021.191200",
        "parent_user_id": "UJX9GQBPE"
    },
    {
        "client_msg_id": "9926DCFB-44BB-4A1F-AC75-EEF06CD12921",
        "type": "message",
        "text": "<@UJX9GQBPE> Yep. You can. While it’s discouraged to do so because there a lot of cube.js optimizations which won’t work with this approach it still can be done. Just put your SQL in cube sql param and use number type for measures with appropriate sql in measure definitions.",
        "user": "UC19HAUAK",
        "ts": "1558610686.197900",
        "team": "TC0C1HURK",
        "user_team": "TC0C1HURK",
        "source_team": "TC0C1HURK",
        "user_profile": {
            "avatar_hash": "066a042e018c",
            "image_72": "https:\/\/avatars.slack-edge.com\/2019-12-07\/866588520998_066a042e018ca831a195_72.png",
            "first_name": "Pavel",
            "real_name": "Pavel Tiunov",
            "display_name": "pavel",
            "team": "TC0C1HURK",
            "name": "pavel",
            "is_restricted": false,
            "is_ultra_restricted": false
        },
        "thread_ts": "1558596898.191700",
        "parent_user_id": "UJX9GQBPE",
        "reactions": [
            {
                "name": "+1",
                "users": [
                    "UJX9GQBPE"
                ],
                "count": 1
            }
        ]
    },
    {
        "type": "message",
        "subtype": "channel_join",
        "ts": "1558617381.198300",
        "user": "UJRQPSC9X",
        "text": "<@UJRQPSC9X> has joined the channel"
    },
    {
        "client_msg_id": "6535acc3-d4a8-451a-8d83-fd0d19f08f0f",
        "type": "message",
        "text": "Hi everyone, i'm trying cubejs and i'm searching if it is possible to have one schema for multiple db. i mean we have one db per customer with same exact schema. Is this possible ?",
        "user": "UJRQPSC9X",
        "ts": "1558618709.200400",
        "team": "TC0C1HURK",
        "user_team": "TC0C1HURK",
        "source_team": "TC0C1HURK",
        "user_profile": {
            "avatar_hash": "ga4920030da5",
            "image_72": "https:\/\/secure.gravatar.com\/avatar\/3a4920030da53fc724aeb5419018b076.jpg?s=72&d=https%3A%2F%2Fa.slack-edge.com%2Fdf10d%2Fimg%2Favatars%2Fava_0018-72.png",
            "first_name": "",
            "real_name": "Thomas Lacrambe",
            "display_name": "Thomas Lacrambe",
            "team": "TC0C1HURK",
            "name": "thomas.lacrambe",
            "is_restricted": false,
            "is_ultra_restricted": false
        },
        "thread_ts": "1558618709.200400",
        "reply_count": 2,
        "reply_users_count": 2,
        "latest_reply": "1558629304.202500",
        "reply_users": [
            "UC19HAUAK",
            "UJRQPSC9X"
        ],
        "replies": [
            {
                "user": "UC19HAUAK",
                "ts": "1558628905.201500"
            },
            {
                "user": "UJRQPSC9X",
                "ts": "1558629304.202500"
            }
        ],
        "subscribed": false
    },
    {
        "client_msg_id": "dc5b5032-0416-457d-8b26-6ff51eb17db0",
        "type": "message",
        "text": "sure, so I am using a cubejs-client\/react component, QueryRenderer, and it occurs when I try to use \"contains\" as a filters operator:  ```          &lt;QueryRenderer\n            query={{\n              measures: [\"Events.uniqueSessionCount\"],\n              timeDimensions: [\n                {\n                  dimension: \"Events.starttime\"\n                }\n              ],\n              dimensions: [\"Events.action\"],\n              filters: [\n                {\n                  dimension: \"Events.action\",\n                  operator: \"contains\",\n                  values: [\"Question\"]\n                }\n              ]\n            }}\n            cubejsApi={cubejsApi}\n            render={renderChart(lineRender)}\n          \/&gt;```",
        "user": "UJK8Y0340",
        "ts": "1558622898.200500",
        "team": "TC0C1HURK",
        "user_team": "TC0C1HURK",
        "source_team": "TC0C1HURK",
        "user_profile": {
            "avatar_hash": "g14a08c9da83",
            "image_72": "https:\/\/secure.gravatar.com\/avatar\/f14a08c9da83650060426d34a7ba35f0.jpg?s=72&d=https%3A%2F%2Fa.slack-edge.com%2Fdf10d%2Fimg%2Favatars%2Fava_0004-72.png",
            "first_name": "",
            "real_name": "Antonia Blair",
            "display_name": "Antonia Blair",
            "team": "TC0C1HURK",
            "name": "antoniablair",
            "is_restricted": false,
            "is_ultra_restricted": false
        },
        "thread_ts": "1558561525.188500",
        "parent_user_id": "UJK8Y0340"
    },
    {
        "client_msg_id": "19a451b7-59e5-49f3-85f3-cfb7cfe4d692",
        "type": "message",
        "text": "Thanks <@UC19HAUAK>",
        "user": "UJX9GQBPE",
        "ts": "1558626776.200700",
        "team": "TC0C1HURK",
        "user_team": "TC0C1HURK",
        "source_team": "TC0C1HURK",
        "user_profile": {
            "avatar_hash": "a7485cc971d1",
            "image_72": "https:\/\/avatars.slack-edge.com\/2019-07-11\/685827260961_a7485cc971d182736cac_72.jpg",
            "first_name": "",
            "real_name": "Michael Manoochehri",
            "display_name": "Michael Manoochehri",
            "team": "TC0C1HURK",
            "name": "michael.manoochehri",
            "is_restricted": false,
            "is_ultra_restricted": false
        },
        "thread_ts": "1558594021.191200",
        "parent_user_id": "UJX9GQBPE"
    },
    {
        "client_msg_id": "2081febb-6688-4b6a-8425-a33cf31802a5",
        "type": "message",
        "text": "I actually deleted and recreated my package lock file and that seemed to help the issue!",
        "user": "UJX9GQBPE",
        "ts": "1558626801.200900",
        "team": "TC0C1HURK",
        "user_team": "TC0C1HURK",
        "source_team": "TC0C1HURK",
        "user_profile": {
            "avatar_hash": "a7485cc971d1",
            "image_72": "https:\/\/avatars.slack-edge.com\/2019-07-11\/685827260961_a7485cc971d182736cac_72.jpg",
            "first_name": "",
            "real_name": "Michael Manoochehri",
            "display_name": "Michael Manoochehri",
            "team": "TC0C1HURK",
            "name": "michael.manoochehri",
            "is_restricted": false,
            "is_ultra_restricted": false
        },
        "thread_ts": "1558594021.191200",
        "parent_user_id": "UJX9GQBPE",
        "reactions": [
            {
                "name": "+1",
                "users": [
                    "UC19HAUAK"
                ],
                "count": 1
            }
        ]
    },
    {
        "client_msg_id": "df9f1ecf-f426-4a3e-86b2-f699cbac8f59",
        "type": "message",
        "text": "Makes sense - appreciate it!",
        "user": "UJX9GQBPE",
        "ts": "1558626827.201200",
        "team": "TC0C1HURK",
        "user_team": "TC0C1HURK",
        "source_team": "TC0C1HURK",
        "user_profile": {
            "avatar_hash": "a7485cc971d1",
            "image_72": "https:\/\/avatars.slack-edge.com\/2019-07-11\/685827260961_a7485cc971d182736cac_72.jpg",
            "first_name": "",
            "real_name": "Michael Manoochehri",
            "display_name": "Michael Manoochehri",
            "team": "TC0C1HURK",
            "name": "michael.manoochehri",
            "is_restricted": false,
            "is_ultra_restricted": false
        },
        "thread_ts": "1558596898.191700",
        "parent_user_id": "UJX9GQBPE",
        "reactions": [
            {
                "name": "raised_hands",
                "users": [
                    "UC19HAUAK"
                ],
                "count": 1
            }
        ]
    },
    {
        "client_msg_id": "f572ba7c-0a39-4169-b965-5eb85088450f",
        "type": "message",
        "text": "Hey <@UJRQPSC9X>! Yes. You can. This documentation is pending but it's already implemented. More info here: <https:\/\/github.com\/statsbotco\/cube.js\/issues\/79#issuecomment-482972649>",
        "user": "UC19HAUAK",
        "ts": "1558628905.201500",
        "team": "TC0C1HURK",
        "user_team": "TC0C1HURK",
        "source_team": "TC0C1HURK",
        "user_profile": {
            "avatar_hash": "066a042e018c",
            "image_72": "https:\/\/avatars.slack-edge.com\/2019-12-07\/866588520998_066a042e018ca831a195_72.png",
            "first_name": "Pavel",
            "real_name": "Pavel Tiunov",
            "display_name": "pavel",
            "team": "TC0C1HURK",
            "name": "pavel",
            "is_restricted": false,
            "is_ultra_restricted": false
        },
        "attachments": [
            {
                "service_name": "GitHub",
                "title": "Support for multiple databases &amp; Database name specification at runtime · Issue #79 · statsbotco\/cube.js",
                "title_link": "https:\/\/github.com\/statsbotco\/cube.js\/issues\/79#issuecomment-482972649",
                "text": "Is your feature request related to a problem? Please describe. We provide analytics to healthcare professionals. Due to the sensitive nature of our clients&amp;#39; data, we have opted to separate each...",
                "fallback": "GitHub: Support for multiple databases &amp; Database name specification at runtime · Issue #79 · statsbotco\/cube.js",
                "thumb_url": "https:\/\/avatars3.githubusercontent.com\/u\/23642077?s=400&v=4",
                "from_url": "https:\/\/github.com\/statsbotco\/cube.js\/issues\/79#issuecomment-482972649",
                "thumb_width": 400,
                "thumb_height": 400,
                "service_icon": "https:\/\/a.slack-edge.com\/bfaba\/img\/unfurl_icons\/github.png",
                "id": 1,
                "original_url": "https:\/\/github.com\/statsbotco\/cube.js\/issues\/79#issuecomment-482972649"
            }
        ],
        "thread_ts": "1558618709.200400",
        "parent_user_id": "UJRQPSC9X"
    },
    {
        "client_msg_id": "9eca7e77-3b86-41cd-b41c-ea5418dcacb1",
        "type": "message",
        "text": "Hey <@UJK8Y0340>! Seems like it's just not implemented for MSSql dialect. Could you please create an issue on GitHub?",
        "user": "UC19HAUAK",
        "ts": "1558628985.201900",
        "team": "TC0C1HURK",
        "user_team": "TC0C1HURK",
        "source_team": "TC0C1HURK",
        "user_profile": {
            "avatar_hash": "066a042e018c",
            "image_72": "https:\/\/avatars.slack-edge.com\/2019-12-07\/866588520998_066a042e018ca831a195_72.png",
            "first_name": "Pavel",
            "real_name": "Pavel Tiunov",
            "display_name": "pavel",
            "team": "TC0C1HURK",
            "name": "pavel",
            "is_restricted": false,
            "is_ultra_restricted": false
        },
        "thread_ts": "1558561525.188500",
        "parent_user_id": "UJK8Y0340"
    },
    {
        "client_msg_id": "41b42ed9-0487-42c7-ad1c-b185a9059b54",
        "type": "message",
        "text": "sounds good, thanks!",
        "user": "UJK8Y0340",
        "ts": "1558629006.202100",
        "team": "TC0C1HURK",
        "user_team": "TC0C1HURK",
        "source_team": "TC0C1HURK",
        "user_profile": {
            "avatar_hash": "g14a08c9da83",
            "image_72": "https:\/\/secure.gravatar.com\/avatar\/f14a08c9da83650060426d34a7ba35f0.jpg?s=72&d=https%3A%2F%2Fa.slack-edge.com%2Fdf10d%2Fimg%2Favatars%2Fava_0004-72.png",
            "first_name": "",
            "real_name": "Antonia Blair",
            "display_name": "Antonia Blair",
            "team": "TC0C1HURK",
            "name": "antoniablair",
            "is_restricted": false,
            "is_ultra_restricted": false
        },
        "thread_ts": "1558561525.188500",
        "parent_user_id": "UJK8Y0340"
    },
    {
        "client_msg_id": "57a5ccf2-cb52-4c85-8761-aee5320cde4e",
        "type": "message",
        "text": "We'll fix it shortly.",
        "user": "UC19HAUAK",
        "ts": "1558629034.202300",
        "team": "TC0C1HURK",
        "user_team": "TC0C1HURK",
        "source_team": "TC0C1HURK",
        "user_profile": {
            "avatar_hash": "066a042e018c",
            "image_72": "https:\/\/avatars.slack-edge.com\/2019-12-07\/866588520998_066a042e018ca831a195_72.png",
            "first_name": "Pavel",
            "real_name": "Pavel Tiunov",
            "display_name": "pavel",
            "team": "TC0C1HURK",
            "name": "pavel",
            "is_restricted": false,
            "is_ultra_restricted": false
        },
        "thread_ts": "1558561525.188500",
        "parent_user_id": "UJK8Y0340",
        "reactions": [
            {
                "name": "raised_hands",
                "users": [
                    "UJK8Y0340"
                ],
                "count": 1
            }
        ]
    },
    {
        "client_msg_id": "6e4df924-cf08-4f0d-8d6c-dcf09354b598",
        "type": "message",
        "text": "oh awesome thx",
        "user": "UJRQPSC9X",
        "ts": "1558629304.202500",
        "team": "TC0C1HURK",
        "user_team": "TC0C1HURK",
        "source_team": "TC0C1HURK",
        "user_profile": {
            "avatar_hash": "ga4920030da5",
            "image_72": "https:\/\/secure.gravatar.com\/avatar\/3a4920030da53fc724aeb5419018b076.jpg?s=72&d=https%3A%2F%2Fa.slack-edge.com%2Fdf10d%2Fimg%2Favatars%2Fava_0018-72.png",
            "first_name": "",
            "real_name": "Thomas Lacrambe",
            "display_name": "Thomas Lacrambe",
            "team": "TC0C1HURK",
            "name": "thomas.lacrambe",
            "is_restricted": false,
            "is_ultra_restricted": false
        },
        "thread_ts": "1558618709.200400",
        "parent_user_id": "UJRQPSC9X",
        "reactions": [
            {
                "name": "raised_hands",
                "users": [
                    "UC19HAUAK"
                ],
                "count": 1
            }
        ]
    },
    {
        "type": "message",
        "subtype": "channel_join",
        "ts": "1558642919.203000",
        "user": "UJM86U9R9",
        "text": "<@UJM86U9R9> has joined the channel"
    },
    {
        "type": "message",
        "subtype": "channel_join",
        "ts": "1558648235.203200",
        "user": "UJMAQCB51",
        "text": "<@UJMAQCB51> has joined the channel"
    },
    {
        "type": "message",
        "subtype": "channel_join",
        "ts": "1558660269.203400",
        "user": "UJME8FKMH",
        "text": "<@UJME8FKMH> has joined the channel"
    },
    {
        "client_msg_id": "f7ffc06e-6c89-40e7-9d23-1a7a37e234af",
        "type": "message",
        "text": "hi everyone",
        "user": "UJME8FKMH",
        "ts": "1558660311.203600",
        "team": "TC0C1HURK",
        "user_team": "TC0C1HURK",
        "source_team": "TC0C1HURK",
        "user_profile": {
            "avatar_hash": "gdb4d4886f66",
            "image_72": "https:\/\/secure.gravatar.com\/avatar\/5db4d4886f66222694d315813615ac58.jpg?s=72&d=https%3A%2F%2Fa.slack-edge.com%2Fdf10d%2Fimg%2Favatars%2Fava_0018-72.png",
            "first_name": "",
            "real_name": "nicole",
            "display_name": "nicole",
            "team": "TC0C1HURK",
            "name": "nchoman",
            "is_restricted": false,
            "is_ultra_restricted": false
        }
    },
    {
        "client_msg_id": "6bf6078c-f554-4b44-a0c8-1b3864e4fbd0",
        "type": "message",
        "text": "is anyone able to help with an error?",
        "user": "UJME8FKMH",
        "ts": "1558660318.204000",
        "team": "TC0C1HURK",
        "user_team": "TC0C1HURK",
        "source_team": "TC0C1HURK",
        "user_profile": {
            "avatar_hash": "gdb4d4886f66",
            "image_72": "https:\/\/secure.gravatar.com\/avatar\/5db4d4886f66222694d315813615ac58.jpg?s=72&d=https%3A%2F%2Fa.slack-edge.com%2Fdf10d%2Fimg%2Favatars%2Fava_0018-72.png",
            "first_name": "",
            "real_name": "nicole",
            "display_name": "nicole",
            "team": "TC0C1HURK",
            "name": "nchoman",
            "is_restricted": false,
            "is_ultra_restricted": false
        }
    },
    {
        "client_msg_id": "61977fc2-119e-48f5-a065-bb8a191b862c",
        "type": "message",
        "text": "[root@lana tab]# cubejs create stores -d mysql\n- Creating project structure\n- Installing server dependencies\nnpm WARN deprecated joi@14.3.1: This module has moved and is now available at @hapi\/joi. Please update your dependencies as this version is no longer maintained an may contain bugs and security issues.\nnpm WARN deprecated topo@3.0.3: This module has moved and is now available at @hapi\/topo. Please update your dependencies as this version is no longer maintained an may contain bugs and security issues.\nnpm WARN deprecated hoek@6.1.3: This module has moved and is now available at @hapi\/hoek. Please update your dependencies as this version is no longer maintained an may contain bugs and security issues.\n\n&gt; core-js@2.6.8 postinstall \/home\/rocks\/public_html\/tab\/stores\/node_modules\/core-js\n&gt; node -e \"try { require('.\/scripts\/postinstall'); } catch (e) { \/* empty *\/ }\"\n\n\n\nCube.js Error ---------------------------------------\n\nError: npm install --save @cubejs-backend\/server failed with exit code 1\n    at ChildProcess.child.on.code (\/usr\/lib\/node_modules\/cubejs-cli\/cubejsCli.js:31:16)\n    at emitTwo (events.js:126:13)\n    at ChildProcess.emit (events.js:214:7)\n    at maybeClose (internal\/child_process.js:915:16)\n    at Process.ChildProcess._handle.onexit (internal\/child_process.js:209:5)\n\nNeed some help? -------------------------------------\n\n  Ask this question in Cube.js Slack: <https:\/\/cubejs-community.herokuapp.com>\n  Post an issue: <https:\/\/github.com\/statsbotco\/cube.js\/issues>",
        "user": "UJME8FKMH",
        "ts": "1558660324.204100",
        "team": "TC0C1HURK",
        "user_team": "TC0C1HURK",
        "source_team": "TC0C1HURK",
        "user_profile": {
            "avatar_hash": "gdb4d4886f66",
            "image_72": "https:\/\/secure.gravatar.com\/avatar\/5db4d4886f66222694d315813615ac58.jpg?s=72&d=https%3A%2F%2Fa.slack-edge.com%2Fdf10d%2Fimg%2Favatars%2Fava_0018-72.png",
            "first_name": "",
            "real_name": "nicole",
            "display_name": "nicole",
            "team": "TC0C1HURK",
            "name": "nchoman",
            "is_restricted": false,
            "is_ultra_restricted": false
        },
        "attachments": [
            {
                "service_name": "GitHub",
                "title": "statsbotco\/cube.js",
                "title_link": "https:\/\/github.com\/statsbotco\/cube.js\/issues",
                "text": ":bar_chart: Cube.js - Open Source Analytics Framework. Contribute to statsbotco\/cube.js development by creating an account on GitHub.",
                "fallback": "GitHub: statsbotco\/cube.js",
                "thumb_url": "https:\/\/avatars3.githubusercontent.com\/u\/23642077?s=400&v=4",
                "from_url": "https:\/\/github.com\/statsbotco\/cube.js\/issues",
                "thumb_width": 400,
                "thumb_height": 400,
                "service_icon": "https:\/\/a.slack-edge.com\/bfaba\/img\/unfurl_icons\/github.png",
                "id": 1,
                "original_url": "https:\/\/github.com\/statsbotco\/cube.js\/issues"
            }
        ],
        "thread_ts": "1558660324.204100",
        "reply_count": 1,
        "reply_users_count": 1,
        "latest_reply": "1558685698.000500",
        "reply_users": [
            "UC19HAUAK"
        ],
        "replies": [
            {
                "user": "UC19HAUAK",
                "ts": "1558685698.000500"
            }
        ],
        "subscribed": false
    },
    {
        "type": "message",
        "subtype": "channel_join",
        "ts": "1558676052.000200",
        "user": "UJZ19647J",
        "text": "<@UJZ19647J> has joined the channel"
    },
    {
        "type": "message",
        "subtype": "channel_join",
        "ts": "1558679164.000400",
        "user": "UK0SBG571",
        "text": "<@UK0SBG571> has joined the channel"
    }
]