[
    {
        "client_msg_id": "5875b744-e893-4973-9c25-e958ca3a5f8d",
        "type": "message",
        "text": "Congratulations to the CubeJS team!! I have been able to set up basic dashboard using CoreUI components with Cube JS and MongoDB BI. This happened in no time kudos for documenting it so well. Now that I move on to create more dashboards with complex queries I am kind of stuck. I have a document in Mongodb with nested json. Because of which multiple schemas are generated. Now how do I join these two tables? From documentation I see that \"join\" can be used for this purpose. But how will I get the primary key for doing this? In the schema generated using Playground there is no primary key generated.",
        "user": "ULG6G5KAB",
        "ts": "1563182305.293500",
        "team": "TC0C1HURK",
        "user_team": "TC0C1HURK",
        "source_team": "TC0C1HURK",
        "user_profile": {
            "avatar_hash": "g56db23ab766",
            "image_72": "https:\/\/secure.gravatar.com\/avatar\/e56db23ab7669f05bb0a290e87ae1048.jpg?s=72&d=https%3A%2F%2Fa.slack-edge.com%2Fdf10d%2Fimg%2Favatars%2Fava_0000-72.png",
            "first_name": "",
            "real_name": "Madhu Purohit",
            "display_name": "Madhu Purohit",
            "team": "TC0C1HURK",
            "name": "purohit.madhu",
            "is_restricted": false,
            "is_ultra_restricted": false
        },
        "thread_ts": "1563182305.293500",
        "reply_count": 3,
        "reply_users_count": 3,
        "latest_reply": "1563250852.298400",
        "reply_users": [
            "UL9MWTJF2",
            "UC19HAUAK",
            "ULG6G5KAB"
        ],
        "replies": [
            {
                "user": "UL9MWTJF2",
                "ts": "1563205582.297300"
            },
            {
                "user": "UC19HAUAK",
                "ts": "1563213369.297600"
            },
            {
                "user": "ULG6G5KAB",
                "ts": "1563250852.298400"
            }
        ],
        "subscribed": false
    },
    {
        "client_msg_id": "0b60fac9-dcd6-4478-8428-0f95132bdd11",
        "type": "message",
        "text": "Okay will do",
        "user": "UL9MWTJF2",
        "ts": "1563184077.293600",
        "team": "TC0C1HURK",
        "user_team": "TC0C1HURK",
        "source_team": "TC0C1HURK",
        "user_profile": {
            "avatar_hash": "6cc117512b5a",
            "image_72": "https:\/\/avatars.slack-edge.com\/2019-07-11\/684804674945_6cc117512b5af80ce0fd_72.png",
            "first_name": "Ilya",
            "real_name": "Ilya Trikoz",
            "display_name": "Ilya",
            "team": "TC0C1HURK",
            "name": "jleed",
            "is_restricted": false,
            "is_ultra_restricted": false
        },
        "thread_ts": "1562824038.258400",
        "parent_user_id": "UL9MWTJF2"
    },
    {
        "type": "message",
        "subtype": "channel_join",
        "ts": "1563189563.293900",
        "user": "UL35B6XK5",
        "text": "<@UL35B6XK5> has joined the channel"
    },
    {
        "client_msg_id": "adbacffc-7c0c-44c3-b421-8cc7563e150f",
        "type": "message",
        "text": "I do have a question regarding cubeJS being used with multiple data-sources",
        "user": "UL35B6XK5",
        "ts": "1563189645.294400",
        "team": "TC0C1HURK",
        "user_team": "TC0C1HURK",
        "source_team": "TC0C1HURK",
        "user_profile": {
            "avatar_hash": "g659e57bf111",
            "image_72": "https:\/\/secure.gravatar.com\/avatar\/9659e57bf111d7c35f247d664e61db39.jpg?s=72&d=https%3A%2F%2Fa.slack-edge.com%2Fdf10d%2Fimg%2Favatars%2Fava_0022-72.png",
            "first_name": "",
            "real_name": "Dhiraj Bhatt",
            "display_name": "Dhiraj Bhatt",
            "team": "TC0C1HURK",
            "name": "dhirajbhatt",
            "is_restricted": false,
            "is_ultra_restricted": false
        }
    },
    {
        "client_msg_id": "9be55c51-9858-4a0b-b53d-df59e4961b1f",
        "type": "message",
        "text": "There isn't really a way to host my own front-end using the CubeJS Backend, and create a nice BI.",
        "user": "UL35B6XK5",
        "ts": "1563189689.295100",
        "team": "TC0C1HURK",
        "user_team": "TC0C1HURK",
        "source_team": "TC0C1HURK",
        "user_profile": {
            "avatar_hash": "g659e57bf111",
            "image_72": "https:\/\/secure.gravatar.com\/avatar\/9659e57bf111d7c35f247d664e61db39.jpg?s=72&d=https%3A%2F%2Fa.slack-edge.com%2Fdf10d%2Fimg%2Favatars%2Fava_0022-72.png",
            "first_name": "",
            "real_name": "Dhiraj Bhatt",
            "display_name": "Dhiraj Bhatt",
            "team": "TC0C1HURK",
            "name": "dhirajbhatt",
            "is_restricted": false,
            "is_ultra_restricted": false
        },
        "thread_ts": "1563189689.295100",
        "reply_count": 2,
        "reply_users_count": 1,
        "latest_reply": "1563213598.298000",
        "reply_users": [
            "UC19HAUAK"
        ],
        "replies": [
            {
                "user": "UC19HAUAK",
                "ts": "1563213580.297800"
            },
            {
                "user": "UC19HAUAK",
                "ts": "1563213598.298000"
            }
        ],
        "subscribed": false
    },
    {
        "client_msg_id": "ceec7be7-f63d-469a-bf77-44422fb14b25",
        "type": "message",
        "text": "Problem statement: How do I keep adding multiple data-sources (databases) without having to restart the entire app,",
        "user": "UL35B6XK5",
        "ts": "1563189713.295700",
        "team": "TC0C1HURK",
        "user_team": "TC0C1HURK",
        "source_team": "TC0C1HURK",
        "user_profile": {
            "avatar_hash": "g659e57bf111",
            "image_72": "https:\/\/secure.gravatar.com\/avatar\/9659e57bf111d7c35f247d664e61db39.jpg?s=72&d=https%3A%2F%2Fa.slack-edge.com%2Fdf10d%2Fimg%2Favatars%2Fava_0022-72.png",
            "first_name": "",
            "real_name": "Dhiraj Bhatt",
            "display_name": "Dhiraj Bhatt",
            "team": "TC0C1HURK",
            "name": "dhirajbhatt",
            "is_restricted": false,
            "is_ultra_restricted": false
        }
    },
    {
        "client_msg_id": "4deb6353-35e6-4637-9856-248b7e3e831d",
        "type": "message",
        "text": "Also, if say we add 50 data-sources across multiple databases, it would mean starting multiple instances, thus consuming a lot of hardware resources",
        "user": "UL35B6XK5",
        "ts": "1563189761.296700",
        "team": "TC0C1HURK",
        "user_team": "TC0C1HURK",
        "source_team": "TC0C1HURK",
        "user_profile": {
            "avatar_hash": "g659e57bf111",
            "image_72": "https:\/\/secure.gravatar.com\/avatar\/9659e57bf111d7c35f247d664e61db39.jpg?s=72&d=https%3A%2F%2Fa.slack-edge.com%2Fdf10d%2Fimg%2Favatars%2Fava_0022-72.png",
            "first_name": "",
            "real_name": "Dhiraj Bhatt",
            "display_name": "Dhiraj Bhatt",
            "team": "TC0C1HURK",
            "name": "dhirajbhatt",
            "is_restricted": false,
            "is_ultra_restricted": false
        },
        "thread_ts": "1563189761.296700",
        "reply_count": 1,
        "reply_users_count": 1,
        "latest_reply": "1563213708.298200",
        "reply_users": [
            "UC19HAUAK"
        ],
        "replies": [
            {
                "user": "UC19HAUAK",
                "ts": "1563213708.298200"
            }
        ],
        "subscribed": false
    },
    {
        "client_msg_id": "d828339a-ee7f-4084-b221-fbec01a1c97f",
        "type": "message",
        "text": "?",
        "user": "UL35B6XK5",
        "ts": "1563193591.296900",
        "team": "TC0C1HURK",
        "user_team": "TC0C1HURK",
        "source_team": "TC0C1HURK",
        "user_profile": {
            "avatar_hash": "g659e57bf111",
            "image_72": "https:\/\/secure.gravatar.com\/avatar\/9659e57bf111d7c35f247d664e61db39.jpg?s=72&d=https%3A%2F%2Fa.slack-edge.com%2Fdf10d%2Fimg%2Favatars%2Fava_0022-72.png",
            "first_name": "",
            "real_name": "Dhiraj Bhatt",
            "display_name": "Dhiraj Bhatt",
            "team": "TC0C1HURK",
            "name": "dhirajbhatt",
            "is_restricted": false,
            "is_ultra_restricted": false
        }
    },
    {
        "client_msg_id": "55886b35-9dd2-4f6e-8c90-0e211c2007cf",
        "type": "message",
        "text": "Actually you may not have really primaryKey in database, just say schema you have one for join",
        "user": "UL9MWTJF2",
        "ts": "1563205582.297300",
        "team": "TC0C1HURK",
        "user_team": "TC0C1HURK",
        "source_team": "TC0C1HURK",
        "user_profile": {
            "avatar_hash": "6cc117512b5a",
            "image_72": "https:\/\/avatars.slack-edge.com\/2019-07-11\/684804674945_6cc117512b5af80ce0fd_72.png",
            "first_name": "Ilya",
            "real_name": "Ilya Trikoz",
            "display_name": "Ilya",
            "team": "TC0C1HURK",
            "name": "jleed",
            "is_restricted": false,
            "is_ultra_restricted": false
        },
        "thread_ts": "1563182305.293500",
        "parent_user_id": "ULG6G5KAB",
        "reactions": [
            {
                "name": "+1",
                "users": [
                    "UC19HAUAK"
                ],
                "count": 1
            }
        ]
    },
    {
        "client_msg_id": "7a1d9aa4-aa71-4db1-8f9e-94d84f3099dc",
        "type": "message",
        "text": "Hey <@ULG6G5KAB>! You can add primaryKey manually to your schema: <https:\/\/cube.dev\/docs\/dimensions#parameters-primary-key>",
        "user": "UC19HAUAK",
        "ts": "1563213369.297600",
        "team": "TC0C1HURK",
        "user_team": "TC0C1HURK",
        "source_team": "TC0C1HURK",
        "user_profile": {
            "avatar_hash": "066a042e018c",
            "image_72": "https:\/\/avatars.slack-edge.com\/2019-12-07\/866588520998_066a042e018ca831a195_72.png",
            "first_name": "Pavel",
            "real_name": "Pavel Tiunov",
            "display_name": "pavel",
            "team": "TC0C1HURK",
            "name": "pavel",
            "is_restricted": false,
            "is_ultra_restricted": false
        },
        "thread_ts": "1563182305.293500",
        "parent_user_id": "ULG6G5KAB"
    },
    {
        "client_msg_id": "753b609a-5f45-4194-a814-920e504add84",
        "type": "message",
        "text": "Hey <@UL35B6XK5>! Actually there's a way: <https:\/\/cube.dev\/docs\/multitenancy-setup#example>. So as cube.js server sees new appId it'll create new connection and schema for it.",
        "user": "UC19HAUAK",
        "ts": "1563213580.297800",
        "team": "TC0C1HURK",
        "user_team": "TC0C1HURK",
        "source_team": "TC0C1HURK",
        "user_profile": {
            "avatar_hash": "066a042e018c",
            "image_72": "https:\/\/avatars.slack-edge.com\/2019-12-07\/866588520998_066a042e018ca831a195_72.png",
            "first_name": "Pavel",
            "real_name": "Pavel Tiunov",
            "display_name": "pavel",
            "team": "TC0C1HURK",
            "name": "pavel",
            "is_restricted": false,
            "is_ultra_restricted": false
        },
        "thread_ts": "1563189689.295100",
        "parent_user_id": "UL35B6XK5"
    },
    {
        "client_msg_id": "77f612f5-9ce1-4c93-ac70-f25990130b77",
        "type": "message",
        "text": "And it without restarting an app.",
        "user": "UC19HAUAK",
        "ts": "1563213598.298000",
        "team": "TC0C1HURK",
        "user_team": "TC0C1HURK",
        "source_team": "TC0C1HURK",
        "user_profile": {
            "avatar_hash": "066a042e018c",
            "image_72": "https:\/\/avatars.slack-edge.com\/2019-12-07\/866588520998_066a042e018ca831a195_72.png",
            "first_name": "Pavel",
            "real_name": "Pavel Tiunov",
            "display_name": "pavel",
            "team": "TC0C1HURK",
            "name": "pavel",
            "is_restricted": false,
            "is_ultra_restricted": false
        },
        "thread_ts": "1563189689.295100",
        "parent_user_id": "UL35B6XK5"
    },
    {
        "client_msg_id": "c92c05a1-d6cc-4646-9f75-3f0aff6bb166",
        "type": "message",
        "text": "Cube.js multitenancy proven to handle over 100 distinct tenants per 1 Node.js process in production deployments. So I think it should work. If you need more than that you should consider clustering your Node.js processes.",
        "user": "UC19HAUAK",
        "ts": "1563213708.298200",
        "team": "TC0C1HURK",
        "user_team": "TC0C1HURK",
        "source_team": "TC0C1HURK",
        "user_profile": {
            "avatar_hash": "066a042e018c",
            "image_72": "https:\/\/avatars.slack-edge.com\/2019-12-07\/866588520998_066a042e018ca831a195_72.png",
            "first_name": "Pavel",
            "real_name": "Pavel Tiunov",
            "display_name": "pavel",
            "team": "TC0C1HURK",
            "name": "pavel",
            "is_restricted": false,
            "is_ultra_restricted": false
        },
        "thread_ts": "1563189761.296700",
        "parent_user_id": "UL35B6XK5"
    },
    {
        "client_msg_id": "ab4dc2d2-ffca-4f02-a424-1dc55ca6e2fc",
        "type": "message",
        "text": "I have Id field, yes it works fine. I thought I am not supposed to add manually to the dimensions. Thanks",
        "user": "ULG6G5KAB",
        "ts": "1563250852.298400",
        "team": "TC0C1HURK",
        "user_team": "TC0C1HURK",
        "source_team": "TC0C1HURK",
        "user_profile": {
            "avatar_hash": "g56db23ab766",
            "image_72": "https:\/\/secure.gravatar.com\/avatar\/e56db23ab7669f05bb0a290e87ae1048.jpg?s=72&d=https%3A%2F%2Fa.slack-edge.com%2Fdf10d%2Fimg%2Favatars%2Fava_0000-72.png",
            "first_name": "",
            "real_name": "Madhu Purohit",
            "display_name": "Madhu Purohit",
            "team": "TC0C1HURK",
            "name": "purohit.madhu",
            "is_restricted": false,
            "is_ultra_restricted": false
        },
        "thread_ts": "1563182305.293500",
        "parent_user_id": "ULG6G5KAB",
        "reactions": [
            {
                "name": "raised_hands",
                "users": [
                    "UC19HAUAK"
                ],
                "count": 1
            }
        ]
    }
]