[
    {
        "client_msg_id": "44ff96d7-328b-403f-ba67-0029a8ca456e",
        "type": "message",
        "text": "Hey <@UHS8U57RN>! Thanks for warm feedback! Here's how you can do it:\n```\njoins: {\n  table2: {\n    sql: `{table1}.pk = {table2}.pk and {table2}.isValid = true`,\n    relationship: `hasOne`\n  }\n}\n```\nHere's a doc on it: <https:\/\/cube.dev\/docs\/joins>",
        "user": "UC19HAUAK",
        "ts": "1554977239.056300",
        "team": "TC0C1HURK",
        "user_team": "TC0C1HURK",
        "source_team": "TC0C1HURK",
        "user_profile": {
            "avatar_hash": "066a042e018c",
            "image_72": "https:\/\/avatars.slack-edge.com\/2019-12-07\/866588520998_066a042e018ca831a195_72.png",
            "first_name": "Pavel",
            "real_name": "Pavel Tiunov",
            "display_name": "pavel",
            "team": "TC0C1HURK",
            "name": "pavel",
            "is_restricted": false,
            "is_ultra_restricted": false
        },
        "thread_ts": "1554929542.055600",
        "parent_user_id": "UHS8U57RN"
    },
    {
        "client_msg_id": "4107ce90-acc3-420c-a75b-adf2d8fe8303",
        "type": "message",
        "text": "Hey <@UHDMV5066>! Interesting. Could you please send log output of your server console?",
        "user": "UC19HAUAK",
        "ts": "1554977284.056500",
        "team": "TC0C1HURK",
        "user_team": "TC0C1HURK",
        "source_team": "TC0C1HURK",
        "user_profile": {
            "avatar_hash": "066a042e018c",
            "image_72": "https:\/\/avatars.slack-edge.com\/2019-12-07\/866588520998_066a042e018ca831a195_72.png",
            "first_name": "Pavel",
            "real_name": "Pavel Tiunov",
            "display_name": "pavel",
            "team": "TC0C1HURK",
            "name": "pavel",
            "is_restricted": false,
            "is_ultra_restricted": false
        },
        "thread_ts": "1554947468.055900",
        "parent_user_id": "UHDMV5066"
    },
    {
        "client_msg_id": "572d72ef-abaa-45d0-8d39-0d4421d93c81",
        "type": "message",
        "text": "Seems like dev server exited unexpectedly.",
        "user": "UC19HAUAK",
        "ts": "1554977311.056700",
        "team": "TC0C1HURK",
        "user_team": "TC0C1HURK",
        "source_team": "TC0C1HURK",
        "user_profile": {
            "avatar_hash": "066a042e018c",
            "image_72": "https:\/\/avatars.slack-edge.com\/2019-12-07\/866588520998_066a042e018ca831a195_72.png",
            "first_name": "Pavel",
            "real_name": "Pavel Tiunov",
            "display_name": "pavel",
            "team": "TC0C1HURK",
            "name": "pavel",
            "is_restricted": false,
            "is_ultra_restricted": false
        },
        "thread_ts": "1554947468.055900",
        "parent_user_id": "UHDMV5066"
    },
    {
        "type": "message",
        "text": "it’s here.",
        "files": [
            {
                "id": "FHWUC0JQN",
                "created": 1554977533,
                "timestamp": 1554977533,
                "name": "image.png",
                "title": "Pasted image at 2019-04-11, 7:42 PM",
                "mimetype": "image\/png",
                "filetype": "png",
                "pretty_type": "PNG",
                "user": "UHDMV5066",
                "editable": false,
                "size": 131646,
                "mode": "hosted",
                "is_external": false,
                "external_type": "",
                "is_public": true,
                "public_url_shared": false,
                "display_as_bot": false,
                "username": "",
                "url_private": "https:\/\/files.slack.com\/files-pri\/TC0C1HURK-FHWUC0JQN\/image.png?t=xoxe-408409606869-1300049925941-1294691254950-5e5ba619551397a2daf3223fc6c48b4a",
                "url_private_download": "https:\/\/files.slack.com\/files-pri\/TC0C1HURK-FHWUC0JQN\/download\/image.png?t=xoxe-408409606869-1300049925941-1294691254950-5e5ba619551397a2daf3223fc6c48b4a",
                "thumb_64": "https:\/\/files.slack.com\/files-tmb\/TC0C1HURK-FHWUC0JQN-e1c37f5616\/image_64.png?t=xoxe-408409606869-1300049925941-1294691254950-5e5ba619551397a2daf3223fc6c48b4a",
                "thumb_80": "https:\/\/files.slack.com\/files-tmb\/TC0C1HURK-FHWUC0JQN-e1c37f5616\/image_80.png?t=xoxe-408409606869-1300049925941-1294691254950-5e5ba619551397a2daf3223fc6c48b4a",
                "thumb_360": "https:\/\/files.slack.com\/files-tmb\/TC0C1HURK-FHWUC0JQN-e1c37f5616\/image_360.png?t=xoxe-408409606869-1300049925941-1294691254950-5e5ba619551397a2daf3223fc6c48b4a",
                "thumb_360_w": 360,
                "thumb_360_h": 58,
                "thumb_480": "https:\/\/files.slack.com\/files-tmb\/TC0C1HURK-FHWUC0JQN-e1c37f5616\/image_480.png?t=xoxe-408409606869-1300049925941-1294691254950-5e5ba619551397a2daf3223fc6c48b4a",
                "thumb_480_w": 480,
                "thumb_480_h": 78,
                "thumb_160": "https:\/\/files.slack.com\/files-tmb\/TC0C1HURK-FHWUC0JQN-e1c37f5616\/image_160.png?t=xoxe-408409606869-1300049925941-1294691254950-5e5ba619551397a2daf3223fc6c48b4a",
                "thumb_720": "https:\/\/files.slack.com\/files-tmb\/TC0C1HURK-FHWUC0JQN-e1c37f5616\/image_720.png?t=xoxe-408409606869-1300049925941-1294691254950-5e5ba619551397a2daf3223fc6c48b4a",
                "thumb_720_w": 720,
                "thumb_720_h": 117,
                "thumb_800": "https:\/\/files.slack.com\/files-tmb\/TC0C1HURK-FHWUC0JQN-e1c37f5616\/image_800.png?t=xoxe-408409606869-1300049925941-1294691254950-5e5ba619551397a2daf3223fc6c48b4a",
                "thumb_800_w": 800,
                "thumb_800_h": 130,
                "thumb_960": "https:\/\/files.slack.com\/files-tmb\/TC0C1HURK-FHWUC0JQN-e1c37f5616\/image_960.png?t=xoxe-408409606869-1300049925941-1294691254950-5e5ba619551397a2daf3223fc6c48b4a",
                "thumb_960_w": 960,
                "thumb_960_h": 156,
                "thumb_1024": "https:\/\/files.slack.com\/files-tmb\/TC0C1HURK-FHWUC0JQN-e1c37f5616\/image_1024.png?t=xoxe-408409606869-1300049925941-1294691254950-5e5ba619551397a2daf3223fc6c48b4a",
                "thumb_1024_w": 1024,
                "thumb_1024_h": 166,
                "image_exif_rotation": 1,
                "original_w": 2748,
                "original_h": 446,
                "permalink": "https:\/\/cube-js.slack.com\/files\/UHDMV5066\/FHWUC0JQN\/image.png",
                "permalink_public": "https:\/\/slack-files.com\/TC0C1HURK-FHWUC0JQN-68b7e4f3b1",
                "is_starred": false,
                "has_rich_preview": false
            }
        ],
        "upload": true,
        "user": "UHDMV5066",
        "display_as_bot": false,
        "ts": "1554977536.056900",
        "client_msg_id": "57662eb8-e9cf-45ef-bbf3-dfd03035bdaf",
        "thread_ts": "1554947468.055900",
        "parent_user_id": "UHDMV5066"
    },
    {
        "client_msg_id": "084dde77-950b-4a97-8b40-9b64d5fbfb75",
        "type": "message",
        "text": "seems working fine.",
        "user": "UHDMV5066",
        "ts": "1554977565.057300",
        "team": "TC0C1HURK",
        "user_team": "TC0C1HURK",
        "source_team": "TC0C1HURK",
        "user_profile": {
            "avatar_hash": "ge66539bd3fc",
            "image_72": "https:\/\/secure.gravatar.com\/avatar\/6e66539bd3fcf3e310e988493cf9f8ca.jpg?s=72&d=https%3A%2F%2Fa.slack-edge.com%2Fdf10d%2Fimg%2Favatars%2Fava_0002-72.png",
            "first_name": "",
            "real_name": "Xiang Tan",
            "display_name": "",
            "team": "TC0C1HURK",
            "name": "xiang.tan",
            "is_restricted": false,
            "is_ultra_restricted": false
        },
        "thread_ts": "1554947468.055900",
        "parent_user_id": "UHDMV5066"
    },
    {
        "client_msg_id": "785126de-9d23-48e6-82bb-caf6976e72bd",
        "type": "message",
        "text": "<@UHDMV5066> Very interesting. And if you go directly to <http:\/\/localhost:4000> it gives you this Network request failed error without any action?",
        "user": "UC19HAUAK",
        "ts": "1554978001.057500",
        "team": "TC0C1HURK",
        "user_team": "TC0C1HURK",
        "source_team": "TC0C1HURK",
        "user_profile": {
            "avatar_hash": "066a042e018c",
            "image_72": "https:\/\/avatars.slack-edge.com\/2019-12-07\/866588520998_066a042e018ca831a195_72.png",
            "first_name": "Pavel",
            "real_name": "Pavel Tiunov",
            "display_name": "pavel",
            "team": "TC0C1HURK",
            "name": "pavel",
            "is_restricted": false,
            "is_ultra_restricted": false
        },
        "thread_ts": "1554947468.055900",
        "parent_user_id": "UHDMV5066"
    },
    {
        "type": "message",
        "text": "It’s here from the chrome console.",
        "files": [
            {
                "id": "FHFN63E0J",
                "created": 1554981479,
                "timestamp": 1554981479,
                "name": "image.png",
                "title": "Pasted image at 2019-04-11, 8:47 PM",
                "mimetype": "image\/png",
                "filetype": "png",
                "pretty_type": "PNG",
                "user": "UHDMV5066",
                "editable": false,
                "size": 820071,
                "mode": "hosted",
                "is_external": false,
                "external_type": "",
                "is_public": true,
                "public_url_shared": false,
                "display_as_bot": false,
                "username": "",
                "url_private": "https:\/\/files.slack.com\/files-pri\/TC0C1HURK-FHFN63E0J\/image.png?t=xoxe-408409606869-1300049925941-1294691254950-5e5ba619551397a2daf3223fc6c48b4a",
                "url_private_download": "https:\/\/files.slack.com\/files-pri\/TC0C1HURK-FHFN63E0J\/download\/image.png?t=xoxe-408409606869-1300049925941-1294691254950-5e5ba619551397a2daf3223fc6c48b4a",
                "thumb_64": "https:\/\/files.slack.com\/files-tmb\/TC0C1HURK-FHFN63E0J-eb46a6d245\/image_64.png?t=xoxe-408409606869-1300049925941-1294691254950-5e5ba619551397a2daf3223fc6c48b4a",
                "thumb_80": "https:\/\/files.slack.com\/files-tmb\/TC0C1HURK-FHFN63E0J-eb46a6d245\/image_80.png?t=xoxe-408409606869-1300049925941-1294691254950-5e5ba619551397a2daf3223fc6c48b4a",
                "thumb_360": "https:\/\/files.slack.com\/files-tmb\/TC0C1HURK-FHFN63E0J-eb46a6d245\/image_360.png?t=xoxe-408409606869-1300049925941-1294691254950-5e5ba619551397a2daf3223fc6c48b4a",
                "thumb_360_w": 360,
                "thumb_360_h": 200,
                "thumb_480": "https:\/\/files.slack.com\/files-tmb\/TC0C1HURK-FHFN63E0J-eb46a6d245\/image_480.png?t=xoxe-408409606869-1300049925941-1294691254950-5e5ba619551397a2daf3223fc6c48b4a",
                "thumb_480_w": 480,
                "thumb_480_h": 266,
                "thumb_160": "https:\/\/files.slack.com\/files-tmb\/TC0C1HURK-FHFN63E0J-eb46a6d245\/image_160.png?t=xoxe-408409606869-1300049925941-1294691254950-5e5ba619551397a2daf3223fc6c48b4a",
                "thumb_720": "https:\/\/files.slack.com\/files-tmb\/TC0C1HURK-FHFN63E0J-eb46a6d245\/image_720.png?t=xoxe-408409606869-1300049925941-1294691254950-5e5ba619551397a2daf3223fc6c48b4a",
                "thumb_720_w": 720,
                "thumb_720_h": 400,
                "thumb_800": "https:\/\/files.slack.com\/files-tmb\/TC0C1HURK-FHFN63E0J-eb46a6d245\/image_800.png?t=xoxe-408409606869-1300049925941-1294691254950-5e5ba619551397a2daf3223fc6c48b4a",
                "thumb_800_w": 800,
                "thumb_800_h": 444,
                "thumb_960": "https:\/\/files.slack.com\/files-tmb\/TC0C1HURK-FHFN63E0J-eb46a6d245\/image_960.png?t=xoxe-408409606869-1300049925941-1294691254950-5e5ba619551397a2daf3223fc6c48b4a",
                "thumb_960_w": 960,
                "thumb_960_h": 533,
                "thumb_1024": "https:\/\/files.slack.com\/files-tmb\/TC0C1HURK-FHFN63E0J-eb46a6d245\/image_1024.png?t=xoxe-408409606869-1300049925941-1294691254950-5e5ba619551397a2daf3223fc6c48b4a",
                "thumb_1024_w": 1024,
                "thumb_1024_h": 568,
                "image_exif_rotation": 1,
                "original_w": 3034,
                "original_h": 1684,
                "permalink": "https:\/\/cube-js.slack.com\/files\/UHDMV5066\/FHFN63E0J\/image.png",
                "permalink_public": "https:\/\/slack-files.com\/TC0C1HURK-FHFN63E0J-7730d7be22",
                "is_starred": false,
                "has_rich_preview": false
            }
        ],
        "upload": true,
        "user": "UHDMV5066",
        "display_as_bot": false,
        "ts": "1554981483.057700",
        "client_msg_id": "237cc7d2-4f2e-45b6-b18a-a05fb024449e",
        "thread_ts": "1554947468.055900",
        "parent_user_id": "UHDMV5066"
    },
    {
        "type": "message",
        "subtype": "channel_join",
        "ts": "1554982171.058200",
        "user": "UHT5D121W",
        "text": "<@UHT5D121W> has joined the channel"
    },
    {
        "client_msg_id": "c8727b9b-826b-4f1f-a0c9-7f0b27bbad18",
        "type": "message",
        "text": "<@UHDMV5066> I see. Any special network rules? Seems like it's ubuntu: do you have `localhost` alias defined?",
        "user": "UC19HAUAK",
        "ts": "1554982481.058300",
        "team": "TC0C1HURK",
        "user_team": "TC0C1HURK",
        "source_team": "TC0C1HURK",
        "user_profile": {
            "avatar_hash": "066a042e018c",
            "image_72": "https:\/\/avatars.slack-edge.com\/2019-12-07\/866588520998_066a042e018ca831a195_72.png",
            "first_name": "Pavel",
            "real_name": "Pavel Tiunov",
            "display_name": "pavel",
            "team": "TC0C1HURK",
            "name": "pavel",
            "is_restricted": false,
            "is_ultra_restricted": false
        },
        "thread_ts": "1554947468.055900",
        "parent_user_id": "UHDMV5066"
    },
    {
        "client_msg_id": "601aeb82-9878-4e2e-b314-13febc859130",
        "type": "message",
        "text": "If yes try to set `CUBEJS_API_URL` to your local equivalent of `<http:\/\/localhost:4000>`.",
        "user": "UC19HAUAK",
        "ts": "1554982622.058500",
        "team": "TC0C1HURK",
        "user_team": "TC0C1HURK",
        "source_team": "TC0C1HURK",
        "user_profile": {
            "avatar_hash": "066a042e018c",
            "image_72": "https:\/\/avatars.slack-edge.com\/2019-12-07\/866588520998_066a042e018ca831a195_72.png",
            "first_name": "Pavel",
            "real_name": "Pavel Tiunov",
            "display_name": "pavel",
            "team": "TC0C1HURK",
            "name": "pavel",
            "is_restricted": false,
            "is_ultra_restricted": false
        },
        "thread_ts": "1554947468.055900",
        "parent_user_id": "UHDMV5066"
    },
    {
        "client_msg_id": "ca34f3e9-7b61-4f7f-9211-0ece33c7c72d",
        "type": "message",
        "text": "Of this is the issue worth posting it to Github.",
        "user": "UC19HAUAK",
        "ts": "1554984299.058700",
        "team": "TC0C1HURK",
        "user_team": "TC0C1HURK",
        "source_team": "TC0C1HURK",
        "user_profile": {
            "avatar_hash": "066a042e018c",
            "image_72": "https:\/\/avatars.slack-edge.com\/2019-12-07\/866588520998_066a042e018ca831a195_72.png",
            "first_name": "Pavel",
            "real_name": "Pavel Tiunov",
            "display_name": "pavel",
            "team": "TC0C1HURK",
            "name": "pavel",
            "is_restricted": false,
            "is_ultra_restricted": false
        },
        "thread_ts": "1554947468.055900",
        "parent_user_id": "UHDMV5066"
    },
    {
        "client_msg_id": "aae7728a-73dd-4e0c-8893-961f556f453a",
        "type": "message",
        "text": "Try the CUBEJS_API_URL, still have the issue.",
        "user": "UHDMV5066",
        "ts": "1554984555.058900",
        "team": "TC0C1HURK",
        "user_team": "TC0C1HURK",
        "source_team": "TC0C1HURK",
        "user_profile": {
            "avatar_hash": "ge66539bd3fc",
            "image_72": "https:\/\/secure.gravatar.com\/avatar\/6e66539bd3fcf3e310e988493cf9f8ca.jpg?s=72&d=https%3A%2F%2Fa.slack-edge.com%2Fdf10d%2Fimg%2Favatars%2Fava_0002-72.png",
            "first_name": "",
            "real_name": "Xiang Tan",
            "display_name": "",
            "team": "TC0C1HURK",
            "name": "xiang.tan",
            "is_restricted": false,
            "is_ultra_restricted": false
        },
        "thread_ts": "1554947468.055900",
        "parent_user_id": "UHDMV5066"
    },
    {
        "client_msg_id": "5C739661-0CC3-48D4-BD4E-403DD76446E5",
        "type": "message",
        "text": "<@UHDMV5066> what address do you use to open playground in browser? 127.0.0.1:4000?",
        "user": "UC19HAUAK",
        "ts": "1554984871.060500",
        "team": "TC0C1HURK",
        "user_team": "TC0C1HURK",
        "source_team": "TC0C1HURK",
        "user_profile": {
            "avatar_hash": "066a042e018c",
            "image_72": "https:\/\/avatars.slack-edge.com\/2019-12-07\/866588520998_066a042e018ca831a195_72.png",
            "first_name": "Pavel",
            "real_name": "Pavel Tiunov",
            "display_name": "pavel",
            "team": "TC0C1HURK",
            "name": "pavel",
            "is_restricted": false,
            "is_ultra_restricted": false
        },
        "thread_ts": "1554947468.055900",
        "parent_user_id": "UHDMV5066"
    },
    {
        "client_msg_id": "755e5679-a0d1-4889-bd3a-4c77086d6393",
        "type": "message",
        "text": "I use the public address of ec2. The service is hosted in aws.",
        "user": "UHDMV5066",
        "ts": "1554984903.060800",
        "team": "TC0C1HURK",
        "user_team": "TC0C1HURK",
        "source_team": "TC0C1HURK",
        "user_profile": {
            "avatar_hash": "ge66539bd3fc",
            "image_72": "https:\/\/secure.gravatar.com\/avatar\/6e66539bd3fcf3e310e988493cf9f8ca.jpg?s=72&d=https%3A%2F%2Fa.slack-edge.com%2Fdf10d%2Fimg%2Favatars%2Fava_0002-72.png",
            "first_name": "",
            "real_name": "Xiang Tan",
            "display_name": "",
            "team": "TC0C1HURK",
            "name": "xiang.tan",
            "is_restricted": false,
            "is_ultra_restricted": false
        },
        "thread_ts": "1554947468.055900",
        "parent_user_id": "UHDMV5066"
    },
    {
        "client_msg_id": "afaada7b-aaf6-4afb-b3e3-b009f13b2b58",
        "type": "message",
        "text": "And the port 4000 is open to me.",
        "user": "UHDMV5066",
        "ts": "1554984932.061000",
        "team": "TC0C1HURK",
        "user_team": "TC0C1HURK",
        "source_team": "TC0C1HURK",
        "user_profile": {
            "avatar_hash": "ge66539bd3fc",
            "image_72": "https:\/\/secure.gravatar.com\/avatar\/6e66539bd3fcf3e310e988493cf9f8ca.jpg?s=72&d=https%3A%2F%2Fa.slack-edge.com%2Fdf10d%2Fimg%2Favatars%2Fava_0002-72.png",
            "first_name": "",
            "real_name": "Xiang Tan",
            "display_name": "",
            "team": "TC0C1HURK",
            "name": "xiang.tan",
            "is_restricted": false,
            "is_ultra_restricted": false
        },
        "thread_ts": "1554947468.055900",
        "parent_user_id": "UHDMV5066"
    },
    {
        "client_msg_id": "343FD5C1-1C04-4625-B6C6-6DCD78EEEEAB",
        "type": "message",
        "text": "Ah. That totally makes sense. Could you please check Network in chrome developer tools and ensure that playground tries to access CUBEJS_API_URL you provided instead of localhost.",
        "user": "UC19HAUAK",
        "ts": "1554985108.063300",
        "team": "TC0C1HURK",
        "user_team": "TC0C1HURK",
        "source_team": "TC0C1HURK",
        "user_profile": {
            "avatar_hash": "066a042e018c",
            "image_72": "https:\/\/avatars.slack-edge.com\/2019-12-07\/866588520998_066a042e018ca831a195_72.png",
            "first_name": "Pavel",
            "real_name": "Pavel Tiunov",
            "display_name": "pavel",
            "team": "TC0C1HURK",
            "name": "pavel",
            "is_restricted": false,
            "is_ultra_restricted": false
        },
        "thread_ts": "1554947468.055900",
        "parent_user_id": "UHDMV5066"
    },
    {
        "type": "message",
        "subtype": "channel_join",
        "ts": "1554985284.063600",
        "user": "UHLT3HETT",
        "text": "<@UHLT3HETT> has joined the channel"
    },
    {
        "client_msg_id": "76634545-975B-4A72-8A76-8FC9BAED5C03",
        "type": "message",
        "text": "<@UHDMV5066> and is it VPN?",
        "user": "UC19HAUAK",
        "ts": "1554985554.064200",
        "team": "TC0C1HURK",
        "user_team": "TC0C1HURK",
        "source_team": "TC0C1HURK",
        "user_profile": {
            "avatar_hash": "066a042e018c",
            "image_72": "https:\/\/avatars.slack-edge.com\/2019-12-07\/866588520998_066a042e018ca831a195_72.png",
            "first_name": "Pavel",
            "real_name": "Pavel Tiunov",
            "display_name": "pavel",
            "team": "TC0C1HURK",
            "name": "pavel",
            "is_restricted": false,
            "is_ultra_restricted": false
        },
        "thread_ts": "1554947468.055900",
        "parent_user_id": "UHDMV5066"
    },
    {
        "client_msg_id": "ec705370-39c1-4308-820a-382b062cfb54",
        "type": "message",
        "text": "I am trying the chrome network to track the issue. It is not vpn.",
        "user": "UHDMV5066",
        "ts": "1554985600.064400",
        "team": "TC0C1HURK",
        "user_team": "TC0C1HURK",
        "source_team": "TC0C1HURK",
        "user_profile": {
            "avatar_hash": "ge66539bd3fc",
            "image_72": "https:\/\/secure.gravatar.com\/avatar\/6e66539bd3fcf3e310e988493cf9f8ca.jpg?s=72&d=https%3A%2F%2Fa.slack-edge.com%2Fdf10d%2Fimg%2Favatars%2Fava_0002-72.png",
            "first_name": "",
            "real_name": "Xiang Tan",
            "display_name": "",
            "team": "TC0C1HURK",
            "name": "xiang.tan",
            "is_restricted": false,
            "is_ultra_restricted": false
        },
        "thread_ts": "1554947468.055900",
        "parent_user_id": "UHDMV5066"
    },
    {
        "client_msg_id": "579eb64f-1e69-44f6-a793-0e9babb80a99",
        "type": "message",
        "text": "Just the host:4000 has some problems. If I used the cubejsapi within node.js. There is no problem",
        "user": "UHDMV5066",
        "ts": "1554985704.064600",
        "team": "TC0C1HURK",
        "user_team": "TC0C1HURK",
        "source_team": "TC0C1HURK",
        "user_profile": {
            "avatar_hash": "ge66539bd3fc",
            "image_72": "https:\/\/secure.gravatar.com\/avatar\/6e66539bd3fcf3e310e988493cf9f8ca.jpg?s=72&d=https%3A%2F%2Fa.slack-edge.com%2Fdf10d%2Fimg%2Favatars%2Fava_0002-72.png",
            "first_name": "",
            "real_name": "Xiang Tan",
            "display_name": "",
            "team": "TC0C1HURK",
            "name": "xiang.tan",
            "is_restricted": false,
            "is_ultra_restricted": false
        },
        "thread_ts": "1554947468.055900",
        "parent_user_id": "UHDMV5066"
    },
    {
        "client_msg_id": "246bf4e2-333f-4dcf-91d5-642f19e1afe1",
        "type": "message",
        "text": "And if i used curl or postman to test the api. It always shows invalid token. But the token I used is the temporary one generated from `npm run dev`",
        "user": "UHDMV5066",
        "ts": "1554985748.064800",
        "team": "TC0C1HURK",
        "user_team": "TC0C1HURK",
        "source_team": "TC0C1HURK",
        "user_profile": {
            "avatar_hash": "ge66539bd3fc",
            "image_72": "https:\/\/secure.gravatar.com\/avatar\/6e66539bd3fcf3e310e988493cf9f8ca.jpg?s=72&d=https%3A%2F%2Fa.slack-edge.com%2Fdf10d%2Fimg%2Favatars%2Fava_0002-72.png",
            "first_name": "",
            "real_name": "Xiang Tan",
            "display_name": "",
            "team": "TC0C1HURK",
            "name": "xiang.tan",
            "is_restricted": false,
            "is_ultra_restricted": false
        },
        "thread_ts": "1554947468.055900",
        "parent_user_id": "UHDMV5066"
    },
    {
        "client_msg_id": "AFE46A06-F482-4840-A487-D352D9BAAFE6",
        "type": "message",
        "text": "<@UHDMV5066> tokens expire once a day. But I believe if you just restarted the server when you applied env changes you should get a fresh one.",
        "user": "UC19HAUAK",
        "ts": "1554986050.067400",
        "team": "TC0C1HURK",
        "user_team": "TC0C1HURK",
        "source_team": "TC0C1HURK",
        "user_profile": {
            "avatar_hash": "066a042e018c",
            "image_72": "https:\/\/avatars.slack-edge.com\/2019-12-07\/866588520998_066a042e018ca831a195_72.png",
            "first_name": "Pavel",
            "real_name": "Pavel Tiunov",
            "display_name": "pavel",
            "team": "TC0C1HURK",
            "name": "pavel",
            "is_restricted": false,
            "is_ultra_restricted": false
        },
        "thread_ts": "1554947468.055900",
        "parent_user_id": "UHDMV5066"
    },
    {
        "client_msg_id": "12e7f254-1dae-46f5-a6f0-a83e3fac4028",
        "type": "message",
        "text": "yup, i will try",
        "user": "UHDMV5066",
        "ts": "1554986084.067600",
        "team": "TC0C1HURK",
        "user_team": "TC0C1HURK",
        "source_team": "TC0C1HURK",
        "user_profile": {
            "avatar_hash": "ge66539bd3fc",
            "image_72": "https:\/\/secure.gravatar.com\/avatar\/6e66539bd3fcf3e310e988493cf9f8ca.jpg?s=72&d=https%3A%2F%2Fa.slack-edge.com%2Fdf10d%2Fimg%2Favatars%2Fava_0002-72.png",
            "first_name": "",
            "real_name": "Xiang Tan",
            "display_name": "",
            "team": "TC0C1HURK",
            "name": "xiang.tan",
            "is_restricted": false,
            "is_ultra_restricted": false
        },
        "thread_ts": "1554947468.055900",
        "parent_user_id": "UHDMV5066"
    },
    {
        "client_msg_id": "c0ad5bff-1d93-4fc1-a81a-a742b2c1f6a6",
        "type": "message",
        "text": "Got it. I restart and got the right token. Thanks.",
        "user": "UHDMV5066",
        "ts": "1554986284.067800",
        "team": "TC0C1HURK",
        "user_team": "TC0C1HURK",
        "source_team": "TC0C1HURK",
        "user_profile": {
            "avatar_hash": "ge66539bd3fc",
            "image_72": "https:\/\/secure.gravatar.com\/avatar\/6e66539bd3fcf3e310e988493cf9f8ca.jpg?s=72&d=https%3A%2F%2Fa.slack-edge.com%2Fdf10d%2Fimg%2Favatars%2Fava_0002-72.png",
            "first_name": "",
            "real_name": "Xiang Tan",
            "display_name": "",
            "team": "TC0C1HURK",
            "name": "xiang.tan",
            "is_restricted": false,
            "is_ultra_restricted": false
        },
        "thread_ts": "1554947468.055900",
        "parent_user_id": "UHDMV5066"
    },
    {
        "client_msg_id": "37BFFD1A-A1CE-4615-A22C-DA87AA0FA23E",
        "type": "message",
        "text": "<@UHDMV5066> Great to hear that! Also did you apply CUBEJS_API_URL to the .env file on the server?",
        "user": "UC19HAUAK",
        "ts": "1554986553.069800",
        "team": "TC0C1HURK",
        "user_team": "TC0C1HURK",
        "source_team": "TC0C1HURK",
        "user_profile": {
            "avatar_hash": "066a042e018c",
            "image_72": "https:\/\/avatars.slack-edge.com\/2019-12-07\/866588520998_066a042e018ca831a195_72.png",
            "first_name": "Pavel",
            "real_name": "Pavel Tiunov",
            "display_name": "pavel",
            "team": "TC0C1HURK",
            "name": "pavel",
            "is_restricted": false,
            "is_ultra_restricted": false
        },
        "thread_ts": "1554947468.055900",
        "parent_user_id": "UHDMV5066"
    },
    {
        "client_msg_id": "ed8bce07-1283-4d83-8653-34fec4852010",
        "type": "message",
        "text": "I used the ec2 public address in CUBEJS_API_URL but still doesn’t work",
        "user": "UHDMV5066",
        "ts": "1554987343.070000",
        "team": "TC0C1HURK",
        "user_team": "TC0C1HURK",
        "source_team": "TC0C1HURK",
        "user_profile": {
            "avatar_hash": "ge66539bd3fc",
            "image_72": "https:\/\/secure.gravatar.com\/avatar\/6e66539bd3fcf3e310e988493cf9f8ca.jpg?s=72&d=https%3A%2F%2Fa.slack-edge.com%2Fdf10d%2Fimg%2Favatars%2Fava_0002-72.png",
            "first_name": "",
            "real_name": "Xiang Tan",
            "display_name": "",
            "team": "TC0C1HURK",
            "name": "xiang.tan",
            "is_restricted": false,
            "is_ultra_restricted": false
        },
        "thread_ts": "1554947468.055900",
        "parent_user_id": "UHDMV5066"
    },
    {
        "client_msg_id": "7d43b90a-7062-491c-9f81-a49201be46e0",
        "type": "message",
        "text": "<@UHDMV5066> we just shipped 0.6.1 which has fix for your case. Could you please upgrade version and try again?",
        "user": "UC19HAUAK",
        "ts": "1554993108.070200",
        "team": "TC0C1HURK",
        "user_team": "TC0C1HURK",
        "source_team": "TC0C1HURK",
        "user_profile": {
            "avatar_hash": "066a042e018c",
            "image_72": "https:\/\/avatars.slack-edge.com\/2019-12-07\/866588520998_066a042e018ca831a195_72.png",
            "first_name": "Pavel",
            "real_name": "Pavel Tiunov",
            "display_name": "pavel",
            "team": "TC0C1HURK",
            "name": "pavel",
            "is_restricted": false,
            "is_ultra_restricted": false
        },
        "thread_ts": "1554947468.055900",
        "parent_user_id": "UHDMV5066"
    },
    {
        "client_msg_id": "f2b4822d-6033-4d60-8f23-0379eb557652",
        "type": "message",
        "text": "<@UC19HAUAK> I was doing the same, but i realized the issue - {table2}.isValid - type- is getting set as 'string' but in table it is actually 'boolean'.",
        "user": "UHS8U57RN",
        "ts": "1554994767.070400",
        "team": "TC0C1HURK",
        "user_team": "TC0C1HURK",
        "source_team": "TC0C1HURK",
        "user_profile": {
            "avatar_hash": "g348e577b4b3",
            "image_72": "https:\/\/secure.gravatar.com\/avatar\/4348e577b4b3cc7c6db94e84f0d67b6f.jpg?s=72&d=https%3A%2F%2Fa.slack-edge.com%2Fdf10d%2Fimg%2Favatars%2Fava_0023-72.png",
            "first_name": "",
            "real_name": "Tanvi",
            "display_name": "Tanvi",
            "team": "TC0C1HURK",
            "name": "tanvipal86",
            "is_restricted": false,
            "is_ultra_restricted": false
        },
        "thread_ts": "1554929542.055600",
        "parent_user_id": "UHS8U57RN"
    },
    {
        "client_msg_id": "405b13bf-db17-4aba-9e1c-ea8d9f0735fc",
        "type": "message",
        "text": "but why this conversion?",
        "user": "UHS8U57RN",
        "ts": "1554994777.070600",
        "team": "TC0C1HURK",
        "user_team": "TC0C1HURK",
        "source_team": "TC0C1HURK",
        "user_profile": {
            "avatar_hash": "g348e577b4b3",
            "image_72": "https:\/\/secure.gravatar.com\/avatar\/4348e577b4b3cc7c6db94e84f0d67b6f.jpg?s=72&d=https%3A%2F%2Fa.slack-edge.com%2Fdf10d%2Fimg%2Favatars%2Fava_0023-72.png",
            "first_name": "",
            "real_name": "Tanvi",
            "display_name": "Tanvi",
            "team": "TC0C1HURK",
            "name": "tanvipal86",
            "is_restricted": false,
            "is_ultra_restricted": false
        },
        "edited": {
            "user": "UHS8U57RN",
            "ts": "1554994784.000000"
        },
        "thread_ts": "1554929542.055600",
        "parent_user_id": "UHS8U57RN"
    },
    {
        "client_msg_id": "9c205dd9-1b20-40e7-b48d-4b2f5653e076",
        "type": "message",
        "text": "<@UHS8U57RN> I see. What DB are you using?",
        "user": "UC19HAUAK",
        "ts": "1554994894.070900",
        "team": "TC0C1HURK",
        "user_team": "TC0C1HURK",
        "source_team": "TC0C1HURK",
        "user_profile": {
            "avatar_hash": "066a042e018c",
            "image_72": "https:\/\/avatars.slack-edge.com\/2019-12-07\/866588520998_066a042e018ca831a195_72.png",
            "first_name": "Pavel",
            "real_name": "Pavel Tiunov",
            "display_name": "pavel",
            "team": "TC0C1HURK",
            "name": "pavel",
            "is_restricted": false,
            "is_ultra_restricted": false
        },
        "thread_ts": "1554929542.055600",
        "parent_user_id": "UHS8U57RN"
    },
    {
        "client_msg_id": "a4312c1a-3108-475f-96d8-1ee250c67252",
        "type": "message",
        "text": "I am using BigQuery",
        "user": "UHS8U57RN",
        "ts": "1555005692.071100",
        "team": "TC0C1HURK",
        "user_team": "TC0C1HURK",
        "source_team": "TC0C1HURK",
        "user_profile": {
            "avatar_hash": "g348e577b4b3",
            "image_72": "https:\/\/secure.gravatar.com\/avatar\/4348e577b4b3cc7c6db94e84f0d67b6f.jpg?s=72&d=https%3A%2F%2Fa.slack-edge.com%2Fdf10d%2Fimg%2Favatars%2Fava_0023-72.png",
            "first_name": "",
            "real_name": "Tanvi",
            "display_name": "Tanvi",
            "team": "TC0C1HURK",
            "name": "tanvipal86",
            "is_restricted": false,
            "is_ultra_restricted": false
        },
        "thread_ts": "1554929542.055600",
        "parent_user_id": "UHS8U57RN"
    },
    {
        "client_msg_id": "aa07f73c-3d55-4e71-b7c3-77a715c97bf4",
        "type": "message",
        "text": "<@UHS8U57RN> Should be `CAST({table2}.isValid AS BOOL) = true` then.",
        "user": "UC19HAUAK",
        "ts": "1555007484.071400",
        "team": "TC0C1HURK",
        "user_team": "TC0C1HURK",
        "source_team": "TC0C1HURK",
        "user_profile": {
            "avatar_hash": "066a042e018c",
            "image_72": "https:\/\/avatars.slack-edge.com\/2019-12-07\/866588520998_066a042e018ca831a195_72.png",
            "first_name": "Pavel",
            "real_name": "Pavel Tiunov",
            "display_name": "pavel",
            "team": "TC0C1HURK",
            "name": "pavel",
            "is_restricted": false,
            "is_ultra_restricted": false
        },
        "thread_ts": "1554929542.055600",
        "parent_user_id": "UHS8U57RN"
    },
    {
        "client_msg_id": "4b798136-4e03-43e2-ae62-e452aa474b89",
        "type": "message",
        "text": "awesome!! let me try this",
        "user": "UHS8U57RN",
        "ts": "1555008267.071600",
        "team": "TC0C1HURK",
        "user_team": "TC0C1HURK",
        "source_team": "TC0C1HURK",
        "user_profile": {
            "avatar_hash": "g348e577b4b3",
            "image_72": "https:\/\/secure.gravatar.com\/avatar\/4348e577b4b3cc7c6db94e84f0d67b6f.jpg?s=72&d=https%3A%2F%2Fa.slack-edge.com%2Fdf10d%2Fimg%2Favatars%2Fava_0023-72.png",
            "first_name": "",
            "real_name": "Tanvi",
            "display_name": "Tanvi",
            "team": "TC0C1HURK",
            "name": "tanvipal86",
            "is_restricted": false,
            "is_ultra_restricted": false
        },
        "thread_ts": "1554929542.055600",
        "parent_user_id": "UHS8U57RN",
        "reactions": [
            {
                "name": "+1",
                "users": [
                    "UC19HAUAK"
                ],
                "count": 1
            }
        ]
    }
]