[
    {
        "type": "message",
        "subtype": "channel_join",
        "ts": "1555669637.033700",
        "user": "UJ0P225EY",
        "text": "<@UJ0P225EY> has joined the channel"
    },
    {
        "type": "message",
        "subtype": "channel_join",
        "ts": "1555674388.033900",
        "user": "UHPSJV7GB",
        "text": "<@UHPSJV7GB> has joined the channel"
    },
    {
        "type": "message",
        "subtype": "channel_join",
        "ts": "1555679216.034100",
        "user": "UJ1D1PPTJ",
        "text": "<@UJ1D1PPTJ> has joined the channel"
    },
    {
        "client_msg_id": "f37874ac-0d6a-4993-bfea-9abcf926fd92",
        "type": "message",
        "text": "Hi everyone! I am playing around with the USER_CONTEXT for tenant isolation. Is there a way to filter a dimension with an array of values instead of a single value?",
        "user": "UJ0P225EY",
        "ts": "1555680054.035900",
        "team": "TC0C1HURK",
        "user_team": "TC0C1HURK",
        "source_team": "TC0C1HURK",
        "user_profile": {
            "avatar_hash": "g0b04c1f86b1",
            "image_72": "https:\/\/secure.gravatar.com\/avatar\/40b04c1f86b19c1a4ea23de639325636.jpg?s=72&d=https%3A%2F%2Fa.slack-edge.com%2Fdf10d%2Fimg%2Favatars%2Fava_0014-72.png",
            "first_name": "",
            "real_name": "Chris",
            "display_name": "Chris",
            "team": "TC0C1HURK",
            "name": "christoph.haselmann",
            "is_restricted": false,
            "is_ultra_restricted": false
        },
        "thread_ts": "1555680054.035900",
        "reply_count": 7,
        "reply_users_count": 2,
        "latest_reply": "1555687808.039400",
        "reply_users": [
            "UC19HAUAK",
            "UJ0P225EY"
        ],
        "replies": [
            {
                "user": "UC19HAUAK",
                "ts": "1555686407.037500"
            },
            {
                "user": "UJ0P225EY",
                "ts": "1555687026.037700"
            },
            {
                "user": "UJ0P225EY",
                "ts": "1555687414.038300"
            },
            {
                "user": "UJ0P225EY",
                "ts": "1555687478.038500"
            },
            {
                "user": "UC19HAUAK",
                "ts": "1555687487.038700"
            },
            {
                "user": "UJ0P225EY",
                "ts": "1555687545.039000"
            },
            {
                "user": "UC19HAUAK",
                "ts": "1555687808.039400"
            }
        ],
        "subscribed": false
    },
    {
        "client_msg_id": "4a29f952-c6fc-48f7-9855-bbb9242763df",
        "type": "message",
        "text": "Also I was wondering why the filter-method of USER_CONTEXT does not allow functions as parameters, since it is possible to pass functions as parameters when working with FILTER_PARAMS",
        "user": "UJ0P225EY",
        "ts": "1555680241.037200",
        "team": "TC0C1HURK",
        "user_team": "TC0C1HURK",
        "source_team": "TC0C1HURK",
        "user_profile": {
            "avatar_hash": "g0b04c1f86b1",
            "image_72": "https:\/\/secure.gravatar.com\/avatar\/40b04c1f86b19c1a4ea23de639325636.jpg?s=72&d=https%3A%2F%2Fa.slack-edge.com%2Fdf10d%2Fimg%2Favatars%2Fava_0014-72.png",
            "first_name": "",
            "real_name": "Chris",
            "display_name": "Chris",
            "team": "TC0C1HURK",
            "name": "christoph.haselmann",
            "is_restricted": false,
            "is_ultra_restricted": false
        },
        "thread_ts": "1555680241.037200",
        "reply_count": 2,
        "reply_users_count": 2,
        "latest_reply": "1555687204.038100",
        "reply_users": [
            "UC19HAUAK",
            "UJ0P225EY"
        ],
        "replies": [
            {
                "user": "UC19HAUAK",
                "ts": "1555687120.037900"
            },
            {
                "user": "UJ0P225EY",
                "ts": "1555687204.038100"
            }
        ],
        "subscribed": false
    },
    {
        "type": "message",
        "subtype": "channel_join",
        "ts": "1555683767.037400",
        "user": "UJ3JP38LW",
        "text": "<@UJ3JP38LW> has joined the channel"
    },
    {
        "client_msg_id": "dc5a245e-8df0-4f44-a7c9-dce165a2d303",
        "type": "message",
        "text": "Hey <@UJ0P225EY>! Do you mean if you pass some array variable in `USER_CONTEXT`?",
        "user": "UC19HAUAK",
        "ts": "1555686407.037500",
        "team": "TC0C1HURK",
        "user_team": "TC0C1HURK",
        "source_team": "TC0C1HURK",
        "user_profile": {
            "avatar_hash": "066a042e018c",
            "image_72": "https:\/\/avatars.slack-edge.com\/2019-12-07\/866588520998_066a042e018ca831a195_72.png",
            "first_name": "Pavel",
            "real_name": "Pavel Tiunov",
            "display_name": "pavel",
            "team": "TC0C1HURK",
            "name": "pavel",
            "is_restricted": false,
            "is_ultra_restricted": false
        },
        "thread_ts": "1555680054.035900",
        "parent_user_id": "UJ0P225EY"
    },
    {
        "client_msg_id": "3c65c5ca-64f2-4ac6-90f8-8f0ff10d095f",
        "type": "message",
        "text": "Hey <@UC19HAUAK>! Exactly, I have an array variable in USER_CONTEXT and I would like to generate an sql condition like 'dimension in (id1,id2,id3)'",
        "user": "UJ0P225EY",
        "ts": "1555687026.037700",
        "team": "TC0C1HURK",
        "user_team": "TC0C1HURK",
        "source_team": "TC0C1HURK",
        "user_profile": {
            "avatar_hash": "g0b04c1f86b1",
            "image_72": "https:\/\/secure.gravatar.com\/avatar\/40b04c1f86b19c1a4ea23de639325636.jpg?s=72&d=https%3A%2F%2Fa.slack-edge.com%2Fdf10d%2Fimg%2Favatars%2Fava_0014-72.png",
            "first_name": "",
            "real_name": "Chris",
            "display_name": "Chris",
            "team": "TC0C1HURK",
            "name": "christoph.haselmann",
            "is_restricted": false,
            "is_ultra_restricted": false
        },
        "thread_ts": "1555680054.035900",
        "parent_user_id": "UJ0P225EY"
    },
    {
        "client_msg_id": "5b5fb082-59a1-484f-9d2d-263154c57ff5",
        "type": "message",
        "text": "<@UJ0P225EY> It's actually a great question! By all means it should share pretty same filter implementation but right now it's just different. Makes sense to add such issue.",
        "user": "UC19HAUAK",
        "ts": "1555687120.037900",
        "team": "TC0C1HURK",
        "user_team": "TC0C1HURK",
        "source_team": "TC0C1HURK",
        "user_profile": {
            "avatar_hash": "066a042e018c",
            "image_72": "https:\/\/avatars.slack-edge.com\/2019-12-07\/866588520998_066a042e018ca831a195_72.png",
            "first_name": "Pavel",
            "real_name": "Pavel Tiunov",
            "display_name": "pavel",
            "team": "TC0C1HURK",
            "name": "pavel",
            "is_restricted": false,
            "is_ultra_restricted": false
        },
        "thread_ts": "1555680241.037200",
        "parent_user_id": "UJ0P225EY"
    },
    {
        "client_msg_id": "4bbb238f-9300-4bc0-b741-2e8e3d15eea7",
        "type": "message",
        "text": "Alright! I will create an Issue on Github",
        "user": "UJ0P225EY",
        "ts": "1555687204.038100",
        "team": "TC0C1HURK",
        "user_team": "TC0C1HURK",
        "source_team": "TC0C1HURK",
        "user_profile": {
            "avatar_hash": "g0b04c1f86b1",
            "image_72": "https:\/\/secure.gravatar.com\/avatar\/40b04c1f86b19c1a4ea23de639325636.jpg?s=72&d=https%3A%2F%2Fa.slack-edge.com%2Fdf10d%2Fimg%2Favatars%2Fava_0014-72.png",
            "first_name": "",
            "real_name": "Chris",
            "display_name": "Chris",
            "team": "TC0C1HURK",
            "name": "christoph.haselmann",
            "is_restricted": false,
            "is_ultra_restricted": false
        },
        "thread_ts": "1555680241.037200",
        "parent_user_id": "UJ0P225EY",
        "reactions": [
            {
                "name": "raised_hands",
                "users": [
                    "UC19HAUAK"
                ],
                "count": 1
            }
        ]
    },
    {
        "client_msg_id": "743800a0-efd8-4e92-a185-39832dcf54f6",
        "type": "message",
        "text": "This feature would actually be obsolete if the filter implementations of 'USER_CONTEXT' and 'FILTER_PARAMS' would both accept functions as parameters",
        "user": "UJ0P225EY",
        "ts": "1555687414.038300",
        "team": "TC0C1HURK",
        "user_team": "TC0C1HURK",
        "source_team": "TC0C1HURK",
        "user_profile": {
            "avatar_hash": "g0b04c1f86b1",
            "image_72": "https:\/\/secure.gravatar.com\/avatar\/40b04c1f86b19c1a4ea23de639325636.jpg?s=72&d=https%3A%2F%2Fa.slack-edge.com%2Fdf10d%2Fimg%2Favatars%2Fava_0014-72.png",
            "first_name": "",
            "real_name": "Chris",
            "display_name": "Chris",
            "team": "TC0C1HURK",
            "name": "christoph.haselmann",
            "is_restricted": false,
            "is_ultra_restricted": false
        },
        "thread_ts": "1555680054.035900",
        "parent_user_id": "UJ0P225EY"
    },
    {
        "client_msg_id": "b442b53a-0b9d-4148-ab39-7ed7fc40c1b9",
        "type": "message",
        "text": "Thank you very much for your quick reply!",
        "user": "UJ0P225EY",
        "ts": "1555687478.038500",
        "team": "TC0C1HURK",
        "user_team": "TC0C1HURK",
        "source_team": "TC0C1HURK",
        "user_profile": {
            "avatar_hash": "g0b04c1f86b1",
            "image_72": "https:\/\/secure.gravatar.com\/avatar\/40b04c1f86b19c1a4ea23de639325636.jpg?s=72&d=https%3A%2F%2Fa.slack-edge.com%2Fdf10d%2Fimg%2Favatars%2Fava_0014-72.png",
            "first_name": "",
            "real_name": "Chris",
            "display_name": "Chris",
            "team": "TC0C1HURK",
            "name": "christoph.haselmann",
            "is_restricted": false,
            "is_ultra_restricted": false
        },
        "thread_ts": "1555680054.035900",
        "parent_user_id": "UJ0P225EY"
    },
    {
        "client_msg_id": "785637df-a05c-4d51-bf0b-7293c9ca3a1d",
        "type": "message",
        "text": "<@UJ0P225EY> Yep. There's no straightforward way to do it. We definitely need to allow filter as function for this. As a workaround you can pass either comma delimited string and parse it in SQL or pass multiple ids as separate properties.",
        "user": "UC19HAUAK",
        "ts": "1555687487.038700",
        "team": "TC0C1HURK",
        "user_team": "TC0C1HURK",
        "source_team": "TC0C1HURK",
        "user_profile": {
            "avatar_hash": "066a042e018c",
            "image_72": "https:\/\/avatars.slack-edge.com\/2019-12-07\/866588520998_066a042e018ca831a195_72.png",
            "first_name": "Pavel",
            "real_name": "Pavel Tiunov",
            "display_name": "pavel",
            "team": "TC0C1HURK",
            "name": "pavel",
            "is_restricted": false,
            "is_ultra_restricted": false
        },
        "thread_ts": "1555680054.035900",
        "parent_user_id": "UJ0P225EY",
        "reactions": [
            {
                "name": "+1",
                "users": [
                    "UJ0P225EY"
                ],
                "count": 1
            }
        ]
    },
    {
        "client_msg_id": "96b17511-10df-4912-94b6-52a893e2c41e",
        "type": "message",
        "text": "You guys are doing an awesome job! I love working with your product!",
        "user": "UJ0P225EY",
        "ts": "1555687545.039000",
        "team": "TC0C1HURK",
        "user_team": "TC0C1HURK",
        "source_team": "TC0C1HURK",
        "user_profile": {
            "avatar_hash": "g0b04c1f86b1",
            "image_72": "https:\/\/secure.gravatar.com\/avatar\/40b04c1f86b19c1a4ea23de639325636.jpg?s=72&d=https%3A%2F%2Fa.slack-edge.com%2Fdf10d%2Fimg%2Favatars%2Fava_0014-72.png",
            "first_name": "",
            "real_name": "Chris",
            "display_name": "Chris",
            "team": "TC0C1HURK",
            "name": "christoph.haselmann",
            "is_restricted": false,
            "is_ultra_restricted": false
        },
        "thread_ts": "1555680054.035900",
        "parent_user_id": "UJ0P225EY",
        "reactions": [
            {
                "name": "heart",
                "users": [
                    "UC19HAUAK"
                ],
                "count": 1
            }
        ]
    },
    {
        "client_msg_id": "beb39ede-1274-4d1e-aa0c-b6746badfbeb",
        "type": "message",
        "text": "Thanks for such great feedback!",
        "user": "UC19HAUAK",
        "ts": "1555687808.039400",
        "team": "TC0C1HURK",
        "user_team": "TC0C1HURK",
        "source_team": "TC0C1HURK",
        "user_profile": {
            "avatar_hash": "066a042e018c",
            "image_72": "https:\/\/avatars.slack-edge.com\/2019-12-07\/866588520998_066a042e018ca831a195_72.png",
            "first_name": "Pavel",
            "real_name": "Pavel Tiunov",
            "display_name": "pavel",
            "team": "TC0C1HURK",
            "name": "pavel",
            "is_restricted": false,
            "is_ultra_restricted": false
        },
        "thread_ts": "1555680054.035900",
        "parent_user_id": "UJ0P225EY"
    },
    {
        "type": "message",
        "subtype": "channel_join",
        "ts": "1555708398.039700",
        "user": "UJ3UK05QW",
        "text": "<@UJ3UK05QW> has joined the channel"
    },
    {
        "type": "message",
        "subtype": "channel_join",
        "ts": "1555716344.039900",
        "user": "UHVGT8M6D",
        "text": "<@UHVGT8M6D> has joined the channel"
    },
    {
        "type": "message",
        "subtype": "channel_join",
        "ts": "1555721095.040100",
        "user": "UJ3MJLA9M",
        "text": "<@UJ3MJLA9M> has joined the channel"
    }
]