[
    {
        "client_msg_id": "62e75464-ca8f-46e1-9bfe-28ad4e263cb4",
        "type": "message",
        "text": "Hey <@UHTBRSSHF>! I guess you might want to do somethink like\n```\ncube(`Payments`, {\n  joins {\n    PaymentLines: {\n      sql: `${Payments}.id = ${PaymentLines}.payment_id`,\n      relationship: `hasMany`\n    }\n  },\n\n  measures: {\n    refundTotal: {\n      sql: `${PaymentLines.total}`,\n      type: `sum`,\n      filters: [{ sql: `${CUBE}.isRefund = true`}]\n    }\n  }\n})\n\ncube(`PaymentLines`, {\n  measures: {\n    total: {\n      sql: `amount`,\n      type: `sum`\n    }\n  }\n})\n```",
        "user": "UC19HAUAK",
        "ts": "1556372928.019700",
        "team": "TC0C1HURK",
        "user_team": "TC0C1HURK",
        "source_team": "TC0C1HURK",
        "user_profile": {
            "avatar_hash": "066a042e018c",
            "image_72": "https:\/\/avatars.slack-edge.com\/2019-12-07\/866588520998_066a042e018ca831a195_72.png",
            "first_name": "Pavel",
            "real_name": "Pavel Tiunov",
            "display_name": "pavel",
            "team": "TC0C1HURK",
            "name": "pavel",
            "is_restricted": false,
            "is_ultra_restricted": false
        },
        "edited": {
            "user": "UC19HAUAK",
            "ts": "1556372972.000000"
        },
        "thread_ts": "1556315962.019000",
        "parent_user_id": "UHTBRSSHF"
    },
    {
        "type": "message",
        "subtype": "channel_join",
        "ts": "1556377792.020200",
        "user": "UJA6FGGMD",
        "text": "<@UJA6FGGMD> has joined the channel"
    },
    {
        "client_msg_id": "a62b331b-b476-461b-997a-bc058dcd4705",
        "type": "message",
        "text": "OH, I wasn't aware you could have filters in measures - is that documented?\n\nI end up with `ER_INVALID_GROUP_FUNC_USE: Invalid use of group function`",
        "user": "UJA6FGGMD",
        "ts": "1556382299.020300",
        "team": "TC0C1HURK",
        "user_team": "TC0C1HURK",
        "source_team": "TC0C1HURK",
        "user_profile": {
            "avatar_hash": "gb98721e6abd",
            "image_72": "https:\/\/secure.gravatar.com\/avatar\/8b98721e6abd1c4f6d48eb6be49ae246.jpg?s=72&d=https%3A%2F%2Fa.slack-edge.com%2Fdf10d%2Fimg%2Favatars%2Fava_0018-72.png",
            "first_name": "",
            "real_name": "Albert Kim",
            "display_name": "Albert Kim",
            "team": "TC0C1HURK",
            "name": "albert275",
            "is_restricted": false,
            "is_ultra_restricted": false
        },
        "thread_ts": "1556315962.019000",
        "parent_user_id": "UHTBRSSHF"
    },
    {
        "client_msg_id": "fc025ea8-4bd1-4487-80b4-48bb7cbcf247",
        "type": "message",
        "text": "Summing a sum doesn't seem to work, it will result in a `ER_INVALID_GROUP_FUNC_USE: Invalid use of group function`",
        "user": "UJA6FGGMD",
        "ts": "1556382353.020500",
        "team": "TC0C1HURK",
        "user_team": "TC0C1HURK",
        "source_team": "TC0C1HURK",
        "user_profile": {
            "avatar_hash": "gb98721e6abd",
            "image_72": "https:\/\/secure.gravatar.com\/avatar\/8b98721e6abd1c4f6d48eb6be49ae246.jpg?s=72&d=https%3A%2F%2Fa.slack-edge.com%2Fdf10d%2Fimg%2Favatars%2Fava_0018-72.png",
            "first_name": "",
            "real_name": "Albert Kim",
            "display_name": "Albert Kim",
            "team": "TC0C1HURK",
            "name": "albert275",
            "is_restricted": false,
            "is_ultra_restricted": false
        },
        "edited": {
            "user": "UJA6FGGMD",
            "ts": "1556386680.000000"
        },
        "thread_ts": "1556315962.019000",
        "parent_user_id": "UHTBRSSHF"
    },
    {
        "client_msg_id": "70e6b037-e24e-4828-bc7f-82a7d5193eb2",
        "type": "message",
        "text": "<@UHTBRSSHF> I see. Could you please share your schema file?",
        "user": "UC19HAUAK",
        "ts": "1556390425.022200",
        "team": "TC0C1HURK",
        "user_team": "TC0C1HURK",
        "source_team": "TC0C1HURK",
        "user_profile": {
            "avatar_hash": "066a042e018c",
            "image_72": "https:\/\/avatars.slack-edge.com\/2019-12-07\/866588520998_066a042e018ca831a195_72.png",
            "first_name": "Pavel",
            "real_name": "Pavel Tiunov",
            "display_name": "pavel",
            "team": "TC0C1HURK",
            "name": "pavel",
            "is_restricted": false,
            "is_ultra_restricted": false
        },
        "thread_ts": "1556315962.019000",
        "parent_user_id": "UHTBRSSHF"
    }
]