[
    {
        "client_msg_id": "57EAF7EC-0A77-421F-8F71-66AE5303CEF4",
        "type": "message",
        "text": "Shout to <@UJM2VEWNR> for writing a great blog post on test automation analytics using Cube.js\n<http:\/\/cube.dev\/blog\/test-automation-analytics-using-cubejs\/>\n\nIf anyone would like to write a blog post about how you are using Cube.js - we are happy to publish it on our blog and help with editing, graphics design and proofreading if needed.\n\nIf you are interested - text me in DM.",
        "user": "UC1HAFW4E",
        "ts": "1558509917.168500",
        "team": "TC0C1HURK",
        "user_team": "TC0C1HURK",
        "source_team": "TC0C1HURK",
        "user_profile": {
            "avatar_hash": "ee7b69830a11",
            "image_72": "https:\/\/avatars.slack-edge.com\/2018-08-13\/414857329600_ee7b69830a119331e10e_72.jpg",
            "first_name": "Artyom",
            "real_name": "Artyom Keydunov",
            "display_name": "Artyom Keydunov",
            "team": "TC0C1HURK",
            "name": "artyom",
            "is_restricted": false,
            "is_ultra_restricted": false
        },
        "edited": {
            "user": "UC1HAFW4E",
            "ts": "1558509957.000000"
        },
        "attachments": [
            {
                "service_name": "Cube.js Blog",
                "title": "Test Automation Analytics using Cube.js | Cube.js Blog",
                "title_link": "http:\/\/cube.dev\/blog\/test-automation-analytics-using-cubejs\/",
                "text": "Test Automation Analytics using Cube.js",
                "fallback": "Cube.js Blog: Test Automation Analytics using Cube.js | Cube.js Blog",
                "image_url": "https:\/\/media.graphcms.com\/khgBadQgRamVOBBqyhwR",
                "ts": 1558396800,
                "from_url": "http:\/\/cube.dev\/blog\/test-automation-analytics-using-cubejs\/",
                "image_width": 450,
                "image_height": 250,
                "image_bytes": 607853,
                "id": 1,
                "original_url": "http:\/\/cube.dev\/blog\/test-automation-analytics-using-cubejs\/"
            }
        ],
        "reactions": [
            {
                "name": "tada",
                "users": [
                    "UC19HAUAK",
                    "UC1HAFW4E"
                ],
                "count": 2
            },
            {
                "name": "fire",
                "users": [
                    "UC19HAUAK",
                    "UC1HAFW4E"
                ],
                "count": 2
            },
            {
                "name": "+1",
                "users": [
                    "UJM2VEWNR"
                ],
                "count": 1
            }
        ]
    },
    {
        "type": "message",
        "subtype": "channel_join",
        "ts": "1558513078.169000",
        "user": "UJYERCNKH",
        "text": "<@UJYERCNKH> has joined the channel"
    },
    {
        "client_msg_id": "5daeef88-5813-46ed-aa04-3a724a6b6f58",
        "type": "message",
        "text": "Hello guys, nice to be here",
        "user": "UJYERCNKH",
        "ts": "1558513119.169300",
        "team": "TC0C1HURK",
        "user_team": "TC0C1HURK",
        "source_team": "TC0C1HURK",
        "user_profile": {
            "avatar_hash": "g66f445c4fb7",
            "image_72": "https:\/\/secure.gravatar.com\/avatar\/266f445c4fb7d6f0e240b9799503503c.jpg?s=72&d=https%3A%2F%2Fa.slack-edge.com%2Fdf10d%2Fimg%2Favatars%2Fava_0013-72.png",
            "first_name": "",
            "real_name": "Ferencz Farkas",
            "display_name": "Ferencz Farkas",
            "team": "TC0C1HURK",
            "name": "ferencz.farkas",
            "is_restricted": false,
            "is_ultra_restricted": false
        }
    },
    {
        "client_msg_id": "6c36b016-bfff-4cc4-9b70-81b596a3d721",
        "type": "message",
        "text": "i'm trying to use, cubejs with bigquery from google. i have partioned tables and I wonder if I can instruct cubejs to filter the partitioned tables by date range",
        "user": "UJYERCNKH",
        "ts": "1558513197.170700",
        "team": "TC0C1HURK",
        "user_team": "TC0C1HURK",
        "source_team": "TC0C1HURK",
        "user_profile": {
            "avatar_hash": "g66f445c4fb7",
            "image_72": "https:\/\/secure.gravatar.com\/avatar\/266f445c4fb7d6f0e240b9799503503c.jpg?s=72&d=https%3A%2F%2Fa.slack-edge.com%2Fdf10d%2Fimg%2Favatars%2Fava_0013-72.png",
            "first_name": "",
            "real_name": "Ferencz Farkas",
            "display_name": "Ferencz Farkas",
            "team": "TC0C1HURK",
            "name": "ferencz.farkas",
            "is_restricted": false,
            "is_ultra_restricted": false
        }
    },
    {
        "client_msg_id": "d506aef4-afa2-4c63-a390-167bc907d470",
        "type": "message",
        "text": "I think you can always extend your query with expression to `_partitiontime`",
        "user": "UJ1FZS4DU",
        "ts": "1558518812.171300",
        "team": "TC0C1HURK",
        "user_team": "TC0C1HURK",
        "source_team": "TC0C1HURK",
        "user_profile": {
            "avatar_hash": "g6cfd940ed84",
            "image_72": "https:\/\/secure.gravatar.com\/avatar\/e6cfd940ed847bd5a7a358c488e3b56c.jpg?s=72&d=https%3A%2F%2Fa.slack-edge.com%2Fdf10d%2Fimg%2Favatars%2Fava_0008-72.png",
            "first_name": "",
            "real_name": "Adam Bánky",
            "display_name": "Adam Bánky",
            "team": "TC0C1HURK",
            "name": "banky.adam",
            "is_restricted": false,
            "is_ultra_restricted": false
        }
    },
    {
        "client_msg_id": "e0f8e7c8-3ea7-4a1c-a39a-a05095e778c3",
        "type": "message",
        "text": "thanks <@UJ1FZS4DU> , is there a documentation how should I do it?",
        "user": "UJYERCNKH",
        "ts": "1558518978.172000",
        "team": "TC0C1HURK",
        "user_team": "TC0C1HURK",
        "source_team": "TC0C1HURK",
        "user_profile": {
            "avatar_hash": "g66f445c4fb7",
            "image_72": "https:\/\/secure.gravatar.com\/avatar\/266f445c4fb7d6f0e240b9799503503c.jpg?s=72&d=https%3A%2F%2Fa.slack-edge.com%2Fdf10d%2Fimg%2Favatars%2Fava_0013-72.png",
            "first_name": "",
            "real_name": "Ferencz Farkas",
            "display_name": "Ferencz Farkas",
            "team": "TC0C1HURK",
            "name": "ferencz.farkas",
            "is_restricted": false,
            "is_ultra_restricted": false
        },
        "thread_ts": "1558518978.172000",
        "reply_count": 1,
        "reply_users_count": 1,
        "latest_reply": "1558531236.174500",
        "reply_users": [
            "UC19HAUAK"
        ],
        "replies": [
            {
                "user": "UC19HAUAK",
                "ts": "1558531236.174500"
            }
        ],
        "subscribed": false
    },
    {
        "client_msg_id": "f32151f6-3014-48ed-8903-e4712b6b7ca7",
        "type": "message",
        "text": "I did not use cubejs for now ever, but I’d add the where clause to the `cube`’s sql property…maybe :sweat_smile:",
        "user": "UJ1FZS4DU",
        "ts": "1558519787.173000",
        "team": "TC0C1HURK",
        "user_team": "TC0C1HURK",
        "source_team": "TC0C1HURK",
        "user_profile": {
            "avatar_hash": "g6cfd940ed84",
            "image_72": "https:\/\/secure.gravatar.com\/avatar\/e6cfd940ed847bd5a7a358c488e3b56c.jpg?s=72&d=https%3A%2F%2Fa.slack-edge.com%2Fdf10d%2Fimg%2Favatars%2Fava_0008-72.png",
            "first_name": "",
            "real_name": "Adam Bánky",
            "display_name": "Adam Bánky",
            "team": "TC0C1HURK",
            "name": "banky.adam",
            "is_restricted": false,
            "is_ultra_restricted": false
        }
    },
    {
        "client_msg_id": "97C32792-1D61-49EE-9BD0-D192B694C9BE",
        "type": "message",
        "text": "Hey <@UJYERCNKH> ! <@UJ1FZS4DU> is right. You just need to add where with filter params. Here we have example for big query table suffix <http:\/\/cube.dev\/docs\/cube#context-variables-filter-params>",
        "user": "UC19HAUAK",
        "ts": "1558531236.174500",
        "team": "TC0C1HURK",
        "user_team": "TC0C1HURK",
        "source_team": "TC0C1HURK",
        "user_profile": {
            "avatar_hash": "066a042e018c",
            "image_72": "https:\/\/avatars.slack-edge.com\/2019-12-07\/866588520998_066a042e018ca831a195_72.png",
            "first_name": "Pavel",
            "real_name": "Pavel Tiunov",
            "display_name": "pavel",
            "team": "TC0C1HURK",
            "name": "pavel",
            "is_restricted": false,
            "is_ultra_restricted": false
        },
        "edited": {
            "user": "UC19HAUAK",
            "ts": "1558531254.000000"
        },
        "thread_ts": "1558518978.172000",
        "parent_user_id": "UJYERCNKH",
        "reactions": [
            {
                "name": "man-bowing",
                "users": [
                    "UJ1FZS4DU"
                ],
                "count": 1
            }
        ]
    },
    {
        "client_msg_id": "1e91cbfd-5262-45bd-80cd-c402ec5a441a",
        "type": "message",
        "text": "Hey <@UHTBRSSHF>! Thanks openning this! Let's transfer this convo to github  then.",
        "user": "UC19HAUAK",
        "ts": "1558533159.175000",
        "team": "TC0C1HURK",
        "user_team": "TC0C1HURK",
        "source_team": "TC0C1HURK",
        "user_profile": {
            "avatar_hash": "066a042e018c",
            "image_72": "https:\/\/avatars.slack-edge.com\/2019-12-07\/866588520998_066a042e018ca831a195_72.png",
            "first_name": "Pavel",
            "real_name": "Pavel Tiunov",
            "display_name": "pavel",
            "team": "TC0C1HURK",
            "name": "pavel",
            "is_restricted": false,
            "is_ultra_restricted": false
        },
        "thread_ts": "1558497013.168300",
        "parent_user_id": "UJA6FGGMD"
    },
    {
        "type": "message",
        "subtype": "channel_join",
        "ts": "1558540558.175500",
        "user": "UJQPXES8H",
        "text": "<@UJQPXES8H> has joined the channel"
    },
    {
        "client_msg_id": "49b2f8e1-0537-41af-a8b4-7a68f72c46b2",
        "type": "message",
        "text": "Hello guys :wave:",
        "user": "UJQPXES8H",
        "ts": "1558540609.175900",
        "team": "TC0C1HURK",
        "user_team": "TC0C1HURK",
        "source_team": "TC0C1HURK",
        "user_profile": {
            "avatar_hash": "gd0f13c25ac5",
            "image_72": "https:\/\/secure.gravatar.com\/avatar\/0d0f13c25ac5d65ae73e88aa54c208b3.jpg?s=72&d=https%3A%2F%2Fa.slack-edge.com%2Fdf10d%2Fimg%2Favatars%2Fava_0008-72.png",
            "first_name": "",
            "real_name": "Ivan Garcia",
            "display_name": "Ivan Garcia",
            "team": "TC0C1HURK",
            "name": "ivan.garcia",
            "is_restricted": false,
            "is_ultra_restricted": false
        }
    },
    {
        "client_msg_id": "64cc3b55-ba67-4cfc-95e1-b555c99bd0d9",
        "type": "message",
        "text": "I'm new on Cube.js and I'm struggling with my very first setup connecting to Google BigQuery",
        "user": "UJQPXES8H",
        "ts": "1558540642.176600",
        "team": "TC0C1HURK",
        "user_team": "TC0C1HURK",
        "source_team": "TC0C1HURK",
        "user_profile": {
            "avatar_hash": "gd0f13c25ac5",
            "image_72": "https:\/\/secure.gravatar.com\/avatar\/0d0f13c25ac5d65ae73e88aa54c208b3.jpg?s=72&d=https%3A%2F%2Fa.slack-edge.com%2Fdf10d%2Fimg%2Favatars%2Fava_0008-72.png",
            "first_name": "",
            "real_name": "Ivan Garcia",
            "display_name": "Ivan Garcia",
            "team": "TC0C1HURK",
            "name": "ivan.garcia",
            "is_restricted": false,
            "is_ultra_restricted": false
        }
    },
    {
        "client_msg_id": "a75c0557-df58-4eb0-9440-fa718ed49325",
        "type": "message",
        "text": "I'm getting this weird error in one of my cubes",
        "user": "UJQPXES8H",
        "ts": "1558540653.176900",
        "team": "TC0C1HURK",
        "user_team": "TC0C1HURK",
        "source_team": "TC0C1HURK",
        "user_profile": {
            "avatar_hash": "gd0f13c25ac5",
            "image_72": "https:\/\/secure.gravatar.com\/avatar\/0d0f13c25ac5d65ae73e88aa54c208b3.jpg?s=72&d=https%3A%2F%2Fa.slack-edge.com%2Fdf10d%2Fimg%2Favatars%2Fava_0008-72.png",
            "first_name": "",
            "real_name": "Ivan Garcia",
            "display_name": "Ivan Garcia",
            "team": "TC0C1HURK",
            "name": "ivan.garcia",
            "is_restricted": false,
            "is_ultra_restricted": false
        }
    },
    {
        "type": "message",
        "text": "",
        "files": [
            {
                "id": "FJYV8C371",
                "created": 1558540666,
                "timestamp": 1558540666,
                "name": "Captura de pantalla 2019-05-22 a las 17.49.02.png",
                "title": "Captura de pantalla 2019-05-22 a las 17.49.02.png",
                "mimetype": "image\/png",
                "filetype": "png",
                "pretty_type": "PNG",
                "user": "UJQPXES8H",
                "editable": false,
                "size": 80135,
                "mode": "hosted",
                "is_external": false,
                "external_type": "",
                "is_public": true,
                "public_url_shared": false,
                "display_as_bot": false,
                "username": "",
                "url_private": "https:\/\/files.slack.com\/files-pri\/TC0C1HURK-FJYV8C371\/captura_de_pantalla_2019-05-22_a_las_17.49.02.png?t=xoxe-408409606869-1300049925941-1294691254950-5e5ba619551397a2daf3223fc6c48b4a",
                "url_private_download": "https:\/\/files.slack.com\/files-pri\/TC0C1HURK-FJYV8C371\/download\/captura_de_pantalla_2019-05-22_a_las_17.49.02.png?t=xoxe-408409606869-1300049925941-1294691254950-5e5ba619551397a2daf3223fc6c48b4a",
                "thumb_64": "https:\/\/files.slack.com\/files-tmb\/TC0C1HURK-FJYV8C371-ce78fc076b\/captura_de_pantalla_2019-05-22_a_las_17.49.02_64.png?t=xoxe-408409606869-1300049925941-1294691254950-5e5ba619551397a2daf3223fc6c48b4a",
                "thumb_80": "https:\/\/files.slack.com\/files-tmb\/TC0C1HURK-FJYV8C371-ce78fc076b\/captura_de_pantalla_2019-05-22_a_las_17.49.02_80.png?t=xoxe-408409606869-1300049925941-1294691254950-5e5ba619551397a2daf3223fc6c48b4a",
                "thumb_360": "https:\/\/files.slack.com\/files-tmb\/TC0C1HURK-FJYV8C371-ce78fc076b\/captura_de_pantalla_2019-05-22_a_las_17.49.02_360.png?t=xoxe-408409606869-1300049925941-1294691254950-5e5ba619551397a2daf3223fc6c48b4a",
                "thumb_360_w": 360,
                "thumb_360_h": 235,
                "thumb_480": "https:\/\/files.slack.com\/files-tmb\/TC0C1HURK-FJYV8C371-ce78fc076b\/captura_de_pantalla_2019-05-22_a_las_17.49.02_480.png?t=xoxe-408409606869-1300049925941-1294691254950-5e5ba619551397a2daf3223fc6c48b4a",
                "thumb_480_w": 480,
                "thumb_480_h": 313,
                "thumb_160": "https:\/\/files.slack.com\/files-tmb\/TC0C1HURK-FJYV8C371-ce78fc076b\/captura_de_pantalla_2019-05-22_a_las_17.49.02_160.png?t=xoxe-408409606869-1300049925941-1294691254950-5e5ba619551397a2daf3223fc6c48b4a",
                "thumb_720": "https:\/\/files.slack.com\/files-tmb\/TC0C1HURK-FJYV8C371-ce78fc076b\/captura_de_pantalla_2019-05-22_a_las_17.49.02_720.png?t=xoxe-408409606869-1300049925941-1294691254950-5e5ba619551397a2daf3223fc6c48b4a",
                "thumb_720_w": 720,
                "thumb_720_h": 469,
                "thumb_800": "https:\/\/files.slack.com\/files-tmb\/TC0C1HURK-FJYV8C371-ce78fc076b\/captura_de_pantalla_2019-05-22_a_las_17.49.02_800.png?t=xoxe-408409606869-1300049925941-1294691254950-5e5ba619551397a2daf3223fc6c48b4a",
                "thumb_800_w": 800,
                "thumb_800_h": 521,
                "image_exif_rotation": 1,
                "original_w": 924,
                "original_h": 602,
                "permalink": "https:\/\/cube-js.slack.com\/files\/UJQPXES8H\/FJYV8C371\/captura_de_pantalla_2019-05-22_a_las_17.49.02.png",
                "permalink_public": "https:\/\/slack-files.com\/TC0C1HURK-FJYV8C371-0ae67982fd",
                "is_starred": false,
                "has_rich_preview": false
            }
        ],
        "upload": true,
        "user": "UJQPXES8H",
        "display_as_bot": false,
        "ts": "1558540668.177000",
        "client_msg_id": "1f151ea4-8d0b-461f-af69-fa3aae630040"
    },
    {
        "client_msg_id": "1ddf9c1d-920c-49ec-9340-8946973cd212",
        "type": "message",
        "text": "Anyone may have a hint of what could be happening?",
        "user": "UJQPXES8H",
        "ts": "1558540686.177600",
        "team": "TC0C1HURK",
        "user_team": "TC0C1HURK",
        "source_team": "TC0C1HURK",
        "user_profile": {
            "avatar_hash": "gd0f13c25ac5",
            "image_72": "https:\/\/secure.gravatar.com\/avatar\/0d0f13c25ac5d65ae73e88aa54c208b3.jpg?s=72&d=https%3A%2F%2Fa.slack-edge.com%2Fdf10d%2Fimg%2Favatars%2Fava_0008-72.png",
            "first_name": "",
            "real_name": "Ivan Garcia",
            "display_name": "Ivan Garcia",
            "team": "TC0C1HURK",
            "name": "ivan.garcia",
            "is_restricted": false,
            "is_ultra_restricted": false
        },
        "thread_ts": "1558540686.177600",
        "reply_count": 10,
        "reply_users_count": 2,
        "latest_reply": "1558543146.179900",
        "reply_users": [
            "UC19HAUAK",
            "UJQPXES8H"
        ],
        "replies": [
            {
                "user": "UC19HAUAK",
                "ts": "1558540800.177700"
            },
            {
                "user": "UJQPXES8H",
                "ts": "1558540889.177900"
            },
            {
                "user": "UJQPXES8H",
                "ts": "1558540910.178100"
            },
            {
                "user": "UJQPXES8H",
                "ts": "1558540917.178300"
            },
            {
                "user": "UJQPXES8H",
                "ts": "1558540995.178500"
            },
            {
                "user": "UC19HAUAK",
                "ts": "1558542348.179000"
            },
            {
                "user": "UJQPXES8H",
                "ts": "1558542428.179300"
            },
            {
                "user": "UJQPXES8H",
                "ts": "1558542443.179500"
            },
            {
                "user": "UJQPXES8H",
                "ts": "1558542449.179700"
            },
            {
                "user": "UC19HAUAK",
                "ts": "1558543146.179900"
            }
        ],
        "subscribed": false
    },
    {
        "client_msg_id": "15ffde1c-e3e7-4247-bbb6-f813efa9cbfa",
        "type": "message",
        "text": "Hey <@UJQPXES8H>! Could you please try to run `select * from server.order` in BigQuery console. Does it work for you?",
        "user": "UC19HAUAK",
        "ts": "1558540800.177700",
        "team": "TC0C1HURK",
        "user_team": "TC0C1HURK",
        "source_team": "TC0C1HURK",
        "user_profile": {
            "avatar_hash": "066a042e018c",
            "image_72": "https:\/\/avatars.slack-edge.com\/2019-12-07\/866588520998_066a042e018ca831a195_72.png",
            "first_name": "Pavel",
            "real_name": "Pavel Tiunov",
            "display_name": "pavel",
            "team": "TC0C1HURK",
            "name": "pavel",
            "is_restricted": false,
            "is_ultra_restricted": false
        },
        "thread_ts": "1558540686.177600",
        "parent_user_id": "UJQPXES8H"
    },
    {
        "client_msg_id": "e19bf23e-17a9-4f14-9bfc-1461e0477a3b",
        "type": "message",
        "text": "Yes it's working",
        "user": "UJQPXES8H",
        "ts": "1558540889.177900",
        "team": "TC0C1HURK",
        "user_team": "TC0C1HURK",
        "source_team": "TC0C1HURK",
        "user_profile": {
            "avatar_hash": "gd0f13c25ac5",
            "image_72": "https:\/\/secure.gravatar.com\/avatar\/0d0f13c25ac5d65ae73e88aa54c208b3.jpg?s=72&d=https%3A%2F%2Fa.slack-edge.com%2Fdf10d%2Fimg%2Favatars%2Fava_0008-72.png",
            "first_name": "",
            "real_name": "Ivan Garcia",
            "display_name": "Ivan Garcia",
            "team": "TC0C1HURK",
            "name": "ivan.garcia",
            "is_restricted": false,
            "is_ultra_restricted": false
        },
        "thread_ts": "1558540686.177600",
        "parent_user_id": "UJQPXES8H"
    },
    {
        "client_msg_id": "728bc19c-91bf-4f50-ad5f-68e8b4cbc24f",
        "type": "message",
        "text": "I have some null result on some fields. At first I thought this was the reason so I exclude them on my SQL Query",
        "user": "UJQPXES8H",
        "ts": "1558540910.178100",
        "team": "TC0C1HURK",
        "user_team": "TC0C1HURK",
        "source_team": "TC0C1HURK",
        "user_profile": {
            "avatar_hash": "gd0f13c25ac5",
            "image_72": "https:\/\/secure.gravatar.com\/avatar\/0d0f13c25ac5d65ae73e88aa54c208b3.jpg?s=72&d=https%3A%2F%2Fa.slack-edge.com%2Fdf10d%2Fimg%2Favatars%2Fava_0008-72.png",
            "first_name": "",
            "real_name": "Ivan Garcia",
            "display_name": "Ivan Garcia",
            "team": "TC0C1HURK",
            "name": "ivan.garcia",
            "is_restricted": false,
            "is_ultra_restricted": false
        },
        "thread_ts": "1558540686.177600",
        "parent_user_id": "UJQPXES8H"
    },
    {
        "client_msg_id": "45745b8e-3434-411b-9748-debd7c2f0b20",
        "type": "message",
        "text": "But the error still persists",
        "user": "UJQPXES8H",
        "ts": "1558540917.178300",
        "team": "TC0C1HURK",
        "user_team": "TC0C1HURK",
        "source_team": "TC0C1HURK",
        "user_profile": {
            "avatar_hash": "gd0f13c25ac5",
            "image_72": "https:\/\/secure.gravatar.com\/avatar\/0d0f13c25ac5d65ae73e88aa54c208b3.jpg?s=72&d=https%3A%2F%2Fa.slack-edge.com%2Fdf10d%2Fimg%2Favatars%2Fava_0008-72.png",
            "first_name": "",
            "real_name": "Ivan Garcia",
            "display_name": "Ivan Garcia",
            "team": "TC0C1HURK",
            "name": "ivan.garcia",
            "is_restricted": false,
            "is_ultra_restricted": false
        },
        "thread_ts": "1558540686.177600",
        "parent_user_id": "UJQPXES8H"
    },
    {
        "client_msg_id": "93d09b8e-73db-4837-a28e-251dd8befe7d",
        "type": "message",
        "text": "The results of the query btw: <https:\/\/drive.google.com\/file\/d\/1EJ5u8D51gW7URwCvcg9JGMJ1gXYAJula\/view?usp=sharing>",
        "user": "UJQPXES8H",
        "ts": "1558540995.178500",
        "team": "TC0C1HURK",
        "user_team": "TC0C1HURK",
        "source_team": "TC0C1HURK",
        "user_profile": {
            "avatar_hash": "gd0f13c25ac5",
            "image_72": "https:\/\/secure.gravatar.com\/avatar\/0d0f13c25ac5d65ae73e88aa54c208b3.jpg?s=72&d=https%3A%2F%2Fa.slack-edge.com%2Fdf10d%2Fimg%2Favatars%2Fava_0008-72.png",
            "first_name": "",
            "real_name": "Ivan Garcia",
            "display_name": "Ivan Garcia",
            "team": "TC0C1HURK",
            "name": "ivan.garcia",
            "is_restricted": false,
            "is_ultra_restricted": false
        },
        "thread_ts": "1558540686.177600",
        "parent_user_id": "UJQPXES8H"
    },
    {
        "type": "message",
        "subtype": "channel_join",
        "ts": "1558542211.178900",
        "user": "UJZ0V8F2T",
        "text": "<@UJZ0V8F2T> has joined the channel"
    },
    {
        "client_msg_id": "9100657b-750d-4b5f-acec-e4acce050cf4",
        "type": "message",
        "text": "<@UJQPXES8H> Makes sense. Could you please try replace all the columns by `*` in the cube sql select?",
        "user": "UC19HAUAK",
        "ts": "1558542348.179000",
        "team": "TC0C1HURK",
        "user_team": "TC0C1HURK",
        "source_team": "TC0C1HURK",
        "user_profile": {
            "avatar_hash": "066a042e018c",
            "image_72": "https:\/\/avatars.slack-edge.com\/2019-12-07\/866588520998_066a042e018ca831a195_72.png",
            "first_name": "Pavel",
            "real_name": "Pavel Tiunov",
            "display_name": "pavel",
            "team": "TC0C1HURK",
            "name": "pavel",
            "is_restricted": false,
            "is_ultra_restricted": false
        },
        "edited": {
            "user": "UC19HAUAK",
            "ts": "1558542351.000000"
        },
        "thread_ts": "1558540686.177600",
        "parent_user_id": "UJQPXES8H"
    },
    {
        "client_msg_id": "a48c9043-7570-4e9a-abdd-bc53aac546ce",
        "type": "message",
        "text": "I think it's because the table is named \"order\" and Statsbot expect to be an \"ORDER BY\" query",
        "user": "UJQPXES8H",
        "ts": "1558542428.179300",
        "team": "TC0C1HURK",
        "user_team": "TC0C1HURK",
        "source_team": "TC0C1HURK",
        "user_profile": {
            "avatar_hash": "gd0f13c25ac5",
            "image_72": "https:\/\/secure.gravatar.com\/avatar\/0d0f13c25ac5d65ae73e88aa54c208b3.jpg?s=72&d=https%3A%2F%2Fa.slack-edge.com%2Fdf10d%2Fimg%2Favatars%2Fava_0008-72.png",
            "first_name": "",
            "real_name": "Ivan Garcia",
            "display_name": "Ivan Garcia",
            "team": "TC0C1HURK",
            "name": "ivan.garcia",
            "is_restricted": false,
            "is_ultra_restricted": false
        },
        "thread_ts": "1558540686.177600",
        "parent_user_id": "UJQPXES8H"
    },
    {
        "client_msg_id": "cfd60024-863c-4db5-88c5-583a4613eccc",
        "type": "message",
        "text": "But is is in fact our database table",
        "user": "UJQPXES8H",
        "ts": "1558542443.179500",
        "team": "TC0C1HURK",
        "user_team": "TC0C1HURK",
        "source_team": "TC0C1HURK",
        "user_profile": {
            "avatar_hash": "gd0f13c25ac5",
            "image_72": "https:\/\/secure.gravatar.com\/avatar\/0d0f13c25ac5d65ae73e88aa54c208b3.jpg?s=72&d=https%3A%2F%2Fa.slack-edge.com%2Fdf10d%2Fimg%2Favatars%2Fava_0008-72.png",
            "first_name": "",
            "real_name": "Ivan Garcia",
            "display_name": "Ivan Garcia",
            "team": "TC0C1HURK",
            "name": "ivan.garcia",
            "is_restricted": false,
            "is_ultra_restricted": false
        },
        "thread_ts": "1558540686.177600",
        "parent_user_id": "UJQPXES8H"
    },
    {
        "client_msg_id": "a260f076-d5a7-4589-876a-e8abe91f9cda",
        "type": "message",
        "text": "Could be?",
        "user": "UJQPXES8H",
        "ts": "1558542449.179700",
        "team": "TC0C1HURK",
        "user_team": "TC0C1HURK",
        "source_team": "TC0C1HURK",
        "user_profile": {
            "avatar_hash": "gd0f13c25ac5",
            "image_72": "https:\/\/secure.gravatar.com\/avatar\/0d0f13c25ac5d65ae73e88aa54c208b3.jpg?s=72&d=https%3A%2F%2Fa.slack-edge.com%2Fdf10d%2Fimg%2Favatars%2Fava_0008-72.png",
            "first_name": "",
            "real_name": "Ivan Garcia",
            "display_name": "Ivan Garcia",
            "team": "TC0C1HURK",
            "name": "ivan.garcia",
            "is_restricted": false,
            "is_ultra_restricted": false
        },
        "thread_ts": "1558540686.177600",
        "parent_user_id": "UJQPXES8H"
    },
    {
        "client_msg_id": "70b1c6cd-a886-44ec-b93d-d90764cf7b35",
        "type": "message",
        "text": "<@UJQPXES8H> Ah. I see. Yep. It probably can be.",
        "user": "UC19HAUAK",
        "ts": "1558543146.179900",
        "team": "TC0C1HURK",
        "user_team": "TC0C1HURK",
        "source_team": "TC0C1HURK",
        "user_profile": {
            "avatar_hash": "066a042e018c",
            "image_72": "https:\/\/avatars.slack-edge.com\/2019-12-07\/866588520998_066a042e018ca831a195_72.png",
            "first_name": "Pavel",
            "real_name": "Pavel Tiunov",
            "display_name": "pavel",
            "team": "TC0C1HURK",
            "name": "pavel",
            "is_restricted": false,
            "is_ultra_restricted": false
        },
        "edited": {
            "user": "UC19HAUAK",
            "ts": "1558543150.000000"
        },
        "thread_ts": "1558540686.177600",
        "parent_user_id": "UJQPXES8H"
    },
    {
        "client_msg_id": "1723f3a9-80b2-489b-9c2d-ac185dbd3a22",
        "type": "message",
        "text": "<@UHTBRSSHF> Gotcha. Yep. Here's the issue <https:\/\/github.com\/statsbotco\/cube.js\/issues\/38>. Will fix it soon.",
        "user": "UC19HAUAK",
        "ts": "1558545123.180200",
        "team": "TC0C1HURK",
        "user_team": "TC0C1HURK",
        "source_team": "TC0C1HURK",
        "user_profile": {
            "avatar_hash": "066a042e018c",
            "image_72": "https:\/\/avatars.slack-edge.com\/2019-12-07\/866588520998_066a042e018ca831a195_72.png",
            "first_name": "Pavel",
            "real_name": "Pavel Tiunov",
            "display_name": "pavel",
            "team": "TC0C1HURK",
            "name": "pavel",
            "is_restricted": false,
            "is_ultra_restricted": false
        },
        "attachments": [
            {
                "service_name": "GitHub",
                "title": "ResultSet series returns a series with no data · Issue #38 · statsbotco\/cube.js",
                "title_link": "https:\/\/github.com\/statsbotco\/cube.js\/issues\/38",
                "text": "series method of ResultSet could return a series, which has no data at all. Plotting it would result into wrong legend as an on image below There is no data for ∅ series.",
                "fallback": "GitHub: ResultSet series returns a series with no data · Issue #38 · statsbotco\/cube.js",
                "thumb_url": "https:\/\/avatars3.githubusercontent.com\/u\/23642077?s=400&v=4",
                "from_url": "https:\/\/github.com\/statsbotco\/cube.js\/issues\/38",
                "thumb_width": 400,
                "thumb_height": 400,
                "service_icon": "https:\/\/a.slack-edge.com\/bfaba\/img\/unfurl_icons\/github.png",
                "id": 1,
                "original_url": "https:\/\/github.com\/statsbotco\/cube.js\/issues\/38"
            }
        ],
        "thread_ts": "1558469997.165500",
        "parent_user_id": "UHTBRSSHF"
    },
    {
        "client_msg_id": "b09a1d85-c73d-4aff-aa22-b0dba2c97565",
        "type": "message",
        "text": "Thanks for this!",
        "user": "UHTBRSSHF",
        "ts": "1558545205.180500",
        "team": "TC0C1HURK",
        "user_team": "TC0C1HURK",
        "source_team": "TC0C1HURK",
        "user_profile": {
            "avatar_hash": "gf90f462755e",
            "image_72": "https:\/\/secure.gravatar.com\/avatar\/af90f462755eaf8aa43a3ae83ed8d4a2.jpg?s=72&d=https%3A%2F%2Fa.slack-edge.com%2Fdf10d%2Fimg%2Favatars%2Fava_0018-72.png",
            "first_name": "",
            "real_name": "Albert Kim",
            "display_name": "Albert Kim",
            "team": "TC0C1HURK",
            "name": "albertk",
            "is_restricted": false,
            "is_ultra_restricted": false
        },
        "thread_ts": "1558469997.165500",
        "parent_user_id": "UHTBRSSHF"
    },
    {
        "client_msg_id": "615b9d3c-9928-48e2-bf45-7547591b61f0",
        "type": "message",
        "text": "<!here> Heya all Typescript cube.js users! Recently <@UG8FM1Z8C> provided PR :tada: with Typescript types: <https:\/\/github.com\/statsbotco\/cube.js\/pull\/111>. As we don't have a lot of experience working with Typescript inside core cube.js team it would be great if community members who work with Typescript can review it. Please provide your comments to PR directly. Thanks!",
        "user": "UC19HAUAK",
        "ts": "1558552244.183700",
        "team": "TC0C1HURK",
        "user_team": "TC0C1HURK",
        "source_team": "TC0C1HURK",
        "user_profile": {
            "avatar_hash": "066a042e018c",
            "image_72": "https:\/\/avatars.slack-edge.com\/2019-12-07\/866588520998_066a042e018ca831a195_72.png",
            "first_name": "Pavel",
            "real_name": "Pavel Tiunov",
            "display_name": "pavel",
            "team": "TC0C1HURK",
            "name": "pavel",
            "is_restricted": false,
            "is_ultra_restricted": false
        },
        "thread_ts": "1558552244.183700",
        "reply_count": 1,
        "reply_users_count": 1,
        "latest_reply": "1558940639.023500",
        "reply_users": [
            "UG8FM1Z8C"
        ],
        "replies": [
            {
                "user": "UG8FM1Z8C",
                "ts": "1558940639.023500"
            }
        ],
        "subscribed": false,
        "reactions": [
            {
                "name": "+1",
                "users": [
                    "UG8FM1Z8C",
                    "UHTBRSSHF",
                    "UJK8Y0340",
                    "UHETZ5RS4",
                    "UC1HAFW4E"
                ],
                "count": 5
            }
        ]
    },
    {
        "client_msg_id": "abe0efb3-ef0d-4c33-a6d0-4c1e84232473",
        "type": "message",
        "text": "Hey there, really liking CubeJs so far. I have set up a few charts for a SQL Server analytics database but I am not able to get the filter &gt; contains feature to work in the front end dashboard  -- it runs into an `Error: Incorrect syntax near 'ILIKE'` error. Any idea if there is a way for me to resolve this or change the query syntax in the code? The other filter options, such as Equals or Is Set, work as expected.",
        "user": "UJK8Y0340",
        "ts": "1558561525.188500",
        "team": "TC0C1HURK",
        "user_team": "TC0C1HURK",
        "source_team": "TC0C1HURK",
        "user_profile": {
            "avatar_hash": "g14a08c9da83",
            "image_72": "https:\/\/secure.gravatar.com\/avatar\/f14a08c9da83650060426d34a7ba35f0.jpg?s=72&d=https%3A%2F%2Fa.slack-edge.com%2Fdf10d%2Fimg%2Favatars%2Fava_0004-72.png",
            "first_name": "",
            "real_name": "Antonia Blair",
            "display_name": "Antonia Blair",
            "team": "TC0C1HURK",
            "name": "antoniablair",
            "is_restricted": false,
            "is_ultra_restricted": false
        },
        "edited": {
            "user": "UJK8Y0340",
            "ts": "1558561592.000000"
        },
        "thread_ts": "1558561525.188500",
        "reply_count": 5,
        "reply_users_count": 3,
        "latest_reply": "1558629034.202300",
        "reply_users": [
            "UEASA3CUR",
            "UJK8Y0340",
            "UC19HAUAK"
        ],
        "replies": [
            {
                "user": "UEASA3CUR",
                "ts": "1558593620.189100"
            },
            {
                "user": "UJK8Y0340",
                "ts": "1558622898.200500"
            },
            {
                "user": "UC19HAUAK",
                "ts": "1558628985.201900"
            },
            {
                "user": "UJK8Y0340",
                "ts": "1558629006.202100"
            },
            {
                "user": "UC19HAUAK",
                "ts": "1558629034.202300"
            }
        ],
        "subscribed": false
    },
    {
        "client_msg_id": "d00f221c-43b0-405d-95c9-7bb99f2f7ca6",
        "type": "message",
        "text": "Can you expand on where that happens? Provide a bit of the code?\n\nIf I’m speculating, you mention you’re using SQL? From my understanding, `ILIKE` works in Postgres, but isn’t part of the SQL  standard. Maybe try `LIKE` instead? More info here: <https:\/\/www.postgresql.org\/docs\/8.3\/functions-matching.html>",
        "user": "UEASA3CUR",
        "ts": "1558593620.189100",
        "team": "TC0C1HURK",
        "user_team": "TC0C1HURK",
        "source_team": "TC0C1HURK",
        "user_profile": {
            "avatar_hash": "g065a041e882",
            "image_72": "https:\/\/secure.gravatar.com\/avatar\/8065a041e8828aa7698c51be59a2de7d.jpg?s=72&d=https%3A%2F%2Fa.slack-edge.com%2Fdf10d%2Fimg%2Favatars%2Fava_0011-72.png",
            "first_name": "Benjamin",
            "real_name": "Benjamin Sehl",
            "display_name": "Ben",
            "team": "TC0C1HURK",
            "name": "ben138",
            "is_restricted": false,
            "is_ultra_restricted": false
        },
        "thread_ts": "1558561525.188500",
        "parent_user_id": "UJK8Y0340"
    },
    {
        "type": "message",
        "subtype": "channel_join",
        "ts": "1558593758.189400",
        "user": "UJX9GQBPE",
        "text": "<@UJX9GQBPE> has joined the channel"
    },
    {
        "client_msg_id": "228dac63-7494-4693-8ea1-c47e38a85335",
        "type": "message",
        "text": "Hi All! I'm just getting started with cube.js and having fun. I am baffled by an error message I am getting when trying to deploy my react app:",
        "user": "UJX9GQBPE",
        "ts": "1558593966.190400",
        "team": "TC0C1HURK",
        "user_team": "TC0C1HURK",
        "source_team": "TC0C1HURK",
        "user_profile": {
            "avatar_hash": "a7485cc971d1",
            "image_72": "https:\/\/avatars.slack-edge.com\/2019-07-11\/685827260961_a7485cc971d182736cac_72.jpg",
            "first_name": "",
            "real_name": "Michael Manoochehri",
            "display_name": "Michael Manoochehri",
            "team": "TC0C1HURK",
            "name": "michael.manoochehri",
            "is_restricted": false,
            "is_ultra_restricted": false
        }
    },
    {
        "type": "message",
        "text": "",
        "files": [
            {
                "id": "FK00JC2UW",
                "created": 1558593976,
                "timestamp": 1558593976,
                "name": "Screen Shot 2019-05-22 at 11.44.58 PM.png",
                "title": "Screen Shot 2019-05-22 at 11.44.58 PM.png",
                "mimetype": "image\/png",
                "filetype": "png",
                "pretty_type": "PNG",
                "user": "UJX9GQBPE",
                "editable": false,
                "size": 295008,
                "mode": "hosted",
                "is_external": false,
                "external_type": "",
                "is_public": true,
                "public_url_shared": false,
                "display_as_bot": false,
                "username": "",
                "url_private": "https:\/\/files.slack.com\/files-pri\/TC0C1HURK-FK00JC2UW\/screen_shot_2019-05-22_at_11.44.58_pm.png?t=xoxe-408409606869-1300049925941-1294691254950-5e5ba619551397a2daf3223fc6c48b4a",
                "url_private_download": "https:\/\/files.slack.com\/files-pri\/TC0C1HURK-FK00JC2UW\/download\/screen_shot_2019-05-22_at_11.44.58_pm.png?t=xoxe-408409606869-1300049925941-1294691254950-5e5ba619551397a2daf3223fc6c48b4a",
                "thumb_64": "https:\/\/files.slack.com\/files-tmb\/TC0C1HURK-FK00JC2UW-ebb27afef8\/screen_shot_2019-05-22_at_11.44.58_pm_64.png?t=xoxe-408409606869-1300049925941-1294691254950-5e5ba619551397a2daf3223fc6c48b4a",
                "thumb_80": "https:\/\/files.slack.com\/files-tmb\/TC0C1HURK-FK00JC2UW-ebb27afef8\/screen_shot_2019-05-22_at_11.44.58_pm_80.png?t=xoxe-408409606869-1300049925941-1294691254950-5e5ba619551397a2daf3223fc6c48b4a",
                "thumb_360": "https:\/\/files.slack.com\/files-tmb\/TC0C1HURK-FK00JC2UW-ebb27afef8\/screen_shot_2019-05-22_at_11.44.58_pm_360.png?t=xoxe-408409606869-1300049925941-1294691254950-5e5ba619551397a2daf3223fc6c48b4a",
                "thumb_360_w": 360,
                "thumb_360_h": 136,
                "thumb_480": "https:\/\/files.slack.com\/files-tmb\/TC0C1HURK-FK00JC2UW-ebb27afef8\/screen_shot_2019-05-22_at_11.44.58_pm_480.png?t=xoxe-408409606869-1300049925941-1294691254950-5e5ba619551397a2daf3223fc6c48b4a",
                "thumb_480_w": 480,
                "thumb_480_h": 182,
                "thumb_160": "https:\/\/files.slack.com\/files-tmb\/TC0C1HURK-FK00JC2UW-ebb27afef8\/screen_shot_2019-05-22_at_11.44.58_pm_160.png?t=xoxe-408409606869-1300049925941-1294691254950-5e5ba619551397a2daf3223fc6c48b4a",
                "thumb_720": "https:\/\/files.slack.com\/files-tmb\/TC0C1HURK-FK00JC2UW-ebb27afef8\/screen_shot_2019-05-22_at_11.44.58_pm_720.png?t=xoxe-408409606869-1300049925941-1294691254950-5e5ba619551397a2daf3223fc6c48b4a",
                "thumb_720_w": 720,
                "thumb_720_h": 273,
                "thumb_800": "https:\/\/files.slack.com\/files-tmb\/TC0C1HURK-FK00JC2UW-ebb27afef8\/screen_shot_2019-05-22_at_11.44.58_pm_800.png?t=xoxe-408409606869-1300049925941-1294691254950-5e5ba619551397a2daf3223fc6c48b4a",
                "thumb_800_w": 800,
                "thumb_800_h": 303,
                "thumb_960": "https:\/\/files.slack.com\/files-tmb\/TC0C1HURK-FK00JC2UW-ebb27afef8\/screen_shot_2019-05-22_at_11.44.58_pm_960.png?t=xoxe-408409606869-1300049925941-1294691254950-5e5ba619551397a2daf3223fc6c48b4a",
                "thumb_960_w": 960,
                "thumb_960_h": 364,
                "thumb_1024": "https:\/\/files.slack.com\/files-tmb\/TC0C1HURK-FK00JC2UW-ebb27afef8\/screen_shot_2019-05-22_at_11.44.58_pm_1024.png?t=xoxe-408409606869-1300049925941-1294691254950-5e5ba619551397a2daf3223fc6c48b4a",
                "thumb_1024_w": 1024,
                "thumb_1024_h": 388,
                "image_exif_rotation": 1,
                "original_w": 2782,
                "original_h": 1054,
                "permalink": "https:\/\/cube-js.slack.com\/files\/UJX9GQBPE\/FK00JC2UW\/screen_shot_2019-05-22_at_11.44.58_pm.png",
                "permalink_public": "https:\/\/slack-files.com\/TC0C1HURK-FK00JC2UW-54f4ca3f7b",
                "is_starred": false,
                "has_rich_preview": false
            }
        ],
        "upload": true,
        "user": "UJX9GQBPE",
        "display_as_bot": false,
        "ts": "1558593979.190500",
        "client_msg_id": "3cc8852d-7963-460d-8d7c-900185ab5d8a"
    },
    {
        "client_msg_id": "8a63f5e5-3462-47f1-b6e3-e6c754c927c9",
        "type": "message",
        "text": "```\nError: App class not found. Can't parse dashboard app. at e.value (<http:\/\/localhost:4000\/static\/js\/main.4501f280.js:1:30978>) at e.value (<http:\/\/localhost:4000\/static\/js\/main.4501f280.js:1:30328>) at e.&lt;anonymous&gt; (<http:\/\/localhost:4000\/static\/js\/main.4501f280.js:1:28892>) at R (<http:\/\/localhost:4000\/static\/js\/vendors~main.4d69067c.chunk.js:67:9299>) at Generator._invoke (<http:\/\/localhost:4000\/static\/js\/vendors~main.4d69067c.chunk.js:67:9087>) at Generator.e.&lt;computed&gt; [as next] (<http:\/\/localhost:4000\/static\/js\/vendors~main.4d69067c.chunk.js:67:9478>) at n (<http:\/\/localhost:4000\/static\/js\/babel~main.f2c32a55.chunk.js:1:39390>) at s (<http:\/\/localhost:4000\/static\/js\/babel~main.f2c>\n```",
        "user": "UJX9GQBPE",
        "ts": "1558594000.190900",
        "team": "TC0C1HURK",
        "user_team": "TC0C1HURK",
        "source_team": "TC0C1HURK",
        "user_profile": {
            "avatar_hash": "a7485cc971d1",
            "image_72": "https:\/\/avatars.slack-edge.com\/2019-07-11\/685827260961_a7485cc971d182736cac_72.jpg",
            "first_name": "",
            "real_name": "Michael Manoochehri",
            "display_name": "Michael Manoochehri",
            "team": "TC0C1HURK",
            "name": "michael.manoochehri",
            "is_restricted": false,
            "is_ultra_restricted": false
        }
    },
    {
        "client_msg_id": "57c93e81-a448-4978-94b0-0c2326d6cd33",
        "type": "message",
        "text": "Not sure what this stack trace means - anyone know?",
        "user": "UJX9GQBPE",
        "ts": "1558594021.191200",
        "team": "TC0C1HURK",
        "user_team": "TC0C1HURK",
        "source_team": "TC0C1HURK",
        "user_profile": {
            "avatar_hash": "a7485cc971d1",
            "image_72": "https:\/\/avatars.slack-edge.com\/2019-07-11\/685827260961_a7485cc971d182736cac_72.jpg",
            "first_name": "",
            "real_name": "Michael Manoochehri",
            "display_name": "Michael Manoochehri",
            "team": "TC0C1HURK",
            "name": "michael.manoochehri",
            "is_restricted": false,
            "is_ultra_restricted": false
        },
        "thread_ts": "1558594021.191200",
        "reply_count": 3,
        "reply_users_count": 2,
        "latest_reply": "1558626801.200900",
        "reply_users": [
            "UC19HAUAK",
            "UJX9GQBPE"
        ],
        "replies": [
            {
                "user": "UC19HAUAK",
                "ts": "1558610350.194100"
            },
            {
                "user": "UJX9GQBPE",
                "ts": "1558626776.200700"
            },
            {
                "user": "UJX9GQBPE",
                "ts": "1558626801.200900"
            }
        ],
        "subscribed": false
    }
]