[
    {
        "client_msg_id": "48fb9dd7-38ce-4707-9957-a475f4eac466",
        "type": "message",
        "text": "I have a table like this:\n```\ntimestamp  | price_change | cumulative_price\n----------------------------------------------------\n2014-09-01 |            0 | 15\n2014-09-02 |            2 | 17\n2014-09-03 |           -3 | 14\n.\n.\n.\n```\nI want a query to be able to show the cumulative_price within any period of `timeRange` with any granularity (taking the last value of a granular time range)\nSo, I tried to make `price_change` a measure with `runningTotal` but it doesn't work because it always starts from 0 and not the last price\nTried making the `cumulative_price` a dimension but it doesn't show the correct value\nCan someone point me to a way to do it?",
        "user": "UNZ620Z4H",
        "ts": "1570973562.013800",
        "team": "TC0C1HURK",
        "user_team": "TC0C1HURK",
        "source_team": "TC0C1HURK",
        "user_profile": {
            "avatar_hash": "g02f74cd84ce",
            "image_72": "https:\/\/secure.gravatar.com\/avatar\/02f74cd84ce1f12108ba2bd87821e2f6.jpg?s=72&d=https%3A%2F%2Fa.slack-edge.com%2Fdf10d%2Fimg%2Favatars%2Fava_0024-72.png",
            "first_name": "",
            "real_name": "Mohamed Elsharnouby",
            "display_name": "Mohamed Elsharnouby",
            "team": "TC0C1HURK",
            "name": "sharnoby3",
            "is_restricted": false,
            "is_ultra_restricted": false
        },
        "thread_ts": "1570973562.013800",
        "reply_count": 7,
        "reply_users_count": 2,
        "latest_reply": "1570996617.015600",
        "reply_users": [
            "UC19HAUAK",
            "UNZ620Z4H"
        ],
        "replies": [
            {
                "user": "UC19HAUAK",
                "ts": "1570994568.014100"
            },
            {
                "user": "UNZ620Z4H",
                "ts": "1570994784.014300"
            },
            {
                "user": "UC19HAUAK",
                "ts": "1570995026.014600"
            },
            {
                "user": "UNZ620Z4H",
                "ts": "1570995305.014900"
            },
            {
                "user": "UC19HAUAK",
                "ts": "1570996150.015100"
            },
            {
                "user": "UC19HAUAK",
                "ts": "1570996360.015400"
            },
            {
                "user": "UNZ620Z4H",
                "ts": "1570996617.015600"
            }
        ],
        "subscribed": false
    },
    {
        "type": "message",
        "subtype": "channel_join",
        "ts": "1570974107.014000",
        "user": "UPBM9B29W",
        "text": "<@UPBM9B29W> has joined the channel"
    },
    {
        "client_msg_id": "a3e841df-c436-4ab1-9fce-5923f93922f7",
        "type": "message",
        "text": "<@UNZ620Z4H> Great question! Do you track first price ever as a column?",
        "user": "UC19HAUAK",
        "ts": "1570994568.014100",
        "team": "TC0C1HURK",
        "user_team": "TC0C1HURK",
        "source_team": "TC0C1HURK",
        "user_profile": {
            "avatar_hash": "066a042e018c",
            "image_72": "https:\/\/avatars.slack-edge.com\/2019-12-07\/866588520998_066a042e018ca831a195_72.png",
            "first_name": "Pavel",
            "real_name": "Pavel Tiunov",
            "display_name": "pavel",
            "team": "TC0C1HURK",
            "name": "pavel",
            "is_restricted": false,
            "is_ultra_restricted": false
        },
        "thread_ts": "1570973562.013800",
        "parent_user_id": "UNZ620Z4H"
    },
    {
        "client_msg_id": "5b2e492d-dac6-44ee-9f26-f505c9f49fcd",
        "type": "message",
        "text": "You can consider the `cumulative_price` as the column that has the current price, which I want mainly to plot across time ranges\nSo first price is just the `cumulative_price` in the first row",
        "user": "UNZ620Z4H",
        "ts": "1570994784.014300",
        "team": "TC0C1HURK",
        "user_team": "TC0C1HURK",
        "source_team": "TC0C1HURK",
        "user_profile": {
            "avatar_hash": "g02f74cd84ce",
            "image_72": "https:\/\/secure.gravatar.com\/avatar\/02f74cd84ce1f12108ba2bd87821e2f6.jpg?s=72&d=https%3A%2F%2Fa.slack-edge.com%2Fdf10d%2Fimg%2Favatars%2Fava_0024-72.png",
            "first_name": "",
            "real_name": "Mohamed Elsharnouby",
            "display_name": "Mohamed Elsharnouby",
            "team": "TC0C1HURK",
            "name": "sharnoby3",
            "is_restricted": false,
            "is_ultra_restricted": false
        },
        "edited": {
            "user": "UNZ620Z4H",
            "ts": "1570994789.000000"
        },
        "thread_ts": "1570973562.013800",
        "parent_user_id": "UNZ620Z4H"
    },
    {
        "client_msg_id": "7780ed11-7ff2-463c-b163-07c2b8aff877",
        "type": "message",
        "text": "<@UNZ620Z4H> If you'd put first historical price in the first row in `price_change` column everything should work as expected. You can do it in a cube `sql`  using `UNION ALL`.",
        "user": "UC19HAUAK",
        "ts": "1570995026.014600",
        "team": "TC0C1HURK",
        "user_team": "TC0C1HURK",
        "source_team": "TC0C1HURK",
        "user_profile": {
            "avatar_hash": "066a042e018c",
            "image_72": "https:\/\/avatars.slack-edge.com\/2019-12-07\/866588520998_066a042e018ca831a195_72.png",
            "first_name": "Pavel",
            "real_name": "Pavel Tiunov",
            "display_name": "pavel",
            "team": "TC0C1HURK",
            "name": "pavel",
            "is_restricted": false,
            "is_ultra_restricted": false
        },
        "edited": {
            "user": "UC19HAUAK",
            "ts": "1570995290.000000"
        },
        "thread_ts": "1570973562.013800",
        "parent_user_id": "UNZ620Z4H"
    },
    {
        "client_msg_id": "580e2fe4-20ab-48bf-9837-932b326ed1ba",
        "type": "message",
        "text": "<@UC19HAUAK> The problem is I want to choose an arbitrary dateRange, and plot its cumulative_price, which has all the data that needs to be plotted\nBut, I cannot find a way to tell Cubejs to take the values there choose the last cumulative_price for each date",
        "user": "UNZ620Z4H",
        "ts": "1570995305.014900",
        "team": "TC0C1HURK",
        "user_team": "TC0C1HURK",
        "source_team": "TC0C1HURK",
        "user_profile": {
            "avatar_hash": "g02f74cd84ce",
            "image_72": "https:\/\/secure.gravatar.com\/avatar\/02f74cd84ce1f12108ba2bd87821e2f6.jpg?s=72&d=https%3A%2F%2Fa.slack-edge.com%2Fdf10d%2Fimg%2Favatars%2Fava_0024-72.png",
            "first_name": "",
            "real_name": "Mohamed Elsharnouby",
            "display_name": "Mohamed Elsharnouby",
            "team": "TC0C1HURK",
            "name": "sharnoby3",
            "is_restricted": false,
            "is_ultra_restricted": false
        },
        "thread_ts": "1570973562.013800",
        "parent_user_id": "UNZ620Z4H"
    },
    {
        "client_msg_id": "7193fe4f-de68-41ed-9733-77e1a5639ea2",
        "type": "message",
        "text": "<@UNZ620Z4H> Simplest way to do it is to operate only on `price_change` column. To define last price you can add:\n```\nlastPrice: {\n  sql: `price_change`,\n  type: `sum`,\n  rollingWindow: {\n    trailing: `unbounded`,\n    offset: `end`\n  }\n}\n```",
        "user": "UC19HAUAK",
        "ts": "1570996150.015100",
        "team": "TC0C1HURK",
        "user_team": "TC0C1HURK",
        "source_team": "TC0C1HURK",
        "user_profile": {
            "avatar_hash": "066a042e018c",
            "image_72": "https:\/\/avatars.slack-edge.com\/2019-12-07\/866588520998_066a042e018ca831a195_72.png",
            "first_name": "Pavel",
            "real_name": "Pavel Tiunov",
            "display_name": "pavel",
            "team": "TC0C1HURK",
            "name": "pavel",
            "is_restricted": false,
            "is_ultra_restricted": false
        },
        "edited": {
            "user": "UC19HAUAK",
            "ts": "1570996171.000000"
        },
        "thread_ts": "1570973562.013800",
        "parent_user_id": "UNZ620Z4H"
    },
    {
        "client_msg_id": "d34b8bae-e1d1-4390-aa99-cabed6e6d2f6",
        "type": "message",
        "text": "Just put first price in `price_change` column:\n```\nsql: `SELECT first_price.cumulative_price as price change, first_price.cumulative_price, first_price.timestamp FROM table first_price, (SELECT min(timestamp) min_timestamp) min_date WHERE min_date.min_timestamp = first_price.timestamp\nUNION ALL\nselect * from table\n`\n```",
        "user": "UC19HAUAK",
        "ts": "1570996360.015400",
        "team": "TC0C1HURK",
        "user_team": "TC0C1HURK",
        "source_team": "TC0C1HURK",
        "user_profile": {
            "avatar_hash": "066a042e018c",
            "image_72": "https:\/\/avatars.slack-edge.com\/2019-12-07\/866588520998_066a042e018ca831a195_72.png",
            "first_name": "Pavel",
            "real_name": "Pavel Tiunov",
            "display_name": "pavel",
            "team": "TC0C1HURK",
            "name": "pavel",
            "is_restricted": false,
            "is_ultra_restricted": false
        },
        "thread_ts": "1570973562.013800",
        "parent_user_id": "UNZ620Z4H"
    },
    {
        "client_msg_id": "a5c217a9-78f2-40e1-8ffd-7b7ed3e41681",
        "type": "message",
        "text": "I see, I'll try that and see how it works. Thanks <@UC19HAUAK>",
        "user": "UNZ620Z4H",
        "ts": "1570996617.015600",
        "team": "TC0C1HURK",
        "user_team": "TC0C1HURK",
        "source_team": "TC0C1HURK",
        "user_profile": {
            "avatar_hash": "g02f74cd84ce",
            "image_72": "https:\/\/secure.gravatar.com\/avatar\/02f74cd84ce1f12108ba2bd87821e2f6.jpg?s=72&d=https%3A%2F%2Fa.slack-edge.com%2Fdf10d%2Fimg%2Favatars%2Fava_0024-72.png",
            "first_name": "",
            "real_name": "Mohamed Elsharnouby",
            "display_name": "Mohamed Elsharnouby",
            "team": "TC0C1HURK",
            "name": "sharnoby3",
            "is_restricted": false,
            "is_ultra_restricted": false
        },
        "thread_ts": "1570973562.013800",
        "parent_user_id": "UNZ620Z4H",
        "reactions": [
            {
                "name": "raised_hands",
                "users": [
                    "UC19HAUAK"
                ],
                "count": 1
            }
        ]
    },
    {
        "client_msg_id": "f9279e59-a50c-4620-9e32-1f94d274d3df",
        "type": "message",
        "text": "We are using `@cubejs-backend\/server-core` with TypeScript for a while and it works for our needs. As <@UC19HAUAK> has mentioned there may be type definitions “out of sync”, then just ask the community or create a pull request :slightly_smiling_face:",
        "user": "UG8FM1Z8C",
        "ts": "1570997238.015800",
        "team": "TC0C1HURK",
        "user_team": "TC0C1HURK",
        "source_team": "TC0C1HURK",
        "user_profile": {
            "avatar_hash": "gd1bddeeede5",
            "image_72": "https:\/\/secure.gravatar.com\/avatar\/ad1bddeeede5ff1c9fe85dc8c0607b4e.jpg?s=72&d=https%3A%2F%2Fa.slack-edge.com%2Fdf10d%2Fimg%2Favatars%2Fava_0000-72.png",
            "first_name": "",
            "real_name": "Thomas",
            "display_name": "",
            "team": "TC0C1HURK",
            "name": "dotsilver",
            "is_restricted": false,
            "is_ultra_restricted": false
        },
        "thread_ts": "1570900156.012300",
        "parent_user_id": "UPBBAHVE1",
        "reactions": [
            {
                "name": "raised_hands",
                "users": [
                    "UC19HAUAK"
                ],
                "count": 1
            }
        ]
    },
    {
        "type": "message",
        "subtype": "channel_join",
        "ts": "1571018817.016200",
        "user": "UP0E0A70B",
        "text": "<@UP0E0A70B> has joined the channel"
    },
    {
        "client_msg_id": "ff95c6e1-c7f7-4bf3-a6d7-7d5f1f388226",
        "type": "message",
        "text": "Hello <@UC19HAUAK> Thanks for your reply. we are only using cubejs server not the dashboard app. we have reactjs dashboard where we will show the charts. so i want to know how i will get the cubejs token to pass into the API call from my reactjs and connect to multitenance as well. i am not getting the things from DOC.",
        "user": "UNS4PKYAK",
        "ts": "1571028586.016300",
        "team": "TC0C1HURK",
        "user_team": "TC0C1HURK",
        "source_team": "TC0C1HURK",
        "user_profile": {
            "avatar_hash": "664213ef9cf5",
            "image_72": "https:\/\/avatars.slack-edge.com\/2019-10-17\/800974914790_664213ef9cf5f85d3637_72.jpg",
            "first_name": "chintesh",
            "real_name": "chintesh kumar",
            "display_name": "chintesh kumar",
            "team": "TC0C1HURK",
            "name": "chintesh_kumar",
            "is_restricted": false,
            "is_ultra_restricted": false
        },
        "thread_ts": "1569839757.151900",
        "parent_user_id": "UNS4PKYAK"
    },
    {
        "client_msg_id": "4a3c3e04-4ff8-438a-a25e-59fc4a891ac7",
        "type": "message",
        "text": "<@UC19HAUAK> It means segments can be generated as well via JavaScript? Thats great if it works.",
        "user": "UNH5WL410",
        "ts": "1571031132.016500",
        "team": "TC0C1HURK",
        "user_team": "TC0C1HURK",
        "source_team": "TC0C1HURK",
        "user_profile": {
            "avatar_hash": "g5924d6e935e",
            "image_72": "https:\/\/secure.gravatar.com\/avatar\/5924d6e935e42363152bb93c0dc4f7ce.jpg?s=72&d=https%3A%2F%2Fa.slack-edge.com%2Fdf10d%2Fimg%2Favatars%2Fava_0016-72.png",
            "first_name": "Rizwan",
            "real_name": "Rizwan Haider",
            "display_name": "Rizwan Haider",
            "team": "TC0C1HURK",
            "name": "rizwan.seing",
            "is_restricted": false,
            "is_ultra_restricted": false
        },
        "thread_ts": "1570777258.008700",
        "parent_user_id": "UNH5WL410"
    },
    {
        "client_msg_id": "c515b590-18bc-4c01-83e5-a0d7ad4d0bd6",
        "type": "message",
        "text": "<@UNH5WL410> Yes. It works.",
        "user": "UC19HAUAK",
        "ts": "1571036250.016700",
        "team": "TC0C1HURK",
        "user_team": "TC0C1HURK",
        "source_team": "TC0C1HURK",
        "user_profile": {
            "avatar_hash": "066a042e018c",
            "image_72": "https:\/\/avatars.slack-edge.com\/2019-12-07\/866588520998_066a042e018ca831a195_72.png",
            "first_name": "Pavel",
            "real_name": "Pavel Tiunov",
            "display_name": "pavel",
            "team": "TC0C1HURK",
            "name": "pavel",
            "is_restricted": false,
            "is_ultra_restricted": false
        },
        "thread_ts": "1570777258.008700",
        "parent_user_id": "UNH5WL410",
        "reactions": [
            {
                "name": "+1",
                "users": [
                    "UNH5WL410"
                ],
                "count": 1
            }
        ]
    }
]