[
    {
        "client_msg_id": "f9f374aa-cf6b-4ee3-aae6-405f191d4e9d",
        "type": "message",
        "text": "<@UC19HAUAK> quick update, I was able to make it work by using the generated queries instead of using the generated code in a custom react application. Good enough for me atm :joy:",
        "user": "UQ141PSLS",
        "ts": "1573636503.241200",
        "team": "TC0C1HURK",
        "user_team": "TC0C1HURK",
        "source_team": "TC0C1HURK",
        "user_profile": {
            "avatar_hash": "g336ec7b60bb",
            "image_72": "https:\/\/secure.gravatar.com\/avatar\/336ec7b60bbca903a5c6b6e9107c6411.jpg?s=72&d=https%3A%2F%2Fa.slack-edge.com%2Fdf10d%2Fimg%2Favatars%2Fava_0002-72.png",
            "first_name": "",
            "real_name": "theBliz",
            "display_name": "theBliz",
            "team": "TC0C1HURK",
            "name": "imbrescia.s604",
            "is_restricted": false,
            "is_ultra_restricted": false
        },
        "blocks": [
            {
                "type": "rich_text",
                "block_id": "rl=",
                "elements": [
                    {
                        "type": "rich_text_section",
                        "elements": [
                            {
                                "type": "user",
                                "user_id": "UC19HAUAK"
                            },
                            {
                                "type": "text",
                                "text": " quick update, I was able to make it work by using the generated queries instead of using the generated code in a custom react application. Good enough for me atm "
                            },
                            {
                                "type": "emoji",
                                "name": "joy"
                            }
                        ]
                    }
                ]
            }
        ],
        "thread_ts": "1573578296.214400",
        "parent_user_id": "UQ141PSLS"
    },
    {
        "type": "message",
        "subtype": "channel_join",
        "ts": "1573642588.241500",
        "user": "UQGJ9D27J",
        "text": "<@UQGJ9D27J> has joined the channel"
    },
    {
        "type": "message",
        "subtype": "channel_join",
        "ts": "1573653595.241700",
        "user": "UQJL4PF0F",
        "text": "<@UQJL4PF0F> has joined the channel"
    },
    {
        "client_msg_id": "506c6a0c-a614-4146-8c06-deae0379541b",
        "type": "message",
        "text": "Thank you very much!!",
        "user": "UP6KG3BGX",
        "ts": "1573654387.241800",
        "team": "TC0C1HURK",
        "user_team": "TC0C1HURK",
        "source_team": "TC0C1HURK",
        "user_profile": {
            "avatar_hash": "g8b008efbcb4",
            "image_72": "https:\/\/secure.gravatar.com\/avatar\/8b008efbcb423d68475e369b2edbd75b.jpg?s=72&d=https%3A%2F%2Fa.slack-edge.com%2Fdf10d%2Fimg%2Favatars%2Fava_0013-72.png",
            "first_name": "",
            "real_name": "Leidy Alexandra Lozano",
            "display_name": "Leidy Alexandra Lozano",
            "team": "TC0C1HURK",
            "name": "llozano",
            "is_restricted": false,
            "is_ultra_restricted": false
        },
        "blocks": [
            {
                "type": "rich_text",
                "block_id": "b4o",
                "elements": [
                    {
                        "type": "rich_text_section",
                        "elements": [
                            {
                                "type": "text",
                                "text": "Thank you very much!!"
                            }
                        ]
                    }
                ]
            }
        ],
        "thread_ts": "1572559123.061100",
        "parent_user_id": "UP6KG3BGX"
    },
    {
        "client_msg_id": "5cc79579-8dba-44e2-9e28-330ccce5473b",
        "type": "message",
        "text": "Hi, the max limit in the query said that is 50.000, how can make when I need a limit more long, for example, when I want export to xlxs the resultset of my report.  Is possible use without limit???",
        "user": "UP6KG3BGX",
        "ts": "1573654902.244900",
        "team": "TC0C1HURK",
        "user_team": "TC0C1HURK",
        "source_team": "TC0C1HURK",
        "user_profile": {
            "avatar_hash": "g8b008efbcb4",
            "image_72": "https:\/\/secure.gravatar.com\/avatar\/8b008efbcb423d68475e369b2edbd75b.jpg?s=72&d=https%3A%2F%2Fa.slack-edge.com%2Fdf10d%2Fimg%2Favatars%2Fava_0013-72.png",
            "first_name": "",
            "real_name": "Leidy Alexandra Lozano",
            "display_name": "Leidy Alexandra Lozano",
            "team": "TC0C1HURK",
            "name": "llozano",
            "is_restricted": false,
            "is_ultra_restricted": false
        },
        "blocks": [
            {
                "type": "rich_text",
                "block_id": "vka",
                "elements": [
                    {
                        "type": "rich_text_section",
                        "elements": [
                            {
                                "type": "text",
                                "text": "Hi, the max limit in the query said that is 50.000, how can make when I need a limit more long, for example, when I want export to xlxs the resultset of my report.  Is possible use without limit???"
                            }
                        ]
                    }
                ]
            }
        ],
        "thread_ts": "1573654902.244900",
        "reply_count": 2,
        "reply_users_count": 2,
        "latest_reply": "1573664232.251500",
        "reply_users": [
            "UP8DG377D",
            "UC19HAUAK"
        ],
        "replies": [
            {
                "user": "UP8DG377D",
                "ts": "1573661230.246500"
            },
            {
                "user": "UC19HAUAK",
                "ts": "1573664232.251500"
            }
        ],
        "subscribed": false
    },
    {
        "client_msg_id": "077652c7-7359-4511-8107-4aa45b7ed7f6",
        "type": "message",
        "text": "Nice job on that!",
        "user": "UQ8BRS8KG",
        "ts": "1573657801.245000",
        "team": "TC0C1HURK",
        "user_team": "TC0C1HURK",
        "source_team": "TC0C1HURK",
        "user_profile": {
            "avatar_hash": "22a89b43a52a",
            "image_72": "https:\/\/avatars.slack-edge.com\/2019-11-13\/832177870548_22a89b43a52ae810c8f7_72.jpg",
            "first_name": "",
            "real_name": "James",
            "display_name": "James",
            "team": "TC0C1HURK",
            "name": "james.hobbs",
            "is_restricted": false,
            "is_ultra_restricted": false
        },
        "blocks": [
            {
                "type": "rich_text",
                "block_id": "F6=7",
                "elements": [
                    {
                        "type": "rich_text_section",
                        "elements": [
                            {
                                "type": "text",
                                "text": "Nice job on that!"
                            }
                        ]
                    }
                ]
            }
        ],
        "thread_ts": "1573618816.240100",
        "parent_user_id": "UQ3AX70KU",
        "reactions": [
            {
                "name": "heart",
                "users": [
                    "UQ3AX70KU"
                ],
                "count": 1
            }
        ]
    },
    {
        "client_msg_id": "D3A972B5-1D22-40EE-88D0-50CD7EEE345E",
        "type": "message",
        "text": "<@UC19HAUAK> Thanks! Is there any documentation of this? Or is there a logger object\/class exposed I can use as well?",
        "user": "UP8DG377D",
        "ts": "1573661040.246000",
        "team": "TC0C1HURK",
        "user_team": "TC0C1HURK",
        "source_team": "TC0C1HURK",
        "user_profile": {
            "avatar_hash": "gf234052f393",
            "image_72": "https:\/\/secure.gravatar.com\/avatar\/f234052f393762cc8cd3b133177a7cc0.jpg?s=72&d=https%3A%2F%2Fa.slack-edge.com%2Fdf10d%2Fimg%2Favatars%2Fava_0009-72.png",
            "first_name": "",
            "real_name": "Kareem J",
            "display_name": "Kareem J",
            "team": "TC0C1HURK",
            "name": "kjanoudi213",
            "is_restricted": false,
            "is_ultra_restricted": false
        },
        "thread_ts": "1573607749.236700",
        "parent_user_id": "UP8DG377D"
    },
    {
        "client_msg_id": "9453e755-b6b6-437c-97ee-0b468c18b1c8",
        "type": "message",
        "text": "I’m not sure this is the correct approach, but i was paging through the data using the 50k limit",
        "user": "UP8DG377D",
        "ts": "1573661230.246500",
        "team": "TC0C1HURK",
        "user_team": "TC0C1HURK",
        "source_team": "TC0C1HURK",
        "user_profile": {
            "avatar_hash": "gf234052f393",
            "image_72": "https:\/\/secure.gravatar.com\/avatar\/f234052f393762cc8cd3b133177a7cc0.jpg?s=72&d=https%3A%2F%2Fa.slack-edge.com%2Fdf10d%2Fimg%2Favatars%2Fava_0009-72.png",
            "first_name": "",
            "real_name": "Kareem J",
            "display_name": "Kareem J",
            "team": "TC0C1HURK",
            "name": "kjanoudi213",
            "is_restricted": false,
            "is_ultra_restricted": false
        },
        "blocks": [
            {
                "type": "rich_text",
                "block_id": "AqwS",
                "elements": [
                    {
                        "type": "rich_text_section",
                        "elements": [
                            {
                                "type": "text",
                                "text": "I’m not sure this is the correct approach, but i was paging through the data using the 50k limit"
                            }
                        ]
                    }
                ]
            }
        ],
        "thread_ts": "1573654902.244900",
        "parent_user_id": "UP6KG3BGX",
        "reactions": [
            {
                "name": "+1",
                "users": [
                    "UC19HAUAK"
                ],
                "count": 1
            }
        ]
    },
    {
        "client_msg_id": "80b0b51e-cc3e-4bf9-98db-17550a8c0c8a",
        "type": "message",
        "text": "I actually don’t think this answers my question - I can’t seem to see any console.log output regardless of what i set the log level to. I’m trying to write out some debugging information and the only thing that makes it to the console is the devLogger stuff from cube’s internal modules",
        "user": "UP8DG377D",
        "ts": "1573661309.246700",
        "team": "TC0C1HURK",
        "user_team": "TC0C1HURK",
        "source_team": "TC0C1HURK",
        "user_profile": {
            "avatar_hash": "gf234052f393",
            "image_72": "https:\/\/secure.gravatar.com\/avatar\/f234052f393762cc8cd3b133177a7cc0.jpg?s=72&d=https%3A%2F%2Fa.slack-edge.com%2Fdf10d%2Fimg%2Favatars%2Fava_0009-72.png",
            "first_name": "",
            "real_name": "Kareem J",
            "display_name": "Kareem J",
            "team": "TC0C1HURK",
            "name": "kjanoudi213",
            "is_restricted": false,
            "is_ultra_restricted": false
        },
        "edited": {
            "user": "UP8DG377D",
            "ts": "1573662405.000000"
        },
        "blocks": [
            {
                "type": "rich_text",
                "block_id": "3mSH",
                "elements": [
                    {
                        "type": "rich_text_section",
                        "elements": [
                            {
                                "type": "text",
                                "text": "I actually don’t think this answers my question - I can’t seem to see any console.log output regardless of what i set the log level to. I’m trying to write out some debugging information and the only thing that makes it to the console is the devLogger stuff from cube’s internal modules"
                            }
                        ]
                    }
                ]
            }
        ],
        "thread_ts": "1573607749.236700",
        "parent_user_id": "UP8DG377D"
    },
    {
        "type": "message",
        "text": "",
        "files": [
            {
                "id": "FQ5JR6603",
                "created": 1573662548,
                "timestamp": 1573662548,
                "name": "image.png",
                "title": "image.png",
                "mimetype": "image\/png",
                "filetype": "png",
                "pretty_type": "PNG",
                "user": "UP8DG377D",
                "editable": false,
                "size": 48814,
                "mode": "hosted",
                "is_external": false,
                "external_type": "",
                "is_public": true,
                "public_url_shared": false,
                "display_as_bot": false,
                "username": "",
                "url_private": "https:\/\/files.slack.com\/files-pri\/TC0C1HURK-FQ5JR6603\/image.png?t=xoxe-408409606869-1300049925941-1294691254950-5e5ba619551397a2daf3223fc6c48b4a",
                "url_private_download": "https:\/\/files.slack.com\/files-pri\/TC0C1HURK-FQ5JR6603\/download\/image.png?t=xoxe-408409606869-1300049925941-1294691254950-5e5ba619551397a2daf3223fc6c48b4a",
                "thumb_64": "https:\/\/files.slack.com\/files-tmb\/TC0C1HURK-FQ5JR6603-e13423d3b6\/image_64.png?t=xoxe-408409606869-1300049925941-1294691254950-5e5ba619551397a2daf3223fc6c48b4a",
                "thumb_80": "https:\/\/files.slack.com\/files-tmb\/TC0C1HURK-FQ5JR6603-e13423d3b6\/image_80.png?t=xoxe-408409606869-1300049925941-1294691254950-5e5ba619551397a2daf3223fc6c48b4a",
                "thumb_360": "https:\/\/files.slack.com\/files-tmb\/TC0C1HURK-FQ5JR6603-e13423d3b6\/image_360.png?t=xoxe-408409606869-1300049925941-1294691254950-5e5ba619551397a2daf3223fc6c48b4a",
                "thumb_360_w": 360,
                "thumb_360_h": 60,
                "thumb_480": "https:\/\/files.slack.com\/files-tmb\/TC0C1HURK-FQ5JR6603-e13423d3b6\/image_480.png?t=xoxe-408409606869-1300049925941-1294691254950-5e5ba619551397a2daf3223fc6c48b4a",
                "thumb_480_w": 480,
                "thumb_480_h": 79,
                "thumb_160": "https:\/\/files.slack.com\/files-tmb\/TC0C1HURK-FQ5JR6603-e13423d3b6\/image_160.png?t=xoxe-408409606869-1300049925941-1294691254950-5e5ba619551397a2daf3223fc6c48b4a",
                "thumb_720": "https:\/\/files.slack.com\/files-tmb\/TC0C1HURK-FQ5JR6603-e13423d3b6\/image_720.png?t=xoxe-408409606869-1300049925941-1294691254950-5e5ba619551397a2daf3223fc6c48b4a",
                "thumb_720_w": 720,
                "thumb_720_h": 119,
                "thumb_800": "https:\/\/files.slack.com\/files-tmb\/TC0C1HURK-FQ5JR6603-e13423d3b6\/image_800.png?t=xoxe-408409606869-1300049925941-1294691254950-5e5ba619551397a2daf3223fc6c48b4a",
                "thumb_800_w": 800,
                "thumb_800_h": 132,
                "thumb_960": "https:\/\/files.slack.com\/files-tmb\/TC0C1HURK-FQ5JR6603-e13423d3b6\/image_960.png?t=xoxe-408409606869-1300049925941-1294691254950-5e5ba619551397a2daf3223fc6c48b4a",
                "thumb_960_w": 960,
                "thumb_960_h": 159,
                "thumb_1024": "https:\/\/files.slack.com\/files-tmb\/TC0C1HURK-FQ5JR6603-e13423d3b6\/image_1024.png?t=xoxe-408409606869-1300049925941-1294691254950-5e5ba619551397a2daf3223fc6c48b4a",
                "thumb_1024_w": 1024,
                "thumb_1024_h": 170,
                "image_exif_rotation": 1,
                "original_w": 1256,
                "original_h": 208,
                "thumb_tiny": "AwAHADCpjinBeKSnL0pMBBx6UHPPI\/KgUHvQMaST6flSYJ70tFAj\/9k=",
                "permalink": "https:\/\/cube-js.slack.com\/files\/UP8DG377D\/FQ5JR6603\/image.png",
                "permalink_public": "https:\/\/slack-files.com\/TC0C1HURK-FQ5JR6603-5079b74a54",
                "is_starred": false,
                "has_rich_preview": false
            }
        ],
        "upload": true,
        "user": "UP8DG377D",
        "display_as_bot": false,
        "ts": "1573662551.247300",
        "client_msg_id": "919aa757-5aa1-4a58-ba9e-e144d163072e",
        "thread_ts": "1573607749.236700",
        "parent_user_id": "UP8DG377D"
    },
    {
        "type": "message",
        "text": "",
        "files": [
            {
                "id": "FQ49EDKCJ",
                "created": 1573662552,
                "timestamp": 1573662552,
                "name": "image.png",
                "title": "image.png",
                "mimetype": "image\/png",
                "filetype": "png",
                "pretty_type": "PNG",
                "user": "UP8DG377D",
                "editable": false,
                "size": 452232,
                "mode": "hosted",
                "is_external": false,
                "external_type": "",
                "is_public": true,
                "public_url_shared": false,
                "display_as_bot": false,
                "username": "",
                "url_private": "https:\/\/files.slack.com\/files-pri\/TC0C1HURK-FQ49EDKCJ\/image.png?t=xoxe-408409606869-1300049925941-1294691254950-5e5ba619551397a2daf3223fc6c48b4a",
                "url_private_download": "https:\/\/files.slack.com\/files-pri\/TC0C1HURK-FQ49EDKCJ\/download\/image.png?t=xoxe-408409606869-1300049925941-1294691254950-5e5ba619551397a2daf3223fc6c48b4a",
                "thumb_64": "https:\/\/files.slack.com\/files-tmb\/TC0C1HURK-FQ49EDKCJ-cd3870f6cb\/image_64.png?t=xoxe-408409606869-1300049925941-1294691254950-5e5ba619551397a2daf3223fc6c48b4a",
                "thumb_80": "https:\/\/files.slack.com\/files-tmb\/TC0C1HURK-FQ49EDKCJ-cd3870f6cb\/image_80.png?t=xoxe-408409606869-1300049925941-1294691254950-5e5ba619551397a2daf3223fc6c48b4a",
                "thumb_360": "https:\/\/files.slack.com\/files-tmb\/TC0C1HURK-FQ49EDKCJ-cd3870f6cb\/image_360.png?t=xoxe-408409606869-1300049925941-1294691254950-5e5ba619551397a2daf3223fc6c48b4a",
                "thumb_360_w": 360,
                "thumb_360_h": 284,
                "thumb_480": "https:\/\/files.slack.com\/files-tmb\/TC0C1HURK-FQ49EDKCJ-cd3870f6cb\/image_480.png?t=xoxe-408409606869-1300049925941-1294691254950-5e5ba619551397a2daf3223fc6c48b4a",
                "thumb_480_w": 480,
                "thumb_480_h": 379,
                "thumb_160": "https:\/\/files.slack.com\/files-tmb\/TC0C1HURK-FQ49EDKCJ-cd3870f6cb\/image_160.png?t=xoxe-408409606869-1300049925941-1294691254950-5e5ba619551397a2daf3223fc6c48b4a",
                "thumb_720": "https:\/\/files.slack.com\/files-tmb\/TC0C1HURK-FQ49EDKCJ-cd3870f6cb\/image_720.png?t=xoxe-408409606869-1300049925941-1294691254950-5e5ba619551397a2daf3223fc6c48b4a",
                "thumb_720_w": 720,
                "thumb_720_h": 568,
                "thumb_800": "https:\/\/files.slack.com\/files-tmb\/TC0C1HURK-FQ49EDKCJ-cd3870f6cb\/image_800.png?t=xoxe-408409606869-1300049925941-1294691254950-5e5ba619551397a2daf3223fc6c48b4a",
                "thumb_800_w": 800,
                "thumb_800_h": 631,
                "image_exif_rotation": 1,
                "original_w": 882,
                "original_h": 696,
                "thumb_tiny": "AwAlADComG4PWlKHsP0pikDqMin7f9gf99UANIOM44pKXbnoB+dG0j0\/OgBKKXafb86SgAA9ePrTsn+\/+tCHHXpS5XHPP6UAM3HOcnNFK23I20lABRRRQA5cNyQOMVIYxkjA+tRx9D9RU5++fpQBCYwATmneSPWlP3TT\/WgCLyxtzntUdTn7h+lQUAf\/2Q==",
                "permalink": "https:\/\/cube-js.slack.com\/files\/UP8DG377D\/FQ49EDKCJ\/image.png",
                "permalink_public": "https:\/\/slack-files.com\/TC0C1HURK-FQ49EDKCJ-8b60e71fa7",
                "is_starred": false,
                "has_rich_preview": false
            }
        ],
        "upload": true,
        "user": "UP8DG377D",
        "display_as_bot": false,
        "ts": "1573662562.247700",
        "client_msg_id": "287896ce-1c27-4b4c-aa93-429b2f18bb83",
        "thread_ts": "1573607749.236700",
        "parent_user_id": "UP8DG377D"
    },
    {
        "client_msg_id": "8c1d0860-5345-4304-8e80-f4dd4cba1eef",
        "type": "message",
        "text": "Is there a way to join preaggregations together? I’ve enabled some preaggregations, and if I query only the measures and dimensions defined in the preaggregation, it will hit the preaggregation table (seen in the sql in the playground). If I join to any other table, even ones joined through a dimension defined in the preaggregation, it will not hit the preaggregation table and it will query the original table instead. This seems limiting. Am I missing something?",
        "user": "UPGGHD4A3",
        "ts": "1573662864.251000",
        "team": "TC0C1HURK",
        "user_team": "TC0C1HURK",
        "source_team": "TC0C1HURK",
        "user_profile": {
            "avatar_hash": "g0d5c98e7390",
            "image_72": "https:\/\/secure.gravatar.com\/avatar\/0d5c98e73901202c4453bc202770b425.jpg?s=72&d=https%3A%2F%2Fa.slack-edge.com%2Fdf10d%2Fimg%2Favatars%2Fava_0006-72.png",
            "first_name": "",
            "real_name": "Matt Ferrante",
            "display_name": "Matt Ferrante",
            "team": "TC0C1HURK",
            "name": "matt",
            "is_restricted": false,
            "is_ultra_restricted": false
        },
        "blocks": [
            {
                "type": "rich_text",
                "block_id": "6QV",
                "elements": [
                    {
                        "type": "rich_text_section",
                        "elements": [
                            {
                                "type": "text",
                                "text": "Is there a way to join preaggregations together? I’ve enabled some preaggregations, and if I query only the measures and dimensions defined in the preaggregation, it will hit the preaggregation table (seen in the sql in the playground). If I join to any other table, even ones joined through a dimension defined in the preaggregation, it will not hit the preaggregation table and it will query the original table instead. This seems limiting. Am I missing something?"
                            }
                        ]
                    }
                ]
            }
        ],
        "thread_ts": "1573662864.251000",
        "reply_count": 12,
        "reply_users_count": 2,
        "latest_reply": "1573681195.266900",
        "reply_users": [
            "UC19HAUAK",
            "UPGGHD4A3"
        ],
        "replies": [
            {
                "user": "UC19HAUAK",
                "ts": "1573664075.251100"
            },
            {
                "user": "UPGGHD4A3",
                "ts": "1573664196.251300"
            },
            {
                "user": "UPGGHD4A3",
                "ts": "1573664245.251900"
            },
            {
                "user": "UC19HAUAK",
                "ts": "1573664297.252100"
            },
            {
                "user": "UPGGHD4A3",
                "ts": "1573664665.253100"
            },
            {
                "user": "UC19HAUAK",
                "ts": "1573664775.253600"
            },
            {
                "user": "UPGGHD4A3",
                "ts": "1573670719.259100"
            },
            {
                "user": "UC19HAUAK",
                "ts": "1573670863.260700"
            },
            {
                "user": "UPGGHD4A3",
                "ts": "1573670953.260900"
            },
            {
                "user": "UC19HAUAK",
                "ts": "1573673002.262400"
            },
            {
                "user": "UC19HAUAK",
                "ts": "1573674481.264100"
            },
            {
                "user": "UPGGHD4A3",
                "ts": "1573681195.266900"
            }
        ],
        "subscribed": false
    },
    {
        "client_msg_id": "b6fc6fc4-310b-4595-a300-aa688d56bd73",
        "type": "message",
        "text": "Hey <@UPGGHD4A3>! You can reference dimensions and measures from cubes other than one that defines pre-aggregation. It will build this join automatically.",
        "user": "UC19HAUAK",
        "ts": "1573664075.251100",
        "team": "TC0C1HURK",
        "user_team": "TC0C1HURK",
        "source_team": "TC0C1HURK",
        "user_profile": {
            "avatar_hash": "066a042e018c",
            "image_72": "https:\/\/avatars.slack-edge.com\/2019-12-07\/866588520998_066a042e018ca831a195_72.png",
            "first_name": "Pavel",
            "real_name": "Pavel Tiunov",
            "display_name": "pavel",
            "team": "TC0C1HURK",
            "name": "pavel",
            "is_restricted": false,
            "is_ultra_restricted": false
        },
        "blocks": [
            {
                "type": "rich_text",
                "block_id": "YVuhu",
                "elements": [
                    {
                        "type": "rich_text_section",
                        "elements": [
                            {
                                "type": "text",
                                "text": "Hey "
                            },
                            {
                                "type": "user",
                                "user_id": "UPGGHD4A3"
                            },
                            {
                                "type": "text",
                                "text": "! You can reference dimensions and measures from cubes other than one that defines pre-aggregation. It will build this join automatically."
                            }
                        ]
                    }
                ]
            }
        ],
        "thread_ts": "1573662864.251000",
        "parent_user_id": "UPGGHD4A3"
    },
    {
        "client_msg_id": "3bcf9810-bb66-4f60-9f91-dc37273211dc",
        "type": "message",
        "text": "Hm, I must be doing something wrong then. I’ll post what I’m seeing shortly. Thanks!",
        "user": "UPGGHD4A3",
        "ts": "1573664196.251300",
        "team": "TC0C1HURK",
        "user_team": "TC0C1HURK",
        "source_team": "TC0C1HURK",
        "user_profile": {
            "avatar_hash": "g0d5c98e7390",
            "image_72": "https:\/\/secure.gravatar.com\/avatar\/0d5c98e73901202c4453bc202770b425.jpg?s=72&d=https%3A%2F%2Fa.slack-edge.com%2Fdf10d%2Fimg%2Favatars%2Fava_0006-72.png",
            "first_name": "",
            "real_name": "Matt Ferrante",
            "display_name": "Matt Ferrante",
            "team": "TC0C1HURK",
            "name": "matt",
            "is_restricted": false,
            "is_ultra_restricted": false
        },
        "blocks": [
            {
                "type": "rich_text",
                "block_id": "0HwHL",
                "elements": [
                    {
                        "type": "rich_text_section",
                        "elements": [
                            {
                                "type": "text",
                                "text": "Hm, I must be doing something wrong then. I’ll post what I’m seeing shortly. Thanks!"
                            }
                        ]
                    }
                ]
            }
        ],
        "thread_ts": "1573662864.251000",
        "parent_user_id": "UPGGHD4A3"
    },
    {
        "client_msg_id": "4b232d81-52ec-4357-a208-7e3f388f1a5f",
        "type": "message",
        "text": "Hey <@UP6KG3BGX>! Here's an issue for that: <https:\/\/github.com\/cube-js\/cube.js\/issues\/251>",
        "user": "UC19HAUAK",
        "ts": "1573664232.251500",
        "team": "TC0C1HURK",
        "user_team": "TC0C1HURK",
        "source_team": "TC0C1HURK",
        "user_profile": {
            "avatar_hash": "066a042e018c",
            "image_72": "https:\/\/avatars.slack-edge.com\/2019-12-07\/866588520998_066a042e018ca831a195_72.png",
            "first_name": "Pavel",
            "real_name": "Pavel Tiunov",
            "display_name": "pavel",
            "team": "TC0C1HURK",
            "name": "pavel",
            "is_restricted": false,
            "is_ultra_restricted": false
        },
        "attachments": [
            {
                "service_name": "GitHub",
                "title": "No way to pass limit over 50000 · Issue #251 · cube-js\/cube.js",
                "title_link": "https:\/\/github.com\/cube-js\/cube.js\/issues\/251",
                "text": "Describe the bug api-gateway doesn&amp;#39;t allow to pass limit over 50000 cube.js\/packages\/cubejs-api-gateway\/index.js Line 133 in 1a82605 limit: Joi.number().integer().min(1).max(50000), and that&amp;#3...",
                "fallback": "GitHub: No way to pass limit over 50000 · Issue #251 · cube-js\/cube.js",
                "thumb_url": "https:\/\/avatars0.githubusercontent.com\/u\/52467369?s=400&v=4",
                "from_url": "https:\/\/github.com\/cube-js\/cube.js\/issues\/251",
                "thumb_width": 400,
                "thumb_height": 400,
                "service_icon": "https:\/\/a.slack-edge.com\/80588\/img\/unfurl_icons\/github.png",
                "id": 1,
                "original_url": "https:\/\/github.com\/cube-js\/cube.js\/issues\/251"
            }
        ],
        "blocks": [
            {
                "type": "rich_text",
                "block_id": "EqO5P",
                "elements": [
                    {
                        "type": "rich_text_section",
                        "elements": [
                            {
                                "type": "text",
                                "text": "Hey "
                            },
                            {
                                "type": "user",
                                "user_id": "UP6KG3BGX"
                            },
                            {
                                "type": "text",
                                "text": "! Here's an issue for that: "
                            },
                            {
                                "type": "link",
                                "url": "https:\/\/github.com\/cube-js\/cube.js\/issues\/251"
                            }
                        ]
                    }
                ]
            }
        ],
        "thread_ts": "1573654902.244900",
        "parent_user_id": "UP6KG3BGX"
    },
    {
        "client_msg_id": "d7936159-04a9-42b3-a0d7-6dce55fee726",
        "type": "message",
        "text": "<@UC19HAUAK>, I can reference dimensions and measures from cubes at query-time or I can reference dimensions and measures from cubes in the preaggregation definition?",
        "user": "UPGGHD4A3",
        "ts": "1573664245.251900",
        "team": "TC0C1HURK",
        "user_team": "TC0C1HURK",
        "source_team": "TC0C1HURK",
        "user_profile": {
            "avatar_hash": "g0d5c98e7390",
            "image_72": "https:\/\/secure.gravatar.com\/avatar\/0d5c98e73901202c4453bc202770b425.jpg?s=72&d=https%3A%2F%2Fa.slack-edge.com%2Fdf10d%2Fimg%2Favatars%2Fava_0006-72.png",
            "first_name": "",
            "real_name": "Matt Ferrante",
            "display_name": "Matt Ferrante",
            "team": "TC0C1HURK",
            "name": "matt",
            "is_restricted": false,
            "is_ultra_restricted": false
        },
        "blocks": [
            {
                "type": "rich_text",
                "block_id": "8aiK",
                "elements": [
                    {
                        "type": "rich_text_section",
                        "elements": [
                            {
                                "type": "user",
                                "user_id": "UC19HAUAK"
                            },
                            {
                                "type": "text",
                                "text": ", I can reference dimensions and measures from cubes at query-time or I can reference dimensions and measures from cubes in the preaggregation definition?"
                            }
                        ]
                    }
                ]
            }
        ],
        "thread_ts": "1573662864.251000",
        "parent_user_id": "UPGGHD4A3"
    },
    {
        "client_msg_id": "21cede88-b9d1-4b5e-bcac-214735698b4f",
        "type": "message",
        "text": "<@UPGGHD4A3> from pre-aggregation definition as well as at query time. You need reference the same in order to make pre-aggregation work.",
        "user": "UC19HAUAK",
        "ts": "1573664297.252100",
        "team": "TC0C1HURK",
        "user_team": "TC0C1HURK",
        "source_team": "TC0C1HURK",
        "user_profile": {
            "avatar_hash": "066a042e018c",
            "image_72": "https:\/\/avatars.slack-edge.com\/2019-12-07\/866588520998_066a042e018ca831a195_72.png",
            "first_name": "Pavel",
            "real_name": "Pavel Tiunov",
            "display_name": "pavel",
            "team": "TC0C1HURK",
            "name": "pavel",
            "is_restricted": false,
            "is_ultra_restricted": false
        },
        "blocks": [
            {
                "type": "rich_text",
                "block_id": "XMZ",
                "elements": [
                    {
                        "type": "rich_text_section",
                        "elements": [
                            {
                                "type": "user",
                                "user_id": "UPGGHD4A3"
                            },
                            {
                                "type": "text",
                                "text": " from pre-aggregation definition as well as at query time. You need reference the same in order to make pre-aggregation work."
                            }
                        ]
                    }
                ]
            }
        ],
        "thread_ts": "1573662864.251000",
        "parent_user_id": "UPGGHD4A3"
    },
    {
        "client_msg_id": "629a2775-6160-4c78-891e-35cc5972234d",
        "type": "message",
        "text": "<@UP8DG377D> Interesting. I believe cube.js doesn't override console.log anywhere. Is it cube.js schema code?",
        "user": "UC19HAUAK",
        "ts": "1573664412.252300",
        "team": "TC0C1HURK",
        "user_team": "TC0C1HURK",
        "source_team": "TC0C1HURK",
        "user_profile": {
            "avatar_hash": "066a042e018c",
            "image_72": "https:\/\/avatars.slack-edge.com\/2019-12-07\/866588520998_066a042e018ca831a195_72.png",
            "first_name": "Pavel",
            "real_name": "Pavel Tiunov",
            "display_name": "pavel",
            "team": "TC0C1HURK",
            "name": "pavel",
            "is_restricted": false,
            "is_ultra_restricted": false
        },
        "blocks": [
            {
                "type": "rich_text",
                "block_id": "\/ZzZ",
                "elements": [
                    {
                        "type": "rich_text_section",
                        "elements": [
                            {
                                "type": "user",
                                "user_id": "UP8DG377D"
                            },
                            {
                                "type": "text",
                                "text": " Interesting. I believe cube.js doesn't override console.log anywhere. Is it cube.js schema code?"
                            }
                        ]
                    }
                ]
            }
        ],
        "thread_ts": "1573607749.236700",
        "parent_user_id": "UP8DG377D"
    },
    {
        "client_msg_id": "5587d336-860b-4437-a5ac-813bb6a04226",
        "type": "message",
        "text": "its within the schema code yes, within the `sql:` definition",
        "user": "UP8DG377D",
        "ts": "1573664474.252500",
        "team": "TC0C1HURK",
        "user_team": "TC0C1HURK",
        "source_team": "TC0C1HURK",
        "user_profile": {
            "avatar_hash": "gf234052f393",
            "image_72": "https:\/\/secure.gravatar.com\/avatar\/f234052f393762cc8cd3b133177a7cc0.jpg?s=72&d=https%3A%2F%2Fa.slack-edge.com%2Fdf10d%2Fimg%2Favatars%2Fava_0009-72.png",
            "first_name": "",
            "real_name": "Kareem J",
            "display_name": "Kareem J",
            "team": "TC0C1HURK",
            "name": "kjanoudi213",
            "is_restricted": false,
            "is_ultra_restricted": false
        },
        "blocks": [
            {
                "type": "rich_text",
                "block_id": "jdAi",
                "elements": [
                    {
                        "type": "rich_text_section",
                        "elements": [
                            {
                                "type": "text",
                                "text": "its within the schema code yes, within the "
                            },
                            {
                                "type": "text",
                                "text": "sql:",
                                "style": {
                                    "code": true
                                }
                            },
                            {
                                "type": "text",
                                "text": " definition"
                            }
                        ]
                    }
                ]
            }
        ],
        "thread_ts": "1573607749.236700",
        "parent_user_id": "UP8DG377D"
    },
    {
        "client_msg_id": "7e9a42ce-456f-4ef7-b472-87f259f9cc73",
        "type": "message",
        "text": "if i stream to a file, it works",
        "user": "UP8DG377D",
        "ts": "1573664585.252700",
        "team": "TC0C1HURK",
        "user_team": "TC0C1HURK",
        "source_team": "TC0C1HURK",
        "user_profile": {
            "avatar_hash": "gf234052f393",
            "image_72": "https:\/\/secure.gravatar.com\/avatar\/f234052f393762cc8cd3b133177a7cc0.jpg?s=72&d=https%3A%2F%2Fa.slack-edge.com%2Fdf10d%2Fimg%2Favatars%2Fava_0009-72.png",
            "first_name": "",
            "real_name": "Kareem J",
            "display_name": "Kareem J",
            "team": "TC0C1HURK",
            "name": "kjanoudi213",
            "is_restricted": false,
            "is_ultra_restricted": false
        },
        "blocks": [
            {
                "type": "rich_text",
                "block_id": "S\/oe",
                "elements": [
                    {
                        "type": "rich_text_section",
                        "elements": [
                            {
                                "type": "text",
                                "text": "if i stream to a file, it works"
                            }
                        ]
                    }
                ]
            }
        ],
        "thread_ts": "1573607749.236700",
        "parent_user_id": "UP8DG377D"
    },
    {
        "client_msg_id": "dc6efd97-a203-4a5b-b516-4668564ac34f",
        "type": "message",
        "text": "not sure why console.log doesn’t work",
        "user": "UP8DG377D",
        "ts": "1573664593.252900",
        "team": "TC0C1HURK",
        "user_team": "TC0C1HURK",
        "source_team": "TC0C1HURK",
        "user_profile": {
            "avatar_hash": "gf234052f393",
            "image_72": "https:\/\/secure.gravatar.com\/avatar\/f234052f393762cc8cd3b133177a7cc0.jpg?s=72&d=https%3A%2F%2Fa.slack-edge.com%2Fdf10d%2Fimg%2Favatars%2Fava_0009-72.png",
            "first_name": "",
            "real_name": "Kareem J",
            "display_name": "Kareem J",
            "team": "TC0C1HURK",
            "name": "kjanoudi213",
            "is_restricted": false,
            "is_ultra_restricted": false
        },
        "blocks": [
            {
                "type": "rich_text",
                "block_id": "KSFT",
                "elements": [
                    {
                        "type": "rich_text_section",
                        "elements": [
                            {
                                "type": "text",
                                "text": "not sure why console.log doesn’t work"
                            }
                        ]
                    }
                ]
            }
        ],
        "thread_ts": "1573607749.236700",
        "parent_user_id": "UP8DG377D"
    },
    {
        "client_msg_id": "c625d9f5-7772-4de6-9e19-b33e1c1fb6c9",
        "type": "message",
        "text": "As in, it needs to be in the preaggregation definition to be used at query time?",
        "user": "UPGGHD4A3",
        "ts": "1573664665.253100",
        "team": "TC0C1HURK",
        "user_team": "TC0C1HURK",
        "source_team": "TC0C1HURK",
        "user_profile": {
            "avatar_hash": "g0d5c98e7390",
            "image_72": "https:\/\/secure.gravatar.com\/avatar\/0d5c98e73901202c4453bc202770b425.jpg?s=72&d=https%3A%2F%2Fa.slack-edge.com%2Fdf10d%2Fimg%2Favatars%2Fava_0006-72.png",
            "first_name": "",
            "real_name": "Matt Ferrante",
            "display_name": "Matt Ferrante",
            "team": "TC0C1HURK",
            "name": "matt",
            "is_restricted": false,
            "is_ultra_restricted": false
        },
        "blocks": [
            {
                "type": "rich_text",
                "block_id": "yeMyu",
                "elements": [
                    {
                        "type": "rich_text_section",
                        "elements": [
                            {
                                "type": "text",
                                "text": "As in, it needs to be in the preaggregation definition to be used at query time?"
                            }
                        ]
                    }
                ]
            }
        ],
        "thread_ts": "1573662864.251000",
        "parent_user_id": "UPGGHD4A3"
    },
    {
        "client_msg_id": "87199F64-606D-4603-B9D9-3C2BB5A3705B",
        "type": "message",
        "text": "<@UPGGHD4A3> Yep. Right.",
        "user": "UC19HAUAK",
        "ts": "1573664775.253600",
        "team": "TC0C1HURK",
        "user_team": "TC0C1HURK",
        "source_team": "TC0C1HURK",
        "user_profile": {
            "avatar_hash": "066a042e018c",
            "image_72": "https:\/\/avatars.slack-edge.com\/2019-12-07\/866588520998_066a042e018ca831a195_72.png",
            "first_name": "Pavel",
            "real_name": "Pavel Tiunov",
            "display_name": "pavel",
            "team": "TC0C1HURK",
            "name": "pavel",
            "is_restricted": false,
            "is_ultra_restricted": false
        },
        "thread_ts": "1573662864.251000",
        "parent_user_id": "UPGGHD4A3"
    },
    {
        "client_msg_id": "AA9B4336-763C-4A48-AE40-FE55BB78E2EB",
        "type": "message",
        "text": "<@UP8DG377D> Yep. It isn’t available there: <https:\/\/cube.dev\/docs\/schema-execution-environment>",
        "user": "UC19HAUAK",
        "ts": "1573664881.254400",
        "team": "TC0C1HURK",
        "user_team": "TC0C1HURK",
        "source_team": "TC0C1HURK",
        "user_profile": {
            "avatar_hash": "066a042e018c",
            "image_72": "https:\/\/avatars.slack-edge.com\/2019-12-07\/866588520998_066a042e018ca831a195_72.png",
            "first_name": "Pavel",
            "real_name": "Pavel Tiunov",
            "display_name": "pavel",
            "team": "TC0C1HURK",
            "name": "pavel",
            "is_restricted": false,
            "is_ultra_restricted": false
        },
        "thread_ts": "1573607749.236700",
        "parent_user_id": "UP8DG377D"
    },
    {
        "client_msg_id": "debb60c3-5f15-4029-9c7b-a945b877ff0c",
        "type": "message",
        "text": "ah okay thank you",
        "user": "UP8DG377D",
        "ts": "1573664950.255700",
        "team": "TC0C1HURK",
        "user_team": "TC0C1HURK",
        "source_team": "TC0C1HURK",
        "user_profile": {
            "avatar_hash": "gf234052f393",
            "image_72": "https:\/\/secure.gravatar.com\/avatar\/f234052f393762cc8cd3b133177a7cc0.jpg?s=72&d=https%3A%2F%2Fa.slack-edge.com%2Fdf10d%2Fimg%2Favatars%2Fava_0009-72.png",
            "first_name": "",
            "real_name": "Kareem J",
            "display_name": "Kareem J",
            "team": "TC0C1HURK",
            "name": "kjanoudi213",
            "is_restricted": false,
            "is_ultra_restricted": false
        },
        "blocks": [
            {
                "type": "rich_text",
                "block_id": "qTo6",
                "elements": [
                    {
                        "type": "rich_text_section",
                        "elements": [
                            {
                                "type": "text",
                                "text": "ah okay thank you"
                            }
                        ]
                    }
                ]
            }
        ],
        "thread_ts": "1573607749.236700",
        "parent_user_id": "UP8DG377D"
    },
    {
        "type": "message",
        "text": "hey guys I'm not sure how to achieve this. I'd like to build some conversion funnels using cube. I've stored the data in a postgress db and visualizing them as a table at the moment that looks like the picture.\nAny idea how to make it a funnel chart?",
        "files": [
            {
                "id": "FQ5M23SJF",
                "created": 1573665036,
                "timestamp": 1573665036,
                "name": "Screenshot 2019-11-13 at 18.09.15.png",
                "title": "Screenshot 2019-11-13 at 18.09.15.png",
                "mimetype": "image\/png",
                "filetype": "png",
                "pretty_type": "PNG",
                "user": "UQ141PSLS",
                "editable": false,
                "size": 23512,
                "mode": "hosted",
                "is_external": false,
                "external_type": "",
                "is_public": true,
                "public_url_shared": false,
                "display_as_bot": false,
                "username": "",
                "url_private": "https:\/\/files.slack.com\/files-pri\/TC0C1HURK-FQ5M23SJF\/screenshot_2019-11-13_at_18.09.15.png?t=xoxe-408409606869-1300049925941-1294691254950-5e5ba619551397a2daf3223fc6c48b4a",
                "url_private_download": "https:\/\/files.slack.com\/files-pri\/TC0C1HURK-FQ5M23SJF\/download\/screenshot_2019-11-13_at_18.09.15.png?t=xoxe-408409606869-1300049925941-1294691254950-5e5ba619551397a2daf3223fc6c48b4a",
                "thumb_64": "https:\/\/files.slack.com\/files-tmb\/TC0C1HURK-FQ5M23SJF-c3b77e972a\/screenshot_2019-11-13_at_18.09.15_64.png?t=xoxe-408409606869-1300049925941-1294691254950-5e5ba619551397a2daf3223fc6c48b4a",
                "thumb_80": "https:\/\/files.slack.com\/files-tmb\/TC0C1HURK-FQ5M23SJF-c3b77e972a\/screenshot_2019-11-13_at_18.09.15_80.png?t=xoxe-408409606869-1300049925941-1294691254950-5e5ba619551397a2daf3223fc6c48b4a",
                "thumb_360": "https:\/\/files.slack.com\/files-tmb\/TC0C1HURK-FQ5M23SJF-c3b77e972a\/screenshot_2019-11-13_at_18.09.15_360.png?t=xoxe-408409606869-1300049925941-1294691254950-5e5ba619551397a2daf3223fc6c48b4a",
                "thumb_360_w": 360,
                "thumb_360_h": 51,
                "thumb_480": "https:\/\/files.slack.com\/files-tmb\/TC0C1HURK-FQ5M23SJF-c3b77e972a\/screenshot_2019-11-13_at_18.09.15_480.png?t=xoxe-408409606869-1300049925941-1294691254950-5e5ba619551397a2daf3223fc6c48b4a",
                "thumb_480_w": 480,
                "thumb_480_h": 68,
                "thumb_160": "https:\/\/files.slack.com\/files-tmb\/TC0C1HURK-FQ5M23SJF-c3b77e972a\/screenshot_2019-11-13_at_18.09.15_160.png?t=xoxe-408409606869-1300049925941-1294691254950-5e5ba619551397a2daf3223fc6c48b4a",
                "thumb_720": "https:\/\/files.slack.com\/files-tmb\/TC0C1HURK-FQ5M23SJF-c3b77e972a\/screenshot_2019-11-13_at_18.09.15_720.png?t=xoxe-408409606869-1300049925941-1294691254950-5e5ba619551397a2daf3223fc6c48b4a",
                "thumb_720_w": 720,
                "thumb_720_h": 102,
                "thumb_800": "https:\/\/files.slack.com\/files-tmb\/TC0C1HURK-FQ5M23SJF-c3b77e972a\/screenshot_2019-11-13_at_18.09.15_800.png?t=xoxe-408409606869-1300049925941-1294691254950-5e5ba619551397a2daf3223fc6c48b4a",
                "thumb_800_w": 800,
                "thumb_800_h": 113,
                "thumb_960": "https:\/\/files.slack.com\/files-tmb\/TC0C1HURK-FQ5M23SJF-c3b77e972a\/screenshot_2019-11-13_at_18.09.15_960.png?t=xoxe-408409606869-1300049925941-1294691254950-5e5ba619551397a2daf3223fc6c48b4a",
                "thumb_960_w": 960,
                "thumb_960_h": 135,
                "thumb_1024": "https:\/\/files.slack.com\/files-tmb\/TC0C1HURK-FQ5M23SJF-c3b77e972a\/screenshot_2019-11-13_at_18.09.15_1024.png?t=xoxe-408409606869-1300049925941-1294691254950-5e5ba619551397a2daf3223fc6c48b4a",
                "thumb_1024_w": 1024,
                "thumb_1024_h": 145,
                "image_exif_rotation": 1,
                "original_w": 1658,
                "original_h": 234,
                "thumb_tiny": "AwAGADDSApaBRQAmOaWjvRQAYooooA\/\/2Q==",
                "permalink": "https:\/\/cube-js.slack.com\/files\/UQ141PSLS\/FQ5M23SJF\/screenshot_2019-11-13_at_18.09.15.png",
                "permalink_public": "https:\/\/slack-files.com\/TC0C1HURK-FQ5M23SJF-b7ccfd3f38",
                "is_starred": false,
                "has_rich_preview": false
            }
        ],
        "upload": true,
        "blocks": [
            {
                "type": "rich_text",
                "block_id": "ead",
                "elements": [
                    {
                        "type": "rich_text_section",
                        "elements": [
                            {
                                "type": "text",
                                "text": "hey guys I'm not sure how to achieve this. I'd like to build some conversion funnels using cube. I've stored the data in a postgress db and visualizing them as a table at the moment that looks like the picture.\nAny idea how to make it a funnel chart?"
                            }
                        ]
                    }
                ]
            }
        ],
        "user": "UQ141PSLS",
        "display_as_bot": false,
        "ts": "1573665039.255900",
        "client_msg_id": "aa5d72ca-0d18-4460-a3a6-c618bd4fb4c3",
        "thread_ts": "1573665039.255900",
        "reply_count": 5,
        "reply_users_count": 2,
        "latest_reply": "1573668205.258800",
        "reply_users": [
            "UC19HAUAK",
            "UQ141PSLS"
        ],
        "replies": [
            {
                "user": "UC19HAUAK",
                "ts": "1573666221.257300"
            },
            {
                "user": "UQ141PSLS",
                "ts": "1573666390.257500"
            },
            {
                "user": "UQ141PSLS",
                "ts": "1573666412.257700"
            },
            {
                "user": "UC19HAUAK",
                "ts": "1573667844.258600"
            },
            {
                "user": "UQ141PSLS",
                "ts": "1573668205.258800"
            }
        ],
        "subscribed": false
    },
    {
        "client_msg_id": "868B245A-D40C-4915-9BFA-C9F7EF419A18",
        "type": "message",
        "text": "<@UQ141PSLS> Do you mean from visualization standpoint? Like step change percentage between bars in bar chart?",
        "user": "UC19HAUAK",
        "ts": "1573666221.257300",
        "team": "TC0C1HURK",
        "user_team": "TC0C1HURK",
        "source_team": "TC0C1HURK",
        "user_profile": {
            "avatar_hash": "066a042e018c",
            "image_72": "https:\/\/avatars.slack-edge.com\/2019-12-07\/866588520998_066a042e018ca831a195_72.png",
            "first_name": "Pavel",
            "real_name": "Pavel Tiunov",
            "display_name": "pavel",
            "team": "TC0C1HURK",
            "name": "pavel",
            "is_restricted": false,
            "is_ultra_restricted": false
        },
        "thread_ts": "1573665039.255900",
        "parent_user_id": "UQ141PSLS"
    },
    {
        "client_msg_id": "31e6d8c2-97b2-44ab-91f8-2d52095cb15b",
        "type": "message",
        "text": "yeah something like that would work",
        "user": "UQ141PSLS",
        "ts": "1573666390.257500",
        "team": "TC0C1HURK",
        "user_team": "TC0C1HURK",
        "source_team": "TC0C1HURK",
        "user_profile": {
            "avatar_hash": "g336ec7b60bb",
            "image_72": "https:\/\/secure.gravatar.com\/avatar\/336ec7b60bbca903a5c6b6e9107c6411.jpg?s=72&d=https%3A%2F%2Fa.slack-edge.com%2Fdf10d%2Fimg%2Favatars%2Fava_0002-72.png",
            "first_name": "",
            "real_name": "theBliz",
            "display_name": "theBliz",
            "team": "TC0C1HURK",
            "name": "imbrescia.s604",
            "is_restricted": false,
            "is_ultra_restricted": false
        },
        "blocks": [
            {
                "type": "rich_text",
                "block_id": "k0PMv",
                "elements": [
                    {
                        "type": "rich_text_section",
                        "elements": [
                            {
                                "type": "text",
                                "text": "yeah something like that would work"
                            }
                        ]
                    }
                ]
            }
        ],
        "thread_ts": "1573665039.255900",
        "parent_user_id": "UQ141PSLS"
    },
    {
        "client_msg_id": "0f666e51-63bc-4996-85fd-be99a04428fa",
        "type": "message",
        "text": "I might need to do some aggregation before that",
        "user": "UQ141PSLS",
        "ts": "1573666412.257700",
        "team": "TC0C1HURK",
        "user_team": "TC0C1HURK",
        "source_team": "TC0C1HURK",
        "user_profile": {
            "avatar_hash": "g336ec7b60bb",
            "image_72": "https:\/\/secure.gravatar.com\/avatar\/336ec7b60bbca903a5c6b6e9107c6411.jpg?s=72&d=https%3A%2F%2Fa.slack-edge.com%2Fdf10d%2Fimg%2Favatars%2Fava_0002-72.png",
            "first_name": "",
            "real_name": "theBliz",
            "display_name": "theBliz",
            "team": "TC0C1HURK",
            "name": "imbrescia.s604",
            "is_restricted": false,
            "is_ultra_restricted": false
        },
        "edited": {
            "user": "UQ141PSLS",
            "ts": "1573667305.000000"
        },
        "blocks": [
            {
                "type": "rich_text",
                "block_id": "bULk",
                "elements": [
                    {
                        "type": "rich_text_section",
                        "elements": [
                            {
                                "type": "text",
                                "text": "I might need to do some aggregation before that"
                            }
                        ]
                    }
                ]
            }
        ],
        "thread_ts": "1573665039.255900",
        "parent_user_id": "UQ141PSLS"
    },
    {
        "client_msg_id": "EBDEFFDE-B053-4A3D-8DFC-C6B6F27A2E67",
        "type": "message",
        "text": "<@UQ141PSLS> You can check this example <https:\/\/d1ygcqhosay4lt.cloudfront.net>",
        "user": "UC19HAUAK",
        "ts": "1573667844.258600",
        "team": "TC0C1HURK",
        "user_team": "TC0C1HURK",
        "source_team": "TC0C1HURK",
        "user_profile": {
            "avatar_hash": "066a042e018c",
            "image_72": "https:\/\/avatars.slack-edge.com\/2019-12-07\/866588520998_066a042e018ca831a195_72.png",
            "first_name": "Pavel",
            "real_name": "Pavel Tiunov",
            "display_name": "pavel",
            "team": "TC0C1HURK",
            "name": "pavel",
            "is_restricted": false,
            "is_ultra_restricted": false
        },
        "thread_ts": "1573665039.255900",
        "parent_user_id": "UQ141PSLS"
    },
    {
        "client_msg_id": "e43be181-ce1c-4310-9b50-674fef1e90b7",
        "type": "message",
        "text": "thanks Pavel! super helpful will take a look now",
        "user": "UQ141PSLS",
        "ts": "1573668205.258800",
        "team": "TC0C1HURK",
        "user_team": "TC0C1HURK",
        "source_team": "TC0C1HURK",
        "user_profile": {
            "avatar_hash": "g336ec7b60bb",
            "image_72": "https:\/\/secure.gravatar.com\/avatar\/336ec7b60bbca903a5c6b6e9107c6411.jpg?s=72&d=https%3A%2F%2Fa.slack-edge.com%2Fdf10d%2Fimg%2Favatars%2Fava_0002-72.png",
            "first_name": "",
            "real_name": "theBliz",
            "display_name": "theBliz",
            "team": "TC0C1HURK",
            "name": "imbrescia.s604",
            "is_restricted": false,
            "is_ultra_restricted": false
        },
        "blocks": [
            {
                "type": "rich_text",
                "block_id": "mgBTg",
                "elements": [
                    {
                        "type": "rich_text_section",
                        "elements": [
                            {
                                "type": "text",
                                "text": "thanks Pavel! super helpful will take a look now"
                            }
                        ]
                    }
                ]
            }
        ],
        "thread_ts": "1573665039.255900",
        "parent_user_id": "UQ141PSLS",
        "reactions": [
            {
                "name": "raised_hands",
                "users": [
                    "UC19HAUAK"
                ],
                "count": 1
            }
        ]
    },
    {
        "client_msg_id": "ea36712f-1528-4587-bd59-aba4bf0a7b08",
        "type": "message",
        "text": "Do measure filters based on `FILTER_PARAMS` work in preaggregations? I’m trying to use preaggregations while comparing two sets of dates, like we discussed here:\n<https:\/\/cube-js.slack.com\/archives\/CC0403RRR\/p1571339300040900?thread_ts=1571268550.035800&amp;cid=CC0403RRR>\n\nI’m seeing the preaggregate be generated with those values as `1 = 1` , which makes sense, but the resulting query against the preaggregate table doesn’t apply those filters. Seems like a bug. I’m going to open a github issue for it so I can get into detail and post code.",
        "user": "UPGGHD4A3",
        "ts": "1573670719.259100",
        "team": "TC0C1HURK",
        "user_team": "TC0C1HURK",
        "source_team": "TC0C1HURK",
        "user_profile": {
            "avatar_hash": "g0d5c98e7390",
            "image_72": "https:\/\/secure.gravatar.com\/avatar\/0d5c98e73901202c4453bc202770b425.jpg?s=72&d=https%3A%2F%2Fa.slack-edge.com%2Fdf10d%2Fimg%2Favatars%2Fava_0006-72.png",
            "first_name": "",
            "real_name": "Matt Ferrante",
            "display_name": "Matt Ferrante",
            "team": "TC0C1HURK",
            "name": "matt",
            "is_restricted": false,
            "is_ultra_restricted": false
        },
        "attachments": [
            {
                "from_url": "https:\/\/cube-js.slack.com\/archives\/CC0403RRR\/p1571339300040900?thread_ts=1571268550.035800&amp;cid=CC0403RRR",
                "fallback": "[October 17th, 2019 12:08 PM] pavel: <@UPGGHD4A3> Yep. Right. `FILTER_PARAMS` don't differentiate if you use function for `filter` method. It's up to you. You can get the middle of date range which will be the split point by using something like `from + (to - from) \/ 2`.",
                "ts": "1571339300.040900",
                "author_id": "UC19HAUAK",
                "author_subname": "Pavel Tiunov",
                "channel_id": "CC0403RRR",
                "channel_name": "general",
                "is_msg_unfurl": true,
                "is_reply_unfurl": true,
                "text": "<@UPGGHD4A3> Yep. Right. `FILTER_PARAMS` don't differentiate if you use function for `filter` method. It's up to you. You can get the middle of date range which will be the split point by using something like `from + (to - from) \/ 2`.",
                "author_name": "Pavel Tiunov",
                "author_link": "https:\/\/cube-js.slack.com\/team\/UC19HAUAK",
                "author_icon": "https:\/\/avatars.slack-edge.com\/2018-09-05\/428894750737_67a0828a81ff9405459d_48.png",
                "mrkdwn_in": [
                    "text"
                ],
                "id": 1,
                "original_url": "https:\/\/cube-js.slack.com\/archives\/CC0403RRR\/p1571339300040900?thread_ts=1571268550.035800&amp;cid=CC0403RRR",
                "footer": "From a thread in #general"
            }
        ],
        "blocks": [
            {
                "type": "rich_text",
                "block_id": "Zvbrq",
                "elements": [
                    {
                        "type": "rich_text_section",
                        "elements": [
                            {
                                "type": "text",
                                "text": "Do measure filters based on "
                            },
                            {
                                "type": "text",
                                "text": "FILTER_PARAMS",
                                "style": {
                                    "code": true
                                }
                            },
                            {
                                "type": "text",
                                "text": " work in preaggregations? I’m trying to use preaggregations while comparing two sets of dates, like we discussed here:\n"
                            },
                            {
                                "type": "link",
                                "url": "https:\/\/cube-js.slack.com\/archives\/CC0403RRR\/p1571339300040900?thread_ts=1571268550.035800&cid=CC0403RRR"
                            },
                            {
                                "type": "text",
                                "text": "\n\nI’m seeing the preaggregate be generated with those values as "
                            },
                            {
                                "type": "text",
                                "text": "1 = 1",
                                "style": {
                                    "code": true
                                }
                            },
                            {
                                "type": "text",
                                "text": " , which makes sense, but the resulting query against the preaggregate table doesn’t apply those filters. Seems like a bug. I’m going to open a github issue for it so I can get into detail and post code."
                            }
                        ]
                    }
                ]
            }
        ],
        "thread_ts": "1573662864.251000",
        "parent_user_id": "UPGGHD4A3"
    },
    {
        "client_msg_id": "348D36D4-C91A-43BE-BBE9-3EC22142436F",
        "type": "message",
        "text": "<@UPGGHD4A3> They apply but depending on pre-aggregation type. Particularly it doesn’t apply for originalSql.",
        "user": "UC19HAUAK",
        "ts": "1573670863.260700",
        "team": "TC0C1HURK",
        "user_team": "TC0C1HURK",
        "source_team": "TC0C1HURK",
        "user_profile": {
            "avatar_hash": "066a042e018c",
            "image_72": "https:\/\/avatars.slack-edge.com\/2019-12-07\/866588520998_066a042e018ca831a195_72.png",
            "first_name": "Pavel",
            "real_name": "Pavel Tiunov",
            "display_name": "pavel",
            "team": "TC0C1HURK",
            "name": "pavel",
            "is_restricted": false,
            "is_ultra_restricted": false
        },
        "thread_ts": "1573662864.251000",
        "parent_user_id": "UPGGHD4A3"
    },
    {
        "client_msg_id": "3736eed2-ec11-4990-a23b-f829afe29ddc",
        "type": "message",
        "text": "It should work for `rollup` though?",
        "user": "UPGGHD4A3",
        "ts": "1573670953.260900",
        "team": "TC0C1HURK",
        "user_team": "TC0C1HURK",
        "source_team": "TC0C1HURK",
        "user_profile": {
            "avatar_hash": "g0d5c98e7390",
            "image_72": "https:\/\/secure.gravatar.com\/avatar\/0d5c98e73901202c4453bc202770b425.jpg?s=72&d=https%3A%2F%2Fa.slack-edge.com%2Fdf10d%2Fimg%2Favatars%2Fava_0006-72.png",
            "first_name": "",
            "real_name": "Matt Ferrante",
            "display_name": "Matt Ferrante",
            "team": "TC0C1HURK",
            "name": "matt",
            "is_restricted": false,
            "is_ultra_restricted": false
        },
        "blocks": [
            {
                "type": "rich_text",
                "block_id": "V8iBJ",
                "elements": [
                    {
                        "type": "rich_text_section",
                        "elements": [
                            {
                                "type": "text",
                                "text": "It should work for "
                            },
                            {
                                "type": "text",
                                "text": "rollup",
                                "style": {
                                    "code": true
                                }
                            },
                            {
                                "type": "text",
                                "text": " though?"
                            }
                        ]
                    }
                ]
            }
        ],
        "thread_ts": "1573662864.251000",
        "parent_user_id": "UPGGHD4A3"
    },
    {
        "client_msg_id": "5262F690-426F-49C5-9225-E153AEF9EBFB",
        "type": "message",
        "text": "<@UPGGHD4A3> Only for partitioned I believe. ",
        "user": "UC19HAUAK",
        "ts": "1573673002.262400",
        "team": "TC0C1HURK",
        "user_team": "TC0C1HURK",
        "source_team": "TC0C1HURK",
        "user_profile": {
            "avatar_hash": "066a042e018c",
            "image_72": "https:\/\/avatars.slack-edge.com\/2019-12-07\/866588520998_066a042e018ca831a195_72.png",
            "first_name": "Pavel",
            "real_name": "Pavel Tiunov",
            "display_name": "pavel",
            "team": "TC0C1HURK",
            "name": "pavel",
            "is_restricted": false,
            "is_ultra_restricted": false
        },
        "thread_ts": "1573662864.251000",
        "parent_user_id": "UPGGHD4A3"
    },
    {
        "client_msg_id": "1D6A4F3C-F3BF-472C-A310-2C93620FD187",
        "type": "message",
        "text": "<@UPGGHD4A3> The only way here is to put these comparison definitions in cube SQL to pre-aggregate it I think.",
        "user": "UC19HAUAK",
        "ts": "1573674481.264100",
        "team": "TC0C1HURK",
        "user_team": "TC0C1HURK",
        "source_team": "TC0C1HURK",
        "user_profile": {
            "avatar_hash": "066a042e018c",
            "image_72": "https:\/\/avatars.slack-edge.com\/2019-12-07\/866588520998_066a042e018ca831a195_72.png",
            "first_name": "Pavel",
            "real_name": "Pavel Tiunov",
            "display_name": "pavel",
            "team": "TC0C1HURK",
            "name": "pavel",
            "is_restricted": false,
            "is_ultra_restricted": false
        },
        "thread_ts": "1573662864.251000",
        "parent_user_id": "UPGGHD4A3"
    },
    {
        "type": "message",
        "text": "I'm trying to replicate this dataset directly from a cubejs query but I'm not sure if it is possible.",
        "files": [
            {
                "id": "FQHH6NW6R",
                "created": 1573679219,
                "timestamp": 1573679219,
                "name": "Untitled",
                "title": "Untitled",
                "mimetype": "text\/plain",
                "filetype": "text",
                "pretty_type": "Plain Text",
                "user": "UQ141PSLS",
                "editable": true,
                "size": 383,
                "mode": "snippet",
                "is_external": false,
                "external_type": "",
                "is_public": true,
                "public_url_shared": false,
                "display_as_bot": false,
                "username": "",
                "url_private": "https:\/\/files.slack.com\/files-pri\/TC0C1HURK-FQHH6NW6R\/untitled?t=xoxe-408409606869-1300049925941-1294691254950-5e5ba619551397a2daf3223fc6c48b4a",
                "url_private_download": "https:\/\/files.slack.com\/files-pri\/TC0C1HURK-FQHH6NW6R\/download\/untitled?t=xoxe-408409606869-1300049925941-1294691254950-5e5ba619551397a2daf3223fc6c48b4a",
                "permalink": "https:\/\/cube-js.slack.com\/files\/UQ141PSLS\/FQHH6NW6R\/untitled",
                "permalink_public": "https:\/\/slack-files.com\/TC0C1HURK-FQHH6NW6R-4bffe33d9d",
                "edit_link": "https:\/\/cube-js.slack.com\/files\/UQ141PSLS\/FQHH6NW6R\/untitled\/edit",
                "is_starred": false,
                "has_rich_preview": false
            }
        ],
        "upload": true,
        "blocks": [
            {
                "type": "rich_text",
                "block_id": "K=g",
                "elements": [
                    {
                        "type": "rich_text_section",
                        "elements": [
                            {
                                "type": "text",
                                "text": "I'm trying to replicate this dataset directly from a cubejs query but I'm not sure if it is possible."
                            }
                        ]
                    }
                ]
            }
        ],
        "user": "UQ141PSLS",
        "display_as_bot": false,
        "ts": "1573679220.264300",
        "client_msg_id": "2a5b5b29-2446-4dd8-b84d-c87a0ac0f938"
    },
    {
        "client_msg_id": "3f0b7600-df26-47a6-a9ae-e8cc6f8493c0",
        "type": "message",
        "text": "I'm starting from a postgress db where all this info are stored as",
        "user": "UQ141PSLS",
        "ts": "1573679262.265200",
        "team": "TC0C1HURK",
        "user_team": "TC0C1HURK",
        "source_team": "TC0C1HURK",
        "user_profile": {
            "avatar_hash": "g336ec7b60bb",
            "image_72": "https:\/\/secure.gravatar.com\/avatar\/336ec7b60bbca903a5c6b6e9107c6411.jpg?s=72&d=https%3A%2F%2Fa.slack-edge.com%2Fdf10d%2Fimg%2Favatars%2Fava_0002-72.png",
            "first_name": "",
            "real_name": "theBliz",
            "display_name": "theBliz",
            "team": "TC0C1HURK",
            "name": "imbrescia.s604",
            "is_restricted": false,
            "is_ultra_restricted": false
        },
        "blocks": [
            {
                "type": "rich_text",
                "block_id": "mnIiv",
                "elements": [
                    {
                        "type": "rich_text_section",
                        "elements": [
                            {
                                "type": "text",
                                "text": "I'm starting from a postgress db where all this info are stored as"
                            }
                        ]
                    }
                ]
            }
        ]
    },
    {
        "type": "message",
        "text": "",
        "files": [
            {
                "id": "FQKCVECUX",
                "created": 1573679430,
                "timestamp": 1573679430,
                "name": "Untitled.txt",
                "title": "Untitled",
                "mimetype": "text\/plain",
                "filetype": "text",
                "pretty_type": "Plain Text",
                "user": "UQ141PSLS",
                "editable": true,
                "size": 145,
                "mode": "snippet",
                "is_external": false,
                "external_type": "",
                "is_public": true,
                "public_url_shared": false,
                "display_as_bot": false,
                "username": "",
                "url_private": "https:\/\/files.slack.com\/files-pri\/TC0C1HURK-FQKCVECUX\/Untitled.txt?t=xoxe-408409606869-1300049925941-1294691254950-5e5ba619551397a2daf3223fc6c48b4a",
                "url_private_download": "https:\/\/files.slack.com\/files-pri\/TC0C1HURK-FQKCVECUX\/download\/Untitled.txt?t=xoxe-408409606869-1300049925941-1294691254950-5e5ba619551397a2daf3223fc6c48b4a",
                "permalink": "https:\/\/cube-js.slack.com\/files\/UQ141PSLS\/FQKCVECUX\/Untitled.txt",
                "permalink_public": "https:\/\/slack-files.com\/TC0C1HURK-FQKCVECUX-cd8d41e7b2",
                "edit_link": "https:\/\/cube-js.slack.com\/files\/UQ141PSLS\/FQKCVECUX\/Untitled.txt\/edit",
                "is_starred": false,
                "has_rich_preview": false
            }
        ],
        "upload": true,
        "user": "UQ141PSLS",
        "display_as_bot": false,
        "ts": "1573679431.265300",
        "client_msg_id": "c68fd2aa-7bf8-4f1d-98a1-423a7cef5de8"
    },
    {
        "client_msg_id": "139c8f75-e657-4132-b1a2-941baa25ca91",
        "type": "message",
        "text": "which means that I should somehow aggregate the info (eg. id 01 and 03 should create a Value of 2)",
        "user": "UQ141PSLS",
        "ts": "1573679479.266400",
        "team": "TC0C1HURK",
        "user_team": "TC0C1HURK",
        "source_team": "TC0C1HURK",
        "user_profile": {
            "avatar_hash": "g336ec7b60bb",
            "image_72": "https:\/\/secure.gravatar.com\/avatar\/336ec7b60bbca903a5c6b6e9107c6411.jpg?s=72&d=https%3A%2F%2Fa.slack-edge.com%2Fdf10d%2Fimg%2Favatars%2Fava_0002-72.png",
            "first_name": "",
            "real_name": "theBliz",
            "display_name": "theBliz",
            "team": "TC0C1HURK",
            "name": "imbrescia.s604",
            "is_restricted": false,
            "is_ultra_restricted": false
        },
        "blocks": [
            {
                "type": "rich_text",
                "block_id": "XJ1m",
                "elements": [
                    {
                        "type": "rich_text_section",
                        "elements": [
                            {
                                "type": "text",
                                "text": "which means that I should somehow aggregate the info (eg. id 01 and 03 should create a Value of 2)"
                            }
                        ]
                    }
                ]
            }
        ]
    },
    {
        "client_msg_id": "3568900c-c5f6-455e-868d-632656bfddfd",
        "type": "message",
        "text": "can this be achieved with cube js aggregations?",
        "user": "UQ141PSLS",
        "ts": "1573679493.266800",
        "team": "TC0C1HURK",
        "user_team": "TC0C1HURK",
        "source_team": "TC0C1HURK",
        "user_profile": {
            "avatar_hash": "g336ec7b60bb",
            "image_72": "https:\/\/secure.gravatar.com\/avatar\/336ec7b60bbca903a5c6b6e9107c6411.jpg?s=72&d=https%3A%2F%2Fa.slack-edge.com%2Fdf10d%2Fimg%2Favatars%2Fava_0002-72.png",
            "first_name": "",
            "real_name": "theBliz",
            "display_name": "theBliz",
            "team": "TC0C1HURK",
            "name": "imbrescia.s604",
            "is_restricted": false,
            "is_ultra_restricted": false
        },
        "blocks": [
            {
                "type": "rich_text",
                "block_id": "DCvqu",
                "elements": [
                    {
                        "type": "rich_text_section",
                        "elements": [
                            {
                                "type": "text",
                                "text": "can this be achieved with cube js aggregations?"
                            }
                        ]
                    }
                ]
            }
        ],
        "thread_ts": "1573679493.266800",
        "reply_count": 7,
        "reply_users_count": 2,
        "latest_reply": "1573802502.279700",
        "reply_users": [
            "UQ141PSLS",
            "UC19HAUAK"
        ],
        "replies": [
            {
                "user": "UQ141PSLS",
                "ts": "1573731554.269500"
            },
            {
                "user": "UQ141PSLS",
                "ts": "1573731620.269700"
            },
            {
                "user": "UC19HAUAK",
                "ts": "1573760837.270100"
            },
            {
                "user": "UQ141PSLS",
                "ts": "1573802307.278700"
            },
            {
                "user": "UQ141PSLS",
                "ts": "1573802365.279100"
            },
            {
                "user": "UQ141PSLS",
                "ts": "1573802409.279500"
            },
            {
                "user": "UQ141PSLS",
                "ts": "1573802502.279700"
            }
        ],
        "subscribed": false
    },
    {
        "client_msg_id": "69f4fe9b-6f3e-48a3-91b4-4c91d3cd64b7",
        "type": "message",
        "text": "I followed up in here so I can share the code\n<https:\/\/github.com\/cube-js\/cube.js\/issues\/262>",
        "user": "UPGGHD4A3",
        "ts": "1573681195.266900",
        "team": "TC0C1HURK",
        "user_team": "TC0C1HURK",
        "source_team": "TC0C1HURK",
        "user_profile": {
            "avatar_hash": "g0d5c98e7390",
            "image_72": "https:\/\/secure.gravatar.com\/avatar\/0d5c98e73901202c4453bc202770b425.jpg?s=72&d=https%3A%2F%2Fa.slack-edge.com%2Fdf10d%2Fimg%2Favatars%2Fava_0006-72.png",
            "first_name": "",
            "real_name": "Matt Ferrante",
            "display_name": "Matt Ferrante",
            "team": "TC0C1HURK",
            "name": "matt",
            "is_restricted": false,
            "is_ultra_restricted": false
        },
        "attachments": [
            {
                "service_name": "GitHub",
                "title": "Dynamic Measures using FILTER_PARAMS ERROR when calculated from Pre-Aggregations · Issue #262 · cube-js\/cube.js",
                "title_link": "https:\/\/github.com\/cube-js\/cube.js\/issues\/262",
                "text": "Describe the bug Non-Additive measures that can be derived from a roll-up Additive or Leaf Additive measures should be derivable from a Pre-aggregate table query. measures that have filters that ca...",
                "fallback": "GitHub: Dynamic Measures using FILTER_PARAMS ERROR when calculated from Pre-Aggregations · Issue #262 · cube-js\/cube.js",
                "thumb_url": "https:\/\/avatars0.githubusercontent.com\/u\/52467369?s=400&v=4",
                "from_url": "https:\/\/github.com\/cube-js\/cube.js\/issues\/262",
                "thumb_width": 400,
                "thumb_height": 400,
                "service_icon": "https:\/\/a.slack-edge.com\/80588\/img\/unfurl_icons\/github.png",
                "id": 1,
                "original_url": "https:\/\/github.com\/cube-js\/cube.js\/issues\/262"
            }
        ],
        "blocks": [
            {
                "type": "rich_text",
                "block_id": "pa\/",
                "elements": [
                    {
                        "type": "rich_text_section",
                        "elements": [
                            {
                                "type": "text",
                                "text": "I followed up in here so I can share the code\n"
                            },
                            {
                                "type": "link",
                                "url": "https:\/\/github.com\/cube-js\/cube.js\/issues\/262"
                            }
                        ]
                    }
                ]
            }
        ],
        "thread_ts": "1573662864.251000",
        "parent_user_id": "UPGGHD4A3"
    },
    {
        "type": "message",
        "subtype": "channel_join",
        "ts": "1573682382.267300",
        "user": "UQKRDNV7G",
        "text": "<@UQKRDNV7G> has joined the channel"
    },
    {
        "client_msg_id": "90b5d763-61ca-4771-a614-4f6421eb99c5",
        "type": "message",
        "text": "Hi! I’m tentatively interested in the Enterprise version so I can take advantage of the Auto Rollups. Where can I learn more about the Enterprise version?",
        "user": "UPGGHD4A3",
        "ts": "1573687128.268600",
        "team": "TC0C1HURK",
        "user_team": "TC0C1HURK",
        "source_team": "TC0C1HURK",
        "user_profile": {
            "avatar_hash": "g0d5c98e7390",
            "image_72": "https:\/\/secure.gravatar.com\/avatar\/0d5c98e73901202c4453bc202770b425.jpg?s=72&d=https%3A%2F%2Fa.slack-edge.com%2Fdf10d%2Fimg%2Favatars%2Fava_0006-72.png",
            "first_name": "",
            "real_name": "Matt Ferrante",
            "display_name": "Matt Ferrante",
            "team": "TC0C1HURK",
            "name": "matt",
            "is_restricted": false,
            "is_ultra_restricted": false
        },
        "blocks": [
            {
                "type": "rich_text",
                "block_id": "OpWe",
                "elements": [
                    {
                        "type": "rich_text_section",
                        "elements": [
                            {
                                "type": "text",
                                "text": "Hi! I’m tentatively interested in the Enterprise version so I can take advantage of the Auto Rollups. Where can I learn more about the Enterprise version?"
                            }
                        ]
                    }
                ]
            }
        ],
        "thread_ts": "1573687128.268600",
        "reply_count": 1,
        "reply_users_count": 1,
        "latest_reply": "1573691622.268700",
        "reply_users": [
            "UC19HAUAK"
        ],
        "replies": [
            {
                "user": "UC19HAUAK",
                "ts": "1573691622.268700"
            }
        ],
        "subscribed": false
    },
    {
        "client_msg_id": "b0da5f0f-d2cf-4cb7-8ded-95e3847316a2",
        "type": "message",
        "text": "<@UPGGHD4A3> Will DM you shortly.",
        "user": "UC19HAUAK",
        "ts": "1573691622.268700",
        "team": "TC0C1HURK",
        "user_team": "TC0C1HURK",
        "source_team": "TC0C1HURK",
        "user_profile": {
            "avatar_hash": "066a042e018c",
            "image_72": "https:\/\/avatars.slack-edge.com\/2019-12-07\/866588520998_066a042e018ca831a195_72.png",
            "first_name": "Pavel",
            "real_name": "Pavel Tiunov",
            "display_name": "pavel",
            "team": "TC0C1HURK",
            "name": "pavel",
            "is_restricted": false,
            "is_ultra_restricted": false
        },
        "blocks": [
            {
                "type": "rich_text",
                "block_id": "+aV",
                "elements": [
                    {
                        "type": "rich_text_section",
                        "elements": [
                            {
                                "type": "user",
                                "user_id": "UPGGHD4A3"
                            },
                            {
                                "type": "text",
                                "text": " Will DM you shortly."
                            }
                        ]
                    }
                ]
            }
        ],
        "thread_ts": "1573687128.268600",
        "parent_user_id": "UPGGHD4A3"
    },
    {
        "type": "message",
        "subtype": "channel_join",
        "ts": "1573708182.269100",
        "user": "UQL6SMC4W",
        "text": "<@UQL6SMC4W> has joined the channel"
    }
]