[
    {
        "type": "message",
        "subtype": "channel_join",
        "ts": "1564906012.108600",
        "user": "ULQ4DEKB4",
        "text": "<@ULQ4DEKB4> has joined the channel"
    },
    {
        "type": "message",
        "subtype": "channel_join",
        "ts": "1564984438.108800",
        "user": "UM3QHLT71",
        "text": "<@UM3QHLT71> has joined the channel"
    },
    {
        "client_msg_id": "45530317-e14e-45a7-a51f-06375e67bc19",
        "type": "message",
        "text": "Hello! I'm trying to setup Cube.js with a connection to Athena but I keep getting a \"UnknownError: Not Implemented\" when any query tries to run on athena. Has anyone faced this before? I tried running an athena query from aws-cli and that works so I don't think it's a permissions issue...",
        "user": "UM3QHLT71",
        "ts": "1564984616.108900",
        "team": "TC0C1HURK",
        "user_team": "TC0C1HURK",
        "source_team": "TC0C1HURK",
        "user_profile": {
            "avatar_hash": "gf0c4e31ad2a",
            "image_72": "https:\/\/secure.gravatar.com\/avatar\/cf0c4e31ad2ab024bacd079c7dca3b4b.jpg?s=72&d=https%3A%2F%2Fa.slack-edge.com%2Fdf10d%2Fimg%2Favatars%2Fava_0001-72.png",
            "first_name": "",
            "real_name": "Sandeep",
            "display_name": "Sandeep",
            "team": "TC0C1HURK",
            "name": "sandeepravi.bits",
            "is_restricted": false,
            "is_ultra_restricted": false
        },
        "thread_ts": "1564984616.108900",
        "reply_count": 5,
        "reply_users_count": 2,
        "latest_reply": "1565084842.114300",
        "reply_users": [
            "UC19HAUAK",
            "UM3QHLT71"
        ],
        "replies": [
            {
                "user": "UC19HAUAK",
                "ts": "1565032869.112500"
            },
            {
                "user": "UM3QHLT71",
                "ts": "1565067326.113700"
            },
            {
                "user": "UM3QHLT71",
                "ts": "1565067345.113900"
            },
            {
                "user": "UM3QHLT71",
                "ts": "1565084841.114100"
            },
            {
                "user": "UM3QHLT71",
                "ts": "1565084842.114300"
            }
        ],
        "subscribed": false
    }
]