[
    {
        "client_msg_id": "f4c26889-608e-47d9-8de9-adb91ceb7dfb",
        "type": "message",
        "text": "Hello People :slightly_smiling_face: .. I need some help regarding schemaPath.. I want to reference my schema files from a mounted directory.. how do I go about it ?",
        "user": "U011XB4BL48",
        "ts": "1597156929.421500",
        "team": "TC0C1HURK",
        "user_team": "TC0C1HURK",
        "source_team": "TC0C1HURK",
        "user_profile": {
            "avatar_hash": "gf607cc5a75a",
            "image_72": "https:\/\/secure.gravatar.com\/avatar\/f607cc5a75a357582a72402c367abf19.jpg?s=72&d=https%3A%2F%2Fa.slack-edge.com%2Fdf10d%2Fimg%2Favatars%2Fava_0025-72.png",
            "first_name": "",
            "real_name": "Gaurav Lanjekar",
            "display_name": "Gaurav Lanjekar",
            "team": "TC0C1HURK",
            "name": "gaurav.lanjekar",
            "is_restricted": false,
            "is_ultra_restricted": false
        },
        "blocks": [
            {
                "type": "rich_text",
                "block_id": "ybN",
                "elements": [
                    {
                        "type": "rich_text_section",
                        "elements": [
                            {
                                "type": "text",
                                "text": "Hello People "
                            },
                            {
                                "type": "emoji",
                                "name": "slightly_smiling_face"
                            },
                            {
                                "type": "text",
                                "text": " .. I need some help regarding schemaPath.. I want to reference my schema files from a mounted directory.. how do I go about it ?"
                            }
                        ]
                    }
                ]
            }
        ],
        "thread_ts": "1597156929.421500",
        "reply_count": 5,
        "reply_users_count": 2,
        "latest_reply": "1597320560.028200",
        "reply_users": [
            "U011XB4BL48",
            "UHKB88WF2"
        ],
        "replies": [
            {
                "user": "U011XB4BL48",
                "ts": "1597159561.421900"
            },
            {
                "user": "UHKB88WF2",
                "ts": "1597170813.422600"
            },
            {
                "user": "U011XB4BL48",
                "ts": "1597231993.001600"
            },
            {
                "user": "UHKB88WF2",
                "ts": "1597233038.001800"
            },
            {
                "user": "U011XB4BL48",
                "ts": "1597320560.028200"
            }
        ],
        "subscribed": false
    },
    {
        "type": "message",
        "subtype": "channel_join",
        "ts": "1597158651.421700",
        "user": "U019C2PLWC8",
        "text": "<@U019C2PLWC8> has joined the channel"
    },
    {
        "client_msg_id": "33c88a55-e628-4d68-a25b-394f5a14d1df",
        "type": "message",
        "text": "inside of the file repository\n```\n  localPath() {\n    return path.join(process.cwd(), this.repositoryPath);\n  }```\nso it turns out I cannot get outside of the current working directory.. so I decided to write my own file repository",
        "user": "U011XB4BL48",
        "ts": "1597159561.421900",
        "team": "TC0C1HURK",
        "user_team": "TC0C1HURK",
        "source_team": "TC0C1HURK",
        "user_profile": {
            "avatar_hash": "gf607cc5a75a",
            "image_72": "https:\/\/secure.gravatar.com\/avatar\/f607cc5a75a357582a72402c367abf19.jpg?s=72&d=https%3A%2F%2Fa.slack-edge.com%2Fdf10d%2Fimg%2Favatars%2Fava_0025-72.png",
            "first_name": "",
            "real_name": "Gaurav Lanjekar",
            "display_name": "Gaurav Lanjekar",
            "team": "TC0C1HURK",
            "name": "gaurav.lanjekar",
            "is_restricted": false,
            "is_ultra_restricted": false
        },
        "blocks": [
            {
                "type": "rich_text",
                "block_id": "18dr=",
                "elements": [
                    {
                        "type": "rich_text_section",
                        "elements": [
                            {
                                "type": "text",
                                "text": "inside of the file repository\n"
                            }
                        ]
                    },
                    {
                        "type": "rich_text_preformatted",
                        "elements": [
                            {
                                "type": "text",
                                "text": "\n  localPath() {\n    return path.join(process.cwd(), this.repositoryPath);\n  }"
                            }
                        ]
                    },
                    {
                        "type": "rich_text_section",
                        "elements": [
                            {
                                "type": "text",
                                "text": "so it turns out I cannot get outside of the current working directory.. so I decided to write my own file repository"
                            }
                        ]
                    }
                ]
            }
        ],
        "thread_ts": "1597156929.421500",
        "parent_user_id": "U011XB4BL48"
    },
    {
        "type": "message",
        "subtype": "channel_join",
        "ts": "1597159884.422200",
        "user": "U019C4BNC4Q",
        "text": "<@U019C4BNC4Q> has joined the channel"
    },
    {
        "type": "message",
        "subtype": "channel_join",
        "ts": "1597163457.422300",
        "user": "U018ANGHFFF",
        "text": "<@U018ANGHFFF> has joined the channel"
    },
    {
        "type": "message",
        "subtype": "channel_join",
        "ts": "1597165637.422500",
        "user": "U018FQEJ8BG",
        "text": "<@U018FQEJ8BG> has joined the channel"
    },
    {
        "client_msg_id": "3e17b8bc-095a-4723-beba-6fa5c2624a2a",
        "type": "message",
        "text": "Are you using docker?",
        "user": "UHKB88WF2",
        "ts": "1597170813.422600",
        "team": "TC0C1HURK",
        "user_team": "TC0C1HURK",
        "source_team": "TC0C1HURK",
        "user_profile": {
            "avatar_hash": "g4e5b10f50af",
            "image_72": "https:\/\/secure.gravatar.com\/avatar\/e4e5b10f50af6fd88b666b4927b0d739.jpg?s=72&d=https%3A%2F%2Fa.slack-edge.com%2Fdf10d%2Fimg%2Favatars%2Fava_0004-72.png",
            "first_name": "",
            "real_name": "vincent",
            "display_name": "vincent",
            "team": "TC0C1HURK",
            "name": "vincent.baronnet",
            "is_restricted": false,
            "is_ultra_restricted": false
        },
        "blocks": [
            {
                "type": "rich_text",
                "block_id": "ou9S",
                "elements": [
                    {
                        "type": "rich_text_section",
                        "elements": [
                            {
                                "type": "text",
                                "text": "Are you using docker?"
                            }
                        ]
                    }
                ]
            }
        ],
        "thread_ts": "1597156929.421500",
        "parent_user_id": "U011XB4BL48"
    }
]