[
    {
        "client_msg_id": "acab187c-afa3-4029-8709-9d2545984a87",
        "type": "message",
        "text": "Error: Error: ER_DBACCESS_DENIED_ERROR: Access denied for user '**********'@'%' to database 'stb_pre_aggregations' , i am getting this error when i am adding preAggregations",
        "user": "UT267C0PL",
        "ts": "1584518790.306100",
        "team": "TC0C1HURK",
        "user_team": "TC0C1HURK",
        "source_team": "TC0C1HURK",
        "user_profile": {
            "avatar_hash": "gb4dcb9de59f",
            "image_72": "https:\/\/secure.gravatar.com\/avatar\/b4dcb9de59f7c1587f79c7692ec803bc.jpg?s=72&d=https%3A%2F%2Fa.slack-edge.com%2Fdf10d%2Fimg%2Favatars%2Fava_0022-72.png",
            "first_name": "",
            "real_name": "Madhu",
            "display_name": "Madhu",
            "team": "TC0C1HURK",
            "name": "madhusudhan.l",
            "is_restricted": false,
            "is_ultra_restricted": false
        },
        "blocks": [
            {
                "type": "rich_text",
                "block_id": "5WT9G",
                "elements": [
                    {
                        "type": "rich_text_section",
                        "elements": [
                            {
                                "type": "text",
                                "text": "Error: Error: ER_DBACCESS_DENIED_ERROR: Access denied for user '**********'@'%' to database 'stb_pre_aggregations' , i am getting this error when i am adding preAggregations"
                            }
                        ]
                    }
                ]
            }
        ],
        "thread_ts": "1584518790.306100",
        "reply_count": 5,
        "reply_users_count": 3,
        "latest_reply": "1584686115.327100",
        "reply_users": [
            "URG2GJK71",
            "UT267C0PL",
            "USMM7QR7G"
        ],
        "replies": [
            {
                "user": "URG2GJK71",
                "ts": "1584534252.308000"
            },
            {
                "user": "UT267C0PL",
                "ts": "1584534591.308300"
            },
            {
                "user": "URG2GJK71",
                "ts": "1584535968.308500"
            },
            {
                "user": "UT267C0PL",
                "ts": "1584536972.308700"
            },
            {
                "user": "USMM7QR7G",
                "ts": "1584686115.327100"
            }
        ],
        "subscribed": false
    },
    {
        "client_msg_id": "2314079e-c94c-4964-ae60-511a7a8a5e45",
        "type": "message",
        "text": "Iam using mysql db",
        "user": "UT267C0PL",
        "ts": "1584521778.306400",
        "team": "TC0C1HURK",
        "user_team": "TC0C1HURK",
        "source_team": "TC0C1HURK",
        "user_profile": {
            "avatar_hash": "gb4dcb9de59f",
            "image_72": "https:\/\/secure.gravatar.com\/avatar\/b4dcb9de59f7c1587f79c7692ec803bc.jpg?s=72&d=https%3A%2F%2Fa.slack-edge.com%2Fdf10d%2Fimg%2Favatars%2Fava_0022-72.png",
            "first_name": "",
            "real_name": "Madhu",
            "display_name": "Madhu",
            "team": "TC0C1HURK",
            "name": "madhusudhan.l",
            "is_restricted": false,
            "is_ultra_restricted": false
        },
        "blocks": [
            {
                "type": "rich_text",
                "block_id": "G0U+n",
                "elements": [
                    {
                        "type": "rich_text_section",
                        "elements": [
                            {
                                "type": "text",
                                "text": "Iam using mysql db"
                            }
                        ]
                    }
                ]
            }
        ]
    },
    {
        "client_msg_id": "fe4bea98-5b7c-4623-bc61-34bd695c36a3",
        "type": "message",
        "text": "Hello <@UC19HAUAK>\n\nHope you are doing well.\n\nI have a query regarding query cache. sometimes when i restart my server than updated result is shown on my dashboard. Can you please explain how to achieve this.\n\nThanks\nChintesh k.",
        "user": "UNS4PKYAK",
        "ts": "1584524638.306500",
        "team": "TC0C1HURK",
        "user_team": "TC0C1HURK",
        "source_team": "TC0C1HURK",
        "user_profile": {
            "avatar_hash": "664213ef9cf5",
            "image_72": "https:\/\/avatars.slack-edge.com\/2019-10-17\/800974914790_664213ef9cf5f85d3637_72.jpg",
            "first_name": "chintesh",
            "real_name": "chintesh kumar",
            "display_name": "chintesh kumar",
            "team": "TC0C1HURK",
            "name": "chintesh_kumar",
            "is_restricted": false,
            "is_ultra_restricted": false
        },
        "blocks": [
            {
                "type": "rich_text",
                "block_id": "jnl",
                "elements": [
                    {
                        "type": "rich_text_section",
                        "elements": [
                            {
                                "type": "text",
                                "text": "Hello "
                            },
                            {
                                "type": "user",
                                "user_id": "UC19HAUAK"
                            },
                            {
                                "type": "text",
                                "text": "\n\nHope you are doing well.\n\nI have a query regarding query cache. sometimes when i restart my server than updated result is shown on my dashboard. Can you please explain how to achieve this.\n\nThanks\nChintesh k."
                            }
                        ]
                    }
                ]
            }
        ],
        "thread_ts": "1578308051.113800",
        "parent_user_id": "UNS4PKYAK"
    },
    {
        "client_msg_id": "c7ebfb3e-fb07-4ece-a3da-91f53a1c1176",
        "type": "message",
        "text": "Hey all, how to overide orderby in cubejs?",
        "user": "U01038T883S",
        "ts": "1584524827.307900",
        "team": "TC0C1HURK",
        "user_team": "TC0C1HURK",
        "source_team": "TC0C1HURK",
        "user_profile": {
            "avatar_hash": "gd387d08ce7c",
            "image_72": "https:\/\/secure.gravatar.com\/avatar\/d387d08ce7c6b9c73127a6f845dab4a7.jpg?s=72&d=https%3A%2F%2Fa.slack-edge.com%2Fdf10d%2Fimg%2Favatars%2Fava_0003-72.png",
            "first_name": "",
            "real_name": "Sushmitha M Katti",
            "display_name": "Sushmitha M Katti",
            "team": "TC0C1HURK",
            "name": "sushmitha.katti.19",
            "is_restricted": false,
            "is_ultra_restricted": false
        },
        "thread_ts": "1584524827.307900",
        "reply_count": 1,
        "reply_users_count": 1,
        "latest_reply": "1584556473.309200",
        "reply_users": [
            "UC19HAUAK"
        ],
        "replies": [
            {
                "user": "UC19HAUAK",
                "ts": "1584556473.309200"
            }
        ],
        "subscribed": false
    },
    {
        "client_msg_id": "3225f6b1-15d0-4ba5-886e-61de5a8c7dfe",
        "type": "message",
        "text": "Hi <@UT267C0PL> you might want to follow this tutorial  <https:\/\/cube.dev\/blog\/when-mysql-is-faster-than-bigquery\/|https:\/\/cube.dev\/blog\/when-mysql-is-faster-than-bigquery\/>  The mysql user should have write access to the database.",
        "user": "URG2GJK71",
        "ts": "1584534252.308000",
        "team": "TC0C1HURK",
        "user_team": "TC0C1HURK",
        "source_team": "TC0C1HURK",
        "user_profile": {
            "avatar_hash": "g532572ba5cb",
            "image_72": "https:\/\/secure.gravatar.com\/avatar\/532572ba5cb474d3c05f03a7ddf286fa.jpg?s=72&d=https%3A%2F%2Fa.slack-edge.com%2Fdf10d%2Fimg%2Favatars%2Fava_0006-72.png",
            "first_name": "",
            "real_name": "Birkoff",
            "display_name": "",
            "team": "TC0C1HURK",
            "name": "hayaza_slack",
            "is_restricted": false,
            "is_ultra_restricted": false
        },
        "attachments": [
            {
                "service_name": "Cube.js Blog",
                "title": "External Rollups: Using MySQL as a Cache Layer for BigQuery | Cube.js Blog",
                "title_link": "https:\/\/cube.dev\/blog\/when-mysql-is-faster-than-bigquery\/",
                "text": "External Rollups: Using MySQL as a Cache Layer for BigQuery",
                "fallback": "Cube.js Blog: External Rollups: Using MySQL as a Cache Layer for BigQuery | Cube.js Blog",
                "image_url": "https:\/\/media.graphcms.com\/snRIkia2RCyjP3MOSxZG",
                "ts": 1568073600,
                "from_url": "https:\/\/cube.dev\/blog\/when-mysql-is-faster-than-bigquery\/",
                "image_width": 601,
                "image_height": 250,
                "image_bytes": 376742,
                "id": 1,
                "original_url": "https:\/\/cube.dev\/blog\/when-mysql-is-faster-than-bigquery\/"
            }
        ],
        "blocks": [
            {
                "type": "rich_text",
                "block_id": "+DlN=",
                "elements": [
                    {
                        "type": "rich_text_section",
                        "elements": [
                            {
                                "type": "text",
                                "text": "Hi "
                            },
                            {
                                "type": "user",
                                "user_id": "UT267C0PL"
                            },
                            {
                                "type": "text",
                                "text": " you might want to follow this tutorial  "
                            },
                            {
                                "type": "link",
                                "url": "https:\/\/cube.dev\/blog\/when-mysql-is-faster-than-bigquery\/",
                                "text": "https:\/\/cube.dev\/blog\/when-mysql-is-faster-than-bigquery\/"
                            },
                            {
                                "type": "text",
                                "text": "  The mysql user should have write access to the database."
                            }
                        ]
                    }
                ]
            }
        ],
        "thread_ts": "1584518790.306100",
        "parent_user_id": "UT267C0PL"
    },
    {
        "client_msg_id": "b47c533b-7a9f-4960-9249-0034591bccbb",
        "type": "message",
        "text": "fater adding external true iam getting this Error: TypeError: this.externalDriverFactory is not a function",
        "user": "UT267C0PL",
        "ts": "1584534591.308300",
        "team": "TC0C1HURK",
        "user_team": "TC0C1HURK",
        "source_team": "TC0C1HURK",
        "user_profile": {
            "avatar_hash": "gb4dcb9de59f",
            "image_72": "https:\/\/secure.gravatar.com\/avatar\/b4dcb9de59f7c1587f79c7692ec803bc.jpg?s=72&d=https%3A%2F%2Fa.slack-edge.com%2Fdf10d%2Fimg%2Favatars%2Fava_0022-72.png",
            "first_name": "",
            "real_name": "Madhu",
            "display_name": "Madhu",
            "team": "TC0C1HURK",
            "name": "madhusudhan.l",
            "is_restricted": false,
            "is_ultra_restricted": false
        },
        "blocks": [
            {
                "type": "rich_text",
                "block_id": "crnJ",
                "elements": [
                    {
                        "type": "rich_text_section",
                        "elements": [
                            {
                                "type": "text",
                                "text": "fater adding external true iam getting this Error: TypeError: this.externalDriverFactory is not a function"
                            }
                        ]
                    }
                ]
            }
        ],
        "thread_ts": "1584518790.306100",
        "parent_user_id": "UT267C0PL"
    },
    {
        "client_msg_id": "aa829503-d347-4084-b538-e41590737b09",
        "type": "message",
        "text": "Did you install the mysql driver and also edit the index.js as suggested in the tutorial?",
        "user": "URG2GJK71",
        "ts": "1584535968.308500",
        "team": "TC0C1HURK",
        "user_team": "TC0C1HURK",
        "source_team": "TC0C1HURK",
        "user_profile": {
            "avatar_hash": "g532572ba5cb",
            "image_72": "https:\/\/secure.gravatar.com\/avatar\/532572ba5cb474d3c05f03a7ddf286fa.jpg?s=72&d=https%3A%2F%2Fa.slack-edge.com%2Fdf10d%2Fimg%2Favatars%2Fava_0006-72.png",
            "first_name": "",
            "real_name": "Birkoff",
            "display_name": "",
            "team": "TC0C1HURK",
            "name": "hayaza_slack",
            "is_restricted": false,
            "is_ultra_restricted": false
        },
        "blocks": [
            {
                "type": "rich_text",
                "block_id": "PBc",
                "elements": [
                    {
                        "type": "rich_text_section",
                        "elements": [
                            {
                                "type": "text",
                                "text": "Did you install the mysql driver and also edit the index.js as suggested in the tutorial?"
                            }
                        ]
                    }
                ]
            }
        ],
        "thread_ts": "1584518790.306100",
        "parent_user_id": "UT267C0PL"
    },
    {
        "type": "message",
        "text": "After adding  pre-aggregations only i am getting this error",
        "files": [
            {
                "id": "FVCH4S03B",
                "created": 1584536963,
                "timestamp": 1584536963,
                "name": "image.png",
                "title": "image.png",
                "mimetype": "image\/png",
                "filetype": "png",
                "pretty_type": "PNG",
                "user": "UT267C0PL",
                "editable": false,
                "size": 123503,
                "mode": "hosted",
                "is_external": false,
                "external_type": "",
                "is_public": true,
                "public_url_shared": false,
                "display_as_bot": false,
                "username": "",
                "url_private": "https:\/\/files.slack.com\/files-pri\/TC0C1HURK-FVCH4S03B\/image.png?t=xoxe-408409606869-1300049925941-1294691254950-5e5ba619551397a2daf3223fc6c48b4a",
                "url_private_download": "https:\/\/files.slack.com\/files-pri\/TC0C1HURK-FVCH4S03B\/download\/image.png?t=xoxe-408409606869-1300049925941-1294691254950-5e5ba619551397a2daf3223fc6c48b4a",
                "thumb_64": "https:\/\/files.slack.com\/files-tmb\/TC0C1HURK-FVCH4S03B-76d1b97798\/image_64.png?t=xoxe-408409606869-1300049925941-1294691254950-5e5ba619551397a2daf3223fc6c48b4a",
                "thumb_80": "https:\/\/files.slack.com\/files-tmb\/TC0C1HURK-FVCH4S03B-76d1b97798\/image_80.png?t=xoxe-408409606869-1300049925941-1294691254950-5e5ba619551397a2daf3223fc6c48b4a",
                "thumb_360": "https:\/\/files.slack.com\/files-tmb\/TC0C1HURK-FVCH4S03B-76d1b97798\/image_360.png?t=xoxe-408409606869-1300049925941-1294691254950-5e5ba619551397a2daf3223fc6c48b4a",
                "thumb_360_w": 360,
                "thumb_360_h": 202,
                "thumb_480": "https:\/\/files.slack.com\/files-tmb\/TC0C1HURK-FVCH4S03B-76d1b97798\/image_480.png?t=xoxe-408409606869-1300049925941-1294691254950-5e5ba619551397a2daf3223fc6c48b4a",
                "thumb_480_w": 480,
                "thumb_480_h": 270,
                "thumb_160": "https:\/\/files.slack.com\/files-tmb\/TC0C1HURK-FVCH4S03B-76d1b97798\/image_160.png?t=xoxe-408409606869-1300049925941-1294691254950-5e5ba619551397a2daf3223fc6c48b4a",
                "thumb_720": "https:\/\/files.slack.com\/files-tmb\/TC0C1HURK-FVCH4S03B-76d1b97798\/image_720.png?t=xoxe-408409606869-1300049925941-1294691254950-5e5ba619551397a2daf3223fc6c48b4a",
                "thumb_720_w": 720,
                "thumb_720_h": 405,
                "thumb_800": "https:\/\/files.slack.com\/files-tmb\/TC0C1HURK-FVCH4S03B-76d1b97798\/image_800.png?t=xoxe-408409606869-1300049925941-1294691254950-5e5ba619551397a2daf3223fc6c48b4a",
                "thumb_800_w": 800,
                "thumb_800_h": 450,
                "thumb_960": "https:\/\/files.slack.com\/files-tmb\/TC0C1HURK-FVCH4S03B-76d1b97798\/image_960.png?t=xoxe-408409606869-1300049925941-1294691254950-5e5ba619551397a2daf3223fc6c48b4a",
                "thumb_960_w": 960,
                "thumb_960_h": 540,
                "thumb_1024": "https:\/\/files.slack.com\/files-tmb\/TC0C1HURK-FVCH4S03B-76d1b97798\/image_1024.png?t=xoxe-408409606869-1300049925941-1294691254950-5e5ba619551397a2daf3223fc6c48b4a",
                "thumb_1024_w": 1024,
                "thumb_1024_h": 576,
                "image_exif_rotation": 1,
                "original_w": 1366,
                "original_h": 768,
                "thumb_tiny": "AwAaADCmTz3pNxzQetA60AGT60ZPvRn2pKADJpdxptHegBx60mcVKeopG607CuR5pKlP3TTMn1NFguNop2T6mngn1osFz\/\/Z",
                "permalink": "https:\/\/cube-js.slack.com\/files\/UT267C0PL\/FVCH4S03B\/image.png",
                "permalink_public": "https:\/\/slack-files.com\/TC0C1HURK-FVCH4S03B-3ef8c6c2f5",
                "is_starred": false,
                "has_rich_preview": false
            }
        ],
        "upload": true,
        "blocks": [
            {
                "type": "rich_text",
                "block_id": "6ZZO",
                "elements": [
                    {
                        "type": "rich_text_section",
                        "elements": [
                            {
                                "type": "text",
                                "text": "After adding  pre-aggregations only i am getting this error"
                            }
                        ]
                    }
                ]
            }
        ],
        "user": "UT267C0PL",
        "display_as_bot": false,
        "ts": "1584536972.308700",
        "client_msg_id": "a4cb4bb4-b4fc-4654-ab6e-942f3680256b",
        "thread_ts": "1584518790.306100",
        "parent_user_id": "UT267C0PL"
    },
    {
        "client_msg_id": "a818ef57-482c-4a90-b5e5-4899c3fe5fae",
        "type": "message",
        "text": "Hey <@U01038T883S>! Please see <https:\/\/cube.dev\/docs\/query-format#query-properties>",
        "user": "UC19HAUAK",
        "ts": "1584556473.309200",
        "team": "TC0C1HURK",
        "user_team": "TC0C1HURK",
        "source_team": "TC0C1HURK",
        "user_profile": {
            "avatar_hash": "066a042e018c",
            "image_72": "https:\/\/avatars.slack-edge.com\/2019-12-07\/866588520998_066a042e018ca831a195_72.png",
            "first_name": "Pavel",
            "real_name": "Pavel Tiunov",
            "display_name": "pavel",
            "team": "TC0C1HURK",
            "name": "pavel",
            "is_restricted": false,
            "is_ultra_restricted": false
        },
        "blocks": [
            {
                "type": "rich_text",
                "block_id": "iNbh",
                "elements": [
                    {
                        "type": "rich_text_section",
                        "elements": [
                            {
                                "type": "text",
                                "text": "Hey "
                            },
                            {
                                "type": "user",
                                "user_id": "U01038T883S"
                            },
                            {
                                "type": "text",
                                "text": "! Please see "
                            },
                            {
                                "type": "link",
                                "url": "https:\/\/cube.dev\/docs\/query-format#query-properties"
                            }
                        ]
                    }
                ]
            }
        ],
        "thread_ts": "1584524827.307900",
        "parent_user_id": "U01038T883S"
    },
    {
        "client_msg_id": "e987a1bb-a765-4748-b934-8463e73d6f18",
        "type": "message",
        "text": "*Added Measures Not Accessible*:\nHey everyone! I am working on adding measures to a Cube and the curl requests I have been sending it are giving me an error message saying:\n`{\"error\":\"Error: 'measureName' not found for path 'CUBE.measureName'\"}`\n\nTroubleshooting:\nI am certain that the updates I've been making are uploaded to the schema and I restart the cube.js instance upon every update. Has anyone else encountered such an error and have advice on how to proceed? It seems like a relatively simple feature to implement so I'm at a loss as to how to proceed in troubleshooting.\n\nNOTE:\n• Cube is joined with another cube within the same database\n• The measure has a filter and has exactly the same syntax found here: <https:\/\/cube.dev\/docs\/measures#parameters-filters|cube.js docs> ",
        "user": "UTB027TS5",
        "ts": "1584560151.311200",
        "team": "TC0C1HURK",
        "user_team": "TC0C1HURK",
        "source_team": "TC0C1HURK",
        "user_profile": {
            "avatar_hash": "g66a6d32dc90",
            "image_72": "https:\/\/secure.gravatar.com\/avatar\/66a6d32dc903cd1cc4dd1c473d25d3ff.jpg?s=72&d=https%3A%2F%2Fa.slack-edge.com%2Fdf10d%2Fimg%2Favatars%2Fava_0020-72.png",
            "first_name": "",
            "real_name": "Dayo Origunwa",
            "display_name": "Dayo Origunwa",
            "team": "TC0C1HURK",
            "name": "dayo1523",
            "is_restricted": false,
            "is_ultra_restricted": false
        },
        "edited": {
            "user": "UTB027TS5",
            "ts": "1584562130.000000"
        },
        "blocks": [
            {
                "type": "rich_text",
                "block_id": "tu82",
                "elements": [
                    {
                        "type": "rich_text_section",
                        "elements": [
                            {
                                "type": "text",
                                "text": "Added Measures Not Accessible",
                                "style": {
                                    "bold": true
                                }
                            },
                            {
                                "type": "text",
                                "text": ":\nHey everyone! I am working on adding measures to a Cube and the curl requests I have been sending it are giving me an error message saying:\n"
                            },
                            {
                                "type": "text",
                                "text": "{\"error\":\"Error: 'measureName' not found for path 'CUBE.measureName'\"}",
                                "style": {
                                    "code": true
                                }
                            },
                            {
                                "type": "text",
                                "text": "\n\nTroubleshooting:\nI am certain that the updates I've been making are uploaded to the schema and I restart the cube.js instance upon every update. Has anyone else encountered such an error and have advice on how to proceed? It seems like a relatively simple feature to implement so I'm at a loss as to how to proceed in troubleshooting.\n\nNOTE:\n"
                            }
                        ]
                    },
                    {
                        "type": "rich_text_list",
                        "elements": [
                            {
                                "type": "rich_text_section",
                                "elements": [
                                    {
                                        "type": "text",
                                        "text": "Cube is joined with another cube within the same database"
                                    }
                                ]
                            },
                            {
                                "type": "rich_text_section",
                                "elements": [
                                    {
                                        "type": "text",
                                        "text": "The measure has a filter and has exactly the same syntax found here: "
                                    },
                                    {
                                        "type": "link",
                                        "url": "https:\/\/cube.dev\/docs\/measures#parameters-filters",
                                        "text": "cube.js docs"
                                    },
                                    {
                                        "type": "text",
                                        "text": " "
                                    }
                                ]
                            }
                        ],
                        "style": "bullet",
                        "indent": 0
                    }
                ]
            }
        ],
        "thread_ts": "1584560151.311200",
        "reply_count": 6,
        "reply_users_count": 2,
        "latest_reply": "1584715159.331300",
        "reply_users": [
            "UTB027TS5",
            "UC19HAUAK"
        ],
        "replies": [
            {
                "user": "UTB027TS5",
                "ts": "1584571533.312400"
            },
            {
                "user": "UC19HAUAK",
                "ts": "1584589356.313000"
            },
            {
                "user": "UTB027TS5",
                "ts": "1584640935.321400"
            },
            {
                "user": "UTB027TS5",
                "ts": "1584662123.326000"
            },
            {
                "user": "UC19HAUAK",
                "ts": "1584664239.326200"
            },
            {
                "user": "UTB027TS5",
                "ts": "1584715159.331300"
            }
        ],
        "subscribed": false
    },
    {
        "client_msg_id": "d87fcaa1-1fbd-4695-a2df-43ea74b206d5",
        "type": "message",
        "text": "Following up, I'm pretty sure this is user error. I'll post the solution once I understand it",
        "user": "UTB027TS5",
        "ts": "1584571533.312400",
        "team": "TC0C1HURK",
        "user_team": "TC0C1HURK",
        "source_team": "TC0C1HURK",
        "user_profile": {
            "avatar_hash": "g66a6d32dc90",
            "image_72": "https:\/\/secure.gravatar.com\/avatar\/66a6d32dc903cd1cc4dd1c473d25d3ff.jpg?s=72&d=https%3A%2F%2Fa.slack-edge.com%2Fdf10d%2Fimg%2Favatars%2Fava_0020-72.png",
            "first_name": "",
            "real_name": "Dayo Origunwa",
            "display_name": "Dayo Origunwa",
            "team": "TC0C1HURK",
            "name": "dayo1523",
            "is_restricted": false,
            "is_ultra_restricted": false
        },
        "blocks": [
            {
                "type": "rich_text",
                "block_id": "ezy",
                "elements": [
                    {
                        "type": "rich_text_section",
                        "elements": [
                            {
                                "type": "text",
                                "text": "Following up, I'm pretty sure this is user error. I'll post the solution once I understand it"
                            }
                        ]
                    }
                ]
            }
        ],
        "thread_ts": "1584560151.311200",
        "parent_user_id": "UTB027TS5"
    },
    {
        "client_msg_id": "67055dd5-039b-4d60-b1f0-39d50ded9f45",
        "type": "message",
        "text": "<@UTB027TS5> Could you please post exact query and data schema you use?",
        "user": "UC19HAUAK",
        "ts": "1584589356.313000",
        "team": "TC0C1HURK",
        "user_team": "TC0C1HURK",
        "source_team": "TC0C1HURK",
        "user_profile": {
            "avatar_hash": "066a042e018c",
            "image_72": "https:\/\/avatars.slack-edge.com\/2019-12-07\/866588520998_066a042e018ca831a195_72.png",
            "first_name": "Pavel",
            "real_name": "Pavel Tiunov",
            "display_name": "pavel",
            "team": "TC0C1HURK",
            "name": "pavel",
            "is_restricted": false,
            "is_ultra_restricted": false
        },
        "blocks": [
            {
                "type": "rich_text",
                "block_id": "GKN",
                "elements": [
                    {
                        "type": "rich_text_section",
                        "elements": [
                            {
                                "type": "user",
                                "user_id": "UTB027TS5"
                            },
                            {
                                "type": "text",
                                "text": " Could you please post exact query and data schema you use?"
                            }
                        ]
                    }
                ]
            }
        ],
        "thread_ts": "1584560151.311200",
        "parent_user_id": "UTB027TS5"
    }
]