[
    {
        "type": "message",
        "subtype": "channel_join",
        "ts": "1585392215.062000",
        "user": "U010YHDSPPW",
        "text": "<@U010YHDSPPW> has joined the channel"
    },
    {
        "type": "message",
        "subtype": "channel_join",
        "ts": "1585393502.062200",
        "user": "U010MJ67FBM",
        "text": "<@U010MJ67FBM> has joined the channel"
    },
    {
        "client_msg_id": "744966eb-85d0-4ef0-8a91-f76b70d506d3",
        "type": "message",
        "text": "no docket ,ubuntu machine in AWS",
        "user": "U010KS4U8EN",
        "ts": "1585393934.062300",
        "team": "TC0C1HURK",
        "user_team": "TC0C1HURK",
        "source_team": "TC0C1HURK",
        "user_profile": {
            "avatar_hash": "31913c2b57ee",
            "image_72": "https:\/\/avatars.slack-edge.com\/2020-04-05\/1039722128771_31913c2b57ee2fcc8d47_72.jpg",
            "first_name": "",
            "real_name": "Kiruban Swayamprakasam",
            "display_name": "Kiruban Swayamprakasam",
            "team": "TC0C1HURK",
            "name": "kiruban107",
            "is_restricted": false,
            "is_ultra_restricted": false
        },
        "blocks": [
            {
                "type": "rich_text",
                "block_id": "OwIDU",
                "elements": [
                    {
                        "type": "rich_text_section",
                        "elements": [
                            {
                                "type": "text",
                                "text": "no docket ,ubuntu machine in AWS"
                            }
                        ]
                    }
                ]
            }
        ],
        "thread_ts": "1585347426.061100",
        "parent_user_id": "U010KS4U8EN"
    },
    {
        "type": "message",
        "subtype": "channel_join",
        "ts": "1585394780.062500",
        "user": "U010WTCCKDE",
        "text": "<@U010WTCCKDE> has joined the channel"
    },
    {
        "client_msg_id": "ea402106-9894-4c8f-b8d1-ad8ad5447ba9",
        "type": "message",
        "text": "<@U010KS4U8EN> please check an owner of schema directory then. Shouldn't be root.",
        "user": "UC19HAUAK",
        "ts": "1585418112.062600",
        "team": "TC0C1HURK",
        "user_team": "TC0C1HURK",
        "source_team": "TC0C1HURK",
        "user_profile": {
            "avatar_hash": "066a042e018c",
            "image_72": "https:\/\/avatars.slack-edge.com\/2019-12-07\/866588520998_066a042e018ca831a195_72.png",
            "first_name": "Pavel",
            "real_name": "Pavel Tiunov",
            "display_name": "pavel",
            "team": "TC0C1HURK",
            "name": "pavel",
            "is_restricted": false,
            "is_ultra_restricted": false
        },
        "blocks": [
            {
                "type": "rich_text",
                "block_id": "u8Py",
                "elements": [
                    {
                        "type": "rich_text_section",
                        "elements": [
                            {
                                "type": "user",
                                "user_id": "U010KS4U8EN"
                            },
                            {
                                "type": "text",
                                "text": " please check an owner of schema directory then. Shouldn't be root."
                            }
                        ]
                    }
                ]
            }
        ],
        "thread_ts": "1585347426.061100",
        "parent_user_id": "U010KS4U8EN"
    },
    {
        "client_msg_id": "2a2da486-a4c4-403d-9b59-a584db6bd1cc",
        "type": "message",
        "text": "Hi <@UC19HAUAK>. FYI: we are successfully setup dedicated schema per tenant and rule in index.js filtering tenant data. thanks, going to the next level.",
        "user": "ULKS069JN",
        "ts": "1585434306.062800",
        "team": "TC0C1HURK",
        "user_team": "TC0C1HURK",
        "source_team": "TC0C1HURK",
        "user_profile": {
            "avatar_hash": "b1fec10e8c15",
            "image_72": "https:\/\/avatars.slack-edge.com\/2019-11-13\/835478181030_b1fec10e8c15e04269cc_72.png",
            "first_name": "Norbert",
            "real_name": "Norbert Bede",
            "display_name": "Norbert Bede",
            "team": "TC0C1HURK",
            "name": "norbert.bede764",
            "is_restricted": false,
            "is_ultra_restricted": false
        },
        "edited": {
            "user": "ULKS069JN",
            "ts": "1585434322.000000"
        },
        "blocks": [
            {
                "type": "rich_text",
                "block_id": "6VF",
                "elements": [
                    {
                        "type": "rich_text_section",
                        "elements": [
                            {
                                "type": "text",
                                "text": "Hi "
                            },
                            {
                                "type": "user",
                                "user_id": "UC19HAUAK"
                            },
                            {
                                "type": "text",
                                "text": ". FYI: we are successfully setup dedicated schema per tenant and rule in index.js filtering tenant data. thanks, going to the next level."
                            }
                        ]
                    }
                ]
            }
        ],
        "thread_ts": "1585164289.030000",
        "parent_user_id": "ULKS069JN",
        "reactions": [
            {
                "name": "raised_hands",
                "users": [
                    "UC19HAUAK"
                ],
                "count": 1
            }
        ]
    },
    {
        "client_msg_id": "0a887080-8278-4494-acc8-ed52b4414145",
        "type": "message",
        "text": "I have a join related question. i have orders, where i have 3 fields referring to same users table (salesrep, customer representative, driver). I have created 2 cubes and would like join 3 times same cube.",
        "user": "ULKS069JN",
        "ts": "1585434431.064600",
        "team": "TC0C1HURK",
        "user_team": "TC0C1HURK",
        "source_team": "TC0C1HURK",
        "user_profile": {
            "avatar_hash": "b1fec10e8c15",
            "image_72": "https:\/\/avatars.slack-edge.com\/2019-11-13\/835478181030_b1fec10e8c15e04269cc_72.png",
            "first_name": "Norbert",
            "real_name": "Norbert Bede",
            "display_name": "Norbert Bede",
            "team": "TC0C1HURK",
            "name": "norbert.bede764",
            "is_restricted": false,
            "is_ultra_restricted": false
        },
        "blocks": [
            {
                "type": "rich_text",
                "block_id": "qn2",
                "elements": [
                    {
                        "type": "rich_text_section",
                        "elements": [
                            {
                                "type": "text",
                                "text": "I have a join related question. i have orders, where i have 3 fields referring to same users table (salesrep, customer representative, driver). I have created 2 cubes and would like join 3 times same cube."
                            }
                        ]
                    }
                ]
            }
        ],
        "thread_ts": "1585434431.064600",
        "reply_count": 5,
        "reply_users_count": 2,
        "latest_reply": "1585506059.067400",
        "reply_users": [
            "ULKS069JN",
            "UC19HAUAK"
        ],
        "replies": [
            {
                "user": "ULKS069JN",
                "ts": "1585434548.064700"
            },
            {
                "user": "ULKS069JN",
                "ts": "1585434573.065100"
            },
            {
                "user": "ULKS069JN",
                "ts": "1585435019.065300"
            },
            {
                "user": "UC19HAUAK",
                "ts": "1585444972.065600"
            },
            {
                "user": "ULKS069JN",
                "ts": "1585506059.067400"
            }
        ],
        "subscribed": false
    },
    {
        "type": "message",
        "text": "an example from postgres query",
        "files": [
            {
                "id": "F0111ALBLAJ",
                "created": 1585434547,
                "timestamp": 1585434547,
                "name": "Untitled",
                "title": "Untitled",
                "mimetype": "text\/plain",
                "filetype": "text",
                "pretty_type": "Plain Text",
                "user": "ULKS069JN",
                "editable": true,
                "size": 448,
                "mode": "snippet",
                "is_external": false,
                "external_type": "",
                "is_public": true,
                "public_url_shared": false,
                "display_as_bot": false,
                "username": "",
                "url_private": "https:\/\/files.slack.com\/files-pri\/TC0C1HURK-F0111ALBLAJ\/untitled?t=xoxe-408409606869-1300049925941-1294691254950-5e5ba619551397a2daf3223fc6c48b4a",
                "url_private_download": "https:\/\/files.slack.com\/files-pri\/TC0C1HURK-F0111ALBLAJ\/download\/untitled?t=xoxe-408409606869-1300049925941-1294691254950-5e5ba619551397a2daf3223fc6c48b4a",
                "permalink": "https:\/\/cube-js.slack.com\/files\/ULKS069JN\/F0111ALBLAJ\/untitled",
                "permalink_public": "https:\/\/slack-files.com\/TC0C1HURK-F0111ALBLAJ-f4923c7567",
                "edit_link": "https:\/\/cube-js.slack.com\/files\/ULKS069JN\/F0111ALBLAJ\/untitled\/edit",
                "is_starred": false,
                "has_rich_preview": false
            }
        ],
        "upload": true,
        "blocks": [
            {
                "type": "rich_text",
                "block_id": "T9Um",
                "elements": [
                    {
                        "type": "rich_text_section",
                        "elements": [
                            {
                                "type": "text",
                                "text": "an example from postgres query"
                            }
                        ]
                    }
                ]
            }
        ],
        "user": "ULKS069JN",
        "display_as_bot": false,
        "ts": "1585434548.064700",
        "client_msg_id": "26c150cc-fd99-40e2-a360-2eec7f5954f3",
        "thread_ts": "1585434431.064600",
        "parent_user_id": "ULKS069JN"
    },
    {
        "client_msg_id": "1e7b862f-70e6-46e0-86c4-d98b366ae99f",
        "type": "message",
        "text": "cant find out how to achieve it by cubejs join feature.",
        "user": "ULKS069JN",
        "ts": "1585434573.065100",
        "team": "TC0C1HURK",
        "user_team": "TC0C1HURK",
        "source_team": "TC0C1HURK",
        "user_profile": {
            "avatar_hash": "b1fec10e8c15",
            "image_72": "https:\/\/avatars.slack-edge.com\/2019-11-13\/835478181030_b1fec10e8c15e04269cc_72.png",
            "first_name": "Norbert",
            "real_name": "Norbert Bede",
            "display_name": "Norbert Bede",
            "team": "TC0C1HURK",
            "name": "norbert.bede764",
            "is_restricted": false,
            "is_ultra_restricted": false
        },
        "blocks": [
            {
                "type": "rich_text",
                "block_id": "d0iG",
                "elements": [
                    {
                        "type": "rich_text_section",
                        "elements": [
                            {
                                "type": "text",
                                "text": "cant find out how to achieve it by cubejs join feature."
                            }
                        ]
                    }
                ]
            }
        ],
        "thread_ts": "1585434431.064600",
        "parent_user_id": "ULKS069JN"
    },
    {
        "client_msg_id": "83851dc4-f403-4651-86e4-118c0af12743",
        "type": "message",
        "text": "similarly I have order 2 business partners A. regular B. dropship.",
        "user": "ULKS069JN",
        "ts": "1585435019.065300",
        "team": "TC0C1HURK",
        "user_team": "TC0C1HURK",
        "source_team": "TC0C1HURK",
        "user_profile": {
            "avatar_hash": "b1fec10e8c15",
            "image_72": "https:\/\/avatars.slack-edge.com\/2019-11-13\/835478181030_b1fec10e8c15e04269cc_72.png",
            "first_name": "Norbert",
            "real_name": "Norbert Bede",
            "display_name": "Norbert Bede",
            "team": "TC0C1HURK",
            "name": "norbert.bede764",
            "is_restricted": false,
            "is_ultra_restricted": false
        },
        "blocks": [
            {
                "type": "rich_text",
                "block_id": "umc5M",
                "elements": [
                    {
                        "type": "rich_text_section",
                        "elements": [
                            {
                                "type": "text",
                                "text": "similarly I have order 2 business partners A. regular B. dropship."
                            }
                        ]
                    }
                ]
            }
        ],
        "thread_ts": "1585434431.064600",
        "parent_user_id": "ULKS069JN"
    },
    {
        "client_msg_id": "669cc24e-b51a-407f-a56a-74038d10f677",
        "type": "message",
        "text": "Hey <@ULKS069JN>! Please see <https:\/\/cube.dev\/docs\/polymorphic-cubes#top>",
        "user": "UC19HAUAK",
        "ts": "1585444972.065600",
        "team": "TC0C1HURK",
        "user_team": "TC0C1HURK",
        "source_team": "TC0C1HURK",
        "user_profile": {
            "avatar_hash": "066a042e018c",
            "image_72": "https:\/\/avatars.slack-edge.com\/2019-12-07\/866588520998_066a042e018ca831a195_72.png",
            "first_name": "Pavel",
            "real_name": "Pavel Tiunov",
            "display_name": "pavel",
            "team": "TC0C1HURK",
            "name": "pavel",
            "is_restricted": false,
            "is_ultra_restricted": false
        },
        "blocks": [
            {
                "type": "rich_text",
                "block_id": "\/V3\/=",
                "elements": [
                    {
                        "type": "rich_text_section",
                        "elements": [
                            {
                                "type": "text",
                                "text": "Hey "
                            },
                            {
                                "type": "user",
                                "user_id": "ULKS069JN"
                            },
                            {
                                "type": "text",
                                "text": "! Please see "
                            },
                            {
                                "type": "link",
                                "url": "https:\/\/cube.dev\/docs\/polymorphic-cubes#top"
                            }
                        ]
                    }
                ]
            }
        ],
        "thread_ts": "1585434431.064600",
        "parent_user_id": "ULKS069JN"
    },
    {
        "client_msg_id": "f58b476c-0a8b-4af6-9a3e-eb5aeb4a9cbe",
        "type": "message",
        "text": "Hi All, I was wondering if anyone is working on the elasticsearch driver? I am using elastic.cloud and it seems the dialect and implementation is different to that of AWS ES and OpenDistro",
        "user": "U010G2XD2F5",
        "ts": "1585459963.066800",
        "team": "TC0C1HURK",
        "user_team": "TC0C1HURK",
        "source_team": "TC0C1HURK",
        "user_profile": {
            "avatar_hash": "7e2eaacd4c1e",
            "image_72": "https:\/\/avatars.slack-edge.com\/2020-04-15\/1069231262244_7e2eaacd4c1e7165da5b_72.jpg",
            "first_name": "Chad",
            "real_name": "Chad Faurie",
            "display_name": "Chad",
            "team": "TC0C1HURK",
            "name": "chad",
            "is_restricted": false,
            "is_ultra_restricted": false
        },
        "blocks": [
            {
                "type": "rich_text",
                "block_id": "raMVn",
                "elements": [
                    {
                        "type": "rich_text_section",
                        "elements": [
                            {
                                "type": "text",
                                "text": "Hi All, I was wondering if anyone is working on the elasticsearch driver? I am using elastic.cloud and it seems the dialect and implementation is different to that of AWS ES and OpenDistro"
                            }
                        ]
                    }
                ]
            }
        ],
        "thread_ts": "1585459963.066800",
        "reply_count": 3,
        "reply_users_count": 2,
        "latest_reply": "1585630581.091500",
        "reply_users": [
            "UC19HAUAK",
            "U010G2XD2F5"
        ],
        "replies": [
            {
                "user": "UC19HAUAK",
                "ts": "1585507926.067800"
            },
            {
                "user": "U010G2XD2F5",
                "ts": "1585545881.069900"
            },
            {
                "user": "UC19HAUAK",
                "ts": "1585630581.091500"
            }
        ],
        "subscribed": false
    }
]