[
    {
        "client_msg_id": "456dca49-96a3-43c0-b267-232dd0670f99",
        "type": "message",
        "text": "Hey <@UC19HAUAK> I have resolved this. The authentication was missing in it.",
        "user": "U0135QRCL1G",
        "ts": "1589354753.265200",
        "team": "TC0C1HURK",
        "user_team": "TC0C1HURK",
        "source_team": "TC0C1HURK",
        "user_profile": {
            "avatar_hash": "gda93ad43636",
            "image_72": "https:\/\/secure.gravatar.com\/avatar\/da93ad436361f42ba028c962926b911a.jpg?s=72&d=https%3A%2F%2Fa.slack-edge.com%2Fdf10d%2Fimg%2Favatars%2Fava_0019-72.png",
            "first_name": "",
            "real_name": "Ritesh Nahar",
            "display_name": "Ritesh Nahar",
            "team": "TC0C1HURK",
            "name": "rnahar13",
            "is_restricted": false,
            "is_ultra_restricted": false
        },
        "blocks": [
            {
                "type": "rich_text",
                "block_id": "eNXW",
                "elements": [
                    {
                        "type": "rich_text_section",
                        "elements": [
                            {
                                "type": "text",
                                "text": "Hey "
                            },
                            {
                                "type": "user",
                                "user_id": "UC19HAUAK"
                            },
                            {
                                "type": "text",
                                "text": " I have resolved this. The authentication was missing in it."
                            }
                        ]
                    }
                ]
            }
        ],
        "thread_ts": "1588791184.163300",
        "parent_user_id": "U0135QRCL1G",
        "reactions": [
            {
                "name": "raised_hands",
                "users": [
                    "UC19HAUAK"
                ],
                "count": 1
            }
        ]
    },
    {
        "type": "message",
        "subtype": "channel_join",
        "ts": "1589360092.265500",
        "user": "U013QTK5Q4C",
        "text": "<@U013QTK5Q4C> has joined the channel"
    },
    {
        "type": "message",
        "subtype": "channel_join",
        "ts": "1589360329.265700",
        "user": "U0148HR9HUY",
        "text": "<@U0148HR9HUY> has joined the channel"
    },
    {
        "client_msg_id": "33098782-c803-42bd-9bb7-6c15492aa4ad",
        "type": "message",
        "text": "hi! As for now they’re not filtered in any way. But you can easily tweak it yourself (see here if you’re using the default template `dashboard-app\/src\/components\/QueryBuilder\/MemberGroup.js:9`\n\nAnd quite soon there’ll be an option to define a `meta` field for measures so you’ll be able to make use of it\n\n```measures: {\n  count: {\n    type: `count`,\n    drillMembers: [id],\n\n    meta: {\n      isVisible: false,\n    },\n  },\n},```\nAnd then filter it on the frontend",
        "user": "U013J5CRRDW",
        "ts": "1589360358.265800",
        "team": "TC0C1HURK",
        "user_team": "TC0C1HURK",
        "source_team": "TC0C1HURK",
        "user_profile": {
            "avatar_hash": "759b4f7ce0bf",
            "image_72": "https:\/\/avatars.slack-edge.com\/2020-06-23\/1224215237280_759b4f7ce0bf4b291721_72.jpg",
            "first_name": "Alex",
            "real_name": "Alex Vasilev",
            "display_name": "Alex Vasilev",
            "team": "TC0C1HURK",
            "name": "vaspiring",
            "is_restricted": false,
            "is_ultra_restricted": false
        },
        "blocks": [
            {
                "type": "rich_text",
                "block_id": "+gJ81",
                "elements": [
                    {
                        "type": "rich_text_section",
                        "elements": [
                            {
                                "type": "text",
                                "text": "hi! As for now they’re not filtered in any way. But you can easily tweak it yourself (see here if you’re using the default template "
                            },
                            {
                                "type": "text",
                                "text": "dashboard-app\/src\/components\/QueryBuilder\/MemberGroup.js:9",
                                "style": {
                                    "code": true
                                }
                            },
                            {
                                "type": "text",
                                "text": "\n\nAnd quite soon there’ll be an option to define a "
                            },
                            {
                                "type": "text",
                                "text": "meta",
                                "style": {
                                    "code": true
                                }
                            },
                            {
                                "type": "text",
                                "text": " field for measures so you’ll be able to make use of it\n\n"
                            }
                        ]
                    },
                    {
                        "type": "rich_text_preformatted",
                        "elements": [
                            {
                                "type": "text",
                                "text": "measures: {\n  count: {\n    type: `count`,\n    drillMembers: [id],\n\n    meta: {\n      isVisible: false,\n    },\n  },\n},"
                            }
                        ]
                    },
                    {
                        "type": "rich_text_section",
                        "elements": [
                            {
                                "type": "text",
                                "text": "\nAnd then filter it on the frontend"
                            }
                        ]
                    }
                ]
            }
        ],
        "thread_ts": "1589349787.263100",
        "parent_user_id": "USVCEA96F",
        "reactions": [
            {
                "name": "+1",
                "users": [
                    "USVCEA96F"
                ],
                "count": 1
            }
        ]
    },
    {
        "client_msg_id": "2c726cb6-6941-4e80-806f-45f129860c4e",
        "type": "message",
        "text": "I think you can still do queries on a measure that's `shown: false`.",
        "user": "UUQKEFF38",
        "ts": "1589377925.266100",
        "team": "TC0C1HURK",
        "user_team": "TC0C1HURK",
        "source_team": "TC0C1HURK",
        "user_profile": {
            "avatar_hash": "4702b2313766",
            "image_72": "https:\/\/avatars.slack-edge.com\/2020-03-02\/977636791508_4702b2313766ac7f62ad_72.jpg",
            "first_name": "",
            "real_name": "Jason Walton",
            "display_name": "Jason Walton",
            "team": "TC0C1HURK",
            "name": "dev481",
            "is_restricted": false,
            "is_ultra_restricted": false
        },
        "blocks": [
            {
                "type": "rich_text",
                "block_id": "72gV",
                "elements": [
                    {
                        "type": "rich_text_section",
                        "elements": [
                            {
                                "type": "text",
                                "text": "I think you can still do queries on a measure that's "
                            },
                            {
                                "type": "text",
                                "text": "shown: false",
                                "style": {
                                    "code": true
                                }
                            },
                            {
                                "type": "text",
                                "text": "."
                            }
                        ]
                    }
                ]
            }
        ],
        "thread_ts": "1589349787.263100",
        "parent_user_id": "USVCEA96F"
    },
    {
        "client_msg_id": "71563f2f-36f2-4980-8d7b-026a57e46e4e",
        "type": "message",
        "text": "<@UUQKEFF38> it throws the error `You requested hidden member`",
        "user": "U013J5CRRDW",
        "ts": "1589378210.266400",
        "team": "TC0C1HURK",
        "user_team": "TC0C1HURK",
        "source_team": "TC0C1HURK",
        "user_profile": {
            "avatar_hash": "759b4f7ce0bf",
            "image_72": "https:\/\/avatars.slack-edge.com\/2020-06-23\/1224215237280_759b4f7ce0bf4b291721_72.jpg",
            "first_name": "Alex",
            "real_name": "Alex Vasilev",
            "display_name": "Alex Vasilev",
            "team": "TC0C1HURK",
            "name": "vaspiring",
            "is_restricted": false,
            "is_ultra_restricted": false
        },
        "blocks": [
            {
                "type": "rich_text",
                "block_id": "OCy",
                "elements": [
                    {
                        "type": "rich_text_section",
                        "elements": [
                            {
                                "type": "user",
                                "user_id": "UUQKEFF38"
                            },
                            {
                                "type": "text",
                                "text": " it throws the error "
                            },
                            {
                                "type": "text",
                                "text": "You requested hidden member",
                                "style": {
                                    "code": true
                                }
                            }
                        ]
                    }
                ]
            }
        ],
        "thread_ts": "1589349787.263100",
        "parent_user_id": "USVCEA96F"
    },
    {
        "client_msg_id": "3fa4b0d8-4439-44ae-9e60-d4351aad7c0a",
        "type": "message",
        "text": "Thanks <@UC19HAUAK>!",
        "user": "U011S0QJQ93",
        "ts": "1589378490.266600",
        "team": "TC0C1HURK",
        "user_team": "TC0C1HURK",
        "source_team": "TC0C1HURK",
        "user_profile": {
            "avatar_hash": "g133b09f2b22",
            "image_72": "https:\/\/secure.gravatar.com\/avatar\/133b09f2b22de0265f54e420e4aa1e9e.jpg?s=72&d=https%3A%2F%2Fa.slack-edge.com%2Fdf10d%2Fimg%2Favatars%2Fava_0000-72.png",
            "first_name": "",
            "real_name": "Devin Pinkston",
            "display_name": "Devin Pinkston",
            "team": "TC0C1HURK",
            "name": "pinkdevelops",
            "is_restricted": false,
            "is_ultra_restricted": false
        },
        "blocks": [
            {
                "type": "rich_text",
                "block_id": "snYmV",
                "elements": [
                    {
                        "type": "rich_text_section",
                        "elements": [
                            {
                                "type": "text",
                                "text": "Thanks "
                            },
                            {
                                "type": "user",
                                "user_id": "UC19HAUAK"
                            },
                            {
                                "type": "text",
                                "text": "!"
                            }
                        ]
                    }
                ]
            }
        ],
        "thread_ts": "1588948451.201300",
        "parent_user_id": "U011S0QJQ93",
        "reactions": [
            {
                "name": "raised_hands",
                "users": [
                    "UC19HAUAK"
                ],
                "count": 1
            }
        ]
    },
    {
        "client_msg_id": "b23b8aae-a885-4844-b5ad-d44be59b720a",
        "type": "message",
        "text": "Hi all\nI have a question about the data schema. In development, we would like to set\n```refreshKey: {\n  every: `1 second`\n},```\nIn production it should be every `1 hour` . Is it possible to evaluate it dynamically inside the schema? I don't find a solution to access our environment (e.g. `process.env.NODE_ENV`).\nThanks for your support! :slightly_smiling_face:",
        "user": "UG8FM1Z8C",
        "ts": "1589382615.267100",
        "team": "TC0C1HURK",
        "user_team": "TC0C1HURK",
        "source_team": "TC0C1HURK",
        "user_profile": {
            "avatar_hash": "gd1bddeeede5",
            "image_72": "https:\/\/secure.gravatar.com\/avatar\/ad1bddeeede5ff1c9fe85dc8c0607b4e.jpg?s=72&d=https%3A%2F%2Fa.slack-edge.com%2Fdf10d%2Fimg%2Favatars%2Fava_0000-72.png",
            "first_name": "",
            "real_name": "Thomas",
            "display_name": "",
            "team": "TC0C1HURK",
            "name": "dotsilver",
            "is_restricted": false,
            "is_ultra_restricted": false
        },
        "blocks": [
            {
                "type": "rich_text",
                "block_id": "Euom",
                "elements": [
                    {
                        "type": "rich_text_section",
                        "elements": [
                            {
                                "type": "text",
                                "text": "Hi all\nI have a question about the data schema. In development, we would like to set\n"
                            }
                        ]
                    },
                    {
                        "type": "rich_text_preformatted",
                        "elements": [
                            {
                                "type": "text",
                                "text": "refreshKey: {\n  every: `1 second`\n},"
                            }
                        ]
                    },
                    {
                        "type": "rich_text_section",
                        "elements": [
                            {
                                "type": "text",
                                "text": "In production it should be every "
                            },
                            {
                                "type": "text",
                                "text": "1 hour",
                                "style": {
                                    "code": true
                                }
                            },
                            {
                                "type": "text",
                                "text": " . Is it possible to evaluate it dynamically inside the schema? I don't find a solution to access our environment (e.g. "
                            },
                            {
                                "type": "text",
                                "text": "process.env.NODE_ENV",
                                "style": {
                                    "code": true
                                }
                            },
                            {
                                "type": "text",
                                "text": ").\nThanks for your support! "
                            },
                            {
                                "type": "emoji",
                                "name": "slightly_smiling_face"
                            }
                        ]
                    }
                ]
            }
        ],
        "thread_ts": "1589382615.267100",
        "reply_count": 4,
        "reply_users_count": 2,
        "latest_reply": "1589787657.310100",
        "reply_users": [
            "UC19HAUAK",
            "UG8FM1Z8C"
        ],
        "replies": [
            {
                "user": "UC19HAUAK",
                "ts": "1589386303.267200"
            },
            {
                "user": "UG8FM1Z8C",
                "ts": "1589617238.304000"
            },
            {
                "user": "UC19HAUAK",
                "ts": "1589660285.304900"
            },
            {
                "user": "UG8FM1Z8C",
                "ts": "1589787657.310100"
            }
        ],
        "subscribed": false,
        "reactions": [
            {
                "name": "white_check_mark",
                "users": [
                    "UG8FM1Z8C"
                ],
                "count": 1
            }
        ]
    },
    {
        "client_msg_id": "68f9cc14-ceb0-421d-8b6b-c0206d24c57a",
        "type": "message",
        "text": "Hey <@UG8FM1Z8C>! Yep. It's possible: <https:\/\/cube.dev\/docs\/schema-execution-environment#node-js-globals-process-env-and-others>",
        "user": "UC19HAUAK",
        "ts": "1589386303.267200",
        "team": "TC0C1HURK",
        "user_team": "TC0C1HURK",
        "source_team": "TC0C1HURK",
        "user_profile": {
            "avatar_hash": "066a042e018c",
            "image_72": "https:\/\/avatars.slack-edge.com\/2019-12-07\/866588520998_066a042e018ca831a195_72.png",
            "first_name": "Pavel",
            "real_name": "Pavel Tiunov",
            "display_name": "pavel",
            "team": "TC0C1HURK",
            "name": "pavel",
            "is_restricted": false,
            "is_ultra_restricted": false
        },
        "blocks": [
            {
                "type": "rich_text",
                "block_id": "WaeZV",
                "elements": [
                    {
                        "type": "rich_text_section",
                        "elements": [
                            {
                                "type": "text",
                                "text": "Hey "
                            },
                            {
                                "type": "user",
                                "user_id": "UG8FM1Z8C"
                            },
                            {
                                "type": "text",
                                "text": "! Yep. It's possible: "
                            },
                            {
                                "type": "link",
                                "url": "https:\/\/cube.dev\/docs\/schema-execution-environment#node-js-globals-process-env-and-others"
                            }
                        ]
                    }
                ]
            }
        ],
        "thread_ts": "1589382615.267100",
        "parent_user_id": "UG8FM1Z8C"
    },
    {
        "client_msg_id": "d593574d-6185-4cc6-8e43-ad5c0b36454e",
        "type": "message",
        "text": "<@UC19HAUAK> Hey! Are there ways to improve performance of `max\/min` queries Cube runs as adding filters? It's currently been the slowest queries in the Presto pipeline where it grabs large chunks of data, basically the whole dataset, so wondering if we could narrow down that data those max\/min run against. I am not sure if I might be missing something as well so if there's anything else in terms of performance for those queries I should consider please feel free to point it out.\nThanks very much",
        "user": "U011VDYM6BG",
        "ts": "1589386734.271900",
        "team": "TC0C1HURK",
        "user_team": "TC0C1HURK",
        "source_team": "TC0C1HURK",
        "user_profile": {
            "avatar_hash": "g535fae7bf68",
            "image_72": "https:\/\/secure.gravatar.com\/avatar\/535fae7bf68a3d8ccf85f481970c5b80.jpg?s=72&d=https%3A%2F%2Fa.slack-edge.com%2Fdf10d%2Fimg%2Favatars%2Fava_0003-72.png",
            "first_name": "",
            "real_name": "Adriano",
            "display_name": "Adriano",
            "team": "TC0C1HURK",
            "name": "adriano.carmezim",
            "is_restricted": false,
            "is_ultra_restricted": false
        },
        "blocks": [
            {
                "type": "rich_text",
                "block_id": "=itx",
                "elements": [
                    {
                        "type": "rich_text_section",
                        "elements": [
                            {
                                "type": "user",
                                "user_id": "UC19HAUAK"
                            },
                            {
                                "type": "text",
                                "text": " Hey! Are there ways to improve performance of "
                            },
                            {
                                "type": "text",
                                "text": "max\/min",
                                "style": {
                                    "code": true
                                }
                            },
                            {
                                "type": "text",
                                "text": " queries Cube runs as adding filters? It's currently been the slowest queries in the Presto pipeline where it grabs large chunks of data, basically the whole dataset, so wondering if we could narrow down that data those max\/min run against. I am not sure if I might be missing something as well so if there's anything else in terms of performance for those queries I should consider please feel free to point it out.\nThanks very much"
                            }
                        ]
                    }
                ]
            }
        ],
        "thread_ts": "1589386734.271900",
        "reply_count": 1,
        "reply_users_count": 1,
        "latest_reply": "1589404384.273700",
        "reply_users": [
            "UC19HAUAK"
        ],
        "replies": [
            {
                "user": "UC19HAUAK",
                "ts": "1589404384.273700"
            }
        ],
        "subscribed": false
    },
    {
        "client_msg_id": "ddf6dbbf-c1ae-4386-85fb-590ca4073b81",
        "type": "message",
        "text": "Is there a way to turn off telemetry for the playground? I found the documentation for for the backend server <https:\/\/cube.dev\/docs\/@cubejs-backend-server-core#options-reference-telemetry>\nbut when I inspect my network tab with `CUBEJS_TELEMETRY=false` in my .env, I’m still seeing requests being made in the playground to `track.cube.dev\/track`",
        "user": "USG991QKG",
        "ts": "1589402443.273300",
        "team": "TC0C1HURK",
        "user_team": "TC0C1HURK",
        "source_team": "TC0C1HURK",
        "user_profile": {
            "avatar_hash": "g59e469df987",
            "image_72": "https:\/\/secure.gravatar.com\/avatar\/59e469df98780b0b78d67738aa1847e0.jpg?s=72&d=https%3A%2F%2Fa.slack-edge.com%2Fdf10d%2Fimg%2Favatars%2Fava_0018-72.png",
            "first_name": "",
            "real_name": "Nar S",
            "display_name": "Nar S",
            "team": "TC0C1HURK",
            "name": "nar.saynorath",
            "is_restricted": false,
            "is_ultra_restricted": false
        },
        "edited": {
            "user": "USG991QKG",
            "ts": "1589402469.000000"
        },
        "blocks": [
            {
                "type": "rich_text",
                "block_id": "aqo0R",
                "elements": [
                    {
                        "type": "rich_text_section",
                        "elements": [
                            {
                                "type": "text",
                                "text": "Is there a way to turn off telemetry for the playground? I found the documentation for for the backend server "
                            },
                            {
                                "type": "link",
                                "url": "https:\/\/cube.dev\/docs\/@cubejs-backend-server-core#options-reference-telemetry"
                            },
                            {
                                "type": "text",
                                "text": "\nbut when I inspect my network tab with "
                            },
                            {
                                "type": "text",
                                "text": "CUBEJS_TELEMETRY=false",
                                "style": {
                                    "code": true
                                }
                            },
                            {
                                "type": "text",
                                "text": " in my .env, I’m still seeing requests being made in the playground to "
                            },
                            {
                                "type": "text",
                                "text": "track.cube.dev\/track",
                                "style": {
                                    "code": true
                                }
                            }
                        ]
                    }
                ]
            }
        ],
        "thread_ts": "1589402443.273300",
        "reply_count": 1,
        "reply_users_count": 1,
        "latest_reply": "1589402958.273500",
        "reply_users": [
            "UC19HAUAK"
        ],
        "replies": [
            {
                "user": "UC19HAUAK",
                "ts": "1589402958.273500"
            }
        ],
        "subscribed": false
    },
    {
        "client_msg_id": "b6497cb7-bb03-4601-b1e3-27a0cd98f7b5",
        "type": "message",
        "text": "Hey <@USG991QKG>! As of now you can do it only by disabling playground. We need to fix this one.",
        "user": "UC19HAUAK",
        "ts": "1589402958.273500",
        "team": "TC0C1HURK",
        "user_team": "TC0C1HURK",
        "source_team": "TC0C1HURK",
        "user_profile": {
            "avatar_hash": "066a042e018c",
            "image_72": "https:\/\/avatars.slack-edge.com\/2019-12-07\/866588520998_066a042e018ca831a195_72.png",
            "first_name": "Pavel",
            "real_name": "Pavel Tiunov",
            "display_name": "pavel",
            "team": "TC0C1HURK",
            "name": "pavel",
            "is_restricted": false,
            "is_ultra_restricted": false
        },
        "blocks": [
            {
                "type": "rich_text",
                "block_id": "68MW",
                "elements": [
                    {
                        "type": "rich_text_section",
                        "elements": [
                            {
                                "type": "text",
                                "text": "Hey "
                            },
                            {
                                "type": "user",
                                "user_id": "USG991QKG"
                            },
                            {
                                "type": "text",
                                "text": "! As of now you can do it only by disabling playground. We need to fix this one."
                            }
                        ]
                    }
                ]
            }
        ],
        "thread_ts": "1589402443.273300",
        "parent_user_id": "USG991QKG"
    },
    {
        "client_msg_id": "e2454afb-6bb2-4c90-9a0a-4b7c5f1c5420",
        "type": "message",
        "text": "Hey <@U011VDYM6BG>! Is it for refreshKey?",
        "user": "UC19HAUAK",
        "ts": "1589404384.273700",
        "team": "TC0C1HURK",
        "user_team": "TC0C1HURK",
        "source_team": "TC0C1HURK",
        "user_profile": {
            "avatar_hash": "066a042e018c",
            "image_72": "https:\/\/avatars.slack-edge.com\/2019-12-07\/866588520998_066a042e018ca831a195_72.png",
            "first_name": "Pavel",
            "real_name": "Pavel Tiunov",
            "display_name": "pavel",
            "team": "TC0C1HURK",
            "name": "pavel",
            "is_restricted": false,
            "is_ultra_restricted": false
        },
        "blocks": [
            {
                "type": "rich_text",
                "block_id": "3lj=",
                "elements": [
                    {
                        "type": "rich_text_section",
                        "elements": [
                            {
                                "type": "text",
                                "text": "Hey "
                            },
                            {
                                "type": "user",
                                "user_id": "U011VDYM6BG"
                            },
                            {
                                "type": "text",
                                "text": "! Is it for refreshKey?"
                            }
                        ]
                    }
                ]
            }
        ],
        "thread_ts": "1589386734.271900",
        "parent_user_id": "U011VDYM6BG"
    },
    {
        "type": "message",
        "subtype": "channel_join",
        "ts": "1589423934.274000",
        "user": "U013M5YRRM1",
        "text": "<@U013M5YRRM1> has joined the channel"
    },
    {
        "client_msg_id": "874ff0d9-a275-4d76-bb29-c83fbe211dcd",
        "type": "message",
        "text": "Hi all, I have a question about how cube cache the query based on refreshKey query. For example, I have the schema below\n```cube(`Teams`, {\n  sql: `SELECT * FROM teams`,\n  refreshKey: {\n    sql: `SELECT MAX(created) FROM groovetech.teams`,\n  },\n  measures: {\n    count: {\n      type: `count`\n    }\n  },\n\n  dimensions: {\n    id: {\n      sql: `_id`,\n      type: `string`,\n      primaryKey: true\n    },\n\n    name: {\n      sql: `${CUBE}.name`,\n      type: `string`\n    },\n\n    created: {\n      sql: `${CUBE}.created`,\n      type: `time`,\n    },\n  }\n});```\nI usually get the old result although I have modified a record's created date to a year after (to make maximum date changed)\nAlso, when user make a query to cube, is that cube run the refreshKey query first to determine the changed of refreshCache result? Or which flow is it\nThanks in advance.",
        "user": "U013M5YRRM1",
        "ts": "1589424291.277300",
        "team": "TC0C1HURK",
        "user_team": "TC0C1HURK",
        "source_team": "TC0C1HURK",
        "user_profile": {
            "avatar_hash": "g3c0f5c63f0d",
            "image_72": "https:\/\/secure.gravatar.com\/avatar\/3c0f5c63f0d6f540b43c16533c5a20f5.jpg?s=72&d=https%3A%2F%2Fa.slack-edge.com%2Fdf10d%2Fimg%2Favatars%2Fava_0024-72.png",
            "first_name": "",
            "real_name": "Quoc Van",
            "display_name": "Quoc Van",
            "team": "TC0C1HURK",
            "name": "van.tang",
            "is_restricted": false,
            "is_ultra_restricted": false
        },
        "blocks": [
            {
                "type": "rich_text",
                "block_id": "r5RiK",
                "elements": [
                    {
                        "type": "rich_text_section",
                        "elements": [
                            {
                                "type": "text",
                                "text": "Hi all, I have a question about how cube cache the query based on refreshKey query. For example, I have the schema below\n"
                            }
                        ]
                    },
                    {
                        "type": "rich_text_preformatted",
                        "elements": [
                            {
                                "type": "text",
                                "text": "cube(`Teams`, {\n  sql: `SELECT * FROM teams`,\n  refreshKey: {\n    sql: `SELECT MAX(created) FROM groovetech.teams`,\n  },\n  measures: {\n    count: {\n      type: `count`\n    }\n  },\n\n  dimensions: {\n    id: {\n      sql: `_id`,\n      type: `string`,\n      primaryKey: true\n    },\n\n    name: {\n      sql: `${CUBE}.name`,\n      type: `string`\n    },\n\n    created: {\n      sql: `${CUBE}.created`,\n      type: `time`,\n    },\n  }\n});"
                            }
                        ]
                    },
                    {
                        "type": "rich_text_section",
                        "elements": [
                            {
                                "type": "text",
                                "text": "I usually get the old result although I have modified a record's created date to a year after (to make maximum date changed)\nAlso, when user make a query to cube, is that cube run the refreshKey query first to determine the changed of refreshCache result? Or which flow is it\nThanks in advance."
                            }
                        ]
                    }
                ]
            }
        ],
        "thread_ts": "1589424291.277300",
        "reply_count": 11,
        "reply_users_count": 2,
        "latest_reply": "1589541099.289900",
        "reply_users": [
            "U013J5CRRDW",
            "U013M5YRRM1"
        ],
        "replies": [
            {
                "user": "U013J5CRRDW",
                "ts": "1589447385.277400"
            },
            {
                "user": "U013M5YRRM1",
                "ts": "1589465656.278200"
            },
            {
                "user": "U013M5YRRM1",
                "ts": "1589535549.287400"
            },
            {
                "user": "U013J5CRRDW",
                "ts": "1589535676.287600"
            },
            {
                "user": "U013M5YRRM1",
                "ts": "1589535847.288000"
            },
            {
                "user": "U013M5YRRM1",
                "ts": "1589537059.288300"
            },
            {
                "user": "U013M5YRRM1",
                "ts": "1589538244.288900"
            },
            {
                "user": "U013J5CRRDW",
                "ts": "1589539504.289300"
            },
            {
                "user": "U013M5YRRM1",
                "ts": "1589541012.289500"
            },
            {
                "user": "U013M5YRRM1",
                "ts": "1589541050.289700"
            },
            {
                "user": "U013M5YRRM1",
                "ts": "1589541099.289900"
            }
        ],
        "subscribed": false
    }
]