[
    {
        "client_msg_id": "5c2762d0-c88c-4272-af78-474bfe1fbc07",
        "type": "message",
        "text": "hi am using this \/\/const CubejsServer = require(\"@cubejs-backend\/server\");\nCubejsServer = require('@cubejs-backend\/server');\nconst MySQLDriver = require('@cubejs-backend\/mysql-driver');\nconst server = new CubejsServer({\n externalDbType: 'mysql',\n externalDriverFactory: () =&gt; new MySQLDriver({\n   host: process.env.CUBEJS_EXT_DB_HOST,\n   database: process.env.CUBEJS_EXT_DB_NAME,\n   port: process.env.CUBEJS_EXT_DB_PORT,\n   user: process.env.CUBEJS_EXT_DB_USER,\n   password: process.env.CUBEJS_EXT_DB_PASS,\n })\n});\nserver.listen().then(({ port }) =&gt; {\n \/\/console.log(:rocket: Cube.js server is listening on ${port});\n});\nCUBEJS_DB_HOST=\nCUBEJS_DB_PORT=\nCUBEJS_DB_NAME=\nCUBEJS_DB_USER=\nCUBEJS_DB_PASS=\nCUBEJS_DB_TYPE='mysql'\nCUBEJS_EXT_DB_HOST='172.24.54.119'\nCUBEJS_EXT_DB_NAME='stb_pre_aggregations'\nCUBEJS_EXT_DB_PORT=3306\nCUBEJS_EXT_DB_USER='madhu'\nCUBEJS_EXT_DB_PASS='123456'\nCUBEJS_CACHE_AND_QUEUE_DRIVER='memory'     after using pre_aggregations  i am getting this error Error: Error: ER_NOT_SUPPORTED_AUTH_MODE: Client does not support authentication protocol requested by server; consider upgrading MySQL client.please help us",
        "user": "UT267C0PL",
        "ts": "1584610755.315100",
        "team": "TC0C1HURK",
        "user_team": "TC0C1HURK",
        "source_team": "TC0C1HURK",
        "user_profile": {
            "avatar_hash": "gb4dcb9de59f",
            "image_72": "https:\/\/secure.gravatar.com\/avatar\/b4dcb9de59f7c1587f79c7692ec803bc.jpg?s=72&d=https%3A%2F%2Fa.slack-edge.com%2Fdf10d%2Fimg%2Favatars%2Fava_0022-72.png",
            "first_name": "",
            "real_name": "Madhu",
            "display_name": "Madhu",
            "team": "TC0C1HURK",
            "name": "madhusudhan.l",
            "is_restricted": false,
            "is_ultra_restricted": false
        },
        "blocks": [
            {
                "type": "rich_text",
                "block_id": "3F+7",
                "elements": [
                    {
                        "type": "rich_text_section",
                        "elements": [
                            {
                                "type": "text",
                                "text": "hi am using this \/\/const CubejsServer = require(\"@cubejs-backend\/server\");\nCubejsServer = require('@cubejs-backend\/server');\nconst MySQLDriver = require('@cubejs-backend\/mysql-driver');\nconst server = new CubejsServer({\n externalDbType: 'mysql',\n externalDriverFactory: () => new MySQLDriver({\n   host: process.env.CUBEJS_EXT_DB_HOST,\n   database: process.env.CUBEJS_EXT_DB_NAME,\n   port: process.env.CUBEJS_EXT_DB_PORT,\n   user: process.env.CUBEJS_EXT_DB_USER,\n   password: process.env.CUBEJS_EXT_DB_PASS,\n })\n});\nserver.listen().then(({ port }) => {\n \/\/console.log("
                            },
                            {
                                "type": "emoji",
                                "name": "rocket"
                            },
                            {
                                "type": "text",
                                "text": " Cube.js server is listening on ${port});\n});\nCUBEJS_DB_HOST=\nCUBEJS_DB_PORT=\nCUBEJS_DB_NAME=\nCUBEJS_DB_USER=\nCUBEJS_DB_PASS=\nCUBEJS_DB_TYPE='mysql'\nCUBEJS_EXT_DB_HOST='172.24.54.119'\nCUBEJS_EXT_DB_NAME='stb_pre_aggregations'\nCUBEJS_EXT_DB_PORT=3306\nCUBEJS_EXT_DB_USER='madhu'\nCUBEJS_EXT_DB_PASS='123456'\nCUBEJS_CACHE_AND_QUEUE_DRIVER='memory'     after using pre_aggregations  i am getting this error Error: Error: ER_NOT_SUPPORTED_AUTH_MODE: Client does not support authentication protocol requested by server; consider upgrading MySQL client.please help us"
                            }
                        ]
                    }
                ]
            }
        ],
        "thread_ts": "1584610755.315100",
        "reply_count": 1,
        "reply_users_count": 1,
        "latest_reply": "1584632089.320800",
        "reply_users": [
            "URG2GJK71"
        ],
        "replies": [
            {
                "user": "URG2GJK71",
                "ts": "1584632089.320800"
            }
        ],
        "subscribed": false
    },
    {
        "type": "message",
        "subtype": "channel_join",
        "ts": "1584619147.315300",
        "user": "U010BFPE2JC",
        "text": "<@U010BFPE2JC> has joined the channel"
    },
    {
        "type": "message",
        "subtype": "channel_join",
        "ts": "1584620272.315500",
        "user": "U010B3LHB1S",
        "text": "<@U010B3LHB1S> has joined the channel"
    },
    {
        "type": "message",
        "subtype": "channel_join",
        "ts": "1584621006.315700",
        "user": "U010DPZ7SGN",
        "text": "<@U010DPZ7SGN> has joined the channel"
    },
    {
        "type": "message",
        "subtype": "channel_join",
        "ts": "1584621751.316000",
        "user": "U010DEN69FH",
        "text": "<@U010DEN69FH> has joined the channel"
    },
    {
        "type": "message",
        "subtype": "channel_join",
        "ts": "1584626324.316200",
        "user": "U010BR5U9U0",
        "text": "<@U010BR5U9U0> has joined the channel"
    },
    {
        "client_msg_id": "39bef01e-caa7-4dd8-85cd-f2f4c80da285",
        "type": "message",
        "text": "Hi, when I am looking into generated queries, I see `LIMIT 10000` concatenated to query. Is there any chance to change this to another number (greater in my case)? Some parameter or similar?  Thx",
        "user": "U0102888YU8",
        "ts": "1584631399.320200",
        "team": "TC0C1HURK",
        "user_team": "TC0C1HURK",
        "source_team": "TC0C1HURK",
        "user_profile": {
            "avatar_hash": "g7ab334af821",
            "image_72": "https:\/\/secure.gravatar.com\/avatar\/7ab334af821cefff53eb8d8bf35d9b2c.jpg?s=72&d=https%3A%2F%2Fa.slack-edge.com%2Fdf10d%2Fimg%2Favatars%2Fava_0022-72.png",
            "first_name": "",
            "real_name": "Michael Grinfeld",
            "display_name": "Michael Grinfeld",
            "team": "TC0C1HURK",
            "name": "michael.grinfeld",
            "is_restricted": false,
            "is_ultra_restricted": false
        },
        "blocks": [
            {
                "type": "rich_text",
                "block_id": "nqMt",
                "elements": [
                    {
                        "type": "rich_text_section",
                        "elements": [
                            {
                                "type": "text",
                                "text": "Hi, when I am looking into generated queries, I see "
                            },
                            {
                                "type": "text",
                                "text": "LIMIT 10000",
                                "style": {
                                    "code": true
                                }
                            },
                            {
                                "type": "text",
                                "text": " concatenated to query. Is there any chance to change this to another number (greater in my case)? Some parameter or similar?  Thx"
                            }
                        ]
                    }
                ]
            }
        ],
        "thread_ts": "1584631399.320200",
        "reply_count": 2,
        "reply_users_count": 2,
        "latest_reply": "1584631809.320500",
        "reply_users": [
            "URG2GJK71",
            "U0102888YU8"
        ],
        "replies": [
            {
                "user": "URG2GJK71",
                "ts": "1584631770.320300"
            },
            {
                "user": "U0102888YU8",
                "ts": "1584631809.320500"
            }
        ],
        "subscribed": false
    },
    {
        "client_msg_id": "2560ac77-23f6-4e2e-81cc-e01f3c33f331",
        "type": "message",
        "text": "Yes pls see this <https:\/\/cube.dev\/docs\/query-format|https:\/\/cube.dev\/docs\/query-format>",
        "user": "URG2GJK71",
        "ts": "1584631770.320300",
        "team": "TC0C1HURK",
        "user_team": "TC0C1HURK",
        "source_team": "TC0C1HURK",
        "user_profile": {
            "avatar_hash": "g532572ba5cb",
            "image_72": "https:\/\/secure.gravatar.com\/avatar\/532572ba5cb474d3c05f03a7ddf286fa.jpg?s=72&d=https%3A%2F%2Fa.slack-edge.com%2Fdf10d%2Fimg%2Favatars%2Fava_0006-72.png",
            "first_name": "",
            "real_name": "Birkoff",
            "display_name": "",
            "team": "TC0C1HURK",
            "name": "hayaza_slack",
            "is_restricted": false,
            "is_ultra_restricted": false
        },
        "blocks": [
            {
                "type": "rich_text",
                "block_id": "geUk",
                "elements": [
                    {
                        "type": "rich_text_section",
                        "elements": [
                            {
                                "type": "text",
                                "text": "Yes pls see this "
                            },
                            {
                                "type": "link",
                                "url": "https:\/\/cube.dev\/docs\/query-format",
                                "text": "https:\/\/cube.dev\/docs\/query-format"
                            }
                        ]
                    }
                ]
            }
        ],
        "thread_ts": "1584631399.320200",
        "parent_user_id": "U0102888YU8"
    },
    {
        "client_msg_id": "9b0a49c3-123b-471d-9af8-0099f54a4cf6",
        "type": "message",
        "text": "Thx, I missed it :slightly_smiling_face:",
        "user": "U0102888YU8",
        "ts": "1584631809.320500",
        "team": "TC0C1HURK",
        "user_team": "TC0C1HURK",
        "source_team": "TC0C1HURK",
        "user_profile": {
            "avatar_hash": "g7ab334af821",
            "image_72": "https:\/\/secure.gravatar.com\/avatar\/7ab334af821cefff53eb8d8bf35d9b2c.jpg?s=72&d=https%3A%2F%2Fa.slack-edge.com%2Fdf10d%2Fimg%2Favatars%2Fava_0022-72.png",
            "first_name": "",
            "real_name": "Michael Grinfeld",
            "display_name": "Michael Grinfeld",
            "team": "TC0C1HURK",
            "name": "michael.grinfeld",
            "is_restricted": false,
            "is_ultra_restricted": false
        },
        "blocks": [
            {
                "type": "rich_text",
                "block_id": "5VwE0",
                "elements": [
                    {
                        "type": "rich_text_section",
                        "elements": [
                            {
                                "type": "text",
                                "text": "Thx, I missed it "
                            },
                            {
                                "type": "emoji",
                                "name": "slightly_smiling_face"
                            }
                        ]
                    }
                ]
            }
        ],
        "thread_ts": "1584631399.320200",
        "parent_user_id": "U0102888YU8",
        "reactions": [
            {
                "name": "raised_hands",
                "users": [
                    "URG2GJK71"
                ],
                "count": 1
            }
        ]
    },
    {
        "client_msg_id": "d13cd24f-7f62-4d44-89c2-ebb1ada8b2b2",
        "type": "message",
        "text": "Can you try this solution <https:\/\/github.com\/mysqljs\/mysql\/issues\/1507#issuecomment-242885003|https:\/\/github.com\/mysqljs\/mysql\/issues\/1507#issuecomment-242885003>",
        "user": "URG2GJK71",
        "ts": "1584632089.320800",
        "team": "TC0C1HURK",
        "user_team": "TC0C1HURK",
        "source_team": "TC0C1HURK",
        "user_profile": {
            "avatar_hash": "g532572ba5cb",
            "image_72": "https:\/\/secure.gravatar.com\/avatar\/532572ba5cb474d3c05f03a7ddf286fa.jpg?s=72&d=https%3A%2F%2Fa.slack-edge.com%2Fdf10d%2Fimg%2Favatars%2Fava_0006-72.png",
            "first_name": "",
            "real_name": "Birkoff",
            "display_name": "",
            "team": "TC0C1HURK",
            "name": "hayaza_slack",
            "is_restricted": false,
            "is_ultra_restricted": false
        },
        "attachments": [
            {
                "service_name": "GitHub",
                "title": "Error: ER_NOT_SUPPORTED_AUTH_MODE with auth_socket · Issue #1507 · mysqljs\/mysql",
                "title_link": "https:\/\/github.com\/mysqljs\/mysql\/issues\/1507#issuecomment-242885003",
                "text": "Yesterday I upgraded my ubuntu distribution an MySql Server was updated too. But when I connect I get this error Error: ER_NOT_SUPPORTED_AUTH_MODE: Client does not support authentication protocol r...",
                "fallback": "GitHub: Error: ER_NOT_SUPPORTED_AUTH_MODE with auth_socket · Issue #1507 · mysqljs\/mysql",
                "thumb_url": "https:\/\/avatars1.githubusercontent.com\/u\/18713232?s=400&v=4",
                "from_url": "https:\/\/github.com\/mysqljs\/mysql\/issues\/1507#issuecomment-242885003",
                "thumb_width": 420,
                "thumb_height": 420,
                "service_icon": "https:\/\/a.slack-edge.com\/80588\/img\/unfurl_icons\/github.png",
                "id": 1,
                "original_url": "https:\/\/github.com\/mysqljs\/mysql\/issues\/1507#issuecomment-242885003"
            }
        ],
        "blocks": [
            {
                "type": "rich_text",
                "block_id": "xvR=",
                "elements": [
                    {
                        "type": "rich_text_section",
                        "elements": [
                            {
                                "type": "text",
                                "text": "Can you try this solution "
                            },
                            {
                                "type": "link",
                                "url": "https:\/\/github.com\/mysqljs\/mysql\/issues\/1507#issuecomment-242885003",
                                "text": "https:\/\/github.com\/mysqljs\/mysql\/issues\/1507#issuecomment-242885003"
                            }
                        ]
                    }
                ]
            }
        ],
        "thread_ts": "1584610755.315100",
        "parent_user_id": "UT267C0PL"
    },
    {
        "type": "message",
        "subtype": "channel_join",
        "ts": "1584639021.321300",
        "user": "UVBARJB0A",
        "text": "<@UVBARJB0A> has joined the channel"
    },
    {
        "client_msg_id": "adb16179-0ec5-4377-ac81-f14c5e2dcb24",
        "type": "message",
        "text": "<@UC19HAUAK> Yes so the problem here is definitely between the user and the keyboard but I am not totally sure I understand what the solution is yet.\n\n*Goal:*\nMy goal is to get a count for all successfully completed commands given a valid timespan.\n\n*Troubleshooting:*\nI initially thought I could define a measure called completedCmds with a filter argument included that would allow me to access the information of interest. That *measure declaration* was as follows:\n```completedCmds: {\n  sql: `command_id`, \n  type: `count`,\n  filters: [{sql: `${CommandData}.completed_reason = 'Completed'`}]\n}```\nI quickly found that for some reason, my curl queries to the dev server were failing with the error message:\n`{\"error\":\"Error: 'completedCmds' not found for path 'CommandData.completedCmds'\"}`\n\nFrom there, I decided to try and change my approach to defining a dimension called `completedCmds` with a filter argument defining its members. I did as much as this was the *dimension declaration* I ended up with:\n```completedCmds: {\n  sql: `command_id`,\n  type: `number`,\n  filters: [{sql: `${CommandData}.completed_reason = 'Completed'`}]\n},```\n With a corresponding query of:\n`curl  -H \"Authorization: CUBEJS_API_TOKEN\"  -G  --data-urlencode 'query={\"measures\":[\"CommandData.count\"], \"dimensions\": [\"CommandData.completedCmds\"]}'  <http:\/\/localhost:4000\/cubejs-api\/v1\/load>`\n\nThis approach also failed in providing me a count of all successfully completed commands in the database. The error I got was:\n `{\"error\":\"Error: 'completedCmds' not found for path 'CommandData.completedCmds'\"}`\n\n'*Solution:*'\nThe only way I have been able to reliably query my PSQL database for the information of interest is to query the column `completed_reason` using the query below, and then indexing the response to that query for the argument of interest. (_In this case it would be indexing the payload like so: payload[`Completed`]_)\n\nAny advice on how to proceed would be much appreciated. Thank you!\n\n*NOTE:* \n• the dev server was restarted after every update to the CommandData schema. \n• I did notice in the logs that I was getting an Internal Server Error on the queries that called for a dimension named 'completedCmds', as well as an Invalid Token Error, although I am not sure about the validity of this error considering I shouldn't need a token for the dev server and I've use that same token today for other queries that completed successfully with no errors. ",
        "user": "UTB027TS5",
        "ts": "1584640935.321400",
        "team": "TC0C1HURK",
        "user_team": "TC0C1HURK",
        "source_team": "TC0C1HURK",
        "user_profile": {
            "avatar_hash": "g66a6d32dc90",
            "image_72": "https:\/\/secure.gravatar.com\/avatar\/66a6d32dc903cd1cc4dd1c473d25d3ff.jpg?s=72&d=https%3A%2F%2Fa.slack-edge.com%2Fdf10d%2Fimg%2Favatars%2Fava_0020-72.png",
            "first_name": "",
            "real_name": "Dayo Origunwa",
            "display_name": "Dayo Origunwa",
            "team": "TC0C1HURK",
            "name": "dayo1523",
            "is_restricted": false,
            "is_ultra_restricted": false
        },
        "edited": {
            "user": "UTB027TS5",
            "ts": "1584642054.000000"
        },
        "blocks": [
            {
                "type": "rich_text",
                "block_id": "83vL",
                "elements": [
                    {
                        "type": "rich_text_section",
                        "elements": [
                            {
                                "type": "user",
                                "user_id": "UC19HAUAK"
                            },
                            {
                                "type": "text",
                                "text": " Yes so the problem here is definitely between the user and the keyboard but I am not totally sure I understand what the solution is yet.\n\n"
                            },
                            {
                                "type": "text",
                                "text": "Goal:",
                                "style": {
                                    "bold": true
                                }
                            },
                            {
                                "type": "text",
                                "text": "\nMy goal is to get a count for all successfully completed commands given a valid timespan.\n\n"
                            },
                            {
                                "type": "text",
                                "text": "Troubleshooting:",
                                "style": {
                                    "bold": true
                                }
                            },
                            {
                                "type": "text",
                                "text": "\nI initially thought I could define a measure called completedCmds with a filter argument included that would allow me to access the information of interest. That "
                            },
                            {
                                "type": "text",
                                "text": "measure declaration",
                                "style": {
                                    "bold": true
                                }
                            },
                            {
                                "type": "text",
                                "text": " was as follows:\n"
                            }
                        ]
                    },
                    {
                        "type": "rich_text_preformatted",
                        "elements": [
                            {
                                "type": "text",
                                "text": "completedCmds: {\n  sql: `command_id`, \n  type: `count`,\n  filters: [{sql: `${CommandData}.completed_reason = 'Completed'`}]\n}"
                            }
                        ]
                    },
                    {
                        "type": "rich_text_section",
                        "elements": [
                            {
                                "type": "text",
                                "text": "I quickly found that for some reason, my curl queries to the dev server were failing with the error message:\n"
                            },
                            {
                                "type": "text",
                                "text": "{\"error\":\"Error: 'completedCmds' not found for path 'CommandData.completedCmds'\"}",
                                "style": {
                                    "code": true
                                }
                            },
                            {
                                "type": "text",
                                "text": "\n\nFrom there, I decided to try and change my approach to defining a dimension called "
                            },
                            {
                                "type": "text",
                                "text": "completedCmds",
                                "style": {
                                    "code": true
                                }
                            },
                            {
                                "type": "text",
                                "text": " with a filter argument defining its members. I did as much as this was the "
                            },
                            {
                                "type": "text",
                                "text": "dimension declaration",
                                "style": {
                                    "bold": true
                                }
                            },
                            {
                                "type": "text",
                                "text": " I ended up with:\n"
                            }
                        ]
                    },
                    {
                        "type": "rich_text_preformatted",
                        "elements": [
                            {
                                "type": "text",
                                "text": "completedCmds: {\n  sql: `command_id`,\n  type: `number`,\n  filters: [{sql: `${CommandData}.completed_reason = 'Completed'`}]\n},"
                            }
                        ]
                    },
                    {
                        "type": "rich_text_section",
                        "elements": [
                            {
                                "type": "text",
                                "text": " With a corresponding query of:\n"
                            },
                            {
                                "type": "text",
                                "text": "curl  -H \"Authorization: CUBEJS_API_TOKEN\"  -G  --data-urlencode 'query={\"measures\":[\"CommandData.count\"], \"dimensions\": [\"CommandData.completedCmds\"]}'  ",
                                "style": {
                                    "code": true
                                }
                            },
                            {
                                "type": "link",
                                "url": "http:\/\/localhost:4000\/cubejs-api\/v1\/load",
                                "style": {
                                    "code": true
                                }
                            },
                            {
                                "type": "text",
                                "text": "\n\nThis approach also failed in providing me a count of all successfully completed commands in the database. The error I got was:\n "
                            },
                            {
                                "type": "text",
                                "text": "{\"error\":\"Error: 'completedCmds' not found for path 'CommandData.completedCmds'\"}",
                                "style": {
                                    "code": true
                                }
                            },
                            {
                                "type": "text",
                                "text": "\n\n'"
                            },
                            {
                                "type": "text",
                                "text": "Solution:",
                                "style": {
                                    "bold": true
                                }
                            },
                            {
                                "type": "text",
                                "text": "'\nThe only way I have been able to reliably query my PSQL database for the information of interest is to query the column "
                            },
                            {
                                "type": "text",
                                "text": "completed_reason",
                                "style": {
                                    "code": true
                                }
                            },
                            {
                                "type": "text",
                                "text": " using the query below, and then indexing the response to that query for the argument of interest. ("
                            },
                            {
                                "type": "text",
                                "text": "In this case it would be indexing the payload like so: payload[",
                                "style": {
                                    "italic": true
                                }
                            },
                            {
                                "type": "text",
                                "text": "Completed",
                                "style": {
                                    "italic": true,
                                    "code": true
                                }
                            },
                            {
                                "type": "text",
                                "text": "]",
                                "style": {
                                    "italic": true
                                }
                            },
                            {
                                "type": "text",
                                "text": ")\n\nAny advice on how to proceed would be much appreciated. Thank you!\n\n"
                            },
                            {
                                "type": "text",
                                "text": "NOTE: ",
                                "style": {
                                    "bold": true
                                }
                            },
                            {
                                "type": "text",
                                "text": "\n"
                            }
                        ]
                    },
                    {
                        "type": "rich_text_list",
                        "elements": [
                            {
                                "type": "rich_text_section",
                                "elements": [
                                    {
                                        "type": "text",
                                        "text": "the dev server was restarted after every update to the CommandData schema. "
                                    }
                                ]
                            },
                            {
                                "type": "rich_text_section",
                                "elements": [
                                    {
                                        "type": "text",
                                        "text": "I did notice in the logs that I was getting an Internal Server Error on the queries that called for a dimension named 'completedCmds', as well as an Invalid Token Error, although I am not sure about the validity of this error considering I shouldn't need a token for the dev server and I've use that same token today for other queries that completed successfully with no errors. "
                                    }
                                ]
                            }
                        ],
                        "style": "bullet",
                        "indent": 0
                    }
                ]
            }
        ],
        "thread_ts": "1584560151.311200",
        "parent_user_id": "UTB027TS5"
    },
    {
        "type": "message",
        "subtype": "channel_join",
        "ts": "1584647726.321900",
        "user": "U0102TNDMS5",
        "text": "<@U0102TNDMS5> has joined the channel"
    },
    {
        "type": "message",
        "subtype": "channel_join",
        "ts": "1584647850.322100",
        "user": "U010F6GCH7G",
        "text": "<@U010F6GCH7G> has joined the channel"
    },
    {
        "client_msg_id": "7842f133-8269-4e4e-a064-1d77170fe0e6",
        "type": "message",
        "text": "Hi, is it recommended to keep the CubeJS backend and the React dashboard in separate git repos? So they can be developed\/deployed separately",
        "user": "UUWH1MAKX",
        "ts": "1584648958.323000",
        "team": "TC0C1HURK",
        "user_team": "TC0C1HURK",
        "source_team": "TC0C1HURK",
        "user_profile": {
            "avatar_hash": "g30615a42dce",
            "image_72": "https:\/\/secure.gravatar.com\/avatar\/30615a42dce0b1d7994a3cb9ff95e788.jpg?s=72&d=https%3A%2F%2Fa.slack-edge.com%2Fdf10d%2Fimg%2Favatars%2Fava_0024-72.png",
            "first_name": "",
            "real_name": "Andrew DiLosa",
            "display_name": "Andrew DiLosa",
            "team": "TC0C1HURK",
            "name": "andrew",
            "is_restricted": false,
            "is_ultra_restricted": false
        },
        "blocks": [
            {
                "type": "rich_text",
                "block_id": "3Us",
                "elements": [
                    {
                        "type": "rich_text_section",
                        "elements": [
                            {
                                "type": "text",
                                "text": "Hi, is it recommended to keep the CubeJS backend and the React dashboard in separate git repos? So they can be developed\/deployed separately"
                            }
                        ]
                    }
                ]
            }
        ],
        "thread_ts": "1584648958.323000",
        "reply_count": 3,
        "reply_users_count": 2,
        "latest_reply": "1584649301.323500",
        "reply_users": [
            "UC19HAUAK",
            "UUWH1MAKX"
        ],
        "replies": [
            {
                "user": "UC19HAUAK",
                "ts": "1584649210.323100"
            },
            {
                "user": "UUWH1MAKX",
                "ts": "1584649280.323300"
            },
            {
                "user": "UC19HAUAK",
                "ts": "1584649301.323500"
            }
        ],
        "subscribed": false
    },
    {
        "client_msg_id": "d9d2fe3c-0767-48cb-9e44-04c13b02e786",
        "type": "message",
        "text": "Hey <@UUWH1MAKX>! Great question! I'd say as with any other project if you have teams which work on frontend and backend stuff completely separately it makes sense to split.",
        "user": "UC19HAUAK",
        "ts": "1584649210.323100",
        "team": "TC0C1HURK",
        "user_team": "TC0C1HURK",
        "source_team": "TC0C1HURK",
        "user_profile": {
            "avatar_hash": "066a042e018c",
            "image_72": "https:\/\/avatars.slack-edge.com\/2019-12-07\/866588520998_066a042e018ca831a195_72.png",
            "first_name": "Pavel",
            "real_name": "Pavel Tiunov",
            "display_name": "pavel",
            "team": "TC0C1HURK",
            "name": "pavel",
            "is_restricted": false,
            "is_ultra_restricted": false
        },
        "blocks": [
            {
                "type": "rich_text",
                "block_id": "Z9Jcv",
                "elements": [
                    {
                        "type": "rich_text_section",
                        "elements": [
                            {
                                "type": "text",
                                "text": "Hey "
                            },
                            {
                                "type": "user",
                                "user_id": "UUWH1MAKX"
                            },
                            {
                                "type": "text",
                                "text": "! Great question! I'd say as with any other project if you have teams which work on frontend and backend stuff completely separately it makes sense to split."
                            }
                        ]
                    }
                ]
            }
        ],
        "thread_ts": "1584648958.323000",
        "parent_user_id": "UUWH1MAKX"
    },
    {
        "client_msg_id": "efb6b1f2-b441-401c-a3c0-520979d7928c",
        "type": "message",
        "text": "Great! Thanks. CubeJS has been great so far!",
        "user": "UUWH1MAKX",
        "ts": "1584649280.323300",
        "team": "TC0C1HURK",
        "user_team": "TC0C1HURK",
        "source_team": "TC0C1HURK",
        "user_profile": {
            "avatar_hash": "g30615a42dce",
            "image_72": "https:\/\/secure.gravatar.com\/avatar\/30615a42dce0b1d7994a3cb9ff95e788.jpg?s=72&d=https%3A%2F%2Fa.slack-edge.com%2Fdf10d%2Fimg%2Favatars%2Fava_0024-72.png",
            "first_name": "",
            "real_name": "Andrew DiLosa",
            "display_name": "Andrew DiLosa",
            "team": "TC0C1HURK",
            "name": "andrew",
            "is_restricted": false,
            "is_ultra_restricted": false
        },
        "blocks": [
            {
                "type": "rich_text",
                "block_id": "B\/K",
                "elements": [
                    {
                        "type": "rich_text_section",
                        "elements": [
                            {
                                "type": "text",
                                "text": "Great! Thanks. CubeJS has been great so far!"
                            }
                        ]
                    }
                ]
            }
        ],
        "thread_ts": "1584648958.323000",
        "parent_user_id": "UUWH1MAKX"
    },
    {
        "client_msg_id": "68ce2f44-da77-4a21-a5e0-4c4969d9a4b5",
        "type": "message",
        "text": ":raised_hands: Thanks for feedback!",
        "user": "UC19HAUAK",
        "ts": "1584649301.323500",
        "team": "TC0C1HURK",
        "user_team": "TC0C1HURK",
        "source_team": "TC0C1HURK",
        "user_profile": {
            "avatar_hash": "066a042e018c",
            "image_72": "https:\/\/avatars.slack-edge.com\/2019-12-07\/866588520998_066a042e018ca831a195_72.png",
            "first_name": "Pavel",
            "real_name": "Pavel Tiunov",
            "display_name": "pavel",
            "team": "TC0C1HURK",
            "name": "pavel",
            "is_restricted": false,
            "is_ultra_restricted": false
        },
        "blocks": [
            {
                "type": "rich_text",
                "block_id": "5Q=0",
                "elements": [
                    {
                        "type": "rich_text_section",
                        "elements": [
                            {
                                "type": "emoji",
                                "name": "raised_hands"
                            },
                            {
                                "type": "text",
                                "text": " Thanks for feedback!"
                            }
                        ]
                    }
                ]
            }
        ],
        "thread_ts": "1584648958.323000",
        "parent_user_id": "UUWH1MAKX"
    },
    {
        "type": "message",
        "subtype": "channel_join",
        "ts": "1584652710.323800",
        "user": "U0101N0B2Q3",
        "text": "<@U0101N0B2Q3> has joined the channel"
    },
    {
        "client_msg_id": "9734be74-b3ca-4d18-9eee-1f65e73242b7",
        "type": "message",
        "text": "I need some transitive relation for my join:\nI have table A with A_ID and, table B with B_ID and A_ID\nand table C with C_ID and B_ID\nI defined  3 cubes\ncube(A)\ncube(B)\nand the last one need to join B and A (via B)\nI tried following:\n```cube(`C`, {  \n  sql: `.....`,\n  joins: {\n    B: {\n      sql: `${CUBE}.B_ID = ${B}.C_ID`,\n      relationship: '...'\n    },\n    A: {\n      sql: `${B}.B_ID = ${A}.B_ID`,\n      relationship: '...'\n    },\n  },\n  measures: {....},\n  dimensions: {.....}\n}```\n and it didn't work.\n Can anybody suggest how to implement such relationship? Thx, in advance",
        "user": "U0102888YU8",
        "ts": "1584658160.325800",
        "team": "TC0C1HURK",
        "user_team": "TC0C1HURK",
        "source_team": "TC0C1HURK",
        "user_profile": {
            "avatar_hash": "g7ab334af821",
            "image_72": "https:\/\/secure.gravatar.com\/avatar\/7ab334af821cefff53eb8d8bf35d9b2c.jpg?s=72&d=https%3A%2F%2Fa.slack-edge.com%2Fdf10d%2Fimg%2Favatars%2Fava_0022-72.png",
            "first_name": "",
            "real_name": "Michael Grinfeld",
            "display_name": "Michael Grinfeld",
            "team": "TC0C1HURK",
            "name": "michael.grinfeld",
            "is_restricted": false,
            "is_ultra_restricted": false
        },
        "blocks": [
            {
                "type": "rich_text",
                "block_id": "g\/t65",
                "elements": [
                    {
                        "type": "rich_text_section",
                        "elements": [
                            {
                                "type": "text",
                                "text": "I need some transitive relation for my join:\nI have table A with A_ID and, table B with B_ID and A_ID\nand table C with C_ID and B_ID\nI defined  3 cubes\ncube(A)\ncube(B)\nand the last one need to join B and A (via B)\nI tried following:\n"
                            }
                        ]
                    },
                    {
                        "type": "rich_text_preformatted",
                        "elements": [
                            {
                                "type": "text",
                                "text": "cube(`C`, {  \n  sql: `.....`,\n  joins: {\n    B: {\n      sql: `${CUBE}.B_ID = ${B}.C_ID`,\n      relationship: '...'\n    },\n    A: {\n      sql: `${B}.B_ID = ${A}.B_ID`,\n      relationship: '...'\n    },\n  },\n  measures: {....},\n  dimensions: {.....}\n}"
                            }
                        ]
                    },
                    {
                        "type": "rich_text_section",
                        "elements": [
                            {
                                "type": "text",
                                "text": " and it didn't work.\n Can anybody suggest how to implement such relationship? Thx, in advance"
                            }
                        ]
                    }
                ]
            }
        ],
        "thread_ts": "1584658160.325800",
        "reply_count": 3,
        "reply_users_count": 3,
        "latest_reply": "1584724363.331800",
        "reply_users": [
            "URG03MR27",
            "U0102888YU8",
            "UC19HAUAK"
        ],
        "replies": [
            {
                "user": "URG03MR27",
                "ts": "1584703231.330400"
            },
            {
                "user": "U0102888YU8",
                "ts": "1584704048.330600"
            },
            {
                "user": "UC19HAUAK",
                "ts": "1584724363.331800"
            }
        ],
        "subscribed": false
    },
    {
        "client_msg_id": "9a4e97c6-94f1-45cc-8154-59aa6c476b59",
        "type": "message",
        "text": "*SOLUTION:*\nThe issue was that the CommandData Cube I was trying to write measures for was joined with another Cube, which seems to have been interfering with the CommandData Cube's ability to complete the queries. Copying the CommandData Cube to another schema instance and then removing the join allowed me to successfully implement the intended measure logic. The errors I was posting had no indication that the root cause of the issue was related to the join, and I suspect I will run into more obstacles like this as I continue developing with Cube.js. Therefore, <@UC19HAUAK>, I would really appreciate it if you reviewed my posts on this thread and provide me with feedback\/links to docs showing where my mental models of this software fall short of the intended implementations, particularly with respect to the roles that each of the data structures (_dimensions, measures, cubes, schemas, etc_.) play in executing a query. Let me know what you think.",
        "user": "UTB027TS5",
        "ts": "1584662123.326000",
        "team": "TC0C1HURK",
        "user_team": "TC0C1HURK",
        "source_team": "TC0C1HURK",
        "user_profile": {
            "avatar_hash": "g66a6d32dc90",
            "image_72": "https:\/\/secure.gravatar.com\/avatar\/66a6d32dc903cd1cc4dd1c473d25d3ff.jpg?s=72&d=https%3A%2F%2Fa.slack-edge.com%2Fdf10d%2Fimg%2Favatars%2Fava_0020-72.png",
            "first_name": "",
            "real_name": "Dayo Origunwa",
            "display_name": "Dayo Origunwa",
            "team": "TC0C1HURK",
            "name": "dayo1523",
            "is_restricted": false,
            "is_ultra_restricted": false
        },
        "blocks": [
            {
                "type": "rich_text",
                "block_id": "gBLEb",
                "elements": [
                    {
                        "type": "rich_text_section",
                        "elements": [
                            {
                                "type": "text",
                                "text": "SOLUTION:",
                                "style": {
                                    "bold": true
                                }
                            },
                            {
                                "type": "text",
                                "text": "\nThe issue was that the CommandData Cube I was trying to write measures for was joined with another Cube, which seems to have been interfering with the CommandData Cube's ability to complete the queries. Copying the CommandData Cube to another schema instance and then removing the join allowed me to successfully implement the intended measure logic. The errors I was posting had no indication that the root cause of the issue was related to the join, and I suspect I will run into more obstacles like this as I continue developing with Cube.js. Therefore, "
                            },
                            {
                                "type": "user",
                                "user_id": "UC19HAUAK"
                            },
                            {
                                "type": "text",
                                "text": ", I would really appreciate it if you reviewed my posts on this thread and provide me with feedback\/links to docs showing where my mental models of this software fall short of the intended implementations, particularly with respect to the roles that each of the data structures ("
                            },
                            {
                                "type": "text",
                                "text": "dimensions, measures, cubes, schemas, etc",
                                "style": {
                                    "italic": true
                                }
                            },
                            {
                                "type": "text",
                                "text": ".) play in executing a query. Let me know what you think."
                            }
                        ]
                    }
                ]
            }
        ],
        "thread_ts": "1584560151.311200",
        "parent_user_id": "UTB027TS5"
    },
    {
        "client_msg_id": "cd952958-62d3-4098-8383-786305d4ab4a",
        "type": "message",
        "text": "Hey <@UTB027TS5>! I believe there was some compile errors. Could you please share your logs?",
        "user": "UC19HAUAK",
        "ts": "1584664239.326200",
        "team": "TC0C1HURK",
        "user_team": "TC0C1HURK",
        "source_team": "TC0C1HURK",
        "user_profile": {
            "avatar_hash": "066a042e018c",
            "image_72": "https:\/\/avatars.slack-edge.com\/2019-12-07\/866588520998_066a042e018ca831a195_72.png",
            "first_name": "Pavel",
            "real_name": "Pavel Tiunov",
            "display_name": "pavel",
            "team": "TC0C1HURK",
            "name": "pavel",
            "is_restricted": false,
            "is_ultra_restricted": false
        },
        "blocks": [
            {
                "type": "rich_text",
                "block_id": "WBL",
                "elements": [
                    {
                        "type": "rich_text_section",
                        "elements": [
                            {
                                "type": "text",
                                "text": "Hey "
                            },
                            {
                                "type": "user",
                                "user_id": "UTB027TS5"
                            },
                            {
                                "type": "text",
                                "text": "! I believe there was some compile errors. Could you please share your logs?"
                            }
                        ]
                    }
                ]
            }
        ],
        "thread_ts": "1584560151.311200",
        "parent_user_id": "UTB027TS5"
    },
    {
        "client_msg_id": "25347416-7bb6-4b7d-9635-97693b1bd920",
        "type": "message",
        "text": "for a github action, i wonder if you could live with an in-memory cache: <https:\/\/cube.dev\/docs\/deployment#production-mode-running-without-redis>",
        "user": "USMM7QR7G",
        "ts": "1584685780.326900",
        "team": "TC0C1HURK",
        "user_team": "TC0C1HURK",
        "source_team": "TC0C1HURK",
        "user_profile": {
            "avatar_hash": "775751dbe2c6",
            "image_72": "https:\/\/avatars.slack-edge.com\/2020-04-03\/1037000392274_775751dbe2c6e0a3feec_72.jpg",
            "first_name": "",
            "real_name": "Jc",
            "display_name": "Jc",
            "team": "TC0C1HURK",
            "name": "jc.w",
            "is_restricted": false,
            "is_ultra_restricted": false
        },
        "blocks": [
            {
                "type": "rich_text",
                "block_id": "BmN",
                "elements": [
                    {
                        "type": "rich_text_section",
                        "elements": [
                            {
                                "type": "text",
                                "text": "for a github action, i wonder if you could live with an in-memory cache: "
                            },
                            {
                                "type": "link",
                                "url": "https:\/\/cube.dev\/docs\/deployment#production-mode-running-without-redis"
                            }
                        ]
                    }
                ]
            }
        ],
        "thread_ts": "1584485668.298600",
        "parent_user_id": "UUQKEFF38"
    },
    {
        "client_msg_id": "b7d11e1d-b6a0-4152-af15-60d9ba1bcb9a",
        "type": "message",
        "text": "1. i think you want to be using server, not servercore, like this example: <https:\/\/cube.dev\/docs\/pre-aggregations#external-pre-aggregations>\n2. the env vars you’re using for your external driver are supposed to be for your source of data, if you’re wanting to use external to write out the rollups to a different db, you should use different credentials to that other db, which you can put into your own env vars",
        "user": "USMM7QR7G",
        "ts": "1584686115.327100",
        "team": "TC0C1HURK",
        "user_team": "TC0C1HURK",
        "source_team": "TC0C1HURK",
        "user_profile": {
            "avatar_hash": "775751dbe2c6",
            "image_72": "https:\/\/avatars.slack-edge.com\/2020-04-03\/1037000392274_775751dbe2c6e0a3feec_72.jpg",
            "first_name": "",
            "real_name": "Jc",
            "display_name": "Jc",
            "team": "TC0C1HURK",
            "name": "jc.w",
            "is_restricted": false,
            "is_ultra_restricted": false
        },
        "blocks": [
            {
                "type": "rich_text",
                "block_id": "8Oc",
                "elements": [
                    {
                        "type": "rich_text_list",
                        "elements": [
                            {
                                "type": "rich_text_section",
                                "elements": [
                                    {
                                        "type": "text",
                                        "text": "i think you want to be using server, not servercore, like this example: "
                                    },
                                    {
                                        "type": "link",
                                        "url": "https:\/\/cube.dev\/docs\/pre-aggregations#external-pre-aggregations"
                                    }
                                ]
                            },
                            {
                                "type": "rich_text_section",
                                "elements": [
                                    {
                                        "type": "text",
                                        "text": "the env vars you’re using for your external driver are supposed to be for your source of data, if you’re wanting to use external to write out the rollups to a different db, you should use different credentials to that other db, which you can put into your own env vars"
                                    }
                                ]
                            }
                        ],
                        "style": "ordered",
                        "indent": 0
                    }
                ]
            }
        ],
        "thread_ts": "1584518790.306100",
        "parent_user_id": "UT267C0PL"
    }
]