[
    {
        "type": "message",
        "subtype": "channel_join",
        "ts": "1584800091.335600",
        "user": "U0105AM8VEX",
        "text": "<@U0105AM8VEX> has joined the channel"
    },
    {
        "type": "message",
        "subtype": "channel_join",
        "ts": "1584829964.335800",
        "user": "U010JT30AEB",
        "text": "<@U010JT30AEB> has joined the channel"
    },
    {
        "client_msg_id": "24ac8323-f32b-479f-af61-428c65a826eb",
        "type": "message",
        "text": "Hey <@U01069CHHQV>! For lambda there're two separate lambdas one of which serves all the traffic and another one which executes queries.",
        "user": "UC19HAUAK",
        "ts": "1584835744.336100",
        "team": "TC0C1HURK",
        "user_team": "TC0C1HURK",
        "source_team": "TC0C1HURK",
        "user_profile": {
            "avatar_hash": "066a042e018c",
            "image_72": "https:\/\/avatars.slack-edge.com\/2019-12-07\/866588520998_066a042e018ca831a195_72.png",
            "first_name": "Pavel",
            "real_name": "Pavel Tiunov",
            "display_name": "pavel",
            "team": "TC0C1HURK",
            "name": "pavel",
            "is_restricted": false,
            "is_ultra_restricted": false
        },
        "blocks": [
            {
                "type": "rich_text",
                "block_id": "1pD9",
                "elements": [
                    {
                        "type": "rich_text_section",
                        "elements": [
                            {
                                "type": "text",
                                "text": "Hey "
                            },
                            {
                                "type": "user",
                                "user_id": "U01069CHHQV"
                            },
                            {
                                "type": "text",
                                "text": "! For lambda there're two separate lambdas one of which serves all the traffic and another one which executes queries."
                            }
                        ]
                    }
                ]
            }
        ],
        "thread_ts": "1584736326.335400",
        "parent_user_id": "U01069CHHQV"
    },
    {
        "client_msg_id": "9f2f90ae-ae1f-4736-9274-67adc08eb354",
        "type": "message",
        "text": "Hey all- I have deployed cube serverless on AWS and am running the dashboard app on localhost. I am getting the error “invalid token” and have changed API_URL in App.js to reflect my serverless API gateway URL. How do i fix this?",
        "user": "U010JT30AEB",
        "ts": "1584839217.338000",
        "team": "TC0C1HURK",
        "user_team": "TC0C1HURK",
        "source_team": "TC0C1HURK",
        "user_profile": {
            "avatar_hash": "g14a468b81cf",
            "image_72": "https:\/\/secure.gravatar.com\/avatar\/14a468b81cf34633511b0e2c7a738e7f.jpg?s=72&d=https%3A%2F%2Fa.slack-edge.com%2Fdf10d%2Fimg%2Favatars%2Fava_0011-72.png",
            "first_name": "",
            "real_name": "George Lee",
            "display_name": "George Lee",
            "team": "TC0C1HURK",
            "name": "georgelee96",
            "is_restricted": false,
            "is_ultra_restricted": false
        },
        "blocks": [
            {
                "type": "rich_text",
                "block_id": "ZyC",
                "elements": [
                    {
                        "type": "rich_text_section",
                        "elements": [
                            {
                                "type": "text",
                                "text": "Hey all- I have deployed cube serverless on AWS and am running the dashboard app on localhost. I am getting the error “invalid token” and have changed API_URL in App.js to reflect my serverless API gateway URL. How do i fix this?"
                            }
                        ]
                    }
                ]
            }
        ],
        "thread_ts": "1584839217.338000",
        "reply_count": 8,
        "reply_users_count": 2,
        "latest_reply": "1585079444.370300",
        "reply_users": [
            "UC19HAUAK",
            "U010JT30AEB"
        ],
        "replies": [
            {
                "user": "UC19HAUAK",
                "ts": "1584844602.338100"
            },
            {
                "user": "U010JT30AEB",
                "ts": "1584845832.338300"
            },
            {
                "user": "U010JT30AEB",
                "ts": "1584845872.338500"
            },
            {
                "user": "UC19HAUAK",
                "ts": "1584849498.338700"
            },
            {
                "user": "U010JT30AEB",
                "ts": "1584853043.338900"
            },
            {
                "user": "U010JT30AEB",
                "ts": "1584868111.343300"
            },
            {
                "user": "U010JT30AEB",
                "ts": "1584870126.343500"
            },
            {
                "user": "UC19HAUAK",
                "ts": "1585079444.370300"
            }
        ],
        "subscribed": false
    },
    {
        "client_msg_id": "ca3619c2-1100-401c-a824-d4fb8d658691",
        "type": "message",
        "text": "Hey <@U010JT30AEB>! Seems like your token has been expired. Please see <https:\/\/cube.dev\/docs\/security#generating-token>.",
        "user": "UC19HAUAK",
        "ts": "1584844602.338100",
        "team": "TC0C1HURK",
        "user_team": "TC0C1HURK",
        "source_team": "TC0C1HURK",
        "user_profile": {
            "avatar_hash": "066a042e018c",
            "image_72": "https:\/\/avatars.slack-edge.com\/2019-12-07\/866588520998_066a042e018ca831a195_72.png",
            "first_name": "Pavel",
            "real_name": "Pavel Tiunov",
            "display_name": "pavel",
            "team": "TC0C1HURK",
            "name": "pavel",
            "is_restricted": false,
            "is_ultra_restricted": false
        },
        "blocks": [
            {
                "type": "rich_text",
                "block_id": "Rpp",
                "elements": [
                    {
                        "type": "rich_text_section",
                        "elements": [
                            {
                                "type": "text",
                                "text": "Hey "
                            },
                            {
                                "type": "user",
                                "user_id": "U010JT30AEB"
                            },
                            {
                                "type": "text",
                                "text": "! Seems like your token has been expired. Please see "
                            },
                            {
                                "type": "link",
                                "url": "https:\/\/cube.dev\/docs\/security#generating-token"
                            },
                            {
                                "type": "text",
                                "text": "."
                            }
                        ]
                    }
                ]
            }
        ],
        "thread_ts": "1584839217.338000",
        "parent_user_id": "U010JT30AEB"
    },
    {
        "client_msg_id": "b094b247-bf10-49dc-9f93-200bc356c711",
        "type": "message",
        "text": "Hey Pavel!",
        "user": "U010JT30AEB",
        "ts": "1584845832.338300",
        "team": "TC0C1HURK",
        "user_team": "TC0C1HURK",
        "source_team": "TC0C1HURK",
        "user_profile": {
            "avatar_hash": "g14a468b81cf",
            "image_72": "https:\/\/secure.gravatar.com\/avatar\/14a468b81cf34633511b0e2c7a738e7f.jpg?s=72&d=https%3A%2F%2Fa.slack-edge.com%2Fdf10d%2Fimg%2Favatars%2Fava_0011-72.png",
            "first_name": "",
            "real_name": "George Lee",
            "display_name": "George Lee",
            "team": "TC0C1HURK",
            "name": "georgelee96",
            "is_restricted": false,
            "is_ultra_restricted": false
        },
        "blocks": [
            {
                "type": "rich_text",
                "block_id": "JZp=B",
                "elements": [
                    {
                        "type": "rich_text_section",
                        "elements": [
                            {
                                "type": "text",
                                "text": "Hey Pavel!"
                            }
                        ]
                    }
                ]
            }
        ],
        "thread_ts": "1584839217.338000",
        "parent_user_id": "U010JT30AEB"
    },
    {
        "client_msg_id": "b36765d2-c6ec-4828-8893-a9e8f4cec1e6",
        "type": "message",
        "text": "I followed the guide and am generating a new token on the dashboard side in App.js. Are you saying I need to generate it on the backend somehow and use that?",
        "user": "U010JT30AEB",
        "ts": "1584845872.338500",
        "team": "TC0C1HURK",
        "user_team": "TC0C1HURK",
        "source_team": "TC0C1HURK",
        "user_profile": {
            "avatar_hash": "g14a468b81cf",
            "image_72": "https:\/\/secure.gravatar.com\/avatar\/14a468b81cf34633511b0e2c7a738e7f.jpg?s=72&d=https%3A%2F%2Fa.slack-edge.com%2Fdf10d%2Fimg%2Favatars%2Fava_0011-72.png",
            "first_name": "",
            "real_name": "George Lee",
            "display_name": "George Lee",
            "team": "TC0C1HURK",
            "name": "georgelee96",
            "is_restricted": false,
            "is_ultra_restricted": false
        },
        "blocks": [
            {
                "type": "rich_text",
                "block_id": "edBo",
                "elements": [
                    {
                        "type": "rich_text_section",
                        "elements": [
                            {
                                "type": "text",
                                "text": "I followed the guide and am generating a new token on the dashboard side in App.js. Are you saying I need to generate it on the backend somehow and use that?"
                            }
                        ]
                    }
                ]
            }
        ],
        "thread_ts": "1584839217.338000",
        "parent_user_id": "U010JT30AEB"
    },
    {
        "client_msg_id": "13b8474c-5db9-4df2-b4b0-2bacf2102c1d",
        "type": "message",
        "text": "<@U010JT30AEB> Yep. Correct. In general token should be provided by your backend unless you're building some kind of public dashboard.",
        "user": "UC19HAUAK",
        "ts": "1584849498.338700",
        "team": "TC0C1HURK",
        "user_team": "TC0C1HURK",
        "source_team": "TC0C1HURK",
        "user_profile": {
            "avatar_hash": "066a042e018c",
            "image_72": "https:\/\/avatars.slack-edge.com\/2019-12-07\/866588520998_066a042e018ca831a195_72.png",
            "first_name": "Pavel",
            "real_name": "Pavel Tiunov",
            "display_name": "pavel",
            "team": "TC0C1HURK",
            "name": "pavel",
            "is_restricted": false,
            "is_ultra_restricted": false
        },
        "blocks": [
            {
                "type": "rich_text",
                "block_id": "P+86",
                "elements": [
                    {
                        "type": "rich_text_section",
                        "elements": [
                            {
                                "type": "user",
                                "user_id": "U010JT30AEB"
                            },
                            {
                                "type": "text",
                                "text": " Yep. Correct. In general token should be provided by your backend unless you're building some kind of public dashboard."
                            }
                        ]
                    }
                ]
            }
        ],
        "thread_ts": "1584839217.338000",
        "parent_user_id": "U010JT30AEB"
    },
    {
        "client_msg_id": "661fd035-f79d-4b5c-88bb-3aa1462ece23",
        "type": "message",
        "text": "How could I have 1 public and 1 private facing dashboard with the same settings? Would it be 2 separate installations, or could some dashboard on the same app be made publicly facing?",
        "user": "U010JT30AEB",
        "ts": "1584853043.338900",
        "team": "TC0C1HURK",
        "user_team": "TC0C1HURK",
        "source_team": "TC0C1HURK",
        "user_profile": {
            "avatar_hash": "g14a468b81cf",
            "image_72": "https:\/\/secure.gravatar.com\/avatar\/14a468b81cf34633511b0e2c7a738e7f.jpg?s=72&d=https%3A%2F%2Fa.slack-edge.com%2Fdf10d%2Fimg%2Favatars%2Fava_0011-72.png",
            "first_name": "",
            "real_name": "George Lee",
            "display_name": "George Lee",
            "team": "TC0C1HURK",
            "name": "georgelee96",
            "is_restricted": false,
            "is_ultra_restricted": false
        },
        "blocks": [
            {
                "type": "rich_text",
                "block_id": "M01",
                "elements": [
                    {
                        "type": "rich_text_section",
                        "elements": [
                            {
                                "type": "text",
                                "text": "How could I have 1 public and 1 private facing dashboard with the same settings? Would it be 2 separate installations, or could some dashboard on the same app be made publicly facing?"
                            }
                        ]
                    }
                ]
            }
        ],
        "thread_ts": "1584839217.338000",
        "parent_user_id": "U010JT30AEB"
    }
]