[
    {
        "type": "message",
        "subtype": "channel_join",
        "ts": "1583070523.086900",
        "user": "UUCABSG0K",
        "text": "<@UUCABSG0K> has joined the channel"
    },
    {
        "type": "message",
        "subtype": "channel_join",
        "ts": "1583086217.087200",
        "user": "UUQ6XPC9W",
        "text": "<@UUQ6XPC9W> has joined the channel"
    },
    {
        "client_msg_id": "D7AF0990-7C96-4D5F-9385-D07397F0BB39",
        "type": "message",
        "text": "What would the best way be to perform some kind of funnel analysis to identify specific segments of users? Example:\n\nI'd like to find users that match the following\n\nUser clicked on \"add to cart\"\nPayment was not received within 1 day\nTotal cart is &gt; $50\n\n\nAnd send them an email asking if they'd like to continue their purchase. There's dozens of very expensive tools out there that do this, but I'm curious if it can be done with cube via some kind of events table. Is this possible without altering existing database structures? \n\n",
        "user": "UP8DG377D",
        "ts": "1583097949.091600",
        "team": "TC0C1HURK",
        "user_team": "TC0C1HURK",
        "source_team": "TC0C1HURK",
        "user_profile": {
            "avatar_hash": "gf234052f393",
            "image_72": "https:\/\/secure.gravatar.com\/avatar\/f234052f393762cc8cd3b133177a7cc0.jpg?s=72&d=https%3A%2F%2Fa.slack-edge.com%2Fdf10d%2Fimg%2Favatars%2Fava_0009-72.png",
            "first_name": "",
            "real_name": "Kareem J",
            "display_name": "Kareem J",
            "team": "TC0C1HURK",
            "name": "kjanoudi213",
            "is_restricted": false,
            "is_ultra_restricted": false
        },
        "edited": {
            "user": "UP8DG377D",
            "ts": "1583097996.000000"
        },
        "blocks": [
            {
                "type": "rich_text",
                "block_id": "7ZzQP",
                "elements": [
                    {
                        "type": "rich_text_section",
                        "elements": [
                            {
                                "type": "text",
                                "text": "What would the best way be to perform some kind of funnel analysis to identify specific segments of users? Example:\n\nI'd like to find users that match the following\n\nUser clicked on \"add to cart\"\nPayment was not received within 1 day\nTotal cart is > $50\n\n\nAnd send them an email asking if they'd like to continue their purchase. There's dozens of very expensive tools out there that do this, but I'm curious if it can be done with cube via some kind of events table. Is this possible without altering existing database structures? \n\n"
                            }
                        ]
                    }
                ]
            }
        ],
        "thread_ts": "1583097949.091600",
        "reply_count": 4,
        "reply_users_count": 2,
        "latest_reply": "1583114385.093800",
        "reply_users": [
            "UC19HAUAK",
            "UP8DG377D"
        ],
        "replies": [
            {
                "user": "UC19HAUAK",
                "ts": "1583113925.091900"
            },
            {
                "user": "UP8DG377D",
                "ts": "1583114021.092700"
            },
            {
                "user": "UP8DG377D",
                "ts": "1583114041.093500"
            },
            {
                "user": "UC19HAUAK",
                "ts": "1583114385.093800"
            }
        ],
        "subscribed": false
    },
    {
        "client_msg_id": "a961b9f2-c193-4734-b192-2a9f0c8ba694",
        "type": "message",
        "text": "Hey <@UP8DG377D>! Yep. There's a funnels module: <https:\/\/cube.dev\/docs\/funnels#top>",
        "user": "UC19HAUAK",
        "ts": "1583113925.091900",
        "team": "TC0C1HURK",
        "user_team": "TC0C1HURK",
        "source_team": "TC0C1HURK",
        "user_profile": {
            "avatar_hash": "066a042e018c",
            "image_72": "https:\/\/avatars.slack-edge.com\/2019-12-07\/866588520998_066a042e018ca831a195_72.png",
            "first_name": "Pavel",
            "real_name": "Pavel Tiunov",
            "display_name": "pavel",
            "team": "TC0C1HURK",
            "name": "pavel",
            "is_restricted": false,
            "is_ultra_restricted": false
        },
        "blocks": [
            {
                "type": "rich_text",
                "block_id": "y38",
                "elements": [
                    {
                        "type": "rich_text_section",
                        "elements": [
                            {
                                "type": "text",
                                "text": "Hey "
                            },
                            {
                                "type": "user",
                                "user_id": "UP8DG377D"
                            },
                            {
                                "type": "text",
                                "text": "! Yep. There's a funnels module: "
                            },
                            {
                                "type": "link",
                                "url": "https:\/\/cube.dev\/docs\/funnels#top"
                            }
                        ]
                    }
                ]
            }
        ],
        "thread_ts": "1583097949.091600",
        "parent_user_id": "UP8DG377D"
    },
    {
        "client_msg_id": "C52FE7D1-E4B2-441D-90B6-2C818362F84C",
        "type": "message",
        "text": "Awesome, but is there a good way to do a negative event in the funnel? ",
        "user": "UP8DG377D",
        "ts": "1583114021.092700",
        "team": "TC0C1HURK",
        "user_team": "TC0C1HURK",
        "source_team": "TC0C1HURK",
        "user_profile": {
            "avatar_hash": "gf234052f393",
            "image_72": "https:\/\/secure.gravatar.com\/avatar\/f234052f393762cc8cd3b133177a7cc0.jpg?s=72&d=https%3A%2F%2Fa.slack-edge.com%2Fdf10d%2Fimg%2Favatars%2Fava_0009-72.png",
            "first_name": "",
            "real_name": "Kareem J",
            "display_name": "Kareem J",
            "team": "TC0C1HURK",
            "name": "kjanoudi213",
            "is_restricted": false,
            "is_ultra_restricted": false
        },
        "blocks": [
            {
                "type": "rich_text",
                "block_id": "Je2ac",
                "elements": [
                    {
                        "type": "rich_text_section",
                        "elements": [
                            {
                                "type": "text",
                                "text": "Awesome, but is there a good way to do a negative event in the funnel? "
                            }
                        ]
                    }
                ]
            }
        ],
        "thread_ts": "1583097949.091600",
        "parent_user_id": "UP8DG377D"
    },
    {
        "client_msg_id": "B1B21A0B-4921-4340-BCAD-48284DEC8267",
        "type": "message",
        "text": "Like, \"payment_completed NOT present\" within the time to convert?",
        "user": "UP8DG377D",
        "ts": "1583114041.093500",
        "team": "TC0C1HURK",
        "user_team": "TC0C1HURK",
        "source_team": "TC0C1HURK",
        "user_profile": {
            "avatar_hash": "gf234052f393",
            "image_72": "https:\/\/secure.gravatar.com\/avatar\/f234052f393762cc8cd3b133177a7cc0.jpg?s=72&d=https%3A%2F%2Fa.slack-edge.com%2Fdf10d%2Fimg%2Favatars%2Fava_0009-72.png",
            "first_name": "",
            "real_name": "Kareem J",
            "display_name": "Kareem J",
            "team": "TC0C1HURK",
            "name": "kjanoudi213",
            "is_restricted": false,
            "is_ultra_restricted": false
        },
        "edited": {
            "user": "UP8DG377D",
            "ts": "1583114051.000000"
        },
        "blocks": [
            {
                "type": "rich_text",
                "block_id": "0kGi",
                "elements": [
                    {
                        "type": "rich_text_section",
                        "elements": [
                            {
                                "type": "text",
                                "text": "Like, \"payment_completed NOT present\" within the time to convert?"
                            }
                        ]
                    }
                ]
            }
        ],
        "thread_ts": "1583097949.091600",
        "parent_user_id": "UP8DG377D"
    },
    {
        "client_msg_id": "32bf228b-4e95-4332-8d99-f7a35e085229",
        "type": "message",
        "text": "Yep. It's just to find empty left join from last add to cart event to payment.",
        "user": "UC19HAUAK",
        "ts": "1583114385.093800",
        "team": "TC0C1HURK",
        "user_team": "TC0C1HURK",
        "source_team": "TC0C1HURK",
        "user_profile": {
            "avatar_hash": "066a042e018c",
            "image_72": "https:\/\/avatars.slack-edge.com\/2019-12-07\/866588520998_066a042e018ca831a195_72.png",
            "first_name": "Pavel",
            "real_name": "Pavel Tiunov",
            "display_name": "pavel",
            "team": "TC0C1HURK",
            "name": "pavel",
            "is_restricted": false,
            "is_ultra_restricted": false
        },
        "blocks": [
            {
                "type": "rich_text",
                "block_id": "P8I3g",
                "elements": [
                    {
                        "type": "rich_text_section",
                        "elements": [
                            {
                                "type": "text",
                                "text": "Yep. It's just to find empty left join from last add to cart event to payment."
                            }
                        ]
                    }
                ]
            }
        ],
        "thread_ts": "1583097949.091600",
        "parent_user_id": "UP8DG377D"
    },
    {
        "type": "message",
        "subtype": "channel_join",
        "ts": "1583115239.094000",
        "user": "UUEAK899P",
        "text": "<@UUEAK899P> has joined the channel"
    },
    {
        "type": "message",
        "text": "Perf results on 0.18.2 (two 1x dynos on Heroku):\nSimulated load: 100 concurrent users\nResponse Time at load: 400-500ms (with a weird peak at the end)\nPeak RPM: 480\nPeak Redis connections: 80 (2 dynos)\n\n(same test setup as described here: <https:\/\/cube-js.slack.com\/archives\/CC0403RRR\/p1582413358004200?thread_ts=1582412313.003100&amp;cid=CC0403RRR>)",
        "files": [
            {
                "id": "FUQF1CLC8",
                "created": 1583115721,
                "timestamp": 1583115721,
                "name": "image.png",
                "title": "image.png",
                "mimetype": "image\/png",
                "filetype": "png",
                "pretty_type": "PNG",
                "user": "USMM7QR7G",
                "editable": false,
                "size": 370644,
                "mode": "hosted",
                "is_external": false,
                "external_type": "",
                "is_public": true,
                "public_url_shared": false,
                "display_as_bot": false,
                "username": "",
                "url_private": "https:\/\/files.slack.com\/files-pri\/TC0C1HURK-FUQF1CLC8\/image.png?t=xoxe-408409606869-1300049925941-1294691254950-5e5ba619551397a2daf3223fc6c48b4a",
                "url_private_download": "https:\/\/files.slack.com\/files-pri\/TC0C1HURK-FUQF1CLC8\/download\/image.png?t=xoxe-408409606869-1300049925941-1294691254950-5e5ba619551397a2daf3223fc6c48b4a",
                "thumb_64": "https:\/\/files.slack.com\/files-tmb\/TC0C1HURK-FUQF1CLC8-1e9a159888\/image_64.png?t=xoxe-408409606869-1300049925941-1294691254950-5e5ba619551397a2daf3223fc6c48b4a",
                "thumb_80": "https:\/\/files.slack.com\/files-tmb\/TC0C1HURK-FUQF1CLC8-1e9a159888\/image_80.png?t=xoxe-408409606869-1300049925941-1294691254950-5e5ba619551397a2daf3223fc6c48b4a",
                "thumb_360": "https:\/\/files.slack.com\/files-tmb\/TC0C1HURK-FUQF1CLC8-1e9a159888\/image_360.png?t=xoxe-408409606869-1300049925941-1294691254950-5e5ba619551397a2daf3223fc6c48b4a",
                "thumb_360_w": 360,
                "thumb_360_h": 125,
                "thumb_480": "https:\/\/files.slack.com\/files-tmb\/TC0C1HURK-FUQF1CLC8-1e9a159888\/image_480.png?t=xoxe-408409606869-1300049925941-1294691254950-5e5ba619551397a2daf3223fc6c48b4a",
                "thumb_480_w": 480,
                "thumb_480_h": 166,
                "thumb_160": "https:\/\/files.slack.com\/files-tmb\/TC0C1HURK-FUQF1CLC8-1e9a159888\/image_160.png?t=xoxe-408409606869-1300049925941-1294691254950-5e5ba619551397a2daf3223fc6c48b4a",
                "thumb_720": "https:\/\/files.slack.com\/files-tmb\/TC0C1HURK-FUQF1CLC8-1e9a159888\/image_720.png?t=xoxe-408409606869-1300049925941-1294691254950-5e5ba619551397a2daf3223fc6c48b4a",
                "thumb_720_w": 720,
                "thumb_720_h": 249,
                "thumb_800": "https:\/\/files.slack.com\/files-tmb\/TC0C1HURK-FUQF1CLC8-1e9a159888\/image_800.png?t=xoxe-408409606869-1300049925941-1294691254950-5e5ba619551397a2daf3223fc6c48b4a",
                "thumb_800_w": 800,
                "thumb_800_h": 277,
                "thumb_960": "https:\/\/files.slack.com\/files-tmb\/TC0C1HURK-FUQF1CLC8-1e9a159888\/image_960.png?t=xoxe-408409606869-1300049925941-1294691254950-5e5ba619551397a2daf3223fc6c48b4a",
                "thumb_960_w": 960,
                "thumb_960_h": 332,
                "thumb_1024": "https:\/\/files.slack.com\/files-tmb\/TC0C1HURK-FUQF1CLC8-1e9a159888\/image_1024.png?t=xoxe-408409606869-1300049925941-1294691254950-5e5ba619551397a2daf3223fc6c48b4a",
                "thumb_1024_w": 1024,
                "thumb_1024_h": 354,
                "image_exif_rotation": 1,
                "original_w": 2878,
                "original_h": 996,
                "thumb_tiny": "AwAQADDTxRgU3d7\/AKUbh\/kUALxRik3j3\/Kjf7H8qAFxQRSbx6N+VG8ejflQB\/\/Z",
                "permalink": "https:\/\/cube-js.slack.com\/files\/USMM7QR7G\/FUQF1CLC8\/image.png",
                "permalink_public": "https:\/\/slack-files.com\/TC0C1HURK-FUQF1CLC8-a517337bcf",
                "is_starred": false,
                "has_rich_preview": false
            }
        ],
        "upload": true,
        "blocks": [
            {
                "type": "rich_text",
                "block_id": "Gmv",
                "elements": [
                    {
                        "type": "rich_text_section",
                        "elements": [
                            {
                                "type": "text",
                                "text": "Perf results on 0.18.2 (two 1x dynos on Heroku):\nSimulated load: 100 concurrent users\nResponse Time at load: 400-500ms (with a weird peak at the end)\nPeak RPM: 480\nPeak Redis connections: 80 (2 dynos)\n\n(same test setup as described here: "
                            },
                            {
                                "type": "link",
                                "url": "https:\/\/cube-js.slack.com\/archives\/CC0403RRR\/p1582413358004200?thread_ts=1582412313.003100&cid=CC0403RRR"
                            },
                            {
                                "type": "text",
                                "text": ")"
                            }
                        ]
                    }
                ]
            }
        ],
        "user": "USMM7QR7G",
        "display_as_bot": false,
        "ts": "1583115726.094100",
        "edited": {
            "user": "USMM7QR7G",
            "ts": "1583127405.000000"
        },
        "client_msg_id": "afadab50-4556-4cb1-8557-3c0906c34376",
        "thread_ts": "1582412313.003100",
        "parent_user_id": "USMM7QR7G",
        "reactions": [
            {
                "name": "+1",
                "users": [
                    "UQK8YMABU",
                    "UC19HAUAK"
                ],
                "count": 2
            }
        ]
    },
    {
        "type": "message",
        "text": "Better view of the response time from the Heroku router logs:",
        "files": [
            {
                "id": "FUSB27FAB",
                "created": 1583115884,
                "timestamp": 1583115884,
                "name": "image.png",
                "title": "image.png",
                "mimetype": "image\/png",
                "filetype": "png",
                "pretty_type": "PNG",
                "user": "USMM7QR7G",
                "editable": false,
                "size": 151092,
                "mode": "hosted",
                "is_external": false,
                "external_type": "",
                "is_public": true,
                "public_url_shared": false,
                "display_as_bot": false,
                "username": "",
                "url_private": "https:\/\/files.slack.com\/files-pri\/TC0C1HURK-FUSB27FAB\/image.png?t=xoxe-408409606869-1300049925941-1294691254950-5e5ba619551397a2daf3223fc6c48b4a",
                "url_private_download": "https:\/\/files.slack.com\/files-pri\/TC0C1HURK-FUSB27FAB\/download\/image.png?t=xoxe-408409606869-1300049925941-1294691254950-5e5ba619551397a2daf3223fc6c48b4a",
                "thumb_64": "https:\/\/files.slack.com\/files-tmb\/TC0C1HURK-FUSB27FAB-173ab9bd96\/image_64.png?t=xoxe-408409606869-1300049925941-1294691254950-5e5ba619551397a2daf3223fc6c48b4a",
                "thumb_80": "https:\/\/files.slack.com\/files-tmb\/TC0C1HURK-FUSB27FAB-173ab9bd96\/image_80.png?t=xoxe-408409606869-1300049925941-1294691254950-5e5ba619551397a2daf3223fc6c48b4a",
                "thumb_360": "https:\/\/files.slack.com\/files-tmb\/TC0C1HURK-FUSB27FAB-173ab9bd96\/image_360.png?t=xoxe-408409606869-1300049925941-1294691254950-5e5ba619551397a2daf3223fc6c48b4a",
                "thumb_360_w": 360,
                "thumb_360_h": 206,
                "thumb_480": "https:\/\/files.slack.com\/files-tmb\/TC0C1HURK-FUSB27FAB-173ab9bd96\/image_480.png?t=xoxe-408409606869-1300049925941-1294691254950-5e5ba619551397a2daf3223fc6c48b4a",
                "thumb_480_w": 480,
                "thumb_480_h": 275,
                "thumb_160": "https:\/\/files.slack.com\/files-tmb\/TC0C1HURK-FUSB27FAB-173ab9bd96\/image_160.png?t=xoxe-408409606869-1300049925941-1294691254950-5e5ba619551397a2daf3223fc6c48b4a",
                "thumb_720": "https:\/\/files.slack.com\/files-tmb\/TC0C1HURK-FUSB27FAB-173ab9bd96\/image_720.png?t=xoxe-408409606869-1300049925941-1294691254950-5e5ba619551397a2daf3223fc6c48b4a",
                "thumb_720_w": 720,
                "thumb_720_h": 412,
                "thumb_800": "https:\/\/files.slack.com\/files-tmb\/TC0C1HURK-FUSB27FAB-173ab9bd96\/image_800.png?t=xoxe-408409606869-1300049925941-1294691254950-5e5ba619551397a2daf3223fc6c48b4a",
                "thumb_800_w": 800,
                "thumb_800_h": 458,
                "thumb_960": "https:\/\/files.slack.com\/files-tmb\/TC0C1HURK-FUSB27FAB-173ab9bd96\/image_960.png?t=xoxe-408409606869-1300049925941-1294691254950-5e5ba619551397a2daf3223fc6c48b4a",
                "thumb_960_w": 960,
                "thumb_960_h": 550,
                "thumb_1024": "https:\/\/files.slack.com\/files-tmb\/TC0C1HURK-FUSB27FAB-173ab9bd96\/image_1024.png?t=xoxe-408409606869-1300049925941-1294691254950-5e5ba619551397a2daf3223fc6c48b4a",
                "thumb_1024_w": 1024,
                "thumb_1024_h": 587,
                "image_exif_rotation": 1,
                "original_w": 1718,
                "original_h": 984,
                "thumb_tiny": "AwAbADDSx7mjHuaWgdKAExRilozQAmKMUHmloAKaBxzmlooAOPejj0oooAOPSlzSUUAf\/9k=",
                "permalink": "https:\/\/cube-js.slack.com\/files\/USMM7QR7G\/FUSB27FAB\/image.png",
                "permalink_public": "https:\/\/slack-files.com\/TC0C1HURK-FUSB27FAB-5ad5308550",
                "is_starred": false,
                "has_rich_preview": false
            }
        ],
        "upload": true,
        "blocks": [
            {
                "type": "rich_text",
                "block_id": "F8O3L",
                "elements": [
                    {
                        "type": "rich_text_section",
                        "elements": [
                            {
                                "type": "text",
                                "text": "Better view of the response time from the Heroku router logs:"
                            }
                        ]
                    }
                ]
            }
        ],
        "user": "USMM7QR7G",
        "display_as_bot": false,
        "ts": "1583115891.094500",
        "client_msg_id": "298681e8-4f56-4e28-b2ab-9b717a161d82",
        "thread_ts": "1582412313.003100",
        "parent_user_id": "USMM7QR7G"
    },
    {
        "client_msg_id": "e135b5d7-f4d6-45fd-a125-db229f1427ad",
        "type": "message",
        "text": "0 errors, 0 continue waits, 100% cache hits (redis)",
        "user": "USMM7QR7G",
        "ts": "1583115900.094900",
        "team": "TC0C1HURK",
        "user_team": "TC0C1HURK",
        "source_team": "TC0C1HURK",
        "user_profile": {
            "avatar_hash": "775751dbe2c6",
            "image_72": "https:\/\/avatars.slack-edge.com\/2020-04-03\/1037000392274_775751dbe2c6e0a3feec_72.jpg",
            "first_name": "",
            "real_name": "Jc",
            "display_name": "Jc",
            "team": "TC0C1HURK",
            "name": "jc.w",
            "is_restricted": false,
            "is_ultra_restricted": false
        },
        "edited": {
            "user": "USMM7QR7G",
            "ts": "1583116102.000000"
        },
        "blocks": [
            {
                "type": "rich_text",
                "block_id": "3wW",
                "elements": [
                    {
                        "type": "rich_text_section",
                        "elements": [
                            {
                                "type": "text",
                                "text": "0 errors, 0 continue waits, 100% cache hits (redis)"
                            }
                        ]
                    }
                ]
            }
        ],
        "thread_ts": "1582412313.003100",
        "parent_user_id": "USMM7QR7G"
    },
    {
        "type": "message",
        "subtype": "thread_broadcast",
        "text": "<@USMM7QR7G> Looks great! Thanks for sharing these stress testing results!",
        "user": "UC19HAUAK",
        "ts": "1583123402.095400",
        "thread_ts": "1582412313.003100",
        "root": {
            "client_msg_id": "dfc765c2-a85c-41e2-b011-eee7cb4d1ab7",
            "type": "message",
            "text": "I am doing a bit of performance testing and have a good idea now of throughput for my configuration when there is a high percentage of cache hits (redis). I’d like to repeat my performance tests by simulating a low percentage of cache hits by disabling query result caching. Is this currently possible? If this requires a code change, would it be generically useful enough that I should put it up as a PR?",
            "user": "USMM7QR7G",
            "ts": "1582412313.003100",
            "team": "TC0C1HURK",
            "blocks": [
                {
                    "type": "rich_text",
                    "block_id": "Nhu8j",
                    "elements": [
                        {
                            "type": "rich_text_section",
                            "elements": [
                                {
                                    "type": "text",
                                    "text": "I am doing a bit of performance testing and have a good idea now of throughput for my configuration when there is a high percentage of cache hits (redis). I’d like to repeat my performance tests by simulating a low percentage of cache hits by disabling query result caching. Is this currently possible? If this requires a code change, would it be generically useful enough that I should put it up as a PR?"
                                }
                            ]
                        }
                    ]
                }
            ],
            "thread_ts": "1582412313.003100",
            "reply_count": 22,
            "reply_users_count": 2,
            "latest_reply": "1583123402.095400",
            "reply_users": [
                "UC19HAUAK",
                "USMM7QR7G"
            ],
            "subscribed": false
        },
        "blocks": [
            {
                "type": "rich_text",
                "block_id": "Frv",
                "elements": [
                    {
                        "type": "rich_text_section",
                        "elements": [
                            {
                                "type": "user",
                                "user_id": "USMM7QR7G"
                            },
                            {
                                "type": "text",
                                "text": " Looks great! Thanks for sharing these stress testing results!"
                            }
                        ]
                    }
                ]
            }
        ],
        "client_msg_id": "22f25ce1-8f48-4cb3-8c28-f8a3d5f6aae7"
    },
    {
        "type": "message",
        "subtype": "channel_join",
        "ts": "1583130970.095800",
        "user": "UT267C0PL",
        "text": "<@UT267C0PL> has joined the channel"
    },
    {
        "client_msg_id": "a3b3d608-25e9-4f43-aa81-44b2a9ab3ed7",
        "type": "message",
        "text": "Hi Team , how to generate dynamically quries and dashboard in angular7 please help us",
        "user": "UT267C0PL",
        "ts": "1583132925.098000",
        "team": "TC0C1HURK",
        "user_team": "TC0C1HURK",
        "source_team": "TC0C1HURK",
        "user_profile": {
            "avatar_hash": "gb4dcb9de59f",
            "image_72": "https:\/\/secure.gravatar.com\/avatar\/b4dcb9de59f7c1587f79c7692ec803bc.jpg?s=72&d=https%3A%2F%2Fa.slack-edge.com%2Fdf10d%2Fimg%2Favatars%2Fava_0022-72.png",
            "first_name": "",
            "real_name": "Madhu",
            "display_name": "Madhu",
            "team": "TC0C1HURK",
            "name": "madhusudhan.l",
            "is_restricted": false,
            "is_ultra_restricted": false
        },
        "blocks": [
            {
                "type": "rich_text",
                "block_id": "KU+U",
                "elements": [
                    {
                        "type": "rich_text_section",
                        "elements": [
                            {
                                "type": "text",
                                "text": "Hi Team , how to generate dynamically quries and dashboard in angular7 please help us"
                            }
                        ]
                    }
                ]
            }
        ],
        "thread_ts": "1583132925.098000",
        "reply_count": 11,
        "reply_users_count": 2,
        "latest_reply": "1584015326.196300",
        "reply_users": [
            "UC19HAUAK",
            "UT267C0PL"
        ],
        "replies": [
            {
                "user": "UC19HAUAK",
                "ts": "1583168817.102700"
            },
            {
                "user": "UT267C0PL",
                "ts": "1583219381.113500"
            },
            {
                "user": "UT267C0PL",
                "ts": "1583406748.154100"
            },
            {
                "user": "UT267C0PL",
                "ts": "1583406769.154300"
            },
            {
                "user": "UC19HAUAK",
                "ts": "1583519150.173600"
            },
            {
                "user": "UT267C0PL",
                "ts": "1583832988.185300"
            },
            {
                "user": "UT267C0PL",
                "ts": "1583834563.185500"
            },
            {
                "user": "UT267C0PL",
                "ts": "1583834588.185700"
            },
            {
                "user": "UC19HAUAK",
                "ts": "1583855976.185900"
            },
            {
                "user": "UT267C0PL",
                "ts": "1583857302.186100"
            },
            {
                "user": "UT267C0PL",
                "ts": "1584015326.196300"
            }
        ],
        "subscribed": false
    },
    {
        "client_msg_id": "b8812595-0ddf-43bd-a22f-ec57fb8a2a49",
        "type": "message",
        "text": "i am new to cubejs",
        "user": "UT267C0PL",
        "ts": "1583133050.098600",
        "team": "TC0C1HURK",
        "user_team": "TC0C1HURK",
        "source_team": "TC0C1HURK",
        "user_profile": {
            "avatar_hash": "gb4dcb9de59f",
            "image_72": "https:\/\/secure.gravatar.com\/avatar\/b4dcb9de59f7c1587f79c7692ec803bc.jpg?s=72&d=https%3A%2F%2Fa.slack-edge.com%2Fdf10d%2Fimg%2Favatars%2Fava_0022-72.png",
            "first_name": "",
            "real_name": "Madhu",
            "display_name": "Madhu",
            "team": "TC0C1HURK",
            "name": "madhusudhan.l",
            "is_restricted": false,
            "is_ultra_restricted": false
        },
        "blocks": [
            {
                "type": "rich_text",
                "block_id": "Lh9H",
                "elements": [
                    {
                        "type": "rich_text_section",
                        "elements": [
                            {
                                "type": "text",
                                "text": "i am new to cubejs"
                            }
                        ]
                    }
                ]
            }
        ]
    }
]