[
    {
        "client_msg_id": "4c82237d-00a4-4285-80d2-58766303489a",
        "type": "message",
        "text": "That issue is for more date-range presets, which you can already define yourself. Truncating dates based on quarters\/decades\/minutes is not currently possible and workarounds are tricky.",
        "user": "U016N98GY4Q",
        "ts": "1596199711.265200",
        "team": "TC0C1HURK",
        "user_team": "TC0C1HURK",
        "source_team": "TC0C1HURK",
        "user_profile": {
            "avatar_hash": "gf1ff71b5792",
            "image_72": "https:\/\/secure.gravatar.com\/avatar\/f1ff71b57924d5b27047e594f03d89d7.jpg?s=72&d=https%3A%2F%2Fa.slack-edge.com%2Fdf10d%2Fimg%2Favatars%2Fava_0007-72.png",
            "first_name": "Aslak",
            "real_name": "Aslak",
            "display_name": "Aslak",
            "team": "TC0C1HURK",
            "name": "aslak.mkadmi",
            "is_restricted": false,
            "is_ultra_restricted": false
        },
        "blocks": [
            {
                "type": "rich_text",
                "block_id": "WlRO",
                "elements": [
                    {
                        "type": "rich_text_section",
                        "elements": [
                            {
                                "type": "text",
                                "text": "That issue is for more date-range presets, which you can already define yourself. Truncating dates based on quarters\/decades\/minutes is not currently possible and workarounds are tricky."
                            }
                        ]
                    }
                ]
            }
        ],
        "thread_ts": "1596122472.262400",
        "parent_user_id": "U016N98GY4Q"
    },
    {
        "client_msg_id": "c8ff2b34-d0c3-4802-b884-9da3ae3d7b67",
        "type": "message",
        "text": "<https:\/\/github.com\/cube-js\/cube.js\/issues\/930> New issue here",
        "user": "U016N98GY4Q",
        "ts": "1596200462.265400",
        "team": "TC0C1HURK",
        "user_team": "TC0C1HURK",
        "source_team": "TC0C1HURK",
        "user_profile": {
            "avatar_hash": "gf1ff71b5792",
            "image_72": "https:\/\/secure.gravatar.com\/avatar\/f1ff71b57924d5b27047e594f03d89d7.jpg?s=72&d=https%3A%2F%2Fa.slack-edge.com%2Fdf10d%2Fimg%2Favatars%2Fava_0007-72.png",
            "first_name": "Aslak",
            "real_name": "Aslak",
            "display_name": "Aslak",
            "team": "TC0C1HURK",
            "name": "aslak.mkadmi",
            "is_restricted": false,
            "is_ultra_restricted": false
        },
        "attachments": [
            {
                "service_name": "GitHub",
                "title": "Support for more Granularities (Quarter, decade, etc) · Issue #930 · cube-js\/cube.js",
                "title_link": "https:\/\/github.com\/cube-js\/cube.js\/issues\/930",
                "text": "Currently supported granularities: Hour Day Week Month Year Having a Quarter granularity would be very useful. Others might be useful as well(?). A workaround now is to date_trunc the relevant time...",
                "fallback": "GitHub: Support for more Granularities (Quarter, decade, etc) · Issue #930 · cube-js\/cube.js",
                "from_url": "https:\/\/github.com\/cube-js\/cube.js\/issues\/930",
                "thumb_url": "https:\/\/repository-images.githubusercontent.com\/149026292\/33deb000-42b4-11ea-8f24-e112f465ddf1",
                "thumb_width": 658,
                "thumb_height": 250,
                "service_icon": "https:\/\/a.slack-edge.com\/80588\/img\/unfurl_icons\/github.png",
                "id": 1,
                "original_url": "https:\/\/github.com\/cube-js\/cube.js\/issues\/930"
            }
        ],
        "blocks": [
            {
                "type": "rich_text",
                "block_id": "a1pk",
                "elements": [
                    {
                        "type": "rich_text_section",
                        "elements": [
                            {
                                "type": "link",
                                "url": "https:\/\/github.com\/cube-js\/cube.js\/issues\/930"
                            },
                            {
                                "type": "text",
                                "text": " New issue here"
                            }
                        ]
                    }
                ]
            }
        ],
        "thread_ts": "1596122472.262400",
        "parent_user_id": "U016N98GY4Q"
    },
    {
        "type": "message",
        "text": "Hello, I am trying to figure out why dates on charts are not showing up correctly? I followed this guide: <https:\/\/react-dashboard.cube.dev\/charts-styling> and have dates loaded into my database as 2015-01-01\n2016-01-01\n2017-01-01\n2018-01-01\nbut when i display on the chart with the following: measure: dollar amount and time: year, it shows up like this on the X axis and not the year, rather a singular date…",
        "files": [
            {
                "id": "F01831J1F35",
                "created": 1596207915,
                "timestamp": 1596207915,
                "name": "Screen Shot 2020-07-31 at 9.05.12 AM.png",
                "title": "Screen Shot 2020-07-31 at 9.05.12 AM.png",
                "mimetype": "image\/png",
                "filetype": "png",
                "pretty_type": "PNG",
                "user": "U010JT30AEB",
                "editable": false,
                "size": 95933,
                "mode": "hosted",
                "is_external": false,
                "external_type": "",
                "is_public": true,
                "public_url_shared": false,
                "display_as_bot": false,
                "username": "",
                "url_private": "https:\/\/files.slack.com\/files-pri\/TC0C1HURK-F01831J1F35\/screen_shot_2020-07-31_at_9.05.12_am.png?t=xoxe-408409606869-1300049925941-1294691254950-5e5ba619551397a2daf3223fc6c48b4a",
                "url_private_download": "https:\/\/files.slack.com\/files-pri\/TC0C1HURK-F01831J1F35\/download\/screen_shot_2020-07-31_at_9.05.12_am.png?t=xoxe-408409606869-1300049925941-1294691254950-5e5ba619551397a2daf3223fc6c48b4a",
                "thumb_64": "https:\/\/files.slack.com\/files-tmb\/TC0C1HURK-F01831J1F35-0bcae55f18\/screen_shot_2020-07-31_at_9.05.12_am_64.png?t=xoxe-408409606869-1300049925941-1294691254950-5e5ba619551397a2daf3223fc6c48b4a",
                "thumb_80": "https:\/\/files.slack.com\/files-tmb\/TC0C1HURK-F01831J1F35-0bcae55f18\/screen_shot_2020-07-31_at_9.05.12_am_80.png?t=xoxe-408409606869-1300049925941-1294691254950-5e5ba619551397a2daf3223fc6c48b4a",
                "thumb_360": "https:\/\/files.slack.com\/files-tmb\/TC0C1HURK-F01831J1F35-0bcae55f18\/screen_shot_2020-07-31_at_9.05.12_am_360.png?t=xoxe-408409606869-1300049925941-1294691254950-5e5ba619551397a2daf3223fc6c48b4a",
                "thumb_360_w": 360,
                "thumb_360_h": 141,
                "thumb_480": "https:\/\/files.slack.com\/files-tmb\/TC0C1HURK-F01831J1F35-0bcae55f18\/screen_shot_2020-07-31_at_9.05.12_am_480.png?t=xoxe-408409606869-1300049925941-1294691254950-5e5ba619551397a2daf3223fc6c48b4a",
                "thumb_480_w": 480,
                "thumb_480_h": 189,
                "thumb_160": "https:\/\/files.slack.com\/files-tmb\/TC0C1HURK-F01831J1F35-0bcae55f18\/screen_shot_2020-07-31_at_9.05.12_am_160.png?t=xoxe-408409606869-1300049925941-1294691254950-5e5ba619551397a2daf3223fc6c48b4a",
                "thumb_720": "https:\/\/files.slack.com\/files-tmb\/TC0C1HURK-F01831J1F35-0bcae55f18\/screen_shot_2020-07-31_at_9.05.12_am_720.png?t=xoxe-408409606869-1300049925941-1294691254950-5e5ba619551397a2daf3223fc6c48b4a",
                "thumb_720_w": 720,
                "thumb_720_h": 283,
                "thumb_800": "https:\/\/files.slack.com\/files-tmb\/TC0C1HURK-F01831J1F35-0bcae55f18\/screen_shot_2020-07-31_at_9.05.12_am_800.png?t=xoxe-408409606869-1300049925941-1294691254950-5e5ba619551397a2daf3223fc6c48b4a",
                "thumb_800_w": 800,
                "thumb_800_h": 314,
                "thumb_960": "https:\/\/files.slack.com\/files-tmb\/TC0C1HURK-F01831J1F35-0bcae55f18\/screen_shot_2020-07-31_at_9.05.12_am_960.png?t=xoxe-408409606869-1300049925941-1294691254950-5e5ba619551397a2daf3223fc6c48b4a",
                "thumb_960_w": 960,
                "thumb_960_h": 377,
                "thumb_1024": "https:\/\/files.slack.com\/files-tmb\/TC0C1HURK-F01831J1F35-0bcae55f18\/screen_shot_2020-07-31_at_9.05.12_am_1024.png?t=xoxe-408409606869-1300049925941-1294691254950-5e5ba619551397a2daf3223fc6c48b4a",
                "thumb_1024_w": 1024,
                "thumb_1024_h": 402,
                "original_w": 2458,
                "original_h": 966,
                "thumb_tiny": "AwASADDSwKXAoooAMCjAoooAMCjFFFAEeT60ZPqaKKADJ9aMn1oooAMn1oyfWiigD\/\/Z",
                "permalink": "https:\/\/cube-js.slack.com\/files\/U010JT30AEB\/F01831J1F35\/screen_shot_2020-07-31_at_9.05.12_am.png",
                "permalink_public": "https:\/\/slack-files.com\/TC0C1HURK-F01831J1F35-a05c8d5e68",
                "is_starred": false,
                "has_rich_preview": false
            }
        ],
        "upload": false,
        "blocks": [
            {
                "type": "rich_text",
                "block_id": "\/Gg",
                "elements": [
                    {
                        "type": "rich_text_section",
                        "elements": [
                            {
                                "type": "text",
                                "text": "Hello, I am trying to figure out why dates on charts are not showing up correctly? I followed this guide: "
                            },
                            {
                                "type": "link",
                                "url": "https:\/\/react-dashboard.cube.dev\/charts-styling"
                            },
                            {
                                "type": "text",
                                "text": " and have dates loaded into my database as 2015-01-01\n2016-01-01\n2017-01-01\n2018-01-01\nbut when i display on the chart with the following: measure: dollar amount and time: year, it shows up like this on the X axis and not the year, rather a singular date…"
                            }
                        ]
                    }
                ]
            }
        ],
        "user": "U010JT30AEB",
        "display_as_bot": false,
        "ts": "1596207921.267400"
    },
    {
        "client_msg_id": "a9a43b25-4a2e-4434-8ff2-554acd16ae71",
        "type": "message",
        "text": "How can i have it only show the year data?",
        "user": "U010JT30AEB",
        "ts": "1596208177.268000",
        "team": "TC0C1HURK",
        "user_team": "TC0C1HURK",
        "source_team": "TC0C1HURK",
        "user_profile": {
            "avatar_hash": "g14a468b81cf",
            "image_72": "https:\/\/secure.gravatar.com\/avatar\/14a468b81cf34633511b0e2c7a738e7f.jpg?s=72&d=https%3A%2F%2Fa.slack-edge.com%2Fdf10d%2Fimg%2Favatars%2Fava_0011-72.png",
            "first_name": "",
            "real_name": "George Lee",
            "display_name": "George Lee",
            "team": "TC0C1HURK",
            "name": "georgelee96",
            "is_restricted": false,
            "is_ultra_restricted": false
        },
        "blocks": [
            {
                "type": "rich_text",
                "block_id": "lUCbU",
                "elements": [
                    {
                        "type": "rich_text_section",
                        "elements": [
                            {
                                "type": "text",
                                "text": "How can i have it only show the year data?"
                            }
                        ]
                    }
                ]
            }
        ]
    },
    {
        "type": "message",
        "subtype": "channel_join",
        "ts": "1596223400.268300",
        "user": "U017WLA8UNA",
        "text": "<@U017WLA8UNA> has joined the channel"
    },
    {
        "type": "message",
        "text": "Hey! :wave:\n\nApologies if this isn't the right channel. I'm trying to follow along with this tutorial - <https:\/\/react-dashboard.cube.dev\/overview-and-analytics-backend>\n\nAll good until I hit this step <https:\/\/react-dashboard.cube.dev\/overview-and-analytics-backend#generating-a-dashboard-template> and try generate a dashboard app. When I click `Create dashboard app template.....` it runs off and creates a lot of files but when comparing the code to <https:\/\/github.com\/cube-js\/cube.js\/tree\/master\/guides\/react-dashboard> it seems to differ. Once it has completed I click Start dashboard and it then hangs like that for a while in the screenshot. The existing terminal window I have open has this line in it `Dashboard react-app failed with exit code 1` and when I try run `npm run start` it complains about a missing start script which is not there so I can understand it not working. Is there any reason the folder structure generated first by\n```cubejs create react-dashboard -d postgres```\nand then added to by clicking `create dashboard app template` is not in the right format?\n\nI've been through a few times to see if it was my mistake but I can't see anything obvious that I'm doing wrong. Any help is greatly appreciated :smile:",
        "files": [
            {
                "id": "F018G2SR95F",
                "created": 1596224860,
                "timestamp": 1596224860,
                "name": "image.png",
                "title": "image.png",
                "mimetype": "image\/png",
                "filetype": "png",
                "pretty_type": "PNG",
                "user": "U017WLA8UNA",
                "editable": false,
                "size": 94081,
                "mode": "hosted",
                "is_external": false,
                "external_type": "",
                "is_public": true,
                "public_url_shared": false,
                "display_as_bot": false,
                "username": "",
                "url_private": "https:\/\/files.slack.com\/files-pri\/TC0C1HURK-F018G2SR95F\/image.png?t=xoxe-408409606869-1300049925941-1294691254950-5e5ba619551397a2daf3223fc6c48b4a",
                "url_private_download": "https:\/\/files.slack.com\/files-pri\/TC0C1HURK-F018G2SR95F\/download\/image.png?t=xoxe-408409606869-1300049925941-1294691254950-5e5ba619551397a2daf3223fc6c48b4a",
                "thumb_64": "https:\/\/files.slack.com\/files-tmb\/TC0C1HURK-F018G2SR95F-11a24e4667\/image_64.png?t=xoxe-408409606869-1300049925941-1294691254950-5e5ba619551397a2daf3223fc6c48b4a",
                "thumb_80": "https:\/\/files.slack.com\/files-tmb\/TC0C1HURK-F018G2SR95F-11a24e4667\/image_80.png?t=xoxe-408409606869-1300049925941-1294691254950-5e5ba619551397a2daf3223fc6c48b4a",
                "thumb_360": "https:\/\/files.slack.com\/files-tmb\/TC0C1HURK-F018G2SR95F-11a24e4667\/image_360.png?t=xoxe-408409606869-1300049925941-1294691254950-5e5ba619551397a2daf3223fc6c48b4a",
                "thumb_360_w": 360,
                "thumb_360_h": 145,
                "thumb_480": "https:\/\/files.slack.com\/files-tmb\/TC0C1HURK-F018G2SR95F-11a24e4667\/image_480.png?t=xoxe-408409606869-1300049925941-1294691254950-5e5ba619551397a2daf3223fc6c48b4a",
                "thumb_480_w": 480,
                "thumb_480_h": 193,
                "thumb_160": "https:\/\/files.slack.com\/files-tmb\/TC0C1HURK-F018G2SR95F-11a24e4667\/image_160.png?t=xoxe-408409606869-1300049925941-1294691254950-5e5ba619551397a2daf3223fc6c48b4a",
                "thumb_720": "https:\/\/files.slack.com\/files-tmb\/TC0C1HURK-F018G2SR95F-11a24e4667\/image_720.png?t=xoxe-408409606869-1300049925941-1294691254950-5e5ba619551397a2daf3223fc6c48b4a",
                "thumb_720_w": 720,
                "thumb_720_h": 290,
                "thumb_800": "https:\/\/files.slack.com\/files-tmb\/TC0C1HURK-F018G2SR95F-11a24e4667\/image_800.png?t=xoxe-408409606869-1300049925941-1294691254950-5e5ba619551397a2daf3223fc6c48b4a",
                "thumb_800_w": 800,
                "thumb_800_h": 322,
                "thumb_960": "https:\/\/files.slack.com\/files-tmb\/TC0C1HURK-F018G2SR95F-11a24e4667\/image_960.png?t=xoxe-408409606869-1300049925941-1294691254950-5e5ba619551397a2daf3223fc6c48b4a",
                "thumb_960_w": 960,
                "thumb_960_h": 386,
                "thumb_1024": "https:\/\/files.slack.com\/files-tmb\/TC0C1HURK-F018G2SR95F-11a24e4667\/image_1024.png?t=xoxe-408409606869-1300049925941-1294691254950-5e5ba619551397a2daf3223fc6c48b4a",
                "thumb_1024_w": 1024,
                "thumb_1024_h": 412,
                "original_w": 1576,
                "original_h": 634,
                "thumb_tiny": "AwATADDRJx2NJk+lKyhuophiXsP1p6ALk+9GT70nlL\/d\/Wjyl\/u\/rRoA7PsadTPKTuP1p44FABRRRSAKKKKACiiigD\/\/2Q==",
                "permalink": "https:\/\/cube-js.slack.com\/files\/U017WLA8UNA\/F018G2SR95F\/image.png",
                "permalink_public": "https:\/\/slack-files.com\/TC0C1HURK-F018G2SR95F-46efcfaf5c",
                "is_starred": false,
                "has_rich_preview": false
            }
        ],
        "upload": false,
        "blocks": [
            {
                "type": "rich_text",
                "block_id": "UGg",
                "elements": [
                    {
                        "type": "rich_text_section",
                        "elements": [
                            {
                                "type": "text",
                                "text": "Hey! "
                            },
                            {
                                "type": "emoji",
                                "name": "wave"
                            },
                            {
                                "type": "text",
                                "text": "\n\nApologies if this isn't the right channel. I'm trying to follow along with this tutorial - "
                            },
                            {
                                "type": "link",
                                "url": "https:\/\/react-dashboard.cube.dev\/overview-and-analytics-backend"
                            },
                            {
                                "type": "text",
                                "text": "\n\nAll good until I hit this step "
                            },
                            {
                                "type": "link",
                                "url": "https:\/\/react-dashboard.cube.dev\/overview-and-analytics-backend#generating-a-dashboard-template"
                            },
                            {
                                "type": "text",
                                "text": " and try generate a dashboard app. When I click "
                            },
                            {
                                "type": "text",
                                "text": "Create dashboard app template.....",
                                "style": {
                                    "code": true
                                }
                            },
                            {
                                "type": "text",
                                "text": " it runs off and creates a lot of files but when comparing the code to "
                            },
                            {
                                "type": "link",
                                "url": "https:\/\/github.com\/cube-js\/cube.js\/tree\/master\/guides\/react-dashboard"
                            },
                            {
                                "type": "text",
                                "text": " it seems to differ. Once it has completed I click Start dashboard and it then hangs like that for a while in the screenshot. The existing terminal window I have open has this line in it "
                            },
                            {
                                "type": "text",
                                "text": "Dashboard react-app failed with exit code 1",
                                "style": {
                                    "code": true
                                }
                            },
                            {
                                "type": "text",
                                "text": " and when I try run "
                            },
                            {
                                "type": "text",
                                "text": "npm run start",
                                "style": {
                                    "code": true
                                }
                            },
                            {
                                "type": "text",
                                "text": " it complains about a missing start script which is not there so I can understand it not working. Is there any reason the folder structure generated first by\n"
                            }
                        ]
                    },
                    {
                        "type": "rich_text_preformatted",
                        "elements": [
                            {
                                "type": "text",
                                "text": "cubejs create react-dashboard -d postgres"
                            }
                        ]
                    },
                    {
                        "type": "rich_text_section",
                        "elements": [
                            {
                                "type": "text",
                                "text": "and then added to by clicking "
                            },
                            {
                                "type": "text",
                                "text": "create dashboard app template",
                                "style": {
                                    "code": true
                                }
                            },
                            {
                                "type": "text",
                                "text": " is not in the right format?\n\nI've been through a few times to see if it was my mistake but I can't see anything obvious that I'm doing wrong. Any help is greatly appreciated "
                            },
                            {
                                "type": "emoji",
                                "name": "smile"
                            }
                        ]
                    }
                ]
            }
        ],
        "user": "U017WLA8UNA",
        "display_as_bot": false,
        "ts": "1596225102.273900",
        "thread_ts": "1596225102.273900",
        "reply_count": 4,
        "reply_users_count": 2,
        "latest_reply": "1596467899.301200",
        "reply_users": [
            "U0172ELKEQM",
            "U017WLA8UNA"
        ],
        "replies": [
            {
                "user": "U0172ELKEQM",
                "ts": "1596238682.274200"
            },
            {
                "user": "U017WLA8UNA",
                "ts": "1596275934.274400"
            },
            {
                "user": "U0172ELKEQM",
                "ts": "1596407010.283700"
            },
            {
                "user": "U017WLA8UNA",
                "ts": "1596467899.301200"
            }
        ],
        "subscribed": false
    },
    {
        "client_msg_id": "09b965cf-dac3-41b5-a3e4-93c58bbec791",
        "type": "message",
        "text": "Hi, open up `package.json` and in the scripts tag add `\"start\":\"react-scripts start\"`",
        "user": "U0172ELKEQM",
        "ts": "1596238682.274200",
        "team": "TC0C1HURK",
        "user_team": "TC0C1HURK",
        "source_team": "TC0C1HURK",
        "user_profile": {
            "avatar_hash": "g2205aac540b",
            "image_72": "https:\/\/secure.gravatar.com\/avatar\/2205aac540b50a6dbd251e017c704627.jpg?s=72&d=https%3A%2F%2Fa.slack-edge.com%2Fdf10d%2Fimg%2Favatars%2Fava_0012-72.png",
            "first_name": "",
            "real_name": "Adefemi Afuwape",
            "display_name": "Adefemi Afuwape",
            "team": "TC0C1HURK",
            "name": "adefemi171",
            "is_restricted": false,
            "is_ultra_restricted": false
        },
        "blocks": [
            {
                "type": "rich_text",
                "block_id": "SP55E",
                "elements": [
                    {
                        "type": "rich_text_section",
                        "elements": [
                            {
                                "type": "text",
                                "text": "Hi, open up "
                            },
                            {
                                "type": "text",
                                "text": "package.json",
                                "style": {
                                    "code": true
                                }
                            },
                            {
                                "type": "text",
                                "text": " and in the scripts tag add"
                            },
                            {
                                "type": "text",
                                "text": " \"start\":\"react-scripts start\"",
                                "style": {
                                    "code": true
                                }
                            }
                        ]
                    }
                ]
            }
        ],
        "thread_ts": "1596225102.273900",
        "parent_user_id": "U017WLA8UNA"
    }
]