[
    {
        "client_msg_id": "546b0e05-c6cf-43ef-8c99-c8be3041fff4",
        "type": "message",
        "text": "Is it possible to use measures from a joined cube when using pre-aggregations? I defined them in my pre-aggregation schema, but apparently they're not shown in the schema when querying `\/v1\/meta`",
        "user": "U012CP32EEB",
        "ts": "1594801270.007800",
        "team": "TC0C1HURK",
        "user_team": "TC0C1HURK",
        "source_team": "TC0C1HURK",
        "user_profile": {
            "avatar_hash": "g2e8dbd00857",
            "image_72": "https:\/\/secure.gravatar.com\/avatar\/2e8dbd0085704773a8a21d802a222bd1.jpg?s=72&d=https%3A%2F%2Fa.slack-edge.com%2Fdf10d%2Fimg%2Favatars%2Fava_0002-72.png",
            "first_name": "",
            "real_name": "TobiLG",
            "display_name": "TobiLG",
            "team": "TC0C1HURK",
            "name": "tobilg",
            "is_restricted": false,
            "is_ultra_restricted": false
        },
        "blocks": [
            {
                "type": "rich_text",
                "block_id": "f\/EY",
                "elements": [
                    {
                        "type": "rich_text_section",
                        "elements": [
                            {
                                "type": "text",
                                "text": "Is it possible to use measures from a joined cube when using pre-aggregations? I defined them in my pre-aggregation schema, but apparently they're not shown in the schema when querying "
                            },
                            {
                                "type": "text",
                                "text": "\/v1\/meta",
                                "style": {
                                    "code": true
                                }
                            }
                        ]
                    }
                ]
            }
        ],
        "thread_ts": "1594801270.007800",
        "reply_count": 6,
        "reply_users_count": 2,
        "latest_reply": "1594884663.020100",
        "reply_users": [
            "UC19HAUAK",
            "U012CP32EEB"
        ],
        "replies": [
            {
                "user": "UC19HAUAK",
                "ts": "1594837528.010900"
            },
            {
                "user": "U012CP32EEB",
                "ts": "1594837761.011300"
            },
            {
                "user": "UC19HAUAK",
                "ts": "1594837832.011600"
            },
            {
                "user": "U012CP32EEB",
                "ts": "1594839803.012200"
            },
            {
                "user": "UC19HAUAK",
                "ts": "1594846220.012400"
            },
            {
                "user": "U012CP32EEB",
                "ts": "1594884663.020100"
            }
        ],
        "subscribed": false
    },
    {
        "type": "message",
        "subtype": "channel_join",
        "ts": "1594803144.008000",
        "user": "U016XFXUS6S",
        "text": "<@U016XFXUS6S> has joined the channel"
    },
    {
        "type": "message",
        "text": "Hi <@U012CP32EEB> so i have this on my client side, how will i add like a userId to that?",
        "files": [
            {
                "id": "F017GSSPU49",
                "created": 1594803551,
                "timestamp": 1594803551,
                "name": "image.png",
                "title": "image.png",
                "mimetype": "image\/png",
                "filetype": "png",
                "pretty_type": "PNG",
                "user": "U01710M2S0M",
                "editable": false,
                "size": 6430,
                "mode": "hosted",
                "is_external": false,
                "external_type": "",
                "is_public": true,
                "public_url_shared": false,
                "display_as_bot": false,
                "username": "",
                "url_private": "https:\/\/files.slack.com\/files-pri\/TC0C1HURK-F017GSSPU49\/image.png?t=xoxe-408409606869-1300049925941-1294691254950-5e5ba619551397a2daf3223fc6c48b4a",
                "url_private_download": "https:\/\/files.slack.com\/files-pri\/TC0C1HURK-F017GSSPU49\/download\/image.png?t=xoxe-408409606869-1300049925941-1294691254950-5e5ba619551397a2daf3223fc6c48b4a",
                "thumb_64": "https:\/\/files.slack.com\/files-tmb\/TC0C1HURK-F017GSSPU49-fe03ddd662\/image_64.png?t=xoxe-408409606869-1300049925941-1294691254950-5e5ba619551397a2daf3223fc6c48b4a",
                "thumb_80": "https:\/\/files.slack.com\/files-tmb\/TC0C1HURK-F017GSSPU49-fe03ddd662\/image_80.png?t=xoxe-408409606869-1300049925941-1294691254950-5e5ba619551397a2daf3223fc6c48b4a",
                "thumb_360": "https:\/\/files.slack.com\/files-tmb\/TC0C1HURK-F017GSSPU49-fe03ddd662\/image_360.png?t=xoxe-408409606869-1300049925941-1294691254950-5e5ba619551397a2daf3223fc6c48b4a",
                "thumb_360_w": 360,
                "thumb_360_h": 75,
                "thumb_160": "https:\/\/files.slack.com\/files-tmb\/TC0C1HURK-F017GSSPU49-fe03ddd662\/image_160.png?t=xoxe-408409606869-1300049925941-1294691254950-5e5ba619551397a2daf3223fc6c48b4a",
                "original_w": 444,
                "original_h": 92,
                "thumb_tiny": "AwAJADCj2oyKSigBcilyKbRQAuRSUUUAf\/\/Z",
                "permalink": "https:\/\/cube-js.slack.com\/files\/U01710M2S0M\/F017GSSPU49\/image.png",
                "permalink_public": "https:\/\/slack-files.com\/TC0C1HURK-F017GSSPU49-fb135a9d00",
                "is_starred": false,
                "has_rich_preview": false
            }
        ],
        "upload": false,
        "blocks": [
            {
                "type": "rich_text",
                "block_id": "bJsZ",
                "elements": [
                    {
                        "type": "rich_text_section",
                        "elements": [
                            {
                                "type": "text",
                                "text": "Hi "
                            },
                            {
                                "type": "user",
                                "user_id": "U012CP32EEB"
                            },
                            {
                                "type": "text",
                                "text": " so i have this on my client side, how will i add like a userId to that?"
                            }
                        ]
                    }
                ]
            }
        ],
        "user": "U01710M2S0M",
        "display_as_bot": false,
        "ts": "1594803618.008100",
        "thread_ts": "1594737460.481100",
        "parent_user_id": "U01710M2S0M"
    },
    {
        "client_msg_id": "47509b76-4dba-4396-9ed3-2c16e710ec47",
        "type": "message",
        "text": "It needs to be included in the JWT\/CUBEJS_TOKEN you're sending with each request",
        "user": "U012CP32EEB",
        "ts": "1594803779.008500",
        "team": "TC0C1HURK",
        "user_team": "TC0C1HURK",
        "source_team": "TC0C1HURK",
        "user_profile": {
            "avatar_hash": "g2e8dbd00857",
            "image_72": "https:\/\/secure.gravatar.com\/avatar\/2e8dbd0085704773a8a21d802a222bd1.jpg?s=72&d=https%3A%2F%2Fa.slack-edge.com%2Fdf10d%2Fimg%2Favatars%2Fava_0002-72.png",
            "first_name": "",
            "real_name": "TobiLG",
            "display_name": "TobiLG",
            "team": "TC0C1HURK",
            "name": "tobilg",
            "is_restricted": false,
            "is_ultra_restricted": false
        },
        "blocks": [
            {
                "type": "rich_text",
                "block_id": "sYc",
                "elements": [
                    {
                        "type": "rich_text_section",
                        "elements": [
                            {
                                "type": "text",
                                "text": "It needs to be included in the JWT\/CUBEJS_TOKEN you're sending with each request"
                            }
                        ]
                    }
                ]
            }
        ],
        "thread_ts": "1594737460.481100",
        "parent_user_id": "U01710M2S0M"
    },
    {
        "client_msg_id": "f5e0eece-83ae-4569-affb-739c83a6a5a5",
        "type": "message",
        "text": "What's your auth setup?",
        "user": "U012CP32EEB",
        "ts": "1594803786.008700",
        "team": "TC0C1HURK",
        "user_team": "TC0C1HURK",
        "source_team": "TC0C1HURK",
        "user_profile": {
            "avatar_hash": "g2e8dbd00857",
            "image_72": "https:\/\/secure.gravatar.com\/avatar\/2e8dbd0085704773a8a21d802a222bd1.jpg?s=72&d=https%3A%2F%2Fa.slack-edge.com%2Fdf10d%2Fimg%2Favatars%2Fava_0002-72.png",
            "first_name": "",
            "real_name": "TobiLG",
            "display_name": "TobiLG",
            "team": "TC0C1HURK",
            "name": "tobilg",
            "is_restricted": false,
            "is_ultra_restricted": false
        },
        "blocks": [
            {
                "type": "rich_text",
                "block_id": "0PiNP",
                "elements": [
                    {
                        "type": "rich_text_section",
                        "elements": [
                            {
                                "type": "text",
                                "text": "What's your auth setup?"
                            }
                        ]
                    }
                ]
            }
        ],
        "thread_ts": "1594737460.481100",
        "parent_user_id": "U01710M2S0M"
    },
    {
        "client_msg_id": "cb3d9f2e-2cd8-4c0f-b36d-0f5f6eaeb4bb",
        "type": "message",
        "text": "I have no auth setup i just ran this setup with the cli thats why i now need to add auth",
        "user": "U01710M2S0M",
        "ts": "1594803922.008900",
        "team": "TC0C1HURK",
        "user_team": "TC0C1HURK",
        "source_team": "TC0C1HURK",
        "user_profile": {
            "avatar_hash": "g4ca38eb3a8d",
            "image_72": "https:\/\/secure.gravatar.com\/avatar\/4ca38eb3a8da238a7dd5bb620af9e2a4.jpg?s=72&d=https%3A%2F%2Fa.slack-edge.com%2Fdf10d%2Fimg%2Favatars%2Fava_0007-72.png",
            "first_name": "",
            "real_name": "Sebastian",
            "display_name": "Sebastian",
            "team": "TC0C1HURK",
            "name": "thedassi",
            "is_restricted": false,
            "is_ultra_restricted": false
        },
        "blocks": [
            {
                "type": "rich_text",
                "block_id": "XXqsh",
                "elements": [
                    {
                        "type": "rich_text_section",
                        "elements": [
                            {
                                "type": "text",
                                "text": "I have no auth setup i just ran this setup with the cli thats why i now need to add auth"
                            }
                        ]
                    }
                ]
            }
        ],
        "thread_ts": "1594737460.481100",
        "parent_user_id": "U01710M2S0M"
    },
    {
        "client_msg_id": "29b85381-5832-4adb-9185-7a01590c7d92",
        "type": "message",
        "text": "so, where will you run this?",
        "user": "U012CP32EEB",
        "ts": "1594803985.009100",
        "team": "TC0C1HURK",
        "user_team": "TC0C1HURK",
        "source_team": "TC0C1HURK",
        "user_profile": {
            "avatar_hash": "g2e8dbd00857",
            "image_72": "https:\/\/secure.gravatar.com\/avatar\/2e8dbd0085704773a8a21d802a222bd1.jpg?s=72&d=https%3A%2F%2Fa.slack-edge.com%2Fdf10d%2Fimg%2Favatars%2Fava_0002-72.png",
            "first_name": "",
            "real_name": "TobiLG",
            "display_name": "TobiLG",
            "team": "TC0C1HURK",
            "name": "tobilg",
            "is_restricted": false,
            "is_ultra_restricted": false
        },
        "blocks": [
            {
                "type": "rich_text",
                "block_id": "HugF",
                "elements": [
                    {
                        "type": "rich_text_section",
                        "elements": [
                            {
                                "type": "text",
                                "text": "so, where will you run this?"
                            }
                        ]
                    }
                ]
            }
        ],
        "thread_ts": "1594737460.481100",
        "parent_user_id": "U01710M2S0M"
    },
    {
        "client_msg_id": "ff10eaa8-b04a-4979-a68b-5982fd0794a8",
        "type": "message",
        "text": "Okay so,  i need to create a dynamic dashboard so that clients can all see their own data so when clients log in i want to send their client id to the cube server so it only brings back their data",
        "user": "U01710M2S0M",
        "ts": "1594804112.009300",
        "team": "TC0C1HURK",
        "user_team": "TC0C1HURK",
        "source_team": "TC0C1HURK",
        "user_profile": {
            "avatar_hash": "g4ca38eb3a8d",
            "image_72": "https:\/\/secure.gravatar.com\/avatar\/4ca38eb3a8da238a7dd5bb620af9e2a4.jpg?s=72&d=https%3A%2F%2Fa.slack-edge.com%2Fdf10d%2Fimg%2Favatars%2Fava_0007-72.png",
            "first_name": "",
            "real_name": "Sebastian",
            "display_name": "Sebastian",
            "team": "TC0C1HURK",
            "name": "thedassi",
            "is_restricted": false,
            "is_ultra_restricted": false
        },
        "blocks": [
            {
                "type": "rich_text",
                "block_id": "r5Rn",
                "elements": [
                    {
                        "type": "rich_text_section",
                        "elements": [
                            {
                                "type": "text",
                                "text": "Okay so,  i need to create a dynamic dashboard so that clients can all see their own data so when clients log in i want to send their client id to the cube server so it only brings back their data"
                            }
                        ]
                    }
                ]
            }
        ],
        "thread_ts": "1594737460.481100",
        "parent_user_id": "U01710M2S0M"
    },
    {
        "client_msg_id": "b911ad93-e03d-4acf-a766-e54bcadb4fd7",
        "type": "message",
        "text": "I meant where will you run this application? Own server, public cloud etc... And what do you want to use for auth?",
        "user": "U012CP32EEB",
        "ts": "1594804264.009500",
        "team": "TC0C1HURK",
        "user_team": "TC0C1HURK",
        "source_team": "TC0C1HURK",
        "user_profile": {
            "avatar_hash": "g2e8dbd00857",
            "image_72": "https:\/\/secure.gravatar.com\/avatar\/2e8dbd0085704773a8a21d802a222bd1.jpg?s=72&d=https%3A%2F%2Fa.slack-edge.com%2Fdf10d%2Fimg%2Favatars%2Fava_0002-72.png",
            "first_name": "",
            "real_name": "TobiLG",
            "display_name": "TobiLG",
            "team": "TC0C1HURK",
            "name": "tobilg",
            "is_restricted": false,
            "is_ultra_restricted": false
        },
        "blocks": [
            {
                "type": "rich_text",
                "block_id": "K3p",
                "elements": [
                    {
                        "type": "rich_text_section",
                        "elements": [
                            {
                                "type": "text",
                                "text": "I meant where will you run this application? Own server, public cloud etc... And what do you want to use for auth?"
                            }
                        ]
                    }
                ]
            }
        ],
        "thread_ts": "1594737460.481100",
        "parent_user_id": "U01710M2S0M"
    },
    {
        "client_msg_id": "cd958807-ddf4-4f74-b226-ca9c3c225d7a",
        "type": "message",
        "text": "Will run in public cloud, the dashboard sits in my current application where i do normal user authentication, im not sure if the cube server also needs authentication?",
        "user": "U01710M2S0M",
        "ts": "1594804620.009700",
        "team": "TC0C1HURK",
        "user_team": "TC0C1HURK",
        "source_team": "TC0C1HURK",
        "user_profile": {
            "avatar_hash": "g4ca38eb3a8d",
            "image_72": "https:\/\/secure.gravatar.com\/avatar\/4ca38eb3a8da238a7dd5bb620af9e2a4.jpg?s=72&d=https%3A%2F%2Fa.slack-edge.com%2Fdf10d%2Fimg%2Favatars%2Fava_0007-72.png",
            "first_name": "",
            "real_name": "Sebastian",
            "display_name": "Sebastian",
            "team": "TC0C1HURK",
            "name": "thedassi",
            "is_restricted": false,
            "is_ultra_restricted": false
        },
        "blocks": [
            {
                "type": "rich_text",
                "block_id": "RbOAz",
                "elements": [
                    {
                        "type": "rich_text_section",
                        "elements": [
                            {
                                "type": "text",
                                "text": "Will run in public cloud, the dashboard sits in my current application where i do normal user authentication, im not sure if the cube server also needs authentication?"
                            }
                        ]
                    }
                ]
            }
        ],
        "thread_ts": "1594737460.481100",
        "parent_user_id": "U01710M2S0M"
    },
    {
        "client_msg_id": "09d3bb69-fb60-4f8f-93b2-5b002a688bfb",
        "type": "message",
        "text": "Well, if your data need to be filtered by user etc., you should make sure that the user can only access his\/her data and not the data of others. See <https:\/\/github.com\/cube-js\/cube.js\/blob\/d2f1732410aae561c6fb8428622135ea312ee40d\/guides\/react-dashboard\/content\/2_authentication_and_graphql_backend.md#cubejs-backend-authentication> and <https:\/\/cube.dev\/docs\/security>",
        "user": "U012CP32EEB",
        "ts": "1594807330.009900",
        "team": "TC0C1HURK",
        "user_team": "TC0C1HURK",
        "source_team": "TC0C1HURK",
        "user_profile": {
            "avatar_hash": "g2e8dbd00857",
            "image_72": "https:\/\/secure.gravatar.com\/avatar\/2e8dbd0085704773a8a21d802a222bd1.jpg?s=72&d=https%3A%2F%2Fa.slack-edge.com%2Fdf10d%2Fimg%2Favatars%2Fava_0002-72.png",
            "first_name": "",
            "real_name": "TobiLG",
            "display_name": "TobiLG",
            "team": "TC0C1HURK",
            "name": "tobilg",
            "is_restricted": false,
            "is_ultra_restricted": false
        },
        "attachments": [
            {
                "service_name": "GitHub",
                "title": "cube-js\/cube.js",
                "title_link": "https:\/\/github.com\/cube-js\/cube.js\/blob\/d2f1732410aae561c6fb8428622135ea312ee40d\/guides\/react-dashboard\/content\/2_authentication_and_graphql_backend.md#cubejs-backend-authentication",
                "text": ":bar_chart: Cube.js - Open Source Analytics Framework. Contribute to cube-js\/cube.js development by creating an account on GitHub.",
                "fallback": "GitHub: cube-js\/cube.js",
                "from_url": "https:\/\/github.com\/cube-js\/cube.js\/blob\/d2f1732410aae561c6fb8428622135ea312ee40d\/guides\/react-dashboard\/content\/2_authentication_and_graphql_backend.md#cubejs-backend-authentication",
                "thumb_url": "https:\/\/repository-images.githubusercontent.com\/149026292\/33deb000-42b4-11ea-8f24-e112f465ddf1",
                "thumb_width": 658,
                "thumb_height": 250,
                "service_icon": "https:\/\/a.slack-edge.com\/80588\/img\/unfurl_icons\/github.png",
                "id": 1,
                "original_url": "https:\/\/github.com\/cube-js\/cube.js\/blob\/d2f1732410aae561c6fb8428622135ea312ee40d\/guides\/react-dashboard\/content\/2_authentication_and_graphql_backend.md#cubejs-backend-authentication"
            }
        ],
        "blocks": [
            {
                "type": "rich_text",
                "block_id": "=nI",
                "elements": [
                    {
                        "type": "rich_text_section",
                        "elements": [
                            {
                                "type": "text",
                                "text": "Well, if your data need to be filtered by user etc., you should make sure that the user can only access his\/her data and not the data of others. See "
                            },
                            {
                                "type": "link",
                                "url": "https:\/\/github.com\/cube-js\/cube.js\/blob\/d2f1732410aae561c6fb8428622135ea312ee40d\/guides\/react-dashboard\/content\/2_authentication_and_graphql_backend.md#cubejs-backend-authentication"
                            },
                            {
                                "type": "text",
                                "text": " and "
                            },
                            {
                                "type": "link",
                                "url": "https:\/\/cube.dev\/docs\/security"
                            }
                        ]
                    }
                ]
            }
        ],
        "thread_ts": "1594737460.481100",
        "parent_user_id": "U01710M2S0M"
    },
    {
        "client_msg_id": "adc4db61-8379-46c9-be8e-40bc7df1c1a5",
        "type": "message",
        "text": "hi <@U010JT30AEB>! Actually you can pass an async function <https:\/\/cube.dev\/docs\/@cubejs-client-core#cubejs>\n\nI updated the docs.",
        "user": "U013J5CRRDW",
        "ts": "1594813928.010200",
        "team": "TC0C1HURK",
        "user_team": "TC0C1HURK",
        "source_team": "TC0C1HURK",
        "user_profile": {
            "avatar_hash": "759b4f7ce0bf",
            "image_72": "https:\/\/avatars.slack-edge.com\/2020-06-23\/1224215237280_759b4f7ce0bf4b291721_72.jpg",
            "first_name": "Alex",
            "real_name": "Alex Vasilev",
            "display_name": "Alex Vasilev",
            "team": "TC0C1HURK",
            "name": "vaspiring",
            "is_restricted": false,
            "is_ultra_restricted": false
        },
        "blocks": [
            {
                "type": "rich_text",
                "block_id": "6fk2",
                "elements": [
                    {
                        "type": "rich_text_section",
                        "elements": [
                            {
                                "type": "text",
                                "text": "hi "
                            },
                            {
                                "type": "user",
                                "user_id": "U010JT30AEB"
                            },
                            {
                                "type": "text",
                                "text": "! Actually you can pass an async function "
                            },
                            {
                                "type": "link",
                                "url": "https:\/\/cube.dev\/docs\/@cubejs-client-core#cubejs"
                            },
                            {
                                "type": "text",
                                "text": "\n\nI updated the docs."
                            }
                        ]
                    }
                ]
            }
        ],
        "thread_ts": "1594751118.499900",
        "parent_user_id": "U010JT30AEB",
        "reactions": [
            {
                "name": "+1",
                "users": [
                    "U010JT30AEB"
                ],
                "count": 1
            }
        ]
    },
    {
        "client_msg_id": "f0b7863a-35c3-4162-b284-90d0aec4fc20",
        "type": "message",
        "text": "hey! we don’t have a guide on this. But what you can do is to have a look at the `ChartRenderer` That should give you a starting point",
        "user": "U013J5CRRDW",
        "ts": "1594819323.010400",
        "team": "TC0C1HURK",
        "user_team": "TC0C1HURK",
        "source_team": "TC0C1HURK",
        "user_profile": {
            "avatar_hash": "759b4f7ce0bf",
            "image_72": "https:\/\/avatars.slack-edge.com\/2020-06-23\/1224215237280_759b4f7ce0bf4b291721_72.jpg",
            "first_name": "Alex",
            "real_name": "Alex Vasilev",
            "display_name": "Alex Vasilev",
            "team": "TC0C1HURK",
            "name": "vaspiring",
            "is_restricted": false,
            "is_ultra_restricted": false
        },
        "blocks": [
            {
                "type": "rich_text",
                "block_id": "+a=",
                "elements": [
                    {
                        "type": "rich_text_section",
                        "elements": [
                            {
                                "type": "text",
                                "text": "hey! we don’t have a guide on this. But what you can do is to have a look at the "
                            },
                            {
                                "type": "text",
                                "text": "ChartRenderer",
                                "style": {
                                    "code": true
                                }
                            },
                            {
                                "type": "text",
                                "text": " That should give you a starting point"
                            }
                        ]
                    }
                ]
            }
        ],
        "thread_ts": "1594759213.003700",
        "parent_user_id": "U016PB8TCTC"
    },
    {
        "client_msg_id": "869e3caf-1b82-4367-b983-ddce59d8020b",
        "type": "message",
        "text": "Hi Pavel, thanks for your help. I was wondering if you have an example or suggestion how to set the schemaVersion for dynamic compile",
        "user": "U0177Q777FW",
        "ts": "1594837153.010700",
        "team": "TC0C1HURK",
        "user_team": "TC0C1HURK",
        "source_team": "TC0C1HURK",
        "user_profile": {
            "avatar_hash": "ge5c3ead6995",
            "image_72": "https:\/\/secure.gravatar.com\/avatar\/e5c3ead6995df1951d8e81858aa9f528.jpg?s=72&d=https%3A%2F%2Fa.slack-edge.com%2Fdf10d%2Fimg%2Favatars%2Fava_0002-72.png",
            "first_name": "",
            "real_name": "josh",
            "display_name": "josh",
            "team": "TC0C1HURK",
            "name": "josh.w.chua",
            "is_restricted": false,
            "is_ultra_restricted": false
        },
        "blocks": [
            {
                "type": "rich_text",
                "block_id": "=yZ8",
                "elements": [
                    {
                        "type": "rich_text_section",
                        "elements": [
                            {
                                "type": "text",
                                "text": "Hi Pavel, thanks for your help. I was wondering if you have an example or suggestion how to set the schemaVersion for dynamic compile"
                            }
                        ]
                    }
                ]
            }
        ],
        "thread_ts": "1594713237.469200",
        "parent_user_id": "U0177Q777FW"
    },
    {
        "client_msg_id": "1afe8e49-700a-4718-8df0-85c9d37a9d2f",
        "type": "message",
        "text": "Hey <@U012CP32EEB>! Could you please share your cube.js schema?",
        "user": "UC19HAUAK",
        "ts": "1594837528.010900",
        "team": "TC0C1HURK",
        "user_team": "TC0C1HURK",
        "source_team": "TC0C1HURK",
        "user_profile": {
            "avatar_hash": "066a042e018c",
            "image_72": "https:\/\/avatars.slack-edge.com\/2019-12-07\/866588520998_066a042e018ca831a195_72.png",
            "first_name": "Pavel",
            "real_name": "Pavel Tiunov",
            "display_name": "pavel",
            "team": "TC0C1HURK",
            "name": "pavel",
            "is_restricted": false,
            "is_ultra_restricted": false
        },
        "blocks": [
            {
                "type": "rich_text",
                "block_id": "Eav",
                "elements": [
                    {
                        "type": "rich_text_section",
                        "elements": [
                            {
                                "type": "text",
                                "text": "Hey "
                            },
                            {
                                "type": "user",
                                "user_id": "U012CP32EEB"
                            },
                            {
                                "type": "text",
                                "text": "! Could you please share your cube.js schema?"
                            }
                        ]
                    }
                ]
            }
        ],
        "thread_ts": "1594801270.007800",
        "parent_user_id": "U012CP32EEB"
    },
    {
        "client_msg_id": "1C4E7549-7AB2-4503-9BAC-C3BE28996C1C",
        "type": "message",
        "text": "Sent you a PM",
        "user": "U012CP32EEB",
        "ts": "1594837761.011300",
        "team": "TC0C1HURK",
        "user_team": "TC0C1HURK",
        "source_team": "TC0C1HURK",
        "user_profile": {
            "avatar_hash": "g2e8dbd00857",
            "image_72": "https:\/\/secure.gravatar.com\/avatar\/2e8dbd0085704773a8a21d802a222bd1.jpg?s=72&d=https%3A%2F%2Fa.slack-edge.com%2Fdf10d%2Fimg%2Favatars%2Fava_0002-72.png",
            "first_name": "",
            "real_name": "TobiLG",
            "display_name": "TobiLG",
            "team": "TC0C1HURK",
            "name": "tobilg",
            "is_restricted": false,
            "is_ultra_restricted": false
        },
        "blocks": [
            {
                "type": "rich_text",
                "block_id": "bnZ",
                "elements": [
                    {
                        "type": "rich_text_section",
                        "elements": [
                            {
                                "type": "text",
                                "text": "Sent you a PM"
                            }
                        ]
                    }
                ]
            }
        ],
        "thread_ts": "1594801270.007800",
        "parent_user_id": "U012CP32EEB",
        "reactions": [
            {
                "name": "+1",
                "users": [
                    "UC19HAUAK"
                ],
                "count": 1
            }
        ]
    },
    {
        "client_msg_id": "28182b5f-9e5f-407f-9b13-cbf98de5d43c",
        "type": "message",
        "text": "<@U012CP32EEB> And what measures are missing in meta response?",
        "user": "UC19HAUAK",
        "ts": "1594837832.011600",
        "team": "TC0C1HURK",
        "user_team": "TC0C1HURK",
        "source_team": "TC0C1HURK",
        "user_profile": {
            "avatar_hash": "066a042e018c",
            "image_72": "https:\/\/avatars.slack-edge.com\/2019-12-07\/866588520998_066a042e018ca831a195_72.png",
            "first_name": "Pavel",
            "real_name": "Pavel Tiunov",
            "display_name": "pavel",
            "team": "TC0C1HURK",
            "name": "pavel",
            "is_restricted": false,
            "is_ultra_restricted": false
        },
        "blocks": [
            {
                "type": "rich_text",
                "block_id": "VzRr",
                "elements": [
                    {
                        "type": "rich_text_section",
                        "elements": [
                            {
                                "type": "user",
                                "user_id": "U012CP32EEB"
                            },
                            {
                                "type": "text",
                                "text": " And what measures are missing in meta response?"
                            }
                        ]
                    }
                ]
            }
        ],
        "thread_ts": "1594801270.007800",
        "parent_user_id": "U012CP32EEB"
    },
    {
        "client_msg_id": "BAA59030-0C78-4C00-9F6D-02D26D0ACD35",
        "type": "message",
        "text": "The two measures of the dependent cubes",
        "user": "U012CP32EEB",
        "ts": "1594839803.012200",
        "team": "TC0C1HURK",
        "user_team": "TC0C1HURK",
        "source_team": "TC0C1HURK",
        "user_profile": {
            "avatar_hash": "g2e8dbd00857",
            "image_72": "https:\/\/secure.gravatar.com\/avatar\/2e8dbd0085704773a8a21d802a222bd1.jpg?s=72&d=https%3A%2F%2Fa.slack-edge.com%2Fdf10d%2Fimg%2Favatars%2Fava_0002-72.png",
            "first_name": "",
            "real_name": "TobiLG",
            "display_name": "TobiLG",
            "team": "TC0C1HURK",
            "name": "tobilg",
            "is_restricted": false,
            "is_ultra_restricted": false
        },
        "blocks": [
            {
                "type": "rich_text",
                "block_id": "cGFt",
                "elements": [
                    {
                        "type": "rich_text_section",
                        "elements": [
                            {
                                "type": "text",
                                "text": "The two measures of the dependent cubes"
                            }
                        ]
                    }
                ]
            }
        ],
        "thread_ts": "1594801270.007800",
        "parent_user_id": "U012CP32EEB"
    },
    {
        "client_msg_id": "a6e1d012-5acd-4a5b-8a91-e58bb42eafec",
        "type": "message",
        "text": "<@U012CP32EEB> Pre-aggregation is just a performance optimization. It doesn't affect meta. Could you please elaborate on your use case here?",
        "user": "UC19HAUAK",
        "ts": "1594846220.012400",
        "team": "TC0C1HURK",
        "user_team": "TC0C1HURK",
        "source_team": "TC0C1HURK",
        "user_profile": {
            "avatar_hash": "066a042e018c",
            "image_72": "https:\/\/avatars.slack-edge.com\/2019-12-07\/866588520998_066a042e018ca831a195_72.png",
            "first_name": "Pavel",
            "real_name": "Pavel Tiunov",
            "display_name": "pavel",
            "team": "TC0C1HURK",
            "name": "pavel",
            "is_restricted": false,
            "is_ultra_restricted": false
        },
        "blocks": [
            {
                "type": "rich_text",
                "block_id": "+zJdc",
                "elements": [
                    {
                        "type": "rich_text_section",
                        "elements": [
                            {
                                "type": "user",
                                "user_id": "U012CP32EEB"
                            },
                            {
                                "type": "text",
                                "text": " Pre-aggregation is just a performance optimization. It doesn't affect meta. Could you please elaborate on your use case here?"
                            }
                        ]
                    }
                ]
            }
        ],
        "thread_ts": "1594801270.007800",
        "parent_user_id": "U012CP32EEB"
    },
    {
        "type": "message",
        "text": "I was trying to make like a range component that would be basically adding 2 filters for the same dimension one for greater than  and the other one lower than , it look like in this image.\n I try by creating a function that would add one filter at a time, and adding it to the payload using updateMethod.add but when the query ran it only had the one filter(the last one) is this the intended behaviour? Or am I doing something wrong?",
        "files": [
            {
                "id": "F01768A6U59",
                "created": 1594851472,
                "timestamp": 1594851472,
                "name": "image.png",
                "title": "image.png",
                "mimetype": "image\/png",
                "filetype": "png",
                "pretty_type": "PNG",
                "user": "U01556W0JT0",
                "editable": false,
                "size": 1703,
                "mode": "hosted",
                "is_external": false,
                "external_type": "",
                "is_public": true,
                "public_url_shared": false,
                "display_as_bot": false,
                "username": "",
                "url_private": "https:\/\/files.slack.com\/files-pri\/TC0C1HURK-F01768A6U59\/image.png?t=xoxe-408409606869-1300049925941-1294691254950-5e5ba619551397a2daf3223fc6c48b4a",
                "url_private_download": "https:\/\/files.slack.com\/files-pri\/TC0C1HURK-F01768A6U59\/download\/image.png?t=xoxe-408409606869-1300049925941-1294691254950-5e5ba619551397a2daf3223fc6c48b4a",
                "thumb_64": "https:\/\/files.slack.com\/files-tmb\/TC0C1HURK-F01768A6U59-929769278f\/image_64.png?t=xoxe-408409606869-1300049925941-1294691254950-5e5ba619551397a2daf3223fc6c48b4a",
                "thumb_80": "https:\/\/files.slack.com\/files-tmb\/TC0C1HURK-F01768A6U59-929769278f\/image_80.png?t=xoxe-408409606869-1300049925941-1294691254950-5e5ba619551397a2daf3223fc6c48b4a",
                "thumb_360": "https:\/\/files.slack.com\/files-tmb\/TC0C1HURK-F01768A6U59-929769278f\/image_360.png?t=xoxe-408409606869-1300049925941-1294691254950-5e5ba619551397a2daf3223fc6c48b4a",
                "thumb_360_w": 223,
                "thumb_360_h": 52,
                "thumb_160": "https:\/\/files.slack.com\/files-tmb\/TC0C1HURK-F01768A6U59-929769278f\/image_160.png?t=xoxe-408409606869-1300049925941-1294691254950-5e5ba619551397a2daf3223fc6c48b4a",
                "original_w": 223,
                "original_h": 52,
                "thumb_tiny": "AwALADDSYkdBmkDEn7pFOooAZvP9004EnqMUtFABSYOetLRQB\/\/Z",
                "permalink": "https:\/\/cube-js.slack.com\/files\/U01556W0JT0\/F01768A6U59\/image.png",
                "permalink_public": "https:\/\/slack-files.com\/TC0C1HURK-F01768A6U59-5166c4cfbe",
                "is_starred": false,
                "has_rich_preview": false
            }
        ],
        "upload": false,
        "blocks": [
            {
                "type": "rich_text",
                "block_id": "JpK+X",
                "elements": [
                    {
                        "type": "rich_text_section",
                        "elements": [
                            {
                                "type": "text",
                                "text": "I was trying to make like a range component that would be basically adding 2 filters for the same dimension one for greater than  and the other one lower than , it look like in this image.\n I try by creating a function that would add one filter at a time, and adding it to the payload using updateMethod.add but when the query ran it only had the one filter(the last one) is this the intended behaviour? Or am I doing something wrong?"
                            }
                        ]
                    }
                ]
            }
        ],
        "user": "U01556W0JT0",
        "display_as_bot": false,
        "ts": "1594851474.016200",
        "edited": {
            "user": "U01556W0JT0",
            "ts": "1594852209.000000"
        },
        "thread_ts": "1594851474.016200",
        "reply_count": 2,
        "reply_users_count": 2,
        "latest_reply": "1594912281.029000",
        "reply_users": [
            "U013J5CRRDW",
            "U01556W0JT0"
        ],
        "replies": [
            {
                "user": "U013J5CRRDW",
                "ts": "1594906426.024000"
            },
            {
                "user": "U01556W0JT0",
                "ts": "1594912281.029000"
            }
        ],
        "subscribed": false
    },
    {
        "client_msg_id": "02da3683-c726-424d-a503-5830088c5480",
        "type": "message",
        "text": "<@U013J5CRRDW> I converted the Dashboard page  (Under Pages) to class based component - after which the above mentioned problem coming",
        "user": "U016UDSQ2RY",
        "ts": "1594856337.016700",
        "team": "TC0C1HURK",
        "user_team": "TC0C1HURK",
        "source_team": "TC0C1HURK",
        "user_profile": {
            "avatar_hash": "ga4667d372e3",
            "image_72": "https:\/\/secure.gravatar.com\/avatar\/a4667d372e320b0e8a423185ba948fed.jpg?s=72&d=https%3A%2F%2Fa.slack-edge.com%2Fdf10d%2Fimg%2Favatars%2Fava_0026-72.png",
            "first_name": "",
            "real_name": "PranionVijay",
            "display_name": "PranionVijay",
            "team": "TC0C1HURK",
            "name": "vijayakumar.k",
            "is_restricted": false,
            "is_ultra_restricted": false
        },
        "blocks": [
            {
                "type": "rich_text",
                "block_id": "ZoXQ2",
                "elements": [
                    {
                        "type": "rich_text_section",
                        "elements": [
                            {
                                "type": "user",
                                "user_id": "U013J5CRRDW"
                            },
                            {
                                "type": "text",
                                "text": " I converted the Dashboard page  (Under Pages) to class based component - after which the above mentioned problem coming"
                            }
                        ]
                    }
                ]
            }
        ],
        "thread_ts": "1594632457.435400",
        "parent_user_id": "U016UDSQ2RY"
    },
    {
        "client_msg_id": "e91bc5fe-0317-4290-9534-9d8401d25a09",
        "type": "message",
        "text": "Hi  - Struggling little bit to implement the Drill-down in the Vanilla JS - any Idea \/ Document ?",
        "user": "U016UDSQ2RY",
        "ts": "1594856739.017800",
        "team": "TC0C1HURK",
        "user_team": "TC0C1HURK",
        "source_team": "TC0C1HURK",
        "user_profile": {
            "avatar_hash": "ga4667d372e3",
            "image_72": "https:\/\/secure.gravatar.com\/avatar\/a4667d372e320b0e8a423185ba948fed.jpg?s=72&d=https%3A%2F%2Fa.slack-edge.com%2Fdf10d%2Fimg%2Favatars%2Fava_0026-72.png",
            "first_name": "",
            "real_name": "PranionVijay",
            "display_name": "PranionVijay",
            "team": "TC0C1HURK",
            "name": "vijayakumar.k",
            "is_restricted": false,
            "is_ultra_restricted": false
        },
        "blocks": [
            {
                "type": "rich_text",
                "block_id": "akf",
                "elements": [
                    {
                        "type": "rich_text_section",
                        "elements": [
                            {
                                "type": "text",
                                "text": "Hi  - Struggling little bit to implement the Drill-down in the Vanilla JS - any Idea \/ Document ?"
                            }
                        ]
                    }
                ]
            }
        ],
        "thread_ts": "1594856739.017800",
        "reply_count": 1,
        "reply_users_count": 1,
        "latest_reply": "1594862707.018100",
        "reply_users": [
            "UC1HAFW4E"
        ],
        "replies": [
            {
                "user": "UC1HAFW4E",
                "ts": "1594862707.018100"
            }
        ],
        "subscribed": true,
        "last_read": "1594862707.018100"
    },
    {
        "client_msg_id": "e994e23b-13c3-4002-8eb0-fc9561068598",
        "type": "message",
        "text": "Hi  <@U016UDSQ2RY>, have you checked this tutorial <https:\/\/cube.dev\/blog\/introducing-a-drill-down-table-api-in-cubejs\/>? it is React, but the general idea should be the same.",
        "user": "UC1HAFW4E",
        "ts": "1594862707.018100",
        "team": "TC0C1HURK",
        "user_team": "TC0C1HURK",
        "source_team": "TC0C1HURK",
        "user_profile": {
            "avatar_hash": "ee7b69830a11",
            "image_72": "https:\/\/avatars.slack-edge.com\/2018-08-13\/414857329600_ee7b69830a119331e10e_72.jpg",
            "first_name": "Artyom",
            "real_name": "Artyom Keydunov",
            "display_name": "Artyom Keydunov",
            "team": "TC0C1HURK",
            "name": "artyom",
            "is_restricted": false,
            "is_ultra_restricted": false
        },
        "edited": {
            "user": "UC1HAFW4E",
            "ts": "1594862719.000000"
        },
        "attachments": [
            {
                "service_name": "Cube.js Blog",
                "title": "Introducing a Drill Down Table API in Cube.js | Cube.js Blog",
                "title_link": "https:\/\/cube.dev\/blog\/introducing-a-drill-down-table-api-in-cubejs\/",
                "text": "Introducing a Drill Down Table API in Cube.js",
                "fallback": "Cube.js Blog: Introducing a Drill Down Table API in Cube.js | Cube.js Blog",
                "image_url": "https:\/\/media.graphcms.com\/Degd834dQ6uzdxzwZVNg",
                "ts": 1593043200,
                "from_url": "https:\/\/cube.dev\/blog\/introducing-a-drill-down-table-api-in-cubejs\/",
                "image_width": 500,
                "image_height": 250,
                "image_bytes": 33328,
                "id": 1,
                "original_url": "https:\/\/cube.dev\/blog\/introducing-a-drill-down-table-api-in-cubejs\/"
            }
        ],
        "blocks": [
            {
                "type": "rich_text",
                "block_id": "ZVY4",
                "elements": [
                    {
                        "type": "rich_text_section",
                        "elements": [
                            {
                                "type": "text",
                                "text": "Hi  "
                            },
                            {
                                "type": "user",
                                "user_id": "U016UDSQ2RY"
                            },
                            {
                                "type": "text",
                                "text": ", have you checked this tutorial "
                            },
                            {
                                "type": "link",
                                "url": "https:\/\/cube.dev\/blog\/introducing-a-drill-down-table-api-in-cubejs\/"
                            },
                            {
                                "type": "text",
                                "text": "? it is React, but the general idea should be the same."
                            }
                        ]
                    }
                ]
            }
        ],
        "thread_ts": "1594856739.017800",
        "parent_user_id": "U016UDSQ2RY"
    },
    {
        "client_msg_id": "cf6c0dfa-46cc-416d-903b-4906c6f3a731",
        "type": "message",
        "text": "Hey, So I'm trying to use a subquery in one of my measures because is a really complicated calculation. And I require to know the granularity that is being used when the query is generated to create the interval for the correct values.\n\nI looked that with filter Params we can pass values, so I though that maybe there is a way to pass the granularity in a similar fashion?\n\nFor example \"Count Query\" : this is the sub query select coun(*) as count from table where date1 &gt; date_trunc(granularity, '1980-01-01') and date2 &lt; date_trunc(granularity, '1980-01-01')+'1month'::interval-'1 day'::interval",
        "user": "U015VUR5B6C",
        "ts": "1594873196.019000",
        "team": "TC0C1HURK",
        "user_team": "TC0C1HURK",
        "source_team": "TC0C1HURK",
        "user_profile": {
            "avatar_hash": "g9ec7993c6d7",
            "image_72": "https:\/\/secure.gravatar.com\/avatar\/9ec7993c6d7a16fc73ecdae9719d1eea.jpg?s=72&d=https%3A%2F%2Fa.slack-edge.com%2Fdf10d%2Fimg%2Favatars%2Fava_0019-72.png",
            "first_name": "",
            "real_name": "Eduardo",
            "display_name": "Eduardo",
            "team": "TC0C1HURK",
            "name": "marcosnarvaez2010",
            "is_restricted": false,
            "is_ultra_restricted": false
        },
        "blocks": [
            {
                "type": "rich_text",
                "block_id": "NGZ5",
                "elements": [
                    {
                        "type": "rich_text_section",
                        "elements": [
                            {
                                "type": "text",
                                "text": "Hey, So I'm trying to use a subquery in one of my measures because is a really complicated calculation. And I require to know the granularity that is being used when the query is generated to create the interval for the correct values.\n\nI looked that with filter Params we can pass values, so I though that maybe there is a way to pass the granularity in a similar fashion?\n\nFor example \"Count Query\" : this is the sub query select coun(*) as count from table where date1 > date_trunc(granularity, '1980-01-01') and date2 < date_trunc(granularity, '1980-01-01')+'1month'::interval-'1 day'::interval"
                            }
                        ]
                    }
                ]
            }
        ]
    },
    {
        "client_msg_id": "c05841d7-0c2f-4ad7-af05-74fd98196a40",
        "type": "message",
        "text": "Hello, i'm trying to filter values to the sql statement inside of a measure, is there an easy way to do this?\nThe only thing that I could think of is using FILTER_PARAMS and accessing to each and every dimensions that can be used in a normal query?",
        "user": "U01556W0JT0",
        "ts": "1594874013.019200",
        "team": "TC0C1HURK",
        "user_team": "TC0C1HURK",
        "source_team": "TC0C1HURK",
        "user_profile": {
            "avatar_hash": "ge8fa93abf82",
            "image_72": "https:\/\/secure.gravatar.com\/avatar\/e8fa93abf8238e5ff056c5da989fab8b.jpg?s=72&d=https%3A%2F%2Fa.slack-edge.com%2Fdf10d%2Fimg%2Favatars%2Fava_0018-72.png",
            "first_name": "",
            "real_name": "Oscar de Jesus",
            "display_name": "Oscar de Jesus",
            "team": "TC0C1HURK",
            "name": "robertotransfor",
            "is_restricted": false,
            "is_ultra_restricted": false
        },
        "blocks": [
            {
                "type": "rich_text",
                "block_id": "MkM",
                "elements": [
                    {
                        "type": "rich_text_section",
                        "elements": [
                            {
                                "type": "text",
                                "text": "Hello, i'm trying to filter values to the sql statement inside of a measure, is there an easy way to do this?\nThe only thing that I could think of is using FILTER_PARAMS and accessing to each and every dimensions that can be used in a normal query?"
                            }
                        ]
                    }
                ]
            }
        ],
        "thread_ts": "1594874013.019200",
        "reply_count": 3,
        "reply_users_count": 2,
        "latest_reply": "1594914833.029300",
        "reply_users": [
            "U015158BQBU",
            "U01556W0JT0"
        ],
        "replies": [
            {
                "user": "U015158BQBU",
                "ts": "1594874387.019300"
            },
            {
                "user": "U01556W0JT0",
                "ts": "1594912009.028100"
            },
            {
                "user": "U015158BQBU",
                "ts": "1594914833.029300"
            }
        ],
        "subscribed": false
    },
    {
        "client_msg_id": "68bfc9f7-afd0-422e-be29-01da68140d30",
        "type": "message",
        "text": "Hi, you can also try filters inside measures <https:\/\/cube.dev\/docs\/measures#parameters-filters>",
        "user": "U015158BQBU",
        "ts": "1594874387.019300",
        "team": "TC0C1HURK",
        "user_team": "TC0C1HURK",
        "source_team": "TC0C1HURK",
        "user_profile": {
            "avatar_hash": "e9a440f69935",
            "image_72": "https:\/\/avatars.slack-edge.com\/2020-06-09\/1184952686945_e9a440f6993589af2f29_72.jpg",
            "first_name": "",
            "real_name": "Aleksey Sereda",
            "display_name": "Aleksey Sereda",
            "team": "TC0C1HURK",
            "name": "sereddos",
            "is_restricted": false,
            "is_ultra_restricted": false
        },
        "edited": {
            "user": "U015158BQBU",
            "ts": "1594874800.000000"
        },
        "attachments": [
            {
                "title": "Measures | Cube.js Docs",
                "title_link": "https:\/\/cube.dev\/docs\/measures#parameters-filters",
                "text": "Documentation for working with Cube.js, the open-source analytics framework.",
                "fallback": "Measures | Cube.js Docs",
                "from_url": "https:\/\/cube.dev\/docs\/measures#parameters-filters",
                "service_icon": "https:\/\/cube.dev\/docs\/icons-c79b6ee44cd5a2d74a48cb83170cce6f\/apple-touch-icon-57x57.png",
                "service_name": "docs",
                "id": 1,
                "original_url": "https:\/\/cube.dev\/docs\/measures#parameters-filters"
            }
        ],
        "blocks": [
            {
                "type": "rich_text",
                "block_id": "RK0O",
                "elements": [
                    {
                        "type": "rich_text_section",
                        "elements": [
                            {
                                "type": "text",
                                "text": "Hi, you can also try filters inside measures "
                            },
                            {
                                "type": "link",
                                "url": "https:\/\/cube.dev\/docs\/measures#parameters-filters"
                            }
                        ]
                    }
                ]
            }
        ],
        "thread_ts": "1594874013.019200",
        "parent_user_id": "U01556W0JT0"
    },
    {
        "client_msg_id": "de16f54c-6fdd-40eb-9156-ce380409ad3d",
        "type": "message",
        "text": "Thank you <@U012CP32EEB> this helped a lot.",
        "user": "U01710M2S0M",
        "ts": "1594877967.019800",
        "team": "TC0C1HURK",
        "user_team": "TC0C1HURK",
        "source_team": "TC0C1HURK",
        "user_profile": {
            "avatar_hash": "g4ca38eb3a8d",
            "image_72": "https:\/\/secure.gravatar.com\/avatar\/4ca38eb3a8da238a7dd5bb620af9e2a4.jpg?s=72&d=https%3A%2F%2Fa.slack-edge.com%2Fdf10d%2Fimg%2Favatars%2Fava_0007-72.png",
            "first_name": "",
            "real_name": "Sebastian",
            "display_name": "Sebastian",
            "team": "TC0C1HURK",
            "name": "thedassi",
            "is_restricted": false,
            "is_ultra_restricted": false
        },
        "blocks": [
            {
                "type": "rich_text",
                "block_id": "eagm7",
                "elements": [
                    {
                        "type": "rich_text_section",
                        "elements": [
                            {
                                "type": "text",
                                "text": "Thank you "
                            },
                            {
                                "type": "user",
                                "user_id": "U012CP32EEB"
                            },
                            {
                                "type": "text",
                                "text": " this helped a lot."
                            }
                        ]
                    }
                ]
            }
        ],
        "thread_ts": "1594737460.481100",
        "parent_user_id": "U01710M2S0M",
        "reactions": [
            {
                "name": "+1",
                "users": [
                    "U012CP32EEB"
                ],
                "count": 1
            }
        ]
    }
]