[
    {
        "client_msg_id": "595df327-3bfd-482d-898f-11f577c10ea9",
        "type": "message",
        "text": "Hi, I am using snowflake driver and after some time of inactivity, I see error on backend that cannot use closed connection and client gets {“error”:“Continue wait”}. Any suggestion?",
        "user": "U0102888YU8",
        "ts": "1585121037.015000",
        "team": "TC0C1HURK",
        "user_team": "TC0C1HURK",
        "source_team": "TC0C1HURK",
        "user_profile": {
            "avatar_hash": "g7ab334af821",
            "image_72": "https:\/\/secure.gravatar.com\/avatar\/7ab334af821cefff53eb8d8bf35d9b2c.jpg?s=72&d=https%3A%2F%2Fa.slack-edge.com%2Fdf10d%2Fimg%2Favatars%2Fava_0022-72.png",
            "first_name": "",
            "real_name": "Michael Grinfeld",
            "display_name": "Michael Grinfeld",
            "team": "TC0C1HURK",
            "name": "michael.grinfeld",
            "is_restricted": false,
            "is_ultra_restricted": false
        },
        "blocks": [
            {
                "type": "rich_text",
                "block_id": "DdQ",
                "elements": [
                    {
                        "type": "rich_text_section",
                        "elements": [
                            {
                                "type": "text",
                                "text": "Hi, I am using snowflake driver and after some time of inactivity, I see error on backend that cannot use closed connection and client gets {“error”:“Continue wait”}. Any suggestion?"
                            }
                        ]
                    }
                ]
            }
        ],
        "thread_ts": "1585121037.015000",
        "reply_count": 5,
        "reply_users_count": 2,
        "latest_reply": "1585266591.052000",
        "reply_users": [
            "UC19HAUAK",
            "U0102888YU8"
        ],
        "replies": [
            {
                "user": "UC19HAUAK",
                "ts": "1585159475.024400"
            },
            {
                "user": "U0102888YU8",
                "ts": "1585206631.035600"
            },
            {
                "user": "U0102888YU8",
                "ts": "1585207362.037000"
            },
            {
                "user": "UC19HAUAK",
                "ts": "1585262445.051600"
            },
            {
                "user": "UC19HAUAK",
                "ts": "1585266591.052000"
            }
        ],
        "subscribed": false
    },
    {
        "client_msg_id": "B6106E17-64BB-4BA4-B69B-9E14F9DFAA74",
        "type": "message",
        "text": "hi <@UC19HAUAK> I’m running it locally.",
        "user": "UQKRDNV7G",
        "ts": "1585127419.015600",
        "team": "TC0C1HURK",
        "user_team": "TC0C1HURK",
        "source_team": "TC0C1HURK",
        "user_profile": {
            "avatar_hash": "g859309abf75",
            "image_72": "https:\/\/secure.gravatar.com\/avatar\/859309abf75193c97c05fb0b590b07d0.jpg?s=72&d=https%3A%2F%2Fa.slack-edge.com%2Fdf10d%2Fimg%2Favatars%2Fava_0005-72.png",
            "first_name": "",
            "real_name": "Eduardo",
            "display_name": "",
            "team": "TC0C1HURK",
            "name": "eduardo",
            "is_restricted": false,
            "is_ultra_restricted": false
        },
        "blocks": [
            {
                "type": "rich_text",
                "block_id": "p1EJ",
                "elements": [
                    {
                        "type": "rich_text_section",
                        "elements": [
                            {
                                "type": "text",
                                "text": "hi "
                            },
                            {
                                "type": "user",
                                "user_id": "UC19HAUAK"
                            },
                            {
                                "type": "text",
                                "text": " I’m running it locally."
                            }
                        ]
                    }
                ]
            }
        ],
        "thread_ts": "1585097663.001300",
        "parent_user_id": "UQKRDNV7G"
    },
    {
        "type": "message",
        "subtype": "channel_join",
        "ts": "1585134402.016000",
        "user": "U010R0RGW56",
        "text": "<@U010R0RGW56> has joined the channel"
    },
    {
        "client_msg_id": "4c5b4893-132d-4c21-8d13-2c18d68b3bfd",
        "type": "message",
        "text": "Hi everyone, timeDimensions items is interpreted with \"AND\" am i right ?\nex :\n`timeDimensions: [`\n        `{`\n            `dimension: shift_document.openingDate,`\n            `dateRange: [\"23-09-1992\", 23-10-1992\"],`\n        `},`\n        `{`\n            `dimension: shift_document.openingDate,`\n            `dateRange: [\"15-09-1992\", 25-09-1992\"],`\n        `},`\n    `]`\n\nit will be interpreted as\n``...WHERE shift_document.openingDate BETWEEN \"23-09-1992\"  AND \"23-10-1992\"  AND hift_document.openingDate BETWEEN \"15-09-1992\"  AND \"25-09-1992\"` `\n\nSo my question is, how to make multiples timeDimensions but using \"OR\" instead ?\n\ni saw : <https:\/\/github.com\/cube-js\/cube.js\/issues\/115>  but in my case i may have 10 dimensions\nSo is there a way with timeDimensions or i must use the filter solution ?\nThanks !",
        "user": "UQK8YMABU",
        "ts": "1585139169.021500",
        "team": "TC0C1HURK",
        "user_team": "TC0C1HURK",
        "source_team": "TC0C1HURK",
        "user_profile": {
            "avatar_hash": "be01b881eee5",
            "image_72": "https:\/\/avatars.slack-edge.com\/2019-11-25\/848100971952_be01b881eee541d89671_72.jpg",
            "first_name": "",
            "real_name": "Girou Maxime",
            "display_name": "Girou Maxime",
            "team": "TC0C1HURK",
            "name": "maxime.girou",
            "is_restricted": false,
            "is_ultra_restricted": false
        },
        "edited": {
            "user": "UQK8YMABU",
            "ts": "1585139260.000000"
        },
        "attachments": [
            {
                "service_name": "GitHub",
                "title": "Use multiple date ranges in the same query · Issue #115 · cube-js\/cube.js",
                "title_link": "https:\/\/github.com\/cube-js\/cube.js\/issues\/115",
                "text": "I would like to be able to use multiple date ranges in the same query. In my case I would like to display the total number of products sold during two separate periods. (ex if 50 are sold during th...",
                "fallback": "GitHub: Use multiple date ranges in the same query · Issue #115 · cube-js\/cube.js",
                "from_url": "https:\/\/github.com\/cube-js\/cube.js\/issues\/115",
                "thumb_url": "https:\/\/repository-images.githubusercontent.com\/149026292\/33deb000-42b4-11ea-8f24-e112f465ddf1",
                "thumb_width": 658,
                "thumb_height": 250,
                "service_icon": "https:\/\/a.slack-edge.com\/80588\/img\/unfurl_icons\/github.png",
                "id": 1,
                "original_url": "https:\/\/github.com\/cube-js\/cube.js\/issues\/115"
            }
        ],
        "blocks": [
            {
                "type": "rich_text",
                "block_id": "celQ",
                "elements": [
                    {
                        "type": "rich_text_section",
                        "elements": [
                            {
                                "type": "text",
                                "text": "Hi everyone, timeDimensions items is interpreted with \"AND\" am i right ?\nex :\n"
                            },
                            {
                                "type": "text",
                                "text": "timeDimensions: [",
                                "style": {
                                    "code": true
                                }
                            },
                            {
                                "type": "text",
                                "text": "\n"
                            },
                            {
                                "type": "text",
                                "text": "        {",
                                "style": {
                                    "code": true
                                }
                            },
                            {
                                "type": "text",
                                "text": "\n"
                            },
                            {
                                "type": "text",
                                "text": "            dimension: shift_document.openingDate,",
                                "style": {
                                    "code": true
                                }
                            },
                            {
                                "type": "text",
                                "text": "\n"
                            },
                            {
                                "type": "text",
                                "text": "            dateRange: [\"23-09-1992\", 23-10-1992\"],",
                                "style": {
                                    "code": true
                                }
                            },
                            {
                                "type": "text",
                                "text": "\n"
                            },
                            {
                                "type": "text",
                                "text": "        },",
                                "style": {
                                    "code": true
                                }
                            },
                            {
                                "type": "text",
                                "text": "\n"
                            },
                            {
                                "type": "text",
                                "text": "        {",
                                "style": {
                                    "code": true
                                }
                            },
                            {
                                "type": "text",
                                "text": "\n"
                            },
                            {
                                "type": "text",
                                "text": "            dimension: shift_document.openingDate,",
                                "style": {
                                    "code": true
                                }
                            },
                            {
                                "type": "text",
                                "text": "\n"
                            },
                            {
                                "type": "text",
                                "text": "            dateRange: [\"15-09-1992\", 25-09-1992\"],",
                                "style": {
                                    "code": true
                                }
                            },
                            {
                                "type": "text",
                                "text": "\n"
                            },
                            {
                                "type": "text",
                                "text": "        },",
                                "style": {
                                    "code": true
                                }
                            },
                            {
                                "type": "text",
                                "text": "\n"
                            },
                            {
                                "type": "text",
                                "text": "    ]",
                                "style": {
                                    "code": true
                                }
                            },
                            {
                                "type": "text",
                                "text": "\n\nit will be interpreted as\n`"
                            },
                            {
                                "type": "text",
                                "text": "...WHERE shift_document.openingDate BETWEEN \"23-09-1992\"  AND \"23-10-1992\"  AND hift_document.openingDate BETWEEN \"15-09-1992\"  AND \"25-09-1992\" ",
                                "style": {
                                    "code": true
                                }
                            },
                            {
                                "type": "text",
                                "text": "`\n\nSo my question is, how to make multiples timeDimensions but using \"OR\" instead ?\n\ni saw : "
                            },
                            {
                                "type": "link",
                                "url": "https:\/\/github.com\/cube-js\/cube.js\/issues\/115"
                            },
                            {
                                "type": "text",
                                "text": "  but in my case i may have 10 dimensions\nSo is there a way with timeDimensions or i must use the filter solution ?\nThanks !"
                            }
                        ]
                    }
                ]
            }
        ],
        "thread_ts": "1585139169.021500",
        "reply_count": 3,
        "reply_users_count": 2,
        "latest_reply": "1585214726.045800",
        "reply_users": [
            "UC19HAUAK",
            "UQK8YMABU"
        ],
        "replies": [
            {
                "user": "UC19HAUAK",
                "ts": "1585159586.024600"
            },
            {
                "user": "UQK8YMABU",
                "ts": "1585210569.045400"
            },
            {
                "user": "UQK8YMABU",
                "ts": "1585214726.045800"
            }
        ],
        "subscribed": false
    },
    {
        "type": "message",
        "subtype": "channel_join",
        "ts": "1585151036.022100",
        "user": "U010RNUK2HE",
        "text": "<@U010RNUK2HE> has joined the channel"
    },
    {
        "type": "message",
        "subtype": "channel_join",
        "ts": "1585154251.022300",
        "user": "U010FU66J2D",
        "text": "<@U010FU66J2D> has joined the channel"
    },
    {
        "client_msg_id": "cd0937ad-d486-47a6-bc35-852fe0352bf7",
        "type": "message",
        "text": "Is the SQL query shown in the server logs the same as what ultimately gets sent to the database?",
        "user": "USE3AUW8Y",
        "ts": "1585157342.023500",
        "team": "TC0C1HURK",
        "user_team": "TC0C1HURK",
        "source_team": "TC0C1HURK",
        "user_profile": {
            "avatar_hash": "25c1842db27a",
            "image_72": "https:\/\/avatars.slack-edge.com\/2020-01-09\/902193776470_25c1842db27a59511089_72.png",
            "first_name": "Laura",
            "real_name": "Laura Alkhoury",
            "display_name": "Laura Alkhoury",
            "team": "TC0C1HURK",
            "name": "laura.alkhoury",
            "is_restricted": false,
            "is_ultra_restricted": false
        },
        "blocks": [
            {
                "type": "rich_text",
                "block_id": "kHY",
                "elements": [
                    {
                        "type": "rich_text_section",
                        "elements": [
                            {
                                "type": "text",
                                "text": "Is the SQL query shown in the server logs the same as what ultimately gets sent to the database?"
                            }
                        ]
                    }
                ]
            }
        ],
        "thread_ts": "1585157342.023500",
        "reply_count": 1,
        "reply_users_count": 1,
        "latest_reply": "1585159359.024000",
        "reply_users": [
            "UC19HAUAK"
        ],
        "replies": [
            {
                "user": "UC19HAUAK",
                "ts": "1585159359.024000"
            }
        ],
        "subscribed": false
    },
    {
        "client_msg_id": "668418f4-1ff5-470c-9dd2-502549e0de64",
        "type": "message",
        "text": "Need help with an error: Error while loading DB schemaerror: password authentication failed for user",
        "user": "U010FU66J2D",
        "ts": "1585158141.023900",
        "team": "TC0C1HURK",
        "user_team": "TC0C1HURK",
        "source_team": "TC0C1HURK",
        "user_profile": {
            "avatar_hash": "g46699daa3e4",
            "image_72": "https:\/\/secure.gravatar.com\/avatar\/46699daa3e479f55a1ec33ba713b4f2c.jpg?s=72&d=https%3A%2F%2Fa.slack-edge.com%2Fdf10d%2Fimg%2Favatars%2Fava_0006-72.png",
            "first_name": "",
            "real_name": "Neha",
            "display_name": "Neha",
            "team": "TC0C1HURK",
            "name": "nniphadkar",
            "is_restricted": false,
            "is_ultra_restricted": false
        },
        "blocks": [
            {
                "type": "rich_text",
                "block_id": "DaCL7",
                "elements": [
                    {
                        "type": "rich_text_section",
                        "elements": [
                            {
                                "type": "text",
                                "text": "Need help with an error: Error while loading DB schemaerror: password authentication failed for user"
                            }
                        ]
                    }
                ]
            }
        ]
    },
    {
        "client_msg_id": "dec09245-6e00-461b-a985-dbffbd40a47d",
        "type": "message",
        "text": "Hey <@USE3AUW8Y>! Great question! Actually no if there're pre-aggregations. We're going to add this log message that will contain final SQL. Makes sense to create an issue on Github to track this progress.",
        "user": "UC19HAUAK",
        "ts": "1585159359.024000",
        "team": "TC0C1HURK",
        "user_team": "TC0C1HURK",
        "source_team": "TC0C1HURK",
        "user_profile": {
            "avatar_hash": "066a042e018c",
            "image_72": "https:\/\/avatars.slack-edge.com\/2019-12-07\/866588520998_066a042e018ca831a195_72.png",
            "first_name": "Pavel",
            "real_name": "Pavel Tiunov",
            "display_name": "pavel",
            "team": "TC0C1HURK",
            "name": "pavel",
            "is_restricted": false,
            "is_ultra_restricted": false
        },
        "blocks": [
            {
                "type": "rich_text",
                "block_id": "Fhm",
                "elements": [
                    {
                        "type": "rich_text_section",
                        "elements": [
                            {
                                "type": "text",
                                "text": "Hey "
                            },
                            {
                                "type": "user",
                                "user_id": "USE3AUW8Y"
                            },
                            {
                                "type": "text",
                                "text": "! Great question! Actually no if there're pre-aggregations. We're going to add this log message that will contain final SQL. Makes sense to create an issue on Github to track this progress."
                            }
                        ]
                    }
                ]
            }
        ],
        "thread_ts": "1585157342.023500",
        "parent_user_id": "USE3AUW8Y"
    },
    {
        "client_msg_id": "8428e1af-1bbf-477b-9992-018c63d58322",
        "type": "message",
        "text": "<@U010JT30AEB> Most probably it's redis or internet connection problem: <https:\/\/cube.dev\/docs\/deployment#serverless-add-internet-access-for-lambda>",
        "user": "UC19HAUAK",
        "ts": "1585159438.024200",
        "team": "TC0C1HURK",
        "user_team": "TC0C1HURK",
        "source_team": "TC0C1HURK",
        "user_profile": {
            "avatar_hash": "066a042e018c",
            "image_72": "https:\/\/avatars.slack-edge.com\/2019-12-07\/866588520998_066a042e018ca831a195_72.png",
            "first_name": "Pavel",
            "real_name": "Pavel Tiunov",
            "display_name": "pavel",
            "team": "TC0C1HURK",
            "name": "pavel",
            "is_restricted": false,
            "is_ultra_restricted": false
        },
        "blocks": [
            {
                "type": "rich_text",
                "block_id": "EjP",
                "elements": [
                    {
                        "type": "rich_text_section",
                        "elements": [
                            {
                                "type": "user",
                                "user_id": "U010JT30AEB"
                            },
                            {
                                "type": "text",
                                "text": " Most probably it's redis or internet connection problem: "
                            },
                            {
                                "type": "link",
                                "url": "https:\/\/cube.dev\/docs\/deployment#serverless-add-internet-access-for-lambda"
                            }
                        ]
                    }
                ]
            }
        ],
        "thread_ts": "1585117682.013200",
        "parent_user_id": "U010JT30AEB"
    },
    {
        "client_msg_id": "df143f10-42d6-4ac4-b1e7-df82c7794269",
        "type": "message",
        "text": "Hey <@U0102888YU8>! Could you please share `CUBEJS_LOG_LEVEL=trace` logs?",
        "user": "UC19HAUAK",
        "ts": "1585159475.024400",
        "team": "TC0C1HURK",
        "user_team": "TC0C1HURK",
        "source_team": "TC0C1HURK",
        "user_profile": {
            "avatar_hash": "066a042e018c",
            "image_72": "https:\/\/avatars.slack-edge.com\/2019-12-07\/866588520998_066a042e018ca831a195_72.png",
            "first_name": "Pavel",
            "real_name": "Pavel Tiunov",
            "display_name": "pavel",
            "team": "TC0C1HURK",
            "name": "pavel",
            "is_restricted": false,
            "is_ultra_restricted": false
        },
        "blocks": [
            {
                "type": "rich_text",
                "block_id": "Yw0su",
                "elements": [
                    {
                        "type": "rich_text_section",
                        "elements": [
                            {
                                "type": "text",
                                "text": "Hey "
                            },
                            {
                                "type": "user",
                                "user_id": "U0102888YU8"
                            },
                            {
                                "type": "text",
                                "text": "! Could you please share "
                            },
                            {
                                "type": "text",
                                "text": "CUBEJS_LOG_LEVEL=trace",
                                "style": {
                                    "code": true
                                }
                            },
                            {
                                "type": "text",
                                "text": " logs?"
                            }
                        ]
                    }
                ]
            }
        ],
        "thread_ts": "1585121037.015000",
        "parent_user_id": "U0102888YU8"
    },
    {
        "client_msg_id": "bf4500e1-37af-4a2c-bc2f-8b1484e7815c",
        "type": "message",
        "text": "Hey <@UQK8YMABU>! There's an issue for it: <https:\/\/github.com\/cube-js\/cube.js\/issues\/259>",
        "user": "UC19HAUAK",
        "ts": "1585159586.024600",
        "team": "TC0C1HURK",
        "user_team": "TC0C1HURK",
        "source_team": "TC0C1HURK",
        "user_profile": {
            "avatar_hash": "066a042e018c",
            "image_72": "https:\/\/avatars.slack-edge.com\/2019-12-07\/866588520998_066a042e018ca831a195_72.png",
            "first_name": "Pavel",
            "real_name": "Pavel Tiunov",
            "display_name": "pavel",
            "team": "TC0C1HURK",
            "name": "pavel",
            "is_restricted": false,
            "is_ultra_restricted": false
        },
        "attachments": [
            {
                "service_name": "GitHub",
                "title": "Support for complex boolean logic in filters · Issue #259 · cube-js\/cube.js",
                "title_link": "https:\/\/github.com\/cube-js\/cube.js\/issues\/259",
                "text": "Is your feature request related to a problem? Please describe. I want to handle use cases like: “Give me records where measures impressions are above 5 or clicks are above 1” &amp;quot;Give me records ...",
                "fallback": "GitHub: Support for complex boolean logic in filters · Issue #259 · cube-js\/cube.js",
                "from_url": "https:\/\/github.com\/cube-js\/cube.js\/issues\/259",
                "thumb_url": "https:\/\/repository-images.githubusercontent.com\/149026292\/33deb000-42b4-11ea-8f24-e112f465ddf1",
                "thumb_width": 658,
                "thumb_height": 250,
                "service_icon": "https:\/\/a.slack-edge.com\/80588\/img\/unfurl_icons\/github.png",
                "id": 1,
                "original_url": "https:\/\/github.com\/cube-js\/cube.js\/issues\/259"
            }
        ],
        "blocks": [
            {
                "type": "rich_text",
                "block_id": "ZzQTY",
                "elements": [
                    {
                        "type": "rich_text_section",
                        "elements": [
                            {
                                "type": "text",
                                "text": "Hey "
                            },
                            {
                                "type": "user",
                                "user_id": "UQK8YMABU"
                            },
                            {
                                "type": "text",
                                "text": "! There's an issue for it: "
                            },
                            {
                                "type": "link",
                                "url": "https:\/\/github.com\/cube-js\/cube.js\/issues\/259"
                            }
                        ]
                    }
                ]
            }
        ],
        "thread_ts": "1585139169.021500",
        "parent_user_id": "UQK8YMABU"
    },
    {
        "client_msg_id": "bc8f7aad-9249-4f92-af7a-3c4c5e1b9738",
        "type": "message",
        "text": "at Connection.parseE (X:\\react-dashboard\\node_modules\\pg\\lib\\connection.js:614:13) at Connection.parseMessage (X:\\react-dashboard\\node_modules\\pg\\lib\\connection.js:413:19) at Socket.&lt;anonymous&gt; (X:\\react-dashboard\\node_modules\\pg\\lib\\connection.js:129:22) at Socket.emit (events.js:311:20) at addChunk (_stream_readable.js:294:12) at readableAddChunk (_stream_readable.js:275:11) at Socket.Readable.push (_stream_readable.js:209:10) at TCP.onStreamRead (internal\/stream_base_commons.js:186:23)",
        "user": "U010FU66J2D",
        "ts": "1585159614.025000",
        "team": "TC0C1HURK",
        "user_team": "TC0C1HURK",
        "source_team": "TC0C1HURK",
        "user_profile": {
            "avatar_hash": "g46699daa3e4",
            "image_72": "https:\/\/secure.gravatar.com\/avatar\/46699daa3e479f55a1ec33ba713b4f2c.jpg?s=72&d=https%3A%2F%2Fa.slack-edge.com%2Fdf10d%2Fimg%2Favatars%2Fava_0006-72.png",
            "first_name": "",
            "real_name": "Neha",
            "display_name": "Neha",
            "team": "TC0C1HURK",
            "name": "nniphadkar",
            "is_restricted": false,
            "is_ultra_restricted": false
        },
        "blocks": [
            {
                "type": "rich_text",
                "block_id": "VGhs",
                "elements": [
                    {
                        "type": "rich_text_section",
                        "elements": [
                            {
                                "type": "text",
                                "text": "at Connection.parseE (X:\\react-dashboard\\node_modules\\pg\\lib\\connection.js:614:13) at Connection.parseMessage (X:\\react-dashboard\\node_modules\\pg\\lib\\connection.js:413:19) at Socket.<anonymous> (X:\\react-dashboard\\node_modules\\pg\\lib\\connection.js:129:22) at Socket.emit (events.js:311:20) at addChunk (_stream_readable.js:294:12) at readableAddChunk (_stream_readable.js:275:11) at Socket.Readable.push (_stream_readable.js:209:10) at TCP.onStreamRead (internal\/stream_base_commons.js:186:23)"
                            }
                        ]
                    }
                ]
            }
        ]
    },
    {
        "client_msg_id": "d1b30b62-1b87-4011-912f-1673d922cf63",
        "type": "message",
        "text": "Nevermind - used the same credentials as postgres set up",
        "user": "U010FU66J2D",
        "ts": "1585160694.025600",
        "team": "TC0C1HURK",
        "user_team": "TC0C1HURK",
        "source_team": "TC0C1HURK",
        "user_profile": {
            "avatar_hash": "g46699daa3e4",
            "image_72": "https:\/\/secure.gravatar.com\/avatar\/46699daa3e479f55a1ec33ba713b4f2c.jpg?s=72&d=https%3A%2F%2Fa.slack-edge.com%2Fdf10d%2Fimg%2Favatars%2Fava_0006-72.png",
            "first_name": "",
            "real_name": "Neha",
            "display_name": "Neha",
            "team": "TC0C1HURK",
            "name": "nniphadkar",
            "is_restricted": false,
            "is_ultra_restricted": false
        },
        "blocks": [
            {
                "type": "rich_text",
                "block_id": "hqp",
                "elements": [
                    {
                        "type": "rich_text_section",
                        "elements": [
                            {
                                "type": "text",
                                "text": "Nevermind - used the same credentials as postgres set up"
                            }
                        ]
                    }
                ]
            }
        ],
        "reactions": [
            {
                "name": "raised_hands",
                "users": [
                    "UC19HAUAK"
                ],
                "count": 1
            }
        ]
    },
    {
        "type": "message",
        "subtype": "channel_join",
        "ts": "1585161752.026000",
        "user": "U010S3EG70V",
        "text": "<@U010S3EG70V> has joined the channel"
    },
    {
        "client_msg_id": "fb7683a1-ea6e-45f6-bd9c-d5722ae49df9",
        "type": "message",
        "text": "I would like setup mutltinancy. we have 1 database where each 1200 tables has specific column ad_client_id.\n\nNow i'm bit confused:\nFirst we experiment with  Security Context setup so we generate JWT token eg. payload ad_client_id=1000026. Now I found in documentation: Same DB Instance with per Tenant Row Level Security. What is the right direction.\n\nin first case it is clear JWT token include ad_client_id=1000026. The second case is not clear.",
        "user": "ULKS069JN",
        "ts": "1585164289.030000",
        "team": "TC0C1HURK",
        "user_team": "TC0C1HURK",
        "source_team": "TC0C1HURK",
        "user_profile": {
            "avatar_hash": "b1fec10e8c15",
            "image_72": "https:\/\/avatars.slack-edge.com\/2019-11-13\/835478181030_b1fec10e8c15e04269cc_72.png",
            "first_name": "Norbert",
            "real_name": "Norbert Bede",
            "display_name": "Norbert Bede",
            "team": "TC0C1HURK",
            "name": "norbert.bede764",
            "is_restricted": false,
            "is_ultra_restricted": false
        },
        "blocks": [
            {
                "type": "rich_text",
                "block_id": "XQX\/",
                "elements": [
                    {
                        "type": "rich_text_section",
                        "elements": [
                            {
                                "type": "text",
                                "text": "I would like setup mutltinancy. we have 1 database where each 1200 tables has specific column ad_client_id.\n\nNow i'm bit confused:\nFirst we experiment with  Security Context setup so we generate JWT token eg. payload ad_client_id=1000026. Now I found in documentation: Same DB Instance with per Tenant Row Level Security. What is the right direction.\n\nin first case it is clear JWT token include ad_client_id=1000026. The second case is not clear."
                            }
                        ]
                    }
                ]
            }
        ],
        "thread_ts": "1585164289.030000",
        "reply_count": 12,
        "reply_users_count": 2,
        "latest_reply": "1585434306.062800",
        "reply_users": [
            "UC19HAUAK",
            "ULKS069JN"
        ],
        "replies": [
            {
                "user": "UC19HAUAK",
                "ts": "1585167133.030900"
            },
            {
                "user": "ULKS069JN",
                "ts": "1585167249.031100"
            },
            {
                "user": "UC19HAUAK",
                "ts": "1585167601.031300"
            },
            {
                "user": "ULKS069JN",
                "ts": "1585167711.031500"
            },
            {
                "user": "ULKS069JN",
                "ts": "1585167750.031700"
            },
            {
                "user": "ULKS069JN",
                "ts": "1585196634.033900"
            },
            {
                "user": "ULKS069JN",
                "ts": "1585196679.034100"
            },
            {
                "user": "UC19HAUAK",
                "ts": "1585196730.034300"
            },
            {
                "user": "ULKS069JN",
                "ts": "1585196823.034500"
            },
            {
                "user": "UC19HAUAK",
                "ts": "1585196857.034700"
            },
            {
                "user": "ULKS069JN",
                "ts": "1585196978.034900"
            },
            {
                "user": "ULKS069JN",
                "ts": "1585434306.062800"
            }
        ],
        "subscribed": false
    },
    {
        "client_msg_id": "9e150444-f943-47e4-b2d1-a8511861e306",
        "type": "message",
        "text": "Hey <@ULKS069JN>! Great question! This way in fact every tenant start to see it's own data however all the resources like query queue and pre-aggregations are shared between all the tenants.",
        "user": "UC19HAUAK",
        "ts": "1585167133.030900",
        "team": "TC0C1HURK",
        "user_team": "TC0C1HURK",
        "source_team": "TC0C1HURK",
        "user_profile": {
            "avatar_hash": "066a042e018c",
            "image_72": "https:\/\/avatars.slack-edge.com\/2019-12-07\/866588520998_066a042e018ca831a195_72.png",
            "first_name": "Pavel",
            "real_name": "Pavel Tiunov",
            "display_name": "pavel",
            "team": "TC0C1HURK",
            "name": "pavel",
            "is_restricted": false,
            "is_ultra_restricted": false
        },
        "blocks": [
            {
                "type": "rich_text",
                "block_id": "myA",
                "elements": [
                    {
                        "type": "rich_text_section",
                        "elements": [
                            {
                                "type": "text",
                                "text": "Hey "
                            },
                            {
                                "type": "user",
                                "user_id": "ULKS069JN"
                            },
                            {
                                "type": "text",
                                "text": "! Great question! This way in fact every tenant start to see it's own data however all the resources like query queue and pre-aggregations are shared between all the tenants."
                            }
                        ]
                    }
                ]
            }
        ],
        "thread_ts": "1585164289.030000",
        "parent_user_id": "ULKS069JN"
    },
    {
        "client_msg_id": "38ef688e-26d8-4945-859a-40057447c233",
        "type": "message",
        "text": "that means exists option where query queue preaggregation can be separated, sounds good",
        "user": "ULKS069JN",
        "ts": "1585167249.031100",
        "team": "TC0C1HURK",
        "user_team": "TC0C1HURK",
        "source_team": "TC0C1HURK",
        "user_profile": {
            "avatar_hash": "b1fec10e8c15",
            "image_72": "https:\/\/avatars.slack-edge.com\/2019-11-13\/835478181030_b1fec10e8c15e04269cc_72.png",
            "first_name": "Norbert",
            "real_name": "Norbert Bede",
            "display_name": "Norbert Bede",
            "team": "TC0C1HURK",
            "name": "norbert.bede764",
            "is_restricted": false,
            "is_ultra_restricted": false
        },
        "blocks": [
            {
                "type": "rich_text",
                "block_id": "P7o",
                "elements": [
                    {
                        "type": "rich_text_section",
                        "elements": [
                            {
                                "type": "text",
                                "text": "that means exists option where query queue preaggregation can be separated, sounds good"
                            }
                        ]
                    }
                ]
            }
        ],
        "thread_ts": "1585164289.030000",
        "parent_user_id": "ULKS069JN"
    },
    {
        "client_msg_id": "f8366314-e444-4b7f-8db6-864b6d022930",
        "type": "message",
        "text": "<@ULKS069JN> Yep. This one introduces non-shared query execution resources: <https:\/\/cube.dev\/docs\/multitenancy-setup#multiple-db-instances-with-same-schema>",
        "user": "UC19HAUAK",
        "ts": "1585167601.031300",
        "team": "TC0C1HURK",
        "user_team": "TC0C1HURK",
        "source_team": "TC0C1HURK",
        "user_profile": {
            "avatar_hash": "066a042e018c",
            "image_72": "https:\/\/avatars.slack-edge.com\/2019-12-07\/866588520998_066a042e018ca831a195_72.png",
            "first_name": "Pavel",
            "real_name": "Pavel Tiunov",
            "display_name": "pavel",
            "team": "TC0C1HURK",
            "name": "pavel",
            "is_restricted": false,
            "is_ultra_restricted": false
        },
        "blocks": [
            {
                "type": "rich_text",
                "block_id": "W+N",
                "elements": [
                    {
                        "type": "rich_text_section",
                        "elements": [
                            {
                                "type": "user",
                                "user_id": "ULKS069JN"
                            },
                            {
                                "type": "text",
                                "text": " Yep. This one introduces non-shared query execution resources: "
                            },
                            {
                                "type": "link",
                                "url": "https:\/\/cube.dev\/docs\/multitenancy-setup#multiple-db-instances-with-same-schema"
                            }
                        ]
                    }
                ]
            }
        ],
        "thread_ts": "1585164289.030000",
        "parent_user_id": "ULKS069JN"
    },
    {
        "client_msg_id": "1ddcc049-3223-4c79-bce6-59f563295210",
        "type": "message",
        "text": "what i like on cubejs - this is like e huge ERP\/WMS (i'm consultant for this). There all small detail must play each-other. congrat.",
        "user": "ULKS069JN",
        "ts": "1585167711.031500",
        "team": "TC0C1HURK",
        "user_team": "TC0C1HURK",
        "source_team": "TC0C1HURK",
        "user_profile": {
            "avatar_hash": "b1fec10e8c15",
            "image_72": "https:\/\/avatars.slack-edge.com\/2019-11-13\/835478181030_b1fec10e8c15e04269cc_72.png",
            "first_name": "Norbert",
            "real_name": "Norbert Bede",
            "display_name": "Norbert Bede",
            "team": "TC0C1HURK",
            "name": "norbert.bede764",
            "is_restricted": false,
            "is_ultra_restricted": false
        },
        "blocks": [
            {
                "type": "rich_text",
                "block_id": "zRT",
                "elements": [
                    {
                        "type": "rich_text_section",
                        "elements": [
                            {
                                "type": "text",
                                "text": "what i like on cubejs - this is like e huge ERP\/WMS (i'm consultant for this). There all small detail must play each-other. congrat."
                            }
                        ]
                    }
                ]
            }
        ],
        "thread_ts": "1585164289.030000",
        "parent_user_id": "ULKS069JN"
    },
    {
        "client_msg_id": "a55f8f89-f4e8-44d1-838e-b8b72026a922",
        "type": "message",
        "text": "still neeed learn lot. but looks we fall into cubejs. daily discovering new requirement new direction",
        "user": "ULKS069JN",
        "ts": "1585167750.031700",
        "team": "TC0C1HURK",
        "user_team": "TC0C1HURK",
        "source_team": "TC0C1HURK",
        "user_profile": {
            "avatar_hash": "b1fec10e8c15",
            "image_72": "https:\/\/avatars.slack-edge.com\/2019-11-13\/835478181030_b1fec10e8c15e04269cc_72.png",
            "first_name": "Norbert",
            "real_name": "Norbert Bede",
            "display_name": "Norbert Bede",
            "team": "TC0C1HURK",
            "name": "norbert.bede764",
            "is_restricted": false,
            "is_ultra_restricted": false
        },
        "blocks": [
            {
                "type": "rich_text",
                "block_id": "diBW",
                "elements": [
                    {
                        "type": "rich_text_section",
                        "elements": [
                            {
                                "type": "text",
                                "text": "still neeed learn lot. but looks we fall into cubejs. daily discovering new requirement new direction"
                            }
                        ]
                    }
                ]
            }
        ],
        "thread_ts": "1585164289.030000",
        "parent_user_id": "ULKS069JN"
    },
    {
        "client_msg_id": "4c11308c-e786-48be-b230-88c94017c5d2",
        "type": "message",
        "text": "any clues?",
        "user": "UQKRDNV7G",
        "ts": "1585168851.031900",
        "team": "TC0C1HURK",
        "user_team": "TC0C1HURK",
        "source_team": "TC0C1HURK",
        "user_profile": {
            "avatar_hash": "g859309abf75",
            "image_72": "https:\/\/secure.gravatar.com\/avatar\/859309abf75193c97c05fb0b590b07d0.jpg?s=72&d=https%3A%2F%2Fa.slack-edge.com%2Fdf10d%2Fimg%2Favatars%2Fava_0005-72.png",
            "first_name": "",
            "real_name": "Eduardo",
            "display_name": "",
            "team": "TC0C1HURK",
            "name": "eduardo",
            "is_restricted": false,
            "is_ultra_restricted": false
        },
        "blocks": [
            {
                "type": "rich_text",
                "block_id": "JCj8",
                "elements": [
                    {
                        "type": "rich_text_section",
                        "elements": [
                            {
                                "type": "text",
                                "text": "any clues?"
                            }
                        ]
                    }
                ]
            }
        ],
        "thread_ts": "1585097663.001300",
        "parent_user_id": "UQKRDNV7G"
    },
    {
        "client_msg_id": "a63e39c5-d046-4091-8285-4ff76ee4cd96",
        "type": "message",
        "text": "<@UQKRDNV7G> Could you please share your console logs?",
        "user": "UC19HAUAK",
        "ts": "1585168884.032100",
        "team": "TC0C1HURK",
        "user_team": "TC0C1HURK",
        "source_team": "TC0C1HURK",
        "user_profile": {
            "avatar_hash": "066a042e018c",
            "image_72": "https:\/\/avatars.slack-edge.com\/2019-12-07\/866588520998_066a042e018ca831a195_72.png",
            "first_name": "Pavel",
            "real_name": "Pavel Tiunov",
            "display_name": "pavel",
            "team": "TC0C1HURK",
            "name": "pavel",
            "is_restricted": false,
            "is_ultra_restricted": false
        },
        "blocks": [
            {
                "type": "rich_text",
                "block_id": "E1Tx",
                "elements": [
                    {
                        "type": "rich_text_section",
                        "elements": [
                            {
                                "type": "user",
                                "user_id": "UQKRDNV7G"
                            },
                            {
                                "type": "text",
                                "text": " Could you please share your console logs?"
                            }
                        ]
                    }
                ]
            }
        ],
        "thread_ts": "1585097663.001300",
        "parent_user_id": "UQKRDNV7G"
    },
    {
        "client_msg_id": "861ac050-4023-4fe8-9b99-ece6c17ad887",
        "type": "message",
        "text": "i'm pretty sure it is because of the dozens of datasets there. Manual schema works fine, it's only in the \"Tables\" section of the playground this happens.",
        "user": "UQKRDNV7G",
        "ts": "1585168926.032300",
        "team": "TC0C1HURK",
        "user_team": "TC0C1HURK",
        "source_team": "TC0C1HURK",
        "user_profile": {
            "avatar_hash": "g859309abf75",
            "image_72": "https:\/\/secure.gravatar.com\/avatar\/859309abf75193c97c05fb0b590b07d0.jpg?s=72&d=https%3A%2F%2Fa.slack-edge.com%2Fdf10d%2Fimg%2Favatars%2Fava_0005-72.png",
            "first_name": "",
            "real_name": "Eduardo",
            "display_name": "",
            "team": "TC0C1HURK",
            "name": "eduardo",
            "is_restricted": false,
            "is_ultra_restricted": false
        },
        "blocks": [
            {
                "type": "rich_text",
                "block_id": "IRZd",
                "elements": [
                    {
                        "type": "rich_text_section",
                        "elements": [
                            {
                                "type": "text",
                                "text": "i'm pretty sure it is because of the dozens of datasets there. Manual schema works fine, it's only in the \"Tables\" section of the playground this happens."
                            }
                        ]
                    }
                ]
            }
        ],
        "thread_ts": "1585097663.001300",
        "parent_user_id": "UQKRDNV7G"
    },
    {
        "client_msg_id": "512d4e96-3180-41dd-9eeb-5cc5b70b0cc5",
        "type": "message",
        "text": "Error is exactly the same in the logs",
        "user": "UQKRDNV7G",
        "ts": "1585168930.032500",
        "team": "TC0C1HURK",
        "user_team": "TC0C1HURK",
        "source_team": "TC0C1HURK",
        "user_profile": {
            "avatar_hash": "g859309abf75",
            "image_72": "https:\/\/secure.gravatar.com\/avatar\/859309abf75193c97c05fb0b590b07d0.jpg?s=72&d=https%3A%2F%2Fa.slack-edge.com%2Fdf10d%2Fimg%2Favatars%2Fava_0005-72.png",
            "first_name": "",
            "real_name": "Eduardo",
            "display_name": "",
            "team": "TC0C1HURK",
            "name": "eduardo",
            "is_restricted": false,
            "is_ultra_restricted": false
        },
        "blocks": [
            {
                "type": "rich_text",
                "block_id": "F+Gf",
                "elements": [
                    {
                        "type": "rich_text_section",
                        "elements": [
                            {
                                "type": "text",
                                "text": "Error is exactly the same in the logs"
                            }
                        ]
                    }
                ]
            }
        ],
        "thread_ts": "1585097663.001300",
        "parent_user_id": "UQKRDNV7G"
    },
    {
        "client_msg_id": "70abd46a-14ed-44e6-ad1f-225698aeb299",
        "type": "message",
        "text": ":eagle: Dev environment available at <http:\/\/localhost:4000>\n:rocket: Cube.js server is listening on 4000\nFetchError: request to <https:\/\/bigquery.googleapis.com\/bigquery\/v2\/projects\/funda-bi\/datasets\/fundadesk\/tables\/FDK_ENUM_TypeDienst>? failed, reason: connect ECONNREFUSED 172.217.168.202:443\n  at ClientRequest.&lt;anonymous&gt; (\/Users\/eduardo\/Downloads\/dev\/funda\/convert\/cubejs-serverless\/node_modules\/node-fetch\/lib\/index.js:1455:11)\n  at ClientRequest.emit (events.js:315:20)\n  at TLSSocket.socketErrorListener (_http_client.js:432:9)\n  at TLSSocket.emit (events.js:315:20)\n  at emitErrorNT (internal\/streams\/destroy.js:84:8)\n  at processTicksAndRejections (internal\/process\/task_queues.js:84:21)\nFetchError: request to <https:\/\/bigquery.googleapis.com\/bigquery\/v2\/projects\/funda-bi\/datasets\/Objecten\/tables>? failed, reason: connect ECONNREFUSED 172.217.168.234:443\n  at ClientRequest.&lt;anonymous&gt; (\/Users\/eduardo\/Downloads\/dev\/funda\/convert\/cubejs-serverless\/node_modules\/node-fetch\/lib\/index.js:1455:11)\n  at ClientRequest.emit (events.js:315:20)\n  at TLSSocket.socketErrorListener (_http_client.js:432:9)\n  at TLSSocket.emit (events.js:315:20)\n  at emitErrorNT (internal\/streams\/destroy.js:84:8)\n  at processTicksAndRejections (internal\/process\/task_queues.js:84:21)\nFetchError: request to <https:\/\/bigquery.googleapis.com\/bigquery\/v2\/projects\/funda-bi\/datasets\/129636490\/tables\/ga_sessions_20191016>? failed, reason: connect ECONNREFUSED 172.217.17.138:443\n  at ClientRequest.&lt;anonymous&gt; (\/Users\/eduardo\/Downloads\/dev\/funda\/convert\/cubejs-serverless\/node_modules\/node-fetch\/lib\/index.js:1455:11)\n  at ClientRequest.emit (events.js:315:20)\n  at TLSSocket.socketErrorListener (_http_client.js:432:9)\n  at TLSSocket.emit (events.js:315:20)\n  at emitErrorNT (internal\/streams\/destroy.js:84:8)\n  at processTicksAndRejections (internal\/process\/task_queues.js:84:21)",
        "user": "UQKRDNV7G",
        "ts": "1585169002.032700",
        "team": "TC0C1HURK",
        "user_team": "TC0C1HURK",
        "source_team": "TC0C1HURK",
        "user_profile": {
            "avatar_hash": "g859309abf75",
            "image_72": "https:\/\/secure.gravatar.com\/avatar\/859309abf75193c97c05fb0b590b07d0.jpg?s=72&d=https%3A%2F%2Fa.slack-edge.com%2Fdf10d%2Fimg%2Favatars%2Fava_0005-72.png",
            "first_name": "",
            "real_name": "Eduardo",
            "display_name": "",
            "team": "TC0C1HURK",
            "name": "eduardo",
            "is_restricted": false,
            "is_ultra_restricted": false
        },
        "blocks": [
            {
                "type": "rich_text",
                "block_id": "uapNe",
                "elements": [
                    {
                        "type": "rich_text_section",
                        "elements": [
                            {
                                "type": "emoji",
                                "name": "eagle"
                            },
                            {
                                "type": "text",
                                "text": " Dev environment available at "
                            },
                            {
                                "type": "link",
                                "url": "http:\/\/localhost:4000"
                            },
                            {
                                "type": "text",
                                "text": "\n"
                            },
                            {
                                "type": "emoji",
                                "name": "rocket"
                            },
                            {
                                "type": "text",
                                "text": " Cube.js server is listening on 4000\nFetchError: request to "
                            },
                            {
                                "type": "link",
                                "url": "https:\/\/bigquery.googleapis.com\/bigquery\/v2\/projects\/funda-bi\/datasets\/fundadesk\/tables\/FDK_ENUM_TypeDienst"
                            },
                            {
                                "type": "text",
                                "text": "? failed, reason: connect ECONNREFUSED 172.217.168.202:443\n  at ClientRequest.<anonymous> (\/Users\/eduardo\/Downloads\/dev\/funda\/convert\/cubejs-serverless\/node_modules\/node-fetch\/lib\/index.js:1455:11)\n  at ClientRequest.emit (events.js:315:20)\n  at TLSSocket.socketErrorListener (_http_client.js:432:9)\n  at TLSSocket.emit (events.js:315:20)\n  at emitErrorNT (internal\/streams\/destroy.js:84:8)\n  at processTicksAndRejections (internal\/process\/task_queues.js:84:21)\nFetchError: request to "
                            },
                            {
                                "type": "link",
                                "url": "https:\/\/bigquery.googleapis.com\/bigquery\/v2\/projects\/funda-bi\/datasets\/Objecten\/tables"
                            },
                            {
                                "type": "text",
                                "text": "? failed, reason: connect ECONNREFUSED 172.217.168.234:443\n  at ClientRequest.<anonymous> (\/Users\/eduardo\/Downloads\/dev\/funda\/convert\/cubejs-serverless\/node_modules\/node-fetch\/lib\/index.js:1455:11)\n  at ClientRequest.emit (events.js:315:20)\n  at TLSSocket.socketErrorListener (_http_client.js:432:9)\n  at TLSSocket.emit (events.js:315:20)\n  at emitErrorNT (internal\/streams\/destroy.js:84:8)\n  at processTicksAndRejections (internal\/process\/task_queues.js:84:21)\nFetchError: request to "
                            },
                            {
                                "type": "link",
                                "url": "https:\/\/bigquery.googleapis.com\/bigquery\/v2\/projects\/funda-bi\/datasets\/129636490\/tables\/ga_sessions_20191016"
                            },
                            {
                                "type": "text",
                                "text": "? failed, reason: connect ECONNREFUSED 172.217.17.138:443\n  at ClientRequest.<anonymous> (\/Users\/eduardo\/Downloads\/dev\/funda\/convert\/cubejs-serverless\/node_modules\/node-fetch\/lib\/index.js:1455:11)\n  at ClientRequest.emit (events.js:315:20)\n  at TLSSocket.socketErrorListener (_http_client.js:432:9)\n  at TLSSocket.emit (events.js:315:20)\n  at emitErrorNT (internal\/streams\/destroy.js:84:8)\n  at processTicksAndRejections (internal\/process\/task_queues.js:84:21)"
                            }
                        ]
                    }
                ]
            }
        ],
        "thread_ts": "1585097663.001300",
        "parent_user_id": "UQKRDNV7G"
    },
    {
        "client_msg_id": "fec61bd4-d2d1-458a-b73e-00085ef14023",
        "type": "message",
        "text": "<@UQKRDNV7G> Gotcha. I think makes sense to create an issue for API call rate limiting on driver side.",
        "user": "UC19HAUAK",
        "ts": "1585169180.032900",
        "team": "TC0C1HURK",
        "user_team": "TC0C1HURK",
        "source_team": "TC0C1HURK",
        "user_profile": {
            "avatar_hash": "066a042e018c",
            "image_72": "https:\/\/avatars.slack-edge.com\/2019-12-07\/866588520998_066a042e018ca831a195_72.png",
            "first_name": "Pavel",
            "real_name": "Pavel Tiunov",
            "display_name": "pavel",
            "team": "TC0C1HURK",
            "name": "pavel",
            "is_restricted": false,
            "is_ultra_restricted": false
        },
        "blocks": [
            {
                "type": "rich_text",
                "block_id": "A9ma",
                "elements": [
                    {
                        "type": "rich_text_section",
                        "elements": [
                            {
                                "type": "user",
                                "user_id": "UQKRDNV7G"
                            },
                            {
                                "type": "text",
                                "text": " Gotcha. I think makes sense to create an issue for API call rate limiting on driver side."
                            }
                        ]
                    }
                ]
            }
        ],
        "thread_ts": "1585097663.001300",
        "parent_user_id": "UQKRDNV7G"
    },
    {
        "type": "message",
        "subtype": "channel_join",
        "ts": "1585178570.033200",
        "user": "U010FB4TBTM",
        "text": "<@U010FB4TBTM> has joined the channel"
    },
    {
        "client_msg_id": "0eaa3852-665f-42f3-9f38-003cb4f78126",
        "type": "message",
        "text": "I fixed the redis connection issue and also added internet access for lambda. Which functions should it be applied to? The api gateway one, cubejs, or cubejs process? Or all 3?",
        "user": "U010JT30AEB",
        "ts": "1585184784.033300",
        "team": "TC0C1HURK",
        "user_team": "TC0C1HURK",
        "source_team": "TC0C1HURK",
        "user_profile": {
            "avatar_hash": "g14a468b81cf",
            "image_72": "https:\/\/secure.gravatar.com\/avatar\/14a468b81cf34633511b0e2c7a738e7f.jpg?s=72&d=https%3A%2F%2Fa.slack-edge.com%2Fdf10d%2Fimg%2Favatars%2Fava_0011-72.png",
            "first_name": "",
            "real_name": "George Lee",
            "display_name": "George Lee",
            "team": "TC0C1HURK",
            "name": "georgelee96",
            "is_restricted": false,
            "is_ultra_restricted": false
        },
        "blocks": [
            {
                "type": "rich_text",
                "block_id": "Z1T",
                "elements": [
                    {
                        "type": "rich_text_section",
                        "elements": [
                            {
                                "type": "text",
                                "text": "I fixed the redis connection issue and also added internet access for lambda. Which functions should it be applied to? The api gateway one, cubejs, or cubejs process? Or all 3?"
                            }
                        ]
                    }
                ]
            }
        ],
        "thread_ts": "1585117682.013200",
        "parent_user_id": "U010JT30AEB"
    },
    {
        "client_msg_id": "822a1c47-1ca1-49d0-8187-b0f982ca52fc",
        "type": "message",
        "text": "<@UC19HAUAK>",
        "user": "U010JT30AEB",
        "ts": "1585191521.033500",
        "team": "TC0C1HURK",
        "user_team": "TC0C1HURK",
        "source_team": "TC0C1HURK",
        "user_profile": {
            "avatar_hash": "g14a468b81cf",
            "image_72": "https:\/\/secure.gravatar.com\/avatar\/14a468b81cf34633511b0e2c7a738e7f.jpg?s=72&d=https%3A%2F%2Fa.slack-edge.com%2Fdf10d%2Fimg%2Favatars%2Fava_0011-72.png",
            "first_name": "",
            "real_name": "George Lee",
            "display_name": "George Lee",
            "team": "TC0C1HURK",
            "name": "georgelee96",
            "is_restricted": false,
            "is_ultra_restricted": false
        },
        "blocks": [
            {
                "type": "rich_text",
                "block_id": "Uo+",
                "elements": [
                    {
                        "type": "rich_text_section",
                        "elements": [
                            {
                                "type": "user",
                                "user_id": "UC19HAUAK"
                            }
                        ]
                    }
                ]
            }
        ],
        "thread_ts": "1585117682.013200",
        "parent_user_id": "U010JT30AEB"
    },
    {
        "client_msg_id": "f23803eb-595f-487a-abd8-fc91115e2643",
        "type": "message",
        "text": "<@U010JT30AEB> To all of them. There're actually only 2 of them.",
        "user": "UC19HAUAK",
        "ts": "1585191557.033700",
        "team": "TC0C1HURK",
        "user_team": "TC0C1HURK",
        "source_team": "TC0C1HURK",
        "user_profile": {
            "avatar_hash": "066a042e018c",
            "image_72": "https:\/\/avatars.slack-edge.com\/2019-12-07\/866588520998_066a042e018ca831a195_72.png",
            "first_name": "Pavel",
            "real_name": "Pavel Tiunov",
            "display_name": "pavel",
            "team": "TC0C1HURK",
            "name": "pavel",
            "is_restricted": false,
            "is_ultra_restricted": false
        },
        "blocks": [
            {
                "type": "rich_text",
                "block_id": "g1go",
                "elements": [
                    {
                        "type": "rich_text_section",
                        "elements": [
                            {
                                "type": "user",
                                "user_id": "U010JT30AEB"
                            },
                            {
                                "type": "text",
                                "text": " To all of them. There're actually only 2 of them."
                            }
                        ]
                    }
                ]
            }
        ],
        "thread_ts": "1585117682.013200",
        "parent_user_id": "U010JT30AEB"
    },
    {
        "client_msg_id": "dffde058-b126-4c91-b3ae-6e4928bf58c0",
        "type": "message",
        "text": "<@UC19HAUAK> sorry cant get it work. is this payload correct ?\n\n\"authInfo\": {\n  \"u\": \"{ad_client_id:1000026}\",\n  \"iat\": 1585196250,\n  \"exp\": 1616753850",
        "user": "ULKS069JN",
        "ts": "1585196634.033900",
        "team": "TC0C1HURK",
        "user_team": "TC0C1HURK",
        "source_team": "TC0C1HURK",
        "user_profile": {
            "avatar_hash": "b1fec10e8c15",
            "image_72": "https:\/\/avatars.slack-edge.com\/2019-11-13\/835478181030_b1fec10e8c15e04269cc_72.png",
            "first_name": "Norbert",
            "real_name": "Norbert Bede",
            "display_name": "Norbert Bede",
            "team": "TC0C1HURK",
            "name": "norbert.bede764",
            "is_restricted": false,
            "is_ultra_restricted": false
        },
        "blocks": [
            {
                "type": "rich_text",
                "block_id": "Of2r",
                "elements": [
                    {
                        "type": "rich_text_section",
                        "elements": [
                            {
                                "type": "user",
                                "user_id": "UC19HAUAK"
                            },
                            {
                                "type": "text",
                                "text": " sorry cant get it work. is this payload correct ?\n\n\"authInfo\": {\n  \"u\": \"{ad_client_id:1000026}\",\n  \"iat\": 1585196250,\n  \"exp\": 1616753850"
                            }
                        ]
                    }
                ]
            }
        ],
        "thread_ts": "1585164289.030000",
        "parent_user_id": "ULKS069JN"
    },
    {
        "client_msg_id": "b87a1998-c42a-4b67-949c-098bb41dd10b",
        "type": "message",
        "text": "cubejs token -e \"1 year\" -s XXXXX -p u={'ad_client_id':1000026}",
        "user": "ULKS069JN",
        "ts": "1585196679.034100",
        "team": "TC0C1HURK",
        "user_team": "TC0C1HURK",
        "source_team": "TC0C1HURK",
        "user_profile": {
            "avatar_hash": "b1fec10e8c15",
            "image_72": "https:\/\/avatars.slack-edge.com\/2019-11-13\/835478181030_b1fec10e8c15e04269cc_72.png",
            "first_name": "Norbert",
            "real_name": "Norbert Bede",
            "display_name": "Norbert Bede",
            "team": "TC0C1HURK",
            "name": "norbert.bede764",
            "is_restricted": false,
            "is_ultra_restricted": false
        },
        "blocks": [
            {
                "type": "rich_text",
                "block_id": "WTR9V",
                "elements": [
                    {
                        "type": "rich_text_section",
                        "elements": [
                            {
                                "type": "text",
                                "text": "cubejs token -e \"1 year\" -s XXXXX -p u={'ad_client_id':1000026}"
                            }
                        ]
                    }
                ]
            }
        ],
        "thread_ts": "1585164289.030000",
        "parent_user_id": "ULKS069JN"
    },
    {
        "client_msg_id": "8328065b-10b4-4b18-9453-b50ecb843b7a",
        "type": "message",
        "text": "<@ULKS069JN> Unfortunately cubejs CLI token generation doesn't support providing user payload.",
        "user": "UC19HAUAK",
        "ts": "1585196730.034300",
        "team": "TC0C1HURK",
        "user_team": "TC0C1HURK",
        "source_team": "TC0C1HURK",
        "user_profile": {
            "avatar_hash": "066a042e018c",
            "image_72": "https:\/\/avatars.slack-edge.com\/2019-12-07\/866588520998_066a042e018ca831a195_72.png",
            "first_name": "Pavel",
            "real_name": "Pavel Tiunov",
            "display_name": "pavel",
            "team": "TC0C1HURK",
            "name": "pavel",
            "is_restricted": false,
            "is_ultra_restricted": false
        },
        "blocks": [
            {
                "type": "rich_text",
                "block_id": "=TCv",
                "elements": [
                    {
                        "type": "rich_text_section",
                        "elements": [
                            {
                                "type": "user",
                                "user_id": "ULKS069JN"
                            },
                            {
                                "type": "text",
                                "text": " Unfortunately cubejs CLI token generation doesn't support providing user payload."
                            }
                        ]
                    }
                ]
            }
        ],
        "thread_ts": "1585164289.030000",
        "parent_user_id": "ULKS069JN"
    },
    {
        "client_msg_id": "419d0767-d179-4059-8d3e-63caaa714baf",
        "type": "message",
        "text": "np. ok. I can change it in JWT debugger, the bellow is correct ?\n\n\"authInfo\": {\n  \"u\": \"{ad_client_id:1000026}\",\n  \"iat\": 1585196250,\n  \"exp\": 1616753850",
        "user": "ULKS069JN",
        "ts": "1585196823.034500",
        "team": "TC0C1HURK",
        "user_team": "TC0C1HURK",
        "source_team": "TC0C1HURK",
        "user_profile": {
            "avatar_hash": "b1fec10e8c15",
            "image_72": "https:\/\/avatars.slack-edge.com\/2019-11-13\/835478181030_b1fec10e8c15e04269cc_72.png",
            "first_name": "Norbert",
            "real_name": "Norbert Bede",
            "display_name": "Norbert Bede",
            "team": "TC0C1HURK",
            "name": "norbert.bede764",
            "is_restricted": false,
            "is_ultra_restricted": false
        },
        "blocks": [
            {
                "type": "rich_text",
                "block_id": "df3F",
                "elements": [
                    {
                        "type": "rich_text_section",
                        "elements": [
                            {
                                "type": "text",
                                "text": "np. ok. I can change it in JWT debugger, the bellow is correct ?\n\n\"authInfo\": {\n  \"u\": \"{ad_client_id:1000026}\",\n  \"iat\": 1585196250,\n  \"exp\": 1616753850"
                            }
                        ]
                    }
                ]
            }
        ],
        "thread_ts": "1585164289.030000",
        "parent_user_id": "ULKS069JN"
    },
    {
        "client_msg_id": "66c42530-92ab-4968-88dd-909327fc068e",
        "type": "message",
        "text": "Nope. You should provide nested object for `u` not a string.",
        "user": "UC19HAUAK",
        "ts": "1585196857.034700",
        "team": "TC0C1HURK",
        "user_team": "TC0C1HURK",
        "source_team": "TC0C1HURK",
        "user_profile": {
            "avatar_hash": "066a042e018c",
            "image_72": "https:\/\/avatars.slack-edge.com\/2019-12-07\/866588520998_066a042e018ca831a195_72.png",
            "first_name": "Pavel",
            "real_name": "Pavel Tiunov",
            "display_name": "pavel",
            "team": "TC0C1HURK",
            "name": "pavel",
            "is_restricted": false,
            "is_ultra_restricted": false
        },
        "blocks": [
            {
                "type": "rich_text",
                "block_id": "GkX7B",
                "elements": [
                    {
                        "type": "rich_text_section",
                        "elements": [
                            {
                                "type": "text",
                                "text": "Nope. You should provide nested object for "
                            },
                            {
                                "type": "text",
                                "text": "u",
                                "style": {
                                    "code": true
                                }
                            },
                            {
                                "type": "text",
                                "text": " not a string."
                            }
                        ]
                    }
                ]
            }
        ],
        "thread_ts": "1585164289.030000",
        "parent_user_id": "ULKS069JN"
    },
    {
        "client_msg_id": "ac2d603a-8e0e-458c-9f73-11e16f5c6141",
        "type": "message",
        "text": "ok thanks",
        "user": "ULKS069JN",
        "ts": "1585196978.034900",
        "team": "TC0C1HURK",
        "user_team": "TC0C1HURK",
        "source_team": "TC0C1HURK",
        "user_profile": {
            "avatar_hash": "b1fec10e8c15",
            "image_72": "https:\/\/avatars.slack-edge.com\/2019-11-13\/835478181030_b1fec10e8c15e04269cc_72.png",
            "first_name": "Norbert",
            "real_name": "Norbert Bede",
            "display_name": "Norbert Bede",
            "team": "TC0C1HURK",
            "name": "norbert.bede764",
            "is_restricted": false,
            "is_ultra_restricted": false
        },
        "blocks": [
            {
                "type": "rich_text",
                "block_id": "Fqioy",
                "elements": [
                    {
                        "type": "rich_text_section",
                        "elements": [
                            {
                                "type": "text",
                                "text": "ok thanks"
                            }
                        ]
                    }
                ]
            }
        ],
        "thread_ts": "1585164289.030000",
        "parent_user_id": "ULKS069JN"
    },
    {
        "client_msg_id": "d2570588-ca7f-4fc7-b8fb-b400c557911c",
        "type": "message",
        "text": "I finaly got that working by just calling cube.js api not vue client. const resultSet = await this.cubejsApi.load({\n        measures: [\"Sensorinfo.temperature_avg\"],\n        timeDimensions: [\n          {\n            dimension: \"Sensorinfo.time\",\n            granularity: \"day\"\n          }\n        ]\n      });\n      console.log(\"resdddddddddddddddddd\", resultSet);",
        "user": "U0100SHPRNH",
        "ts": "1585201848.035100",
        "team": "TC0C1HURK",
        "user_team": "TC0C1HURK",
        "source_team": "TC0C1HURK",
        "user_profile": {
            "avatar_hash": "ga1baa38bec0",
            "image_72": "https:\/\/secure.gravatar.com\/avatar\/a1baa38bec03b27b150f479a8eaeff78.jpg?s=72&d=https%3A%2F%2Fa.slack-edge.com%2Fdf10d%2Fimg%2Favatars%2Fava_0006-72.png",
            "first_name": "",
            "real_name": "samsom",
            "display_name": "samsom",
            "team": "TC0C1HURK",
            "name": "samsomlan",
            "is_restricted": false,
            "is_ultra_restricted": false
        },
        "blocks": [
            {
                "type": "rich_text",
                "block_id": "QB79\/",
                "elements": [
                    {
                        "type": "rich_text_section",
                        "elements": [
                            {
                                "type": "text",
                                "text": "I finaly got that working by just calling cube.js api not vue client. const resultSet = await this.cubejsApi.load({\n        measures: [\"Sensorinfo.temperature_avg\"],\n        timeDimensions: [\n          {\n            dimension: \"Sensorinfo.time\",\n            granularity: \"day\"\n          }\n        ]\n      });\n      console.log(\"resdddddddddddddddddd\", resultSet);"
                            }
                        ]
                    }
                ]
            }
        ],
        "thread_ts": "1585060868.361400",
        "parent_user_id": "U0100SHPRNH",
        "reactions": [
            {
                "name": "raised_hands",
                "users": [
                    "UC19HAUAK"
                ],
                "count": 1
            }
        ]
    },
    {
        "client_msg_id": "b6599f15-ef1b-4de3-ad57-cac35f52d50f",
        "type": "message",
        "text": "3ks",
        "user": "U0100SHPRNH",
        "ts": "1585201860.035300",
        "team": "TC0C1HURK",
        "user_team": "TC0C1HURK",
        "source_team": "TC0C1HURK",
        "user_profile": {
            "avatar_hash": "ga1baa38bec0",
            "image_72": "https:\/\/secure.gravatar.com\/avatar\/a1baa38bec03b27b150f479a8eaeff78.jpg?s=72&d=https%3A%2F%2Fa.slack-edge.com%2Fdf10d%2Fimg%2Favatars%2Fava_0006-72.png",
            "first_name": "",
            "real_name": "samsom",
            "display_name": "samsom",
            "team": "TC0C1HURK",
            "name": "samsomlan",
            "is_restricted": false,
            "is_ultra_restricted": false
        },
        "blocks": [
            {
                "type": "rich_text",
                "block_id": "BrI",
                "elements": [
                    {
                        "type": "rich_text_section",
                        "elements": [
                            {
                                "type": "text",
                                "text": "3ks"
                            }
                        ]
                    }
                ]
            }
        ],
        "thread_ts": "1585060868.361400",
        "parent_user_id": "U0100SHPRNH"
    }
]