[
    {
        "type": "message",
        "subtype": "channel_join",
        "ts": "1592298505.130800",
        "user": "U015V2LERKK",
        "text": "<@U015V2LERKK> has joined the channel"
    },
    {
        "type": "message",
        "subtype": "channel_join",
        "ts": "1592302499.131000",
        "user": "U015V69EMMX",
        "text": "<@U015V69EMMX> has joined the channel"
    },
    {
        "type": "message",
        "subtype": "channel_join",
        "ts": "1592311300.131200",
        "user": "U015H1MRUCT",
        "text": "<@U015H1MRUCT> has joined the channel"
    },
    {
        "client_msg_id": "e9eff2fe-95fb-4507-804a-32c1ea91bd8c",
        "type": "message",
        "text": "All query results are grouped by default. In case of `ungrouped` grouping will not be applied to the query <https:\/\/www.w3schools.com\/sql\/sql_groupby.asp>",
        "user": "U013J5CRRDW",
        "ts": "1592313534.131300",
        "team": "TC0C1HURK",
        "user_team": "TC0C1HURK",
        "source_team": "TC0C1HURK",
        "user_profile": {
            "avatar_hash": "759b4f7ce0bf",
            "image_72": "https:\/\/avatars.slack-edge.com\/2020-06-23\/1224215237280_759b4f7ce0bf4b291721_72.jpg",
            "first_name": "Alex",
            "real_name": "Alex Vasilev",
            "display_name": "Alex Vasilev",
            "team": "TC0C1HURK",
            "name": "vaspiring",
            "is_restricted": false,
            "is_ultra_restricted": false
        },
        "attachments": [
            {
                "title": "SQL GROUP BY Statement",
                "title_link": "https:\/\/www.w3schools.com\/sql\/sql_groupby.asp",
                "text": "Well organized and easy to understand Web building tutorials with lots of examples of how to use HTML, CSS, JavaScript, SQL, PHP, Python, Bootstrap, Java and XML.",
                "fallback": "SQL GROUP BY Statement",
                "from_url": "https:\/\/www.w3schools.com\/sql\/sql_groupby.asp",
                "service_icon": "https:\/\/www.w3schools.com\/favicon.ico",
                "service_name": "w3schools.com",
                "id": 1,
                "original_url": "https:\/\/www.w3schools.com\/sql\/sql_groupby.asp"
            }
        ],
        "blocks": [
            {
                "type": "rich_text",
                "block_id": "lLr0",
                "elements": [
                    {
                        "type": "rich_text_section",
                        "elements": [
                            {
                                "type": "text",
                                "text": "All query results are grouped by default. In case of "
                            },
                            {
                                "type": "text",
                                "text": "ungrouped",
                                "style": {
                                    "code": true
                                }
                            },
                            {
                                "type": "text",
                                "text": " grouping will not be applied to the query "
                            },
                            {
                                "type": "link",
                                "url": "https:\/\/www.w3schools.com\/sql\/sql_groupby.asp"
                            }
                        ]
                    }
                ]
            }
        ],
        "thread_ts": "1592289387.129200",
        "parent_user_id": "US1P711C1"
    },
    {
        "type": "message",
        "subtype": "channel_join",
        "ts": "1592313792.131700",
        "user": "U015H4K3A7M",
        "text": "<@U015H4K3A7M> has joined the channel"
    },
    {
        "client_msg_id": "58456645-1c0e-40ac-8903-5e7db8113055",
        "type": "message",
        "text": "Hi Alex, i have integrated your querybuilder and chart, I have a measure: (count of product), and i put into 2 dimensions, first dimension is date, second dimension is category, what i want is for those date, how those categories are changing, but the result I get from the query shows date-category vs count",
        "user": "US1P711C1",
        "ts": "1592313800.131800",
        "team": "TC0C1HURK",
        "user_team": "TC0C1HURK",
        "source_team": "TC0C1HURK",
        "user_profile": {
            "avatar_hash": "g5842626266c",
            "image_72": "https:\/\/secure.gravatar.com\/avatar\/5842626266c4cd89c48ea10e14a1a8e0.jpg?s=72&d=https%3A%2F%2Fa.slack-edge.com%2Fdf10d%2Fimg%2Favatars%2Fava_0012-72.png",
            "first_name": "",
            "real_name": "Alice",
            "display_name": "Alice",
            "team": "TC0C1HURK",
            "name": "liuyushu1",
            "is_restricted": false,
            "is_ultra_restricted": false
        },
        "blocks": [
            {
                "type": "rich_text",
                "block_id": "=9fm",
                "elements": [
                    {
                        "type": "rich_text_section",
                        "elements": [
                            {
                                "type": "text",
                                "text": "Hi Alex, i have integrated your querybuilder and chart, I have a measure: (count of product), and i put into 2 dimensions, first dimension is date, second dimension is category, what i want is for those date, how those categories are changing, but the result I get from the query shows date-category vs count"
                            }
                        ]
                    }
                ]
            }
        ],
        "thread_ts": "1592289387.129200",
        "parent_user_id": "US1P711C1"
    },
    {
        "client_msg_id": "914a783f-0ed8-451f-b03b-d4e18d4b76ef",
        "type": "message",
        "text": "I was expecting size of (categories) lines in the chart, but they are mixed together as one line",
        "user": "US1P711C1",
        "ts": "1592313861.132000",
        "team": "TC0C1HURK",
        "user_team": "TC0C1HURK",
        "source_team": "TC0C1HURK",
        "user_profile": {
            "avatar_hash": "g5842626266c",
            "image_72": "https:\/\/secure.gravatar.com\/avatar\/5842626266c4cd89c48ea10e14a1a8e0.jpg?s=72&d=https%3A%2F%2Fa.slack-edge.com%2Fdf10d%2Fimg%2Favatars%2Fava_0012-72.png",
            "first_name": "",
            "real_name": "Alice",
            "display_name": "Alice",
            "team": "TC0C1HURK",
            "name": "liuyushu1",
            "is_restricted": false,
            "is_ultra_restricted": false
        },
        "blocks": [
            {
                "type": "rich_text",
                "block_id": "juT",
                "elements": [
                    {
                        "type": "rich_text_section",
                        "elements": [
                            {
                                "type": "text",
                                "text": "I was expecting size of (categories) lines in the chart, but they are mixed together as one line"
                            }
                        ]
                    }
                ]
            }
        ],
        "thread_ts": "1592289387.129200",
        "parent_user_id": "US1P711C1"
    },
    {
        "client_msg_id": "d1daf02f-b343-4cd0-a8a8-be91f0fbb0f2",
        "type": "message",
        "text": "not sure if i explained the question",
        "user": "US1P711C1",
        "ts": "1592313870.132200",
        "team": "TC0C1HURK",
        "user_team": "TC0C1HURK",
        "source_team": "TC0C1HURK",
        "user_profile": {
            "avatar_hash": "g5842626266c",
            "image_72": "https:\/\/secure.gravatar.com\/avatar\/5842626266c4cd89c48ea10e14a1a8e0.jpg?s=72&d=https%3A%2F%2Fa.slack-edge.com%2Fdf10d%2Fimg%2Favatars%2Fava_0012-72.png",
            "first_name": "",
            "real_name": "Alice",
            "display_name": "Alice",
            "team": "TC0C1HURK",
            "name": "liuyushu1",
            "is_restricted": false,
            "is_ultra_restricted": false
        },
        "blocks": [
            {
                "type": "rich_text",
                "block_id": "k90e",
                "elements": [
                    {
                        "type": "rich_text_section",
                        "elements": [
                            {
                                "type": "text",
                                "text": "not sure if i explained the question"
                            }
                        ]
                    }
                ]
            }
        ],
        "thread_ts": "1592289387.129200",
        "parent_user_id": "US1P711C1"
    },
    {
        "client_msg_id": "51a831a6-75e5-43e0-8a19-2b46e0c7f583",
        "type": "message",
        "text": "if I understand you correctly you might be looking for a stacked bar chart (eg <https:\/\/codesandbox.io\/s\/nostalgic-moore-wk3ev>)",
        "user": "U013J5CRRDW",
        "ts": "1592314173.132400",
        "team": "TC0C1HURK",
        "user_team": "TC0C1HURK",
        "source_team": "TC0C1HURK",
        "user_profile": {
            "avatar_hash": "759b4f7ce0bf",
            "image_72": "https:\/\/avatars.slack-edge.com\/2020-06-23\/1224215237280_759b4f7ce0bf4b291721_72.jpg",
            "first_name": "Alex",
            "real_name": "Alex Vasilev",
            "display_name": "Alex Vasilev",
            "team": "TC0C1HURK",
            "name": "vaspiring",
            "is_restricted": false,
            "is_ultra_restricted": false
        },
        "attachments": [
            {
                "service_name": "CodeSandbox",
                "title": "nostalgic-moore-wk3ev - CodeSandbox",
                "title_link": "https:\/\/codesandbox.io\/s\/nostalgic-moore-wk3ev",
                "text": "nostalgic-moore-wk3ev by vasilev-alex using @cubejs-client\/core, @cubejs-client\/react, antd, react, react-dom, react-scripts, recharts",
                "fallback": "CodeSandbox: nostalgic-moore-wk3ev - CodeSandbox",
                "image_url": "https:\/\/codesandbox.io\/api\/v1\/sandboxes\/wk3ev\/screenshot.png",
                "image_width": 476,
                "image_height": 250,
                "ts": 1591111707,
                "from_url": "https:\/\/codesandbox.io\/s\/nostalgic-moore-wk3ev",
                "image_bytes": 25682,
                "service_icon": "https:\/\/codesandbox.io\/favicon.ico",
                "id": 1,
                "original_url": "https:\/\/codesandbox.io\/s\/nostalgic-moore-wk3ev"
            }
        ],
        "blocks": [
            {
                "type": "rich_text",
                "block_id": "WNWPn",
                "elements": [
                    {
                        "type": "rich_text_section",
                        "elements": [
                            {
                                "type": "text",
                                "text": "if I understand you correctly you might be looking for a stacked bar chart (eg "
                            },
                            {
                                "type": "link",
                                "url": "https:\/\/codesandbox.io\/s\/nostalgic-moore-wk3ev"
                            },
                            {
                                "type": "text",
                                "text": ")"
                            }
                        ]
                    }
                ]
            }
        ],
        "thread_ts": "1592289387.129200",
        "parent_user_id": "US1P711C1"
    },
    {
        "type": "message",
        "subtype": "channel_join",
        "ts": "1592323469.132800",
        "user": "U015HJCS675",
        "text": "<@U015HJCS675> has joined the channel"
    },
    {
        "type": "message",
        "text": "Hi! I need to know if how can I show case date ranges like “Last Year“, “Past Month“, etc in a date range picker? Like this",
        "files": [
            {
                "id": "F015AQ585JA",
                "created": 1592326549,
                "timestamp": 1592326549,
                "name": "daterange_pick.png",
                "title": "daterange_pick.png",
                "mimetype": "image\/png",
                "filetype": "png",
                "pretty_type": "PNG",
                "user": "U015VUR5B6C",
                "editable": false,
                "size": 1625,
                "mode": "hosted",
                "is_external": false,
                "external_type": "",
                "is_public": true,
                "public_url_shared": false,
                "display_as_bot": false,
                "username": "",
                "url_private": "https:\/\/files.slack.com\/files-pri\/TC0C1HURK-F015AQ585JA\/daterange_pick.png?t=xoxe-408409606869-1300049925941-1294691254950-5e5ba619551397a2daf3223fc6c48b4a",
                "url_private_download": "https:\/\/files.slack.com\/files-pri\/TC0C1HURK-F015AQ585JA\/download\/daterange_pick.png?t=xoxe-408409606869-1300049925941-1294691254950-5e5ba619551397a2daf3223fc6c48b4a",
                "thumb_64": "https:\/\/files.slack.com\/files-tmb\/TC0C1HURK-F015AQ585JA-9691135985\/daterange_pick_64.png?t=xoxe-408409606869-1300049925941-1294691254950-5e5ba619551397a2daf3223fc6c48b4a",
                "thumb_80": "https:\/\/files.slack.com\/files-tmb\/TC0C1HURK-F015AQ585JA-9691135985\/daterange_pick_80.png?t=xoxe-408409606869-1300049925941-1294691254950-5e5ba619551397a2daf3223fc6c48b4a",
                "thumb_360": "https:\/\/files.slack.com\/files-tmb\/TC0C1HURK-F015AQ585JA-9691135985\/daterange_pick_360.png?t=xoxe-408409606869-1300049925941-1294691254950-5e5ba619551397a2daf3223fc6c48b4a",
                "thumb_360_w": 319,
                "thumb_360_h": 47,
                "thumb_160": "https:\/\/files.slack.com\/files-tmb\/TC0C1HURK-F015AQ585JA-9691135985\/daterange_pick_160.png?t=xoxe-408409606869-1300049925941-1294691254950-5e5ba619551397a2daf3223fc6c48b4a",
                "original_w": 319,
                "original_h": 47,
                "thumb_tiny": "AwAHADDRooooAKKKKACiiigD\/9k=",
                "permalink": "https:\/\/cube-js.slack.com\/files\/U015VUR5B6C\/F015AQ585JA\/daterange_pick.png",
                "permalink_public": "https:\/\/slack-files.com\/TC0C1HURK-F015AQ585JA-55a9ce6a5f",
                "is_starred": false,
                "has_rich_preview": false
            }
        ],
        "upload": false,
        "blocks": [
            {
                "type": "rich_text",
                "block_id": "hbfu",
                "elements": [
                    {
                        "type": "rich_text_section",
                        "elements": [
                            {
                                "type": "text",
                                "text": "Hi! I need to know if how can I show case date ranges like “Last Year“, “Past Month“, etc in a date range picker? Like this"
                            }
                        ]
                    }
                ]
            }
        ],
        "user": "U015VUR5B6C",
        "display_as_bot": false,
        "ts": "1592326595.133800"
    },
    {
        "type": "message",
        "subtype": "channel_join",
        "ts": "1592338873.134200",
        "user": "U015J7CPTRR",
        "text": "<@U015J7CPTRR> has joined the channel"
    },
    {
        "client_msg_id": "9d6ebd4e-579d-47c8-bbc3-7aa74cca4dbc",
        "type": "message",
        "text": "Hi all, how is dynamodb ever used? Is this with the react app for dashboard? I see a DashboardItem dynamodb table and wasn’t sure what that is about… it seems to be the chart settings. Does anyone know exactly where this table is being created? I thought it was supposed to use the sql db?",
        "user": "U010JT30AEB",
        "ts": "1592359456.135600",
        "team": "TC0C1HURK",
        "user_team": "TC0C1HURK",
        "source_team": "TC0C1HURK",
        "user_profile": {
            "avatar_hash": "g14a468b81cf",
            "image_72": "https:\/\/secure.gravatar.com\/avatar\/14a468b81cf34633511b0e2c7a738e7f.jpg?s=72&d=https%3A%2F%2Fa.slack-edge.com%2Fdf10d%2Fimg%2Favatars%2Fava_0011-72.png",
            "first_name": "",
            "real_name": "George Lee",
            "display_name": "George Lee",
            "team": "TC0C1HURK",
            "name": "georgelee96",
            "is_restricted": false,
            "is_ultra_restricted": false
        },
        "blocks": [
            {
                "type": "rich_text",
                "block_id": "0w5rF",
                "elements": [
                    {
                        "type": "rich_text_section",
                        "elements": [
                            {
                                "type": "text",
                                "text": "Hi all, how is dynamodb ever used? Is this with the react app for dashboard? I see a DashboardItem dynamodb table and wasn’t sure what that is about… it seems to be the chart settings. Does anyone know exactly where this table is being created? I thought it was supposed to use the sql db?"
                            }
                        ]
                    }
                ]
            }
        ],
        "thread_ts": "1592359456.135600",
        "reply_count": 4,
        "reply_users_count": 2,
        "latest_reply": "1592359960.136600",
        "reply_users": [
            "UC1HAFW4E",
            "U010JT30AEB"
        ],
        "replies": [
            {
                "user": "UC1HAFW4E",
                "ts": "1592359584.135800"
            },
            {
                "user": "U010JT30AEB",
                "ts": "1592359833.136200"
            },
            {
                "user": "U010JT30AEB",
                "ts": "1592359847.136400"
            },
            {
                "user": "UC1HAFW4E",
                "ts": "1592359960.136600"
            }
        ],
        "subscribed": true,
        "last_read": "1592359960.136600"
    },
    {
        "client_msg_id": "1e713e4c-af8c-48cd-ab4c-2cd929116309",
        "type": "message",
        "text": "Hi <@U010JT30AEB>, if you are referring to that guide <https:\/\/react-dashboard.cube.dev\/>, the DynamoDB is used to store charts on the dashboard via GraphQL. It is not part of the Cube.js and used in this particularly example to show how one can save dashboards\/dashboard items.",
        "user": "UC1HAFW4E",
        "ts": "1592359584.135800",
        "team": "TC0C1HURK",
        "user_team": "TC0C1HURK",
        "source_team": "TC0C1HURK",
        "user_profile": {
            "avatar_hash": "ee7b69830a11",
            "image_72": "https:\/\/avatars.slack-edge.com\/2018-08-13\/414857329600_ee7b69830a119331e10e_72.jpg",
            "first_name": "Artyom",
            "real_name": "Artyom Keydunov",
            "display_name": "Artyom Keydunov",
            "team": "TC0C1HURK",
            "name": "artyom",
            "is_restricted": false,
            "is_ultra_restricted": false
        },
        "edited": {
            "user": "UC1HAFW4E",
            "ts": "1592359586.000000"
        },
        "attachments": [
            {
                "title": "React Dashboard Guide",
                "title_link": "https:\/\/react-dashboard.cube.dev\/",
                "text": "Learn how to build a dynamic dashboard with React, GraphQL, and Cube.js.",
                "fallback": "React Dashboard Guide",
                "image_url": "https:\/\/react-dashboard.cube.dev\/logos\/icon.png",
                "from_url": "https:\/\/react-dashboard.cube.dev\/",
                "image_width": 250,
                "image_height": 250,
                "image_bytes": 48874,
                "service_icon": "https:\/\/react-dashboard.cube.dev\/icons\/icon-48x48.png?v=16380c9963f943e0a0053ad8cfd0e8f2",
                "service_name": "react-dashboard.cube.dev",
                "id": 1,
                "original_url": "https:\/\/react-dashboard.cube.dev\/"
            }
        ],
        "blocks": [
            {
                "type": "rich_text",
                "block_id": "TCr",
                "elements": [
                    {
                        "type": "rich_text_section",
                        "elements": [
                            {
                                "type": "text",
                                "text": "Hi "
                            },
                            {
                                "type": "user",
                                "user_id": "U010JT30AEB"
                            },
                            {
                                "type": "text",
                                "text": ", if you are referring to that guide "
                            },
                            {
                                "type": "link",
                                "url": "https:\/\/react-dashboard.cube.dev\/"
                            },
                            {
                                "type": "text",
                                "text": ", the DynamoDB is used to store charts on the dashboard via GraphQL. It is not part of the Cube.js and used in this particularly example to show how one can save dashboards\/dashboard items."
                            }
                        ]
                    }
                ]
            }
        ],
        "thread_ts": "1592359456.135600",
        "parent_user_id": "U010JT30AEB"
    },
    {
        "client_msg_id": "86cee27b-ab68-445b-b4c6-b2b7493eec23",
        "type": "message",
        "text": "Thanks! that makes so much sense now.",
        "user": "U010JT30AEB",
        "ts": "1592359833.136200",
        "team": "TC0C1HURK",
        "user_team": "TC0C1HURK",
        "source_team": "TC0C1HURK",
        "user_profile": {
            "avatar_hash": "g14a468b81cf",
            "image_72": "https:\/\/secure.gravatar.com\/avatar\/14a468b81cf34633511b0e2c7a738e7f.jpg?s=72&d=https%3A%2F%2Fa.slack-edge.com%2Fdf10d%2Fimg%2Favatars%2Fava_0011-72.png",
            "first_name": "",
            "real_name": "George Lee",
            "display_name": "George Lee",
            "team": "TC0C1HURK",
            "name": "georgelee96",
            "is_restricted": false,
            "is_ultra_restricted": false
        },
        "blocks": [
            {
                "type": "rich_text",
                "block_id": "YN5",
                "elements": [
                    {
                        "type": "rich_text_section",
                        "elements": [
                            {
                                "type": "text",
                                "text": "Thanks! that makes so much sense now."
                            }
                        ]
                    }
                ]
            }
        ],
        "thread_ts": "1592359456.135600",
        "parent_user_id": "U010JT30AEB"
    },
    {
        "client_msg_id": "9656e5bb-9e89-45c7-89a4-24716953ae77",
        "type": "message",
        "text": "I am going to use that graphql api to create more tables internally for other stuff.",
        "user": "U010JT30AEB",
        "ts": "1592359847.136400",
        "team": "TC0C1HURK",
        "user_team": "TC0C1HURK",
        "source_team": "TC0C1HURK",
        "user_profile": {
            "avatar_hash": "g14a468b81cf",
            "image_72": "https:\/\/secure.gravatar.com\/avatar\/14a468b81cf34633511b0e2c7a738e7f.jpg?s=72&d=https%3A%2F%2Fa.slack-edge.com%2Fdf10d%2Fimg%2Favatars%2Fava_0011-72.png",
            "first_name": "",
            "real_name": "George Lee",
            "display_name": "George Lee",
            "team": "TC0C1HURK",
            "name": "georgelee96",
            "is_restricted": false,
            "is_ultra_restricted": false
        },
        "blocks": [
            {
                "type": "rich_text",
                "block_id": "Y=R2U",
                "elements": [
                    {
                        "type": "rich_text_section",
                        "elements": [
                            {
                                "type": "text",
                                "text": "I am going to use that graphql api to create more tables internally for other stuff."
                            }
                        ]
                    }
                ]
            }
        ],
        "thread_ts": "1592359456.135600",
        "parent_user_id": "U010JT30AEB"
    },
    {
        "client_msg_id": "8d799688-a2cf-42e1-968c-3a3b73aeb78f",
        "type": "message",
        "text": "Sure, happy to help.",
        "user": "UC1HAFW4E",
        "ts": "1592359960.136600",
        "team": "TC0C1HURK",
        "user_team": "TC0C1HURK",
        "source_team": "TC0C1HURK",
        "user_profile": {
            "avatar_hash": "ee7b69830a11",
            "image_72": "https:\/\/avatars.slack-edge.com\/2018-08-13\/414857329600_ee7b69830a119331e10e_72.jpg",
            "first_name": "Artyom",
            "real_name": "Artyom Keydunov",
            "display_name": "Artyom Keydunov",
            "team": "TC0C1HURK",
            "name": "artyom",
            "is_restricted": false,
            "is_ultra_restricted": false
        },
        "blocks": [
            {
                "type": "rich_text",
                "block_id": "4qux",
                "elements": [
                    {
                        "type": "rich_text_section",
                        "elements": [
                            {
                                "type": "text",
                                "text": "Sure, happy to help."
                            }
                        ]
                    }
                ]
            }
        ],
        "thread_ts": "1592359456.135600",
        "parent_user_id": "U010JT30AEB"
    }
]