[
    {
        "type": "message",
        "subtype": "channel_join",
        "ts": "1592569603.150400",
        "user": "U015QG90SAE",
        "text": "<@U015QG90SAE> has joined the channel"
    },
    {
        "type": "message",
        "subtype": "channel_join",
        "ts": "1592575875.150600",
        "user": "U015QV08HPV",
        "text": "<@U015QV08HPV> has joined the channel"
    },
    {
        "client_msg_id": "a34c8f06-c4ca-4428-9a4d-fd31a0e84472",
        "type": "message",
        "text": "Hello, is it possible to create cubejs query to achive sth like this - get number of rows TableA.x - TableB.y &gt; 90, where TableA.x and TableB.y is provided from a user (frontend)",
        "user": "U015QV08HPV",
        "ts": "1592576312.153700",
        "team": "TC0C1HURK",
        "user_team": "TC0C1HURK",
        "source_team": "TC0C1HURK",
        "user_profile": {
            "avatar_hash": "g976dcb7fa9e",
            "image_72": "https:\/\/secure.gravatar.com\/avatar\/976dcb7fa9ef65f398f72242769863f1.jpg?s=72&d=https%3A%2F%2Fa.slack-edge.com%2Fdf10d%2Fimg%2Favatars%2Fava_0020-72.png",
            "first_name": "",
            "real_name": "olafkrawczyk",
            "display_name": "olafkrawczyk",
            "team": "TC0C1HURK",
            "name": "olafkrawczyk",
            "is_restricted": false,
            "is_ultra_restricted": false
        },
        "blocks": [
            {
                "type": "rich_text",
                "block_id": "xoy",
                "elements": [
                    {
                        "type": "rich_text_section",
                        "elements": [
                            {
                                "type": "text",
                                "text": "Hello, is it possible to create cubejs query to achive sth like this - get number of rows TableA.x - TableB.y > 90, where TableA.x and TableB.y is provided from a user (frontend)"
                            }
                        ]
                    }
                ]
            }
        ],
        "thread_ts": "1592576312.153700",
        "reply_count": 2,
        "reply_users_count": 2,
        "latest_reply": "1592807457.177600",
        "reply_users": [
            "U013J5CRRDW",
            "U015QV08HPV"
        ],
        "replies": [
            {
                "user": "U013J5CRRDW",
                "ts": "1592583676.160300"
            },
            {
                "user": "U015QV08HPV",
                "ts": "1592807457.177600"
            }
        ],
        "subscribed": false
    },
    {
        "type": "message",
        "subtype": "channel_join",
        "ts": "1592579588.158600",
        "user": "U015X2WKDHS",
        "text": "<@U015X2WKDHS> has joined the channel"
    },
    {
        "client_msg_id": "11f24103-509c-4c85-930e-f56a80253d00",
        "type": "message",
        "text": "Hi, I am trying to build this query (`{\"measures\":[\"Orders.count\"],\"timeDimensions\":[{\"dimension\":\"Orders.completedAt\",\"granularity\":\"month\",\"dateRange\":\"Last year\"}],\"filters\":[]}`) prior to sending to CubeJS back-end, what I mean is that I am trying to first build the query and then with a button send it to the back-end. As I understand CubeJS updates the payload automatically in their QueryBuilder as soon as I clicked something from the measures or dimensions,\n\nso I want to know how can I do this?\n\nI have tried to stop it by taking away onClick events, but that seems to completely stop everything, I only want to stop the payload from being send automatically",
        "user": "U015VUR5B6C",
        "ts": "1592579662.159700",
        "team": "TC0C1HURK",
        "user_team": "TC0C1HURK",
        "source_team": "TC0C1HURK",
        "user_profile": {
            "avatar_hash": "g9ec7993c6d7",
            "image_72": "https:\/\/secure.gravatar.com\/avatar\/9ec7993c6d7a16fc73ecdae9719d1eea.jpg?s=72&d=https%3A%2F%2Fa.slack-edge.com%2Fdf10d%2Fimg%2Favatars%2Fava_0019-72.png",
            "first_name": "",
            "real_name": "Eduardo",
            "display_name": "Eduardo",
            "team": "TC0C1HURK",
            "name": "marcosnarvaez2010",
            "is_restricted": false,
            "is_ultra_restricted": false
        },
        "blocks": [
            {
                "type": "rich_text",
                "block_id": "X8nE4",
                "elements": [
                    {
                        "type": "rich_text_section",
                        "elements": [
                            {
                                "type": "text",
                                "text": "Hi, I am trying to build this query ("
                            },
                            {
                                "type": "text",
                                "text": "{\"measures\":[\"Orders.count\"],\"timeDimensions\":[{\"dimension\":\"Orders.completedAt\",\"granularity\":\"month\",\"dateRange\":\"Last year\"}],\"filters\":[]}",
                                "style": {
                                    "code": true
                                }
                            },
                            {
                                "type": "text",
                                "text": ") prior to sending to CubeJS back-end, what I mean is that I am trying to first build the query and then with a button send it to the back-end. As I understand CubeJS updates the payload automatically in their QueryBuilder as soon as I clicked something from the measures or dimensions,\n\nso I want to know how can I do this?\n\nI have tried to stop it by taking away onClick events, but that seems to completely stop everything, I only want to stop the payload from being send automatically"
                            }
                        ]
                    }
                ]
            }
        ],
        "thread_ts": "1592579662.159700",
        "reply_count": 1,
        "reply_users_count": 1,
        "latest_reply": "1592585760.160500",
        "reply_users": [
            "U013J5CRRDW"
        ],
        "replies": [
            {
                "user": "U013J5CRRDW",
                "ts": "1592585760.160500"
            }
        ],
        "subscribed": false
    },
    {
        "client_msg_id": "ab80e32c-9733-4094-9134-b2a0f5cdf414",
        "type": "message",
        "text": "I want to modify some functionalities of cubejs playground in my application but I have no idea how to compile this library? in my localhost\n<https:\/\/cube.dev\/docs\/@cubejs-client-react>",
        "user": "UV8E3H1AN",
        "ts": "1592582229.159900",
        "team": "TC0C1HURK",
        "user_team": "TC0C1HURK",
        "source_team": "TC0C1HURK",
        "user_profile": {
            "avatar_hash": "g79af3767b00",
            "image_72": "https:\/\/secure.gravatar.com\/avatar\/79af3767b00fd9c09eac518ae14495e7.jpg?s=72&d=https%3A%2F%2Fa.slack-edge.com%2Fdf10d%2Fimg%2Favatars%2Fava_0023-72.png",
            "first_name": "",
            "real_name": "Denis Lopez",
            "display_name": "Denis Lopez",
            "team": "TC0C1HURK",
            "name": "denis.l",
            "is_restricted": false,
            "is_ultra_restricted": false
        },
        "blocks": [
            {
                "type": "rich_text",
                "block_id": "CD2T",
                "elements": [
                    {
                        "type": "rich_text_section",
                        "elements": [
                            {
                                "type": "text",
                                "text": "I want to modify some functionalities of cubejs playground in my application but I have no idea how to compile this library? in my localhost\n"
                            },
                            {
                                "type": "link",
                                "url": "https:\/\/cube.dev\/docs\/@cubejs-client-react"
                            }
                        ]
                    }
                ]
            }
        ],
        "thread_ts": "1592582229.159900",
        "reply_count": 2,
        "reply_users_count": 2,
        "latest_reply": "1592838280.178500",
        "reply_users": [
            "U013J5CRRDW",
            "UV8E3H1AN"
        ],
        "replies": [
            {
                "user": "U013J5CRRDW",
                "ts": "1592823325.178200"
            },
            {
                "user": "UV8E3H1AN",
                "ts": "1592838280.178500"
            }
        ],
        "subscribed": false
    },
    {
        "client_msg_id": "00135dab-9eb8-4e14-b2dd-1298bbcf80c3",
        "type": "message",
        "text": "hi! please have a look <https:\/\/cube.dev\/docs\/measures#parameters-sql>",
        "user": "U013J5CRRDW",
        "ts": "1592583676.160300",
        "team": "TC0C1HURK",
        "user_team": "TC0C1HURK",
        "source_team": "TC0C1HURK",
        "user_profile": {
            "avatar_hash": "759b4f7ce0bf",
            "image_72": "https:\/\/avatars.slack-edge.com\/2020-06-23\/1224215237280_759b4f7ce0bf4b291721_72.jpg",
            "first_name": "Alex",
            "real_name": "Alex Vasilev",
            "display_name": "Alex Vasilev",
            "team": "TC0C1HURK",
            "name": "vaspiring",
            "is_restricted": false,
            "is_ultra_restricted": false
        },
        "blocks": [
            {
                "type": "rich_text",
                "block_id": "9Xrb",
                "elements": [
                    {
                        "type": "rich_text_section",
                        "elements": [
                            {
                                "type": "text",
                                "text": "hi! please have a look "
                            },
                            {
                                "type": "link",
                                "url": "https:\/\/cube.dev\/docs\/measures#parameters-sql"
                            }
                        ]
                    }
                ]
            }
        ],
        "thread_ts": "1592576312.153700",
        "parent_user_id": "U015QV08HPV"
    },
    {
        "client_msg_id": "fce5c589-a3e0-4f00-9e46-ec7d74668883",
        "type": "message",
        "text": "hi <@U015VUR5B6C>! This logic is defined here `dashboard-app\/src\/components\/ChartRenderer.js` See `useCubeQuery` usage",
        "user": "U013J5CRRDW",
        "ts": "1592585760.160500",
        "team": "TC0C1HURK",
        "user_team": "TC0C1HURK",
        "source_team": "TC0C1HURK",
        "user_profile": {
            "avatar_hash": "759b4f7ce0bf",
            "image_72": "https:\/\/avatars.slack-edge.com\/2020-06-23\/1224215237280_759b4f7ce0bf4b291721_72.jpg",
            "first_name": "Alex",
            "real_name": "Alex Vasilev",
            "display_name": "Alex Vasilev",
            "team": "TC0C1HURK",
            "name": "vaspiring",
            "is_restricted": false,
            "is_ultra_restricted": false
        },
        "blocks": [
            {
                "type": "rich_text",
                "block_id": "=ptGF",
                "elements": [
                    {
                        "type": "rich_text_section",
                        "elements": [
                            {
                                "type": "text",
                                "text": "hi "
                            },
                            {
                                "type": "user",
                                "user_id": "U015VUR5B6C"
                            },
                            {
                                "type": "text",
                                "text": "! This logic is defined here "
                            },
                            {
                                "type": "text",
                                "text": "dashboard-app\/src\/components\/ChartRenderer.js",
                                "style": {
                                    "code": true
                                }
                            },
                            {
                                "type": "text",
                                "text": " See "
                            },
                            {
                                "type": "text",
                                "text": "useCubeQuery",
                                "style": {
                                    "code": true
                                }
                            },
                            {
                                "type": "text",
                                "text": " usage"
                            }
                        ]
                    }
                ]
            }
        ],
        "thread_ts": "1592579662.159700",
        "parent_user_id": "U015VUR5B6C"
    },
    {
        "type": "message",
        "subtype": "channel_join",
        "ts": "1592599346.160800",
        "user": "U015Q5GTLN9",
        "text": "<@U015Q5GTLN9> has joined the channel"
    },
    {
        "client_msg_id": "a62e5d27-dced-4ee1-876e-e2eb9af34169",
        "type": "message",
        "text": "I create a new cubejs dashboard in my local and after running yarn install I have the following error\n```.\/src\/components\/DashboardItem.js\nModule not found: Can't resolve '@ant-design\/compatible' in '\/home\/denjos\/reactjs\/react-cubejs\/dashboard-app\/src\/components'```",
        "user": "UV8E3H1AN",
        "ts": "1592600822.161100",
        "team": "TC0C1HURK",
        "user_team": "TC0C1HURK",
        "source_team": "TC0C1HURK",
        "user_profile": {
            "avatar_hash": "g79af3767b00",
            "image_72": "https:\/\/secure.gravatar.com\/avatar\/79af3767b00fd9c09eac518ae14495e7.jpg?s=72&d=https%3A%2F%2Fa.slack-edge.com%2Fdf10d%2Fimg%2Favatars%2Fava_0023-72.png",
            "first_name": "",
            "real_name": "Denis Lopez",
            "display_name": "Denis Lopez",
            "team": "TC0C1HURK",
            "name": "denis.l",
            "is_restricted": false,
            "is_ultra_restricted": false
        },
        "blocks": [
            {
                "type": "rich_text",
                "block_id": "5ggh",
                "elements": [
                    {
                        "type": "rich_text_section",
                        "elements": [
                            {
                                "type": "text",
                                "text": "I create a new cubejs dashboard in my local and after running yarn install I have the following error\n"
                            }
                        ]
                    },
                    {
                        "type": "rich_text_preformatted",
                        "elements": [
                            {
                                "type": "text",
                                "text": ".\/src\/components\/DashboardItem.js\nModule not found: Can't resolve '@ant-design\/compatible' in '\/home\/denjos\/reactjs\/react-cubejs\/dashboard-app\/src\/components'"
                            }
                        ]
                    }
                ]
            }
        ]
    },
    {
        "type": "message",
        "subtype": "channel_join",
        "ts": "1592612189.161300",
        "user": "U015QBS63B7",
        "text": "<@U015QBS63B7> has joined the channel"
    },
    {
        "type": "message",
        "subtype": "channel_join",
        "ts": "1592612734.161500",
        "user": "U015RV6PKK5",
        "text": "<@U015RV6PKK5> has joined the channel"
    },
    {
        "type": "message",
        "subtype": "channel_join",
        "ts": "1592613205.161800",
        "user": "U015QBZ9PMK",
        "text": "<@U015QBZ9PMK> has joined the channel"
    },
    {
        "client_msg_id": "221cd56e-fb98-4d25-b2bf-90986e7602a7",
        "type": "message",
        "text": "Hi, I am trying to connect cubejs with redshift but not sure where to start, I have given credentials in .env file but not sure where I can provide aws access and secret keys. Can someone help please?\nError : Error: connect ETIMEDOUT ip:5432\n    at TCPConnectWrap.afterConnect [as oncomplete] (net.js:1141:16)",
        "user": "U015RV6PKK5",
        "ts": "1592617996.162000",
        "team": "TC0C1HURK",
        "user_team": "TC0C1HURK",
        "source_team": "TC0C1HURK",
        "user_profile": {
            "avatar_hash": "g9d642ed6dda",
            "image_72": "https:\/\/secure.gravatar.com\/avatar\/9d642ed6ddac08fe5ebe32994b8aca85.jpg?s=72&d=https%3A%2F%2Fa.slack-edge.com%2Fdf10d%2Fimg%2Favatars%2Fava_0021-72.png",
            "first_name": "",
            "real_name": "Sowmya",
            "display_name": "",
            "team": "TC0C1HURK",
            "name": "sdureddy",
            "is_restricted": false,
            "is_ultra_restricted": false
        },
        "edited": {
            "user": "U015RV6PKK5",
            "ts": "1592619539.000000"
        },
        "blocks": [
            {
                "type": "rich_text",
                "block_id": "tazFn",
                "elements": [
                    {
                        "type": "rich_text_section",
                        "elements": [
                            {
                                "type": "text",
                                "text": "Hi, I am trying to connect cubejs with redshift but not sure where to start, I have given credentials in .env file but not sure where I can provide aws access and secret keys. Can someone help please?\nError : Error: connect ETIMEDOUT ip:5432\n    at TCPConnectWrap.afterConnect [as oncomplete] (net.js:1141:16)"
                            }
                        ]
                    }
                ]
            }
        ],
        "thread_ts": "1592617996.162000",
        "reply_count": 3,
        "reply_users_count": 2,
        "latest_reply": "1593321274.261100",
        "reply_users": [
            "UC19HAUAK",
            "U015RV6PKK5"
        ],
        "replies": [
            {
                "user": "UC19HAUAK",
                "ts": "1592689637.167900"
            },
            {
                "user": "U015RV6PKK5",
                "ts": "1592851536.185900"
            },
            {
                "user": "UC19HAUAK",
                "ts": "1593321274.261100"
            }
        ],
        "subscribed": false
    }
]