[
    {
        "client_msg_id": "04beed49-6676-4660-bc44-674ce5025190",
        "type": "message",
        "text": "update: looks like main advantage is being able to ask the temp table for its column types later\n\nin postgres:\n• you can do this at query time by also asking for `pg_typeof` for each thing in the SELECT - this would be tricky to wire-in to the current code though (<https:\/\/stackoverflow.com\/questions\/27080263\/postgres-types-of-result-columns>)\n• the pg library actually tells us the OID for each column in the query response (e.g. `res.fields[0].dataTypeID`) and then we can use `types.builtin` to look it up - I think i’ll give this approach a try\nit’s going to have to be a per-driver thing though to support this though, as both of these techniques aren’t something you can do at the base driver level I don’t think",
        "user": "USMM7QR7G",
        "ts": "1581845602.117000",
        "team": "TC0C1HURK",
        "user_team": "TC0C1HURK",
        "source_team": "TC0C1HURK",
        "user_profile": {
            "avatar_hash": "775751dbe2c6",
            "image_72": "https:\/\/avatars.slack-edge.com\/2020-04-03\/1037000392274_775751dbe2c6e0a3feec_72.jpg",
            "first_name": "",
            "real_name": "Jc",
            "display_name": "Jc",
            "team": "TC0C1HURK",
            "name": "jc.w",
            "is_restricted": false,
            "is_ultra_restricted": false
        },
        "attachments": [
            {
                "service_name": "Stack Overflow",
                "title": "Postgres types of result columns",
                "title_link": "https:\/\/stackoverflow.com\/questions\/27080263\/postgres-types-of-result-columns",
                "text": "In postgres, there is a function pg_typeof which will give the type of a field. Example: -- Original query select name, age, descriptions from things LIMIT 1; -- Meta query select pg_typeof(name),",
                "fallback": "Stack Overflow: Postgres types of result columns",
                "thumb_url": "https:\/\/cdn.sstatic.net\/Sites\/stackoverflow\/img\/apple-touch-icon@2.png?v=73d79a89bded",
                "from_url": "https:\/\/stackoverflow.com\/questions\/27080263\/postgres-types-of-result-columns",
                "thumb_width": 316,
                "thumb_height": 316,
                "service_icon": "https:\/\/cdn.sstatic.net\/Sites\/stackoverflow\/img\/apple-touch-icon.png?v=c78bd457575a",
                "id": 1,
                "original_url": "https:\/\/stackoverflow.com\/questions\/27080263\/postgres-types-of-result-columns"
            }
        ],
        "blocks": [
            {
                "type": "rich_text",
                "block_id": "82BT",
                "elements": [
                    {
                        "type": "rich_text_section",
                        "elements": [
                            {
                                "type": "text",
                                "text": "update: looks like main advantage is being able to ask the temp table for its column types later\n\nin postgres:\n"
                            }
                        ]
                    },
                    {
                        "type": "rich_text_list",
                        "elements": [
                            {
                                "type": "rich_text_section",
                                "elements": [
                                    {
                                        "type": "text",
                                        "text": "you can do this at query time by also asking for "
                                    },
                                    {
                                        "type": "text",
                                        "text": "pg_typeof",
                                        "style": {
                                            "code": true
                                        }
                                    },
                                    {
                                        "type": "text",
                                        "text": " for each thing in the SELECT - this would be tricky to wire-in to the current code though ("
                                    },
                                    {
                                        "type": "link",
                                        "url": "https:\/\/stackoverflow.com\/questions\/27080263\/postgres-types-of-result-columns"
                                    },
                                    {
                                        "type": "text",
                                        "text": ")"
                                    }
                                ]
                            },
                            {
                                "type": "rich_text_section",
                                "elements": [
                                    {
                                        "type": "text",
                                        "text": "the pg library actually tells us the OID for each column in the query response (e.g. "
                                    },
                                    {
                                        "type": "text",
                                        "text": "res.fields[0].dataTypeID",
                                        "style": {
                                            "code": true
                                        }
                                    },
                                    {
                                        "type": "text",
                                        "text": ") and then we can use "
                                    },
                                    {
                                        "type": "text",
                                        "text": "types.builtin",
                                        "style": {
                                            "code": true
                                        }
                                    },
                                    {
                                        "type": "text",
                                        "text": " to look it up - I think i’ll give this approach a try"
                                    }
                                ]
                            }
                        ],
                        "style": "bullet",
                        "indent": 0
                    },
                    {
                        "type": "rich_text_section",
                        "elements": [
                            {
                                "type": "text",
                                "text": "\nit’s going to have to be a per-driver thing though to support this though, as both of these techniques aren’t something you can do at the base driver level I don’t think"
                            }
                        ]
                    }
                ]
            }
        ],
        "thread_ts": "1581815725.110200",
        "parent_user_id": "USMM7QR7G"
    },
    {
        "client_msg_id": "9cd9073f-9fff-4fc2-acea-877b73459eb1",
        "type": "message",
        "text": "tcp enabled, sql port port 1433. able to connect using ms sql admin tool. showing error while browsing localhost:4000",
        "user": "UU1RD8YKF",
        "ts": "1581848762.118200",
        "team": "TC0C1HURK",
        "user_team": "TC0C1HURK",
        "source_team": "TC0C1HURK",
        "user_profile": {
            "avatar_hash": "gc2d440de729",
            "image_72": "https:\/\/secure.gravatar.com\/avatar\/c2d440de7299e611742b827d61b9471a.jpg?s=72&d=https%3A%2F%2Fa.slack-edge.com%2Fdf10d%2Fimg%2Favatars%2Fava_0020-72.png",
            "first_name": "",
            "real_name": "HARIDASAN T NAIR",
            "display_name": "HARIDASAN T NAIR",
            "team": "TC0C1HURK",
            "name": "haridasan.t",
            "is_restricted": false,
            "is_ultra_restricted": false
        },
        "blocks": [
            {
                "type": "rich_text",
                "block_id": "l+wiN",
                "elements": [
                    {
                        "type": "rich_text_section",
                        "elements": [
                            {
                                "type": "text",
                                "text": "tcp enabled, sql port port 1433. able to connect using ms sql admin tool. showing error while browsing localhost:4000"
                            }
                        ]
                    }
                ]
            }
        ]
    },
    {
        "client_msg_id": "8a11bd0c-287d-41e3-bcb9-705875ab583d",
        "type": "message",
        "text": "CUBEJS_DB_HOST=localhost\nCUBEJS_DB_NAME=em_sap\nCUBEJS_DB_PORT=1433\nCUBEJS_DB_USER=sa\nCUBEJS_DB_PASS=manager\nCUBEJS_DB_DOMAIN=\nCUBEJS_DB_TYPE=mssql",
        "user": "UU1RD8YKF",
        "ts": "1581848764.118400",
        "team": "TC0C1HURK",
        "user_team": "TC0C1HURK",
        "source_team": "TC0C1HURK",
        "user_profile": {
            "avatar_hash": "gc2d440de729",
            "image_72": "https:\/\/secure.gravatar.com\/avatar\/c2d440de7299e611742b827d61b9471a.jpg?s=72&d=https%3A%2F%2Fa.slack-edge.com%2Fdf10d%2Fimg%2Favatars%2Fava_0020-72.png",
            "first_name": "",
            "real_name": "HARIDASAN T NAIR",
            "display_name": "HARIDASAN T NAIR",
            "team": "TC0C1HURK",
            "name": "haridasan.t",
            "is_restricted": false,
            "is_ultra_restricted": false
        },
        "blocks": [
            {
                "type": "rich_text",
                "block_id": "+cx8",
                "elements": [
                    {
                        "type": "rich_text_section",
                        "elements": [
                            {
                                "type": "text",
                                "text": "CUBEJS_DB_HOST=localhost\nCUBEJS_DB_NAME=em_sap\nCUBEJS_DB_PORT=1433\nCUBEJS_DB_USER=sa\nCUBEJS_DB_PASS=manager\nCUBEJS_DB_DOMAIN=\nCUBEJS_DB_TYPE=mssql"
                            }
                        ]
                    }
                ]
            }
        ]
    },
    {
        "client_msg_id": "0f872ae2-17e4-4b91-b301-57a60d6b89d9",
        "type": "message",
        "text": "thks",
        "user": "UU1RD8YKF",
        "ts": "1581848806.118500",
        "team": "TC0C1HURK",
        "user_team": "TC0C1HURK",
        "source_team": "TC0C1HURK",
        "user_profile": {
            "avatar_hash": "gc2d440de729",
            "image_72": "https:\/\/secure.gravatar.com\/avatar\/c2d440de7299e611742b827d61b9471a.jpg?s=72&d=https%3A%2F%2Fa.slack-edge.com%2Fdf10d%2Fimg%2Favatars%2Fava_0020-72.png",
            "first_name": "",
            "real_name": "HARIDASAN T NAIR",
            "display_name": "HARIDASAN T NAIR",
            "team": "TC0C1HURK",
            "name": "haridasan.t",
            "is_restricted": false,
            "is_ultra_restricted": false
        },
        "blocks": [
            {
                "type": "rich_text",
                "block_id": "z4DL9",
                "elements": [
                    {
                        "type": "rich_text_section",
                        "elements": [
                            {
                                "type": "text",
                                "text": "thks"
                            }
                        ]
                    }
                ]
            }
        ],
        "thread_ts": "1581762502.084400",
        "parent_user_id": "UU1RD8YKF"
    },
    {
        "client_msg_id": "f9fd16b5-35a2-4673-a57d-789ce707ffa4",
        "type": "message",
        "text": "able to connect and is working .  however while testing showing error. CUBEJS_DB_HOST=localhost\nCUBEJS_DB_NAME=em_sap\nCUBEJS_DB_PORT=1433\nCUBEJS_DB_USER=sa\nCUBEJS_DB_PASS=manager\nCUBEJS_DB_DOMAIN=\nCUBEJS_DB_TYPE=mssql",
        "user": "UU1RD8YKF",
        "ts": "1581848851.118700",
        "team": "TC0C1HURK",
        "user_team": "TC0C1HURK",
        "source_team": "TC0C1HURK",
        "user_profile": {
            "avatar_hash": "gc2d440de729",
            "image_72": "https:\/\/secure.gravatar.com\/avatar\/c2d440de7299e611742b827d61b9471a.jpg?s=72&d=https%3A%2F%2Fa.slack-edge.com%2Fdf10d%2Fimg%2Favatars%2Fava_0020-72.png",
            "first_name": "",
            "real_name": "HARIDASAN T NAIR",
            "display_name": "HARIDASAN T NAIR",
            "team": "TC0C1HURK",
            "name": "haridasan.t",
            "is_restricted": false,
            "is_ultra_restricted": false
        },
        "blocks": [
            {
                "type": "rich_text",
                "block_id": "xAEKf",
                "elements": [
                    {
                        "type": "rich_text_section",
                        "elements": [
                            {
                                "type": "text",
                                "text": "able to connect and is working .  however while testing showing error. CUBEJS_DB_HOST=localhost\nCUBEJS_DB_NAME=em_sap\nCUBEJS_DB_PORT=1433\nCUBEJS_DB_USER=sa\nCUBEJS_DB_PASS=manager\nCUBEJS_DB_DOMAIN=\nCUBEJS_DB_TYPE=mssql"
                            }
                        ]
                    }
                ]
            }
        ],
        "thread_ts": "1581762283.083400",
        "parent_user_id": "UU1RD8YKF"
    },
    {
        "client_msg_id": "c9d51d4b-5dd5-49ac-86e0-bdd6547254c1",
        "type": "message",
        "text": "Error while loading DB schema\nConnectionError: Failed to connect to localhost:1433 - Could not connect (sequence) at Connection.&lt;anonymous&gt; (E:\\cube\\test1\\node_modules\\mssql\\lib\\tedious.js:244:17) at Object.onceWrapper (events.js:313:26) at Connection.emit (events.js:223:5) at Connection.socketError (E:\\cube\\test1\\node_modules\\tedious\\lib\\connection.js:1095:12) at E:\\cube\\test1\\node_modules\\tedious\\lib\\connection.js:961:21 at SequentialConnectionStrategy.connect (E:\\cube\\test1\\node_modules\\tedious\\lib\\connector.js:121:7) at Socket.onError (E:\\cube\\test1\\node_modules\\tedious\\lib\\connector.js:136:12) at Socket.emit (events.js:223:5) at emitErrorNT (internal\/streams\/destroy.js:92:8) at emitErrorAndCloseNT (internal\/streams\/destroy.js:60:3)",
        "user": "UU1RD8YKF",
        "ts": "1581848870.118900",
        "team": "TC0C1HURK",
        "user_team": "TC0C1HURK",
        "source_team": "TC0C1HURK",
        "user_profile": {
            "avatar_hash": "gc2d440de729",
            "image_72": "https:\/\/secure.gravatar.com\/avatar\/c2d440de7299e611742b827d61b9471a.jpg?s=72&d=https%3A%2F%2Fa.slack-edge.com%2Fdf10d%2Fimg%2Favatars%2Fava_0020-72.png",
            "first_name": "",
            "real_name": "HARIDASAN T NAIR",
            "display_name": "HARIDASAN T NAIR",
            "team": "TC0C1HURK",
            "name": "haridasan.t",
            "is_restricted": false,
            "is_ultra_restricted": false
        },
        "blocks": [
            {
                "type": "rich_text",
                "block_id": "cpOBP",
                "elements": [
                    {
                        "type": "rich_text_section",
                        "elements": [
                            {
                                "type": "text",
                                "text": "Error while loading DB schema\nConnectionError: Failed to connect to localhost:1433 - Could not connect (sequence) at Connection.<anonymous> (E:\\cube\\test1\\node_modules\\mssql\\lib\\tedious.js:244:17) at Object.onceWrapper (events.js:313:26) at Connection.emit (events.js:223:5) at Connection.socketError (E:\\cube\\test1\\node_modules\\tedious\\lib\\connection.js:1095:12) at E:\\cube\\test1\\node_modules\\tedious\\lib\\connection.js:961:21 at SequentialConnectionStrategy.connect (E:\\cube\\test1\\node_modules\\tedious\\lib\\connector.js:121:7) at Socket.onError (E:\\cube\\test1\\node_modules\\tedious\\lib\\connector.js:136:12) at Socket.emit (events.js:223:5) at emitErrorNT (internal\/streams\/destroy.js:92:8) at emitErrorAndCloseNT (internal\/streams\/destroy.js:60:3)"
                            }
                        ]
                    }
                ]
            }
        ],
        "thread_ts": "1581762283.083400",
        "parent_user_id": "UU1RD8YKF"
    },
    {
        "client_msg_id": "bea4e882-fd6c-4009-8569-3330d4ea38a2",
        "type": "message",
        "text": "em_sap exists with sevral tables, able to connect",
        "user": "UU1RD8YKF",
        "ts": "1581848906.119100",
        "team": "TC0C1HURK",
        "user_team": "TC0C1HURK",
        "source_team": "TC0C1HURK",
        "user_profile": {
            "avatar_hash": "gc2d440de729",
            "image_72": "https:\/\/secure.gravatar.com\/avatar\/c2d440de7299e611742b827d61b9471a.jpg?s=72&d=https%3A%2F%2Fa.slack-edge.com%2Fdf10d%2Fimg%2Favatars%2Fava_0020-72.png",
            "first_name": "",
            "real_name": "HARIDASAN T NAIR",
            "display_name": "HARIDASAN T NAIR",
            "team": "TC0C1HURK",
            "name": "haridasan.t",
            "is_restricted": false,
            "is_ultra_restricted": false
        },
        "blocks": [
            {
                "type": "rich_text",
                "block_id": "8lEt",
                "elements": [
                    {
                        "type": "rich_text_section",
                        "elements": [
                            {
                                "type": "text",
                                "text": "em_sap exists with sevral tables, able to connect"
                            }
                        ]
                    }
                ]
            }
        ],
        "thread_ts": "1581762283.083400",
        "parent_user_id": "UU1RD8YKF"
    },
    {
        "client_msg_id": "789bac9b-ce55-43b3-a17c-0ef932aac644",
        "type": "message",
        "text": "using ms sql admin tool",
        "user": "UU1RD8YKF",
        "ts": "1581848916.119300",
        "team": "TC0C1HURK",
        "user_team": "TC0C1HURK",
        "source_team": "TC0C1HURK",
        "user_profile": {
            "avatar_hash": "gc2d440de729",
            "image_72": "https:\/\/secure.gravatar.com\/avatar\/c2d440de7299e611742b827d61b9471a.jpg?s=72&d=https%3A%2F%2Fa.slack-edge.com%2Fdf10d%2Fimg%2Favatars%2Fava_0020-72.png",
            "first_name": "",
            "real_name": "HARIDASAN T NAIR",
            "display_name": "HARIDASAN T NAIR",
            "team": "TC0C1HURK",
            "name": "haridasan.t",
            "is_restricted": false,
            "is_ultra_restricted": false
        },
        "blocks": [
            {
                "type": "rich_text",
                "block_id": "Jzu",
                "elements": [
                    {
                        "type": "rich_text_section",
                        "elements": [
                            {
                                "type": "text",
                                "text": "using ms sql admin tool"
                            }
                        ]
                    }
                ]
            }
        ],
        "thread_ts": "1581762283.083400",
        "parent_user_id": "UU1RD8YKF"
    },
    {
        "type": "message",
        "text": "",
        "files": [
            {
                "id": "FTSBULFDX",
                "created": 1581851136,
                "timestamp": 1581851136,
                "name": "mssql.png",
                "title": "mssql.png",
                "mimetype": "image\/png",
                "filetype": "png",
                "pretty_type": "PNG",
                "user": "UU1RD8YKF",
                "editable": false,
                "size": 19251,
                "mode": "hosted",
                "is_external": false,
                "external_type": "",
                "is_public": true,
                "public_url_shared": false,
                "display_as_bot": false,
                "username": "",
                "url_private": "https:\/\/files.slack.com\/files-pri\/TC0C1HURK-FTSBULFDX\/mssql.png?t=xoxe-408409606869-1300049925941-1294691254950-5e5ba619551397a2daf3223fc6c48b4a",
                "url_private_download": "https:\/\/files.slack.com\/files-pri\/TC0C1HURK-FTSBULFDX\/download\/mssql.png?t=xoxe-408409606869-1300049925941-1294691254950-5e5ba619551397a2daf3223fc6c48b4a",
                "thumb_64": "https:\/\/files.slack.com\/files-tmb\/TC0C1HURK-FTSBULFDX-8872e3285d\/mssql_64.png?t=xoxe-408409606869-1300049925941-1294691254950-5e5ba619551397a2daf3223fc6c48b4a",
                "thumb_80": "https:\/\/files.slack.com\/files-tmb\/TC0C1HURK-FTSBULFDX-8872e3285d\/mssql_80.png?t=xoxe-408409606869-1300049925941-1294691254950-5e5ba619551397a2daf3223fc6c48b4a",
                "thumb_360": "https:\/\/files.slack.com\/files-tmb\/TC0C1HURK-FTSBULFDX-8872e3285d\/mssql_360.png?t=xoxe-408409606869-1300049925941-1294691254950-5e5ba619551397a2daf3223fc6c48b4a",
                "thumb_360_w": 293,
                "thumb_360_h": 360,
                "thumb_480": "https:\/\/files.slack.com\/files-tmb\/TC0C1HURK-FTSBULFDX-8872e3285d\/mssql_480.png?t=xoxe-408409606869-1300049925941-1294691254950-5e5ba619551397a2daf3223fc6c48b4a",
                "thumb_480_w": 390,
                "thumb_480_h": 480,
                "thumb_160": "https:\/\/files.slack.com\/files-tmb\/TC0C1HURK-FTSBULFDX-8872e3285d\/mssql_160.png?t=xoxe-408409606869-1300049925941-1294691254950-5e5ba619551397a2daf3223fc6c48b4a",
                "image_exif_rotation": 1,
                "original_w": 400,
                "original_h": 492,
                "thumb_tiny": "AwAwACe5ikxxTTherMPqaXcn99v++qBCnvwaXJx\/9am7k\/vn\/vqk+Qg7XJOP71P5ASoct0NS1m2c0j3KhnJGDx+FaVDGRuq7QWApAg5win8KkH3RTDgHpmkA4IuOUXP0pkyqsZIUA+wp6Yxxj8KbP\/qmoAzrH\/j6T6H+VatZVj\/x9J9D\/KtWmxIB0FRZ+Y1KOgqL+I0hkgAA4pk\/+qalTPUYxST\/AOqagDPsf+Ppfof5VqVl2P8Ax9L9D\/KtSmxI\/9k=",
                "permalink": "https:\/\/cube-js.slack.com\/files\/UU1RD8YKF\/FTSBULFDX\/mssql.png",
                "permalink_public": "https:\/\/slack-files.com\/TC0C1HURK-FTSBULFDX-fc47b68d6e",
                "is_starred": false,
                "has_rich_preview": false
            }
        ],
        "upload": true,
        "user": "UU1RD8YKF",
        "display_as_bot": false,
        "ts": "1581851140.119500",
        "client_msg_id": "c446c43f-9e00-42eb-b276-427d6a7dc949",
        "thread_ts": "1581762283.083400",
        "parent_user_id": "UU1RD8YKF"
    },
    {
        "client_msg_id": "8a7ccd80-2e6d-48ba-9aef-937d9d6460d7",
        "type": "message",
        "text": "<@USMM7QR7G> Actually most of really big rollups won't fit in-memory\/one query and you can download those only by materializing table first.",
        "user": "UC19HAUAK",
        "ts": "1581893042.119900",
        "team": "TC0C1HURK",
        "user_team": "TC0C1HURK",
        "source_team": "TC0C1HURK",
        "user_profile": {
            "avatar_hash": "066a042e018c",
            "image_72": "https:\/\/avatars.slack-edge.com\/2019-12-07\/866588520998_066a042e018ca831a195_72.png",
            "first_name": "Pavel",
            "real_name": "Pavel Tiunov",
            "display_name": "pavel",
            "team": "TC0C1HURK",
            "name": "pavel",
            "is_restricted": false,
            "is_ultra_restricted": false
        },
        "blocks": [
            {
                "type": "rich_text",
                "block_id": "cMj87",
                "elements": [
                    {
                        "type": "rich_text_section",
                        "elements": [
                            {
                                "type": "user",
                                "user_id": "USMM7QR7G"
                            },
                            {
                                "type": "text",
                                "text": " Actually most of really big rollups won't fit in-memory\/one query and you can download those only by materializing table first."
                            }
                        ]
                    }
                ]
            }
        ],
        "thread_ts": "1581815725.110200",
        "parent_user_id": "USMM7QR7G",
        "reactions": [
            {
                "name": "+1",
                "users": [
                    "USMM7QR7G"
                ],
                "count": 1
            }
        ]
    },
    {
        "client_msg_id": "747fbf25-fcfb-4db4-ac35-102f552a6516",
        "type": "message",
        "text": "ah, interesting",
        "user": "USMM7QR7G",
        "ts": "1581893294.120100",
        "team": "TC0C1HURK",
        "user_team": "TC0C1HURK",
        "source_team": "TC0C1HURK",
        "user_profile": {
            "avatar_hash": "775751dbe2c6",
            "image_72": "https:\/\/avatars.slack-edge.com\/2020-04-03\/1037000392274_775751dbe2c6e0a3feec_72.jpg",
            "first_name": "",
            "real_name": "Jc",
            "display_name": "Jc",
            "team": "TC0C1HURK",
            "name": "jc.w",
            "is_restricted": false,
            "is_ultra_restricted": false
        },
        "blocks": [
            {
                "type": "rich_text",
                "block_id": "kLNFt",
                "elements": [
                    {
                        "type": "rich_text_section",
                        "elements": [
                            {
                                "type": "text",
                                "text": "ah, interesting"
                            }
                        ]
                    }
                ]
            }
        ],
        "thread_ts": "1581815725.110200",
        "parent_user_id": "USMM7QR7G"
    },
    {
        "client_msg_id": "f9da8ec2-9d7f-4c9b-8431-fbb1e47c3bb2",
        "type": "message",
        "text": "is there an easy way to `npm\/yarn link` this file `packages\/cubejs-query-orchestrator\/orchestrator\/PreAggregations.js` into a sample project generated from `cubejs create` ?",
        "user": "USMM7QR7G",
        "ts": "1581893411.120300",
        "team": "TC0C1HURK",
        "user_team": "TC0C1HURK",
        "source_team": "TC0C1HURK",
        "user_profile": {
            "avatar_hash": "775751dbe2c6",
            "image_72": "https:\/\/avatars.slack-edge.com\/2020-04-03\/1037000392274_775751dbe2c6e0a3feec_72.jpg",
            "first_name": "",
            "real_name": "Jc",
            "display_name": "Jc",
            "team": "TC0C1HURK",
            "name": "jc.w",
            "is_restricted": false,
            "is_ultra_restricted": false
        },
        "blocks": [
            {
                "type": "rich_text",
                "block_id": "Fd9d",
                "elements": [
                    {
                        "type": "rich_text_section",
                        "elements": [
                            {
                                "type": "text",
                                "text": "is there an easy way to "
                            },
                            {
                                "type": "text",
                                "text": "npm\/yarn link",
                                "style": {
                                    "code": true
                                }
                            },
                            {
                                "type": "text",
                                "text": " this file "
                            },
                            {
                                "type": "text",
                                "text": "packages\/cubejs-query-orchestrator\/orchestrator\/PreAggregations.js",
                                "style": {
                                    "code": true
                                }
                            },
                            {
                                "type": "text",
                                "text": " into a sample project generated from "
                            },
                            {
                                "type": "text",
                                "text": "cubejs create",
                                "style": {
                                    "code": true
                                }
                            },
                            {
                                "type": "text",
                                "text": " ?"
                            }
                        ]
                    }
                ]
            }
        ],
        "thread_ts": "1581815725.110200",
        "parent_user_id": "USMM7QR7G"
    },
    {
        "client_msg_id": "91c6721a-5402-430f-a7f0-67cb71423883",
        "type": "message",
        "text": "i was able to link the postgres driver ok, but not clear best way to run a local version of the rest…",
        "user": "USMM7QR7G",
        "ts": "1581893440.120600",
        "team": "TC0C1HURK",
        "user_team": "TC0C1HURK",
        "source_team": "TC0C1HURK",
        "user_profile": {
            "avatar_hash": "775751dbe2c6",
            "image_72": "https:\/\/avatars.slack-edge.com\/2020-04-03\/1037000392274_775751dbe2c6e0a3feec_72.jpg",
            "first_name": "",
            "real_name": "Jc",
            "display_name": "Jc",
            "team": "TC0C1HURK",
            "name": "jc.w",
            "is_restricted": false,
            "is_ultra_restricted": false
        },
        "blocks": [
            {
                "type": "rich_text",
                "block_id": "2J5=",
                "elements": [
                    {
                        "type": "rich_text_section",
                        "elements": [
                            {
                                "type": "text",
                                "text": "i was able to link the postgres driver ok, but not clear best way to run a local version of the rest…"
                            }
                        ]
                    }
                ]
            }
        ],
        "thread_ts": "1581815725.110200",
        "parent_user_id": "USMM7QR7G"
    },
    {
        "client_msg_id": "2af26a55-15d3-4387-b85e-a7c1bda601f1",
        "type": "message",
        "text": "<@USMM7QR7G> Yep. You can link either orchestrator directly or link server-core and make sure to link drivers and orchestrator inside server-core.",
        "user": "UC19HAUAK",
        "ts": "1581893531.120900",
        "team": "TC0C1HURK",
        "user_team": "TC0C1HURK",
        "source_team": "TC0C1HURK",
        "user_profile": {
            "avatar_hash": "066a042e018c",
            "image_72": "https:\/\/avatars.slack-edge.com\/2019-12-07\/866588520998_066a042e018ca831a195_72.png",
            "first_name": "Pavel",
            "real_name": "Pavel Tiunov",
            "display_name": "pavel",
            "team": "TC0C1HURK",
            "name": "pavel",
            "is_restricted": false,
            "is_ultra_restricted": false
        },
        "blocks": [
            {
                "type": "rich_text",
                "block_id": "MsiZ5",
                "elements": [
                    {
                        "type": "rich_text_section",
                        "elements": [
                            {
                                "type": "user",
                                "user_id": "USMM7QR7G"
                            },
                            {
                                "type": "text",
                                "text": " Yep. You can link either orchestrator directly or link server-core and make sure to link drivers and orchestrator inside server-core."
                            }
                        ]
                    }
                ]
            }
        ],
        "thread_ts": "1581815725.110200",
        "parent_user_id": "USMM7QR7G"
    },
    {
        "client_msg_id": "1f9c74b1-00c4-49d3-aaea-202f3701afce",
        "type": "message",
        "text": "ah ok - cubejs uses yarn but sample uses npm, do you normally switch the sample to yarn?",
        "user": "USMM7QR7G",
        "ts": "1581893746.121200",
        "team": "TC0C1HURK",
        "user_team": "TC0C1HURK",
        "source_team": "TC0C1HURK",
        "user_profile": {
            "avatar_hash": "775751dbe2c6",
            "image_72": "https:\/\/avatars.slack-edge.com\/2020-04-03\/1037000392274_775751dbe2c6e0a3feec_72.jpg",
            "first_name": "",
            "real_name": "Jc",
            "display_name": "Jc",
            "team": "TC0C1HURK",
            "name": "jc.w",
            "is_restricted": false,
            "is_ultra_restricted": false
        },
        "blocks": [
            {
                "type": "rich_text",
                "block_id": "PlOL",
                "elements": [
                    {
                        "type": "rich_text_section",
                        "elements": [
                            {
                                "type": "text",
                                "text": "ah ok - cubejs uses yarn but sample uses npm, do you normally switch the sample to yarn?"
                            }
                        ]
                    }
                ]
            }
        ],
        "thread_ts": "1581815725.110200",
        "parent_user_id": "USMM7QR7G"
    },
    {
        "client_msg_id": "2fa239fd-c299-4584-bca7-1276cf197bd3",
        "type": "message",
        "text": "Yeah. You should use yarn in sample then.",
        "user": "UC19HAUAK",
        "ts": "1581893795.121400",
        "team": "TC0C1HURK",
        "user_team": "TC0C1HURK",
        "source_team": "TC0C1HURK",
        "user_profile": {
            "avatar_hash": "066a042e018c",
            "image_72": "https:\/\/avatars.slack-edge.com\/2019-12-07\/866588520998_066a042e018ca831a195_72.png",
            "first_name": "Pavel",
            "real_name": "Pavel Tiunov",
            "display_name": "pavel",
            "team": "TC0C1HURK",
            "name": "pavel",
            "is_restricted": false,
            "is_ultra_restricted": false
        },
        "blocks": [
            {
                "type": "rich_text",
                "block_id": "6uY",
                "elements": [
                    {
                        "type": "rich_text_section",
                        "elements": [
                            {
                                "type": "text",
                                "text": "Yeah. You should use yarn in sample then."
                            }
                        ]
                    }
                ]
            }
        ],
        "thread_ts": "1581815725.110200",
        "parent_user_id": "USMM7QR7G"
    },
    {
        "client_msg_id": "7d650396-c84b-4db1-a52f-82c0f52ef200",
        "type": "message",
        "text": "k - thanks!",
        "user": "USMM7QR7G",
        "ts": "1581893810.121600",
        "team": "TC0C1HURK",
        "user_team": "TC0C1HURK",
        "source_team": "TC0C1HURK",
        "user_profile": {
            "avatar_hash": "775751dbe2c6",
            "image_72": "https:\/\/avatars.slack-edge.com\/2020-04-03\/1037000392274_775751dbe2c6e0a3feec_72.jpg",
            "first_name": "",
            "real_name": "Jc",
            "display_name": "Jc",
            "team": "TC0C1HURK",
            "name": "jc.w",
            "is_restricted": false,
            "is_ultra_restricted": false
        },
        "blocks": [
            {
                "type": "rich_text",
                "block_id": "N5+l",
                "elements": [
                    {
                        "type": "rich_text_section",
                        "elements": [
                            {
                                "type": "text",
                                "text": "k - thanks!"
                            }
                        ]
                    }
                ]
            }
        ],
        "thread_ts": "1581815725.110200",
        "parent_user_id": "USMM7QR7G",
        "reactions": [
            {
                "name": "raised_hands",
                "users": [
                    "UC19HAUAK"
                ],
                "count": 1
            }
        ]
    },
    {
        "client_msg_id": "990ded9f-f8a3-448a-ab87-37cc32ec711b",
        "type": "message",
        "text": "<@UU1RD8YKF> You can try:\n```CUBEJS_DB_HOST=localhost\\SQLEXPRESS\nCUBEJS_DB_NAME=em_sap\nCUBEJS_DB_USER=sa\nCUBEJS_DB_PASS=manager\nCUBEJS_DB_TYPE=mssql```\nor\n```CUBEJS_DB_HOST=localhost\\\\SQLEXPRESS\nCUBEJS_DB_NAME=em_sap\nCUBEJS_DB_USER=sa\nCUBEJS_DB_PASS=manager\nCUBEJS_DB_TYPE=mssql```",
        "user": "UC19HAUAK",
        "ts": "1581894313.121900",
        "team": "TC0C1HURK",
        "user_team": "TC0C1HURK",
        "source_team": "TC0C1HURK",
        "user_profile": {
            "avatar_hash": "066a042e018c",
            "image_72": "https:\/\/avatars.slack-edge.com\/2019-12-07\/866588520998_066a042e018ca831a195_72.png",
            "first_name": "Pavel",
            "real_name": "Pavel Tiunov",
            "display_name": "pavel",
            "team": "TC0C1HURK",
            "name": "pavel",
            "is_restricted": false,
            "is_ultra_restricted": false
        },
        "blocks": [
            {
                "type": "rich_text",
                "block_id": "RsmDh",
                "elements": [
                    {
                        "type": "rich_text_section",
                        "elements": [
                            {
                                "type": "user",
                                "user_id": "UU1RD8YKF"
                            },
                            {
                                "type": "text",
                                "text": " You can try:\n"
                            }
                        ]
                    },
                    {
                        "type": "rich_text_preformatted",
                        "elements": [
                            {
                                "type": "text",
                                "text": "CUBEJS_DB_HOST=localhost\\SQLEXPRESS\nCUBEJS_DB_NAME=em_sap\nCUBEJS_DB_USER=sa\nCUBEJS_DB_PASS=manager\nCUBEJS_DB_TYPE=mssql"
                            }
                        ]
                    },
                    {
                        "type": "rich_text_section",
                        "elements": [
                            {
                                "type": "text",
                                "text": "or\n"
                            }
                        ]
                    },
                    {
                        "type": "rich_text_preformatted",
                        "elements": [
                            {
                                "type": "text",
                                "text": "CUBEJS_DB_HOST=localhost\\\\SQLEXPRESS\nCUBEJS_DB_NAME=em_sap\nCUBEJS_DB_USER=sa\nCUBEJS_DB_PASS=manager\nCUBEJS_DB_TYPE=mssql"
                            }
                        ]
                    }
                ]
            }
        ],
        "thread_ts": "1581762283.083400",
        "parent_user_id": "UU1RD8YKF"
    },
    {
        "client_msg_id": "a6682412-9cda-47d6-a454-9d30a366fb6b",
        "type": "message",
        "text": "Don't put port as you use named instances",
        "user": "UC19HAUAK",
        "ts": "1581894349.122100",
        "team": "TC0C1HURK",
        "user_team": "TC0C1HURK",
        "source_team": "TC0C1HURK",
        "user_profile": {
            "avatar_hash": "066a042e018c",
            "image_72": "https:\/\/avatars.slack-edge.com\/2019-12-07\/866588520998_066a042e018ca831a195_72.png",
            "first_name": "Pavel",
            "real_name": "Pavel Tiunov",
            "display_name": "pavel",
            "team": "TC0C1HURK",
            "name": "pavel",
            "is_restricted": false,
            "is_ultra_restricted": false
        },
        "blocks": [
            {
                "type": "rich_text",
                "block_id": "C2+c",
                "elements": [
                    {
                        "type": "rich_text_section",
                        "elements": [
                            {
                                "type": "text",
                                "text": "Don't put port as you use named instances"
                            }
                        ]
                    }
                ]
            }
        ],
        "thread_ts": "1581762283.083400",
        "parent_user_id": "UU1RD8YKF"
    }
]