[
    {
        "type": "message",
        "subtype": "channel_join",
        "ts": "1594141077.377300",
        "user": "U016PAWP5A6",
        "text": "<@U016PAWP5A6> has joined the channel"
    },
    {
        "type": "message",
        "text": "Hi everyone, how can I change the column name in the table ? I generated the React client project from the serverless playground. I want to change `Productlogs Productname` and `ProductLogs Count` to something more intuitive. Thank you in advance!",
        "files": [
            {
                "id": "F017203QVFB",
                "created": 1594141208,
                "timestamp": 1594141208,
                "name": "image.png",
                "title": "image.png",
                "mimetype": "image\/png",
                "filetype": "png",
                "pretty_type": "PNG",
                "user": "U016PAWP5A6",
                "editable": false,
                "size": 36690,
                "mode": "hosted",
                "is_external": false,
                "external_type": "",
                "is_public": true,
                "public_url_shared": false,
                "display_as_bot": false,
                "username": "",
                "url_private": "https:\/\/files.slack.com\/files-pri\/TC0C1HURK-F017203QVFB\/image.png?t=xoxe-408409606869-1300049925941-1294691254950-5e5ba619551397a2daf3223fc6c48b4a",
                "url_private_download": "https:\/\/files.slack.com\/files-pri\/TC0C1HURK-F017203QVFB\/download\/image.png?t=xoxe-408409606869-1300049925941-1294691254950-5e5ba619551397a2daf3223fc6c48b4a",
                "thumb_64": "https:\/\/files.slack.com\/files-tmb\/TC0C1HURK-F017203QVFB-5d439f7788\/image_64.png?t=xoxe-408409606869-1300049925941-1294691254950-5e5ba619551397a2daf3223fc6c48b4a",
                "thumb_80": "https:\/\/files.slack.com\/files-tmb\/TC0C1HURK-F017203QVFB-5d439f7788\/image_80.png?t=xoxe-408409606869-1300049925941-1294691254950-5e5ba619551397a2daf3223fc6c48b4a",
                "thumb_360": "https:\/\/files.slack.com\/files-tmb\/TC0C1HURK-F017203QVFB-5d439f7788\/image_360.png?t=xoxe-408409606869-1300049925941-1294691254950-5e5ba619551397a2daf3223fc6c48b4a",
                "thumb_360_w": 360,
                "thumb_360_h": 133,
                "thumb_480": "https:\/\/files.slack.com\/files-tmb\/TC0C1HURK-F017203QVFB-5d439f7788\/image_480.png?t=xoxe-408409606869-1300049925941-1294691254950-5e5ba619551397a2daf3223fc6c48b4a",
                "thumb_480_w": 480,
                "thumb_480_h": 178,
                "thumb_160": "https:\/\/files.slack.com\/files-tmb\/TC0C1HURK-F017203QVFB-5d439f7788\/image_160.png?t=xoxe-408409606869-1300049925941-1294691254950-5e5ba619551397a2daf3223fc6c48b4a",
                "thumb_720": "https:\/\/files.slack.com\/files-tmb\/TC0C1HURK-F017203QVFB-5d439f7788\/image_720.png?t=xoxe-408409606869-1300049925941-1294691254950-5e5ba619551397a2daf3223fc6c48b4a",
                "thumb_720_w": 720,
                "thumb_720_h": 266,
                "thumb_800": "https:\/\/files.slack.com\/files-tmb\/TC0C1HURK-F017203QVFB-5d439f7788\/image_800.png?t=xoxe-408409606869-1300049925941-1294691254950-5e5ba619551397a2daf3223fc6c48b4a",
                "thumb_800_w": 800,
                "thumb_800_h": 296,
                "thumb_960": "https:\/\/files.slack.com\/files-tmb\/TC0C1HURK-F017203QVFB-5d439f7788\/image_960.png?t=xoxe-408409606869-1300049925941-1294691254950-5e5ba619551397a2daf3223fc6c48b4a",
                "thumb_960_w": 960,
                "thumb_960_h": 355,
                "thumb_1024": "https:\/\/files.slack.com\/files-tmb\/TC0C1HURK-F017203QVFB-5d439f7788\/image_1024.png?t=xoxe-408409606869-1300049925941-1294691254950-5e5ba619551397a2daf3223fc6c48b4a",
                "thumb_1024_w": 1024,
                "thumb_1024_h": 379,
                "original_w": 1532,
                "original_h": 567,
                "thumb_tiny": "AwARADC59ni\/ufrR9mh\/uD8zUtFO7Ai+yw\/88\/1pfssP9z9TUuaM0XYEX2WH\/nn+tIbWH+5+pqbNBNF2AlFFFIAooooAKKKKAP\/Z",
                "permalink": "https:\/\/cube-js.slack.com\/files\/U016PAWP5A6\/F017203QVFB\/image.png",
                "permalink_public": "https:\/\/slack-files.com\/TC0C1HURK-F017203QVFB-09d163049d",
                "is_starred": false,
                "has_rich_preview": false
            }
        ],
        "upload": false,
        "blocks": [
            {
                "type": "rich_text",
                "block_id": "R7JEh",
                "elements": [
                    {
                        "type": "rich_text_section",
                        "elements": [
                            {
                                "type": "text",
                                "text": "Hi everyone, how can I change the column name in the table ? I generated the React client project from the serverless playground. I want to change "
                            },
                            {
                                "type": "text",
                                "text": "Productlogs Productname",
                                "style": {
                                    "code": true
                                }
                            },
                            {
                                "type": "text",
                                "text": " and "
                            },
                            {
                                "type": "text",
                                "text": "ProductLogs Count",
                                "style": {
                                    "code": true
                                }
                            },
                            {
                                "type": "text",
                                "text": " to something more intuitive. Thank you in advance!"
                            }
                        ]
                    }
                ]
            }
        ],
        "user": "U016PAWP5A6",
        "display_as_bot": false,
        "ts": "1594141286.379900",
        "thread_ts": "1594141286.379900",
        "reply_count": 3,
        "reply_users_count": 2,
        "latest_reply": "1594142475.380700",
        "reply_users": [
            "U015158BQBU",
            "U013J5CRRDW"
        ],
        "replies": [
            {
                "user": "U015158BQBU",
                "ts": "1594142139.380300"
            },
            {
                "user": "U013J5CRRDW",
                "ts": "1594142380.380500"
            },
            {
                "user": "U015158BQBU",
                "ts": "1594142475.380700"
            }
        ],
        "subscribed": false
    },
    {
        "type": "message",
        "subtype": "channel_join",
        "ts": "1594141330.380200",
        "user": "U016PB8TCTC",
        "text": "<@U016PB8TCTC> has joined the channel"
    },
    {
        "client_msg_id": "3238f6d9-5d1b-4683-81d6-d8f321bc1b05",
        "type": "message",
        "text": "Hey <@U016PAWP5A6> please look at this documentation <https:\/\/cube.dev\/docs\/@cubejs-client-core#result-set-table-columns>",
        "user": "U015158BQBU",
        "ts": "1594142139.380300",
        "team": "TC0C1HURK",
        "user_team": "TC0C1HURK",
        "source_team": "TC0C1HURK",
        "user_profile": {
            "avatar_hash": "e9a440f69935",
            "image_72": "https:\/\/avatars.slack-edge.com\/2020-06-09\/1184952686945_e9a440f6993589af2f29_72.jpg",
            "first_name": "",
            "real_name": "Aleksey Sereda",
            "display_name": "Aleksey Sereda",
            "team": "TC0C1HURK",
            "name": "sereddos",
            "is_restricted": false,
            "is_ultra_restricted": false
        },
        "blocks": [
            {
                "type": "rich_text",
                "block_id": "ZKPD",
                "elements": [
                    {
                        "type": "rich_text_section",
                        "elements": [
                            {
                                "type": "text",
                                "text": "Hey "
                            },
                            {
                                "type": "user",
                                "user_id": "U016PAWP5A6"
                            },
                            {
                                "type": "text",
                                "text": " please look at this documentation "
                            },
                            {
                                "type": "link",
                                "url": "https:\/\/cube.dev\/docs\/@cubejs-client-core#result-set-table-columns"
                            }
                        ]
                    }
                ]
            }
        ],
        "thread_ts": "1594141286.379900",
        "parent_user_id": "U016PAWP5A6",
        "reactions": [
            {
                "name": "+1",
                "users": [
                    "U016PAWP5A6"
                ],
                "count": 1
            }
        ]
    },
    {
        "client_msg_id": "58a7230b-c900-4e09-8a48-f7a73f22ab34",
        "type": "message",
        "text": "hi <@U016PAWP5A6>! You can define titles for members <https:\/\/cube.dev\/docs\/measures#parameters-title>",
        "user": "U013J5CRRDW",
        "ts": "1594142380.380500",
        "team": "TC0C1HURK",
        "user_team": "TC0C1HURK",
        "source_team": "TC0C1HURK",
        "user_profile": {
            "avatar_hash": "759b4f7ce0bf",
            "image_72": "https:\/\/avatars.slack-edge.com\/2020-06-23\/1224215237280_759b4f7ce0bf4b291721_72.jpg",
            "first_name": "Alex",
            "real_name": "Alex Vasilev",
            "display_name": "Alex Vasilev",
            "team": "TC0C1HURK",
            "name": "vaspiring",
            "is_restricted": false,
            "is_ultra_restricted": false
        },
        "blocks": [
            {
                "type": "rich_text",
                "block_id": "66i8",
                "elements": [
                    {
                        "type": "rich_text_section",
                        "elements": [
                            {
                                "type": "text",
                                "text": "hi "
                            },
                            {
                                "type": "user",
                                "user_id": "U016PAWP5A6"
                            },
                            {
                                "type": "text",
                                "text": "! You can define titles for members "
                            },
                            {
                                "type": "link",
                                "url": "https:\/\/cube.dev\/docs\/measures#parameters-title"
                            }
                        ]
                    }
                ]
            }
        ],
        "thread_ts": "1594141286.379900",
        "parent_user_id": "U016PAWP5A6",
        "reactions": [
            {
                "name": "+1",
                "users": [
                    "U015158BQBU",
                    "U016PAWP5A6"
                ],
                "count": 2
            }
        ]
    },
    {
        "client_msg_id": "e30843ff-dede-41fd-aecb-5770b5c8c51f",
        "type": "message",
        "text": "cool",
        "user": "U015158BQBU",
        "ts": "1594142475.380700",
        "team": "TC0C1HURK",
        "user_team": "TC0C1HURK",
        "source_team": "TC0C1HURK",
        "user_profile": {
            "avatar_hash": "e9a440f69935",
            "image_72": "https:\/\/avatars.slack-edge.com\/2020-06-09\/1184952686945_e9a440f6993589af2f29_72.jpg",
            "first_name": "",
            "real_name": "Aleksey Sereda",
            "display_name": "Aleksey Sereda",
            "team": "TC0C1HURK",
            "name": "sereddos",
            "is_restricted": false,
            "is_ultra_restricted": false
        },
        "blocks": [
            {
                "type": "rich_text",
                "block_id": "pEK5",
                "elements": [
                    {
                        "type": "rich_text_section",
                        "elements": [
                            {
                                "type": "text",
                                "text": "cool"
                            }
                        ]
                    }
                ]
            }
        ],
        "thread_ts": "1594141286.379900",
        "parent_user_id": "U016PAWP5A6",
        "reactions": [
            {
                "name": "hugging_face",
                "users": [
                    "U013J5CRRDW"
                ],
                "count": 1
            }
        ]
    },
    {
        "type": "message",
        "subtype": "channel_join",
        "ts": "1594161327.381500",
        "user": "U016W7LTNKW",
        "text": "<@U016W7LTNKW> has joined the channel"
    },
    {
        "type": "message",
        "subtype": "channel_join",
        "ts": "1594173656.381700",
        "user": "U016Q92V4AE",
        "text": "<@U016Q92V4AE> has joined the channel"
    },
    {
        "client_msg_id": "623df900-8703-434a-b55a-b8dd3d2af746",
        "type": "message",
        "text": "Hi guys, is there a way to filter with an `OR` statement. eg: below is a query on calls that were made. So here I want to get calls that were done by that number or calls that were received by that number using a JSON Query.\n```\"filters\": [\n    {\n      \"dimension\": \"To.number\",\n      \"operator\": \"equals\",\n      \"values\": [\n        \"100\"\n      ]\n    },\n    {\n      \"dimension\": \"From.number\",\n      \"operator\": \"equals\",\n      \"values\": [\n        \"100\"\n      ]\n    }\n  ],```\nThe above statement tries to get calls that were done to itself and of which it will find none. Is there are way to define these filters to make an `OR` statement such that I get either calls made or calls received by number?\n\nSomething like this:\n```\"filters\": [\n    [{\n      \"dimension\": \"To.number\",\n      \"operator\": \"equals\",\n      \"values\": [\n        \"100\"\n      ]\n    },\n    {\n      \"dimension\": \"From.number\",\n      \"operator\": \"equals\",\n      \"values\": [\n        \"100\"\n      ]\n    }]\n  ],```\nnotice the additional array to me this gives the notion that I want either of the conditions to be true making it more powerful. Otherwise I am being forced to do another query for each.",
        "user": "U016Q92V4AE",
        "ts": "1594173947.383600",
        "team": "TC0C1HURK",
        "user_team": "TC0C1HURK",
        "source_team": "TC0C1HURK",
        "user_profile": {
            "avatar_hash": "geac2a4d6126",
            "image_72": "https:\/\/secure.gravatar.com\/avatar\/eac2a4d6126caee8190e0176effab143.jpg?s=72&d=https%3A%2F%2Fa.slack-edge.com%2Fdf10d%2Fimg%2Favatars%2Fava_0021-72.png",
            "first_name": "",
            "real_name": "Emmanuel Mahuni",
            "display_name": "Emmanuel Mahuni",
            "team": "TC0C1HURK",
            "name": "emahuni",
            "is_restricted": false,
            "is_ultra_restricted": false
        },
        "edited": {
            "user": "U016Q92V4AE",
            "ts": "1594174437.000000"
        },
        "blocks": [
            {
                "type": "rich_text",
                "block_id": "Qhf",
                "elements": [
                    {
                        "type": "rich_text_section",
                        "elements": [
                            {
                                "type": "text",
                                "text": "Hi guys, is there a way to filter with an "
                            },
                            {
                                "type": "text",
                                "text": "OR",
                                "style": {
                                    "code": true
                                }
                            },
                            {
                                "type": "text",
                                "text": " statement. eg: below is a query on calls that were made. So here I want to get calls that were done by that number or calls that were received by that number using a JSON Query.\n"
                            }
                        ]
                    },
                    {
                        "type": "rich_text_preformatted",
                        "elements": [
                            {
                                "type": "text",
                                "text": "\"filters\": [\n    {\n      \"dimension\": \"To.number\",\n      \"operator\": \"equals\",\n      \"values\": [\n        \"100\"\n      ]\n    },\n    {\n      \"dimension\": \"From.number\",\n      \"operator\": \"equals\",\n      \"values\": [\n        \"100\"\n      ]\n    }\n  ],"
                            }
                        ]
                    },
                    {
                        "type": "rich_text_section",
                        "elements": [
                            {
                                "type": "text",
                                "text": "\nThe above statement tries to get calls that were done to itself and of which it will find none. Is there are way to define these filters to make an "
                            },
                            {
                                "type": "text",
                                "text": "OR",
                                "style": {
                                    "code": true
                                }
                            },
                            {
                                "type": "text",
                                "text": " statement such that I get either calls made or calls received by number?\n\nSomething like this:\n"
                            }
                        ]
                    },
                    {
                        "type": "rich_text_preformatted",
                        "elements": [
                            {
                                "type": "text",
                                "text": "\"filters\": [\n    [{\n      \"dimension\": \"To.number\",\n      \"operator\": \"equals\",\n      \"values\": [\n        \"100\"\n      ]\n    },\n    {\n      \"dimension\": \"From.number\",\n      \"operator\": \"equals\",\n      \"values\": [\n        \"100\"\n      ]\n    }]\n  ],"
                            }
                        ]
                    },
                    {
                        "type": "rich_text_section",
                        "elements": [
                            {
                                "type": "text",
                                "text": "\nnotice the additional array to me this gives the notion that I want either of the conditions to be true making it more powerful. Otherwise I am being forced to do another query for each."
                            }
                        ]
                    }
                ]
            }
        ],
        "thread_ts": "1594173947.383600",
        "reply_count": 1,
        "reply_users_count": 1,
        "latest_reply": "1594194696.384800",
        "reply_users": [
            "U013J5CRRDW"
        ],
        "replies": [
            {
                "user": "U013J5CRRDW",
                "ts": "1594194696.384800"
            }
        ],
        "subscribed": false
    },
    {
        "client_msg_id": "78094505-3976-4ca4-b6d2-4b850aad2c6c",
        "type": "message",
        "text": "Hey <@UTX86JSMS>! This one should be fixed right now.",
        "user": "UC19HAUAK",
        "ts": "1594176388.384200",
        "team": "TC0C1HURK",
        "user_team": "TC0C1HURK",
        "source_team": "TC0C1HURK",
        "user_profile": {
            "avatar_hash": "066a042e018c",
            "image_72": "https:\/\/avatars.slack-edge.com\/2019-12-07\/866588520998_066a042e018ca831a195_72.png",
            "first_name": "Pavel",
            "real_name": "Pavel Tiunov",
            "display_name": "pavel",
            "team": "TC0C1HURK",
            "name": "pavel",
            "is_restricted": false,
            "is_ultra_restricted": false
        },
        "blocks": [
            {
                "type": "rich_text",
                "block_id": "FCT15",
                "elements": [
                    {
                        "type": "rich_text_section",
                        "elements": [
                            {
                                "type": "text",
                                "text": "Hey "
                            },
                            {
                                "type": "user",
                                "user_id": "UTX86JSMS"
                            },
                            {
                                "type": "text",
                                "text": "! This one should be fixed right now."
                            }
                        ]
                    }
                ]
            }
        ],
        "thread_ts": "1593723283.360600",
        "parent_user_id": "UTX86JSMS",
        "reactions": [
            {
                "name": "100",
                "users": [
                    "USMM7QR7G"
                ],
                "count": 1
            }
        ]
    },
    {
        "type": "message",
        "subtype": "channel_join",
        "ts": "1594177334.384700",
        "user": "U016HJP4CA2",
        "text": "<@U016HJP4CA2> has joined the channel"
    }
]