[
    {
        "type": "message",
        "subtype": "channel_join",
        "ts": "1588844427.178500",
        "user": "U0137H3254K",
        "text": "<@U0137H3254K> has joined the channel"
    },
    {
        "type": "message",
        "subtype": "channel_join",
        "ts": "1588851190.178700",
        "user": "U0130PK4HJA",
        "text": "<@U0130PK4HJA> has joined the channel"
    },
    {
        "type": "message",
        "subtype": "channel_join",
        "ts": "1588855803.179000",
        "user": "U0137M32VEE",
        "text": "<@U0137M32VEE> has joined the channel"
    },
    {
        "client_msg_id": "bc0ec73b-d51e-446c-b512-1aab722d3cdd",
        "type": "message",
        "text": "Please help! i need to get value of aray in mongodb collections  how can i?",
        "user": "U010C6SFXEU",
        "ts": "1588873199.180400",
        "team": "TC0C1HURK",
        "user_team": "TC0C1HURK",
        "source_team": "TC0C1HURK",
        "user_profile": {
            "avatar_hash": "g27d47bc11d1",
            "image_72": "https:\/\/secure.gravatar.com\/avatar\/27d47bc11d16bd9170d88eceea57d3c7.jpg?s=72&d=https%3A%2F%2Fa.slack-edge.com%2Fdf10d%2Fimg%2Favatars%2Fava_0019-72.png",
            "first_name": "",
            "real_name": "Enkhtuvshin",
            "display_name": "Enkhtuvshin",
            "team": "TC0C1HURK",
            "name": "enhtuwshinn",
            "is_restricted": false,
            "is_ultra_restricted": false
        },
        "blocks": [
            {
                "type": "rich_text",
                "block_id": "V\/W2H",
                "elements": [
                    {
                        "type": "rich_text_section",
                        "elements": [
                            {
                                "type": "text",
                                "text": "Please help! i need to get value of aray in mongodb collections  how can i?"
                            }
                        ]
                    }
                ]
            }
        ],
        "thread_ts": "1588873199.180400",
        "reply_count": 4,
        "reply_users_count": 2,
        "latest_reply": "1588908131.184200",
        "reply_users": [
            "U010C6SFXEU",
            "UC19HAUAK"
        ],
        "replies": [
            {
                "user": "U010C6SFXEU",
                "ts": "1588873249.180500"
            },
            {
                "user": "U010C6SFXEU",
                "ts": "1588873294.180900"
            },
            {
                "user": "UC19HAUAK",
                "ts": "1588876080.182000"
            },
            {
                "user": "U010C6SFXEU",
                "ts": "1588908131.184200"
            }
        ],
        "subscribed": false
    },
    {
        "type": "message",
        "text": "",
        "files": [
            {
                "id": "F013759CQS1",
                "created": 1588873247,
                "timestamp": 1588873247,
                "name": "image.png",
                "title": "image.png",
                "mimetype": "image\/png",
                "filetype": "png",
                "pretty_type": "PNG",
                "user": "U010C6SFXEU",
                "editable": false,
                "size": 7537,
                "mode": "hosted",
                "is_external": false,
                "external_type": "",
                "is_public": true,
                "public_url_shared": false,
                "display_as_bot": false,
                "username": "",
                "url_private": "https:\/\/files.slack.com\/files-pri\/TC0C1HURK-F013759CQS1\/image.png?t=xoxe-408409606869-1300049925941-1294691254950-5e5ba619551397a2daf3223fc6c48b4a",
                "url_private_download": "https:\/\/files.slack.com\/files-pri\/TC0C1HURK-F013759CQS1\/download\/image.png?t=xoxe-408409606869-1300049925941-1294691254950-5e5ba619551397a2daf3223fc6c48b4a",
                "thumb_64": "https:\/\/files.slack.com\/files-tmb\/TC0C1HURK-F013759CQS1-bd54d1cd7f\/image_64.png?t=xoxe-408409606869-1300049925941-1294691254950-5e5ba619551397a2daf3223fc6c48b4a",
                "thumb_80": "https:\/\/files.slack.com\/files-tmb\/TC0C1HURK-F013759CQS1-bd54d1cd7f\/image_80.png?t=xoxe-408409606869-1300049925941-1294691254950-5e5ba619551397a2daf3223fc6c48b4a",
                "thumb_360": "https:\/\/files.slack.com\/files-tmb\/TC0C1HURK-F013759CQS1-bd54d1cd7f\/image_360.png?t=xoxe-408409606869-1300049925941-1294691254950-5e5ba619551397a2daf3223fc6c48b4a",
                "thumb_360_w": 360,
                "thumb_360_h": 45,
                "thumb_480": "https:\/\/files.slack.com\/files-tmb\/TC0C1HURK-F013759CQS1-bd54d1cd7f\/image_480.png?t=xoxe-408409606869-1300049925941-1294691254950-5e5ba619551397a2daf3223fc6c48b4a",
                "thumb_480_w": 480,
                "thumb_480_h": 61,
                "thumb_160": "https:\/\/files.slack.com\/files-tmb\/TC0C1HURK-F013759CQS1-bd54d1cd7f\/image_160.png?t=xoxe-408409606869-1300049925941-1294691254950-5e5ba619551397a2daf3223fc6c48b4a",
                "original_w": 689,
                "original_h": 87,
                "thumb_tiny": "AwAGADDRZeeMflSgEdMUGloATn1o59aWigCM53daeMkU09acvSgD\/9k=",
                "permalink": "https:\/\/cube-js.slack.com\/files\/U010C6SFXEU\/F013759CQS1\/image.png",
                "permalink_public": "https:\/\/slack-files.com\/TC0C1HURK-F013759CQS1-5b600fff17",
                "is_starred": false,
                "has_rich_preview": false
            }
        ],
        "upload": true,
        "user": "U010C6SFXEU",
        "display_as_bot": false,
        "ts": "1588873249.180500",
        "client_msg_id": "48dc3408-a02c-4d58-b586-e0dde94e7316",
        "thread_ts": "1588873199.180400",
        "parent_user_id": "U010C6SFXEU"
    },
    {
        "client_msg_id": "d89f1092-f104-4bab-b771-048894998800",
        "type": "message",
        "text": "i need to geet segmentIds value with collections _id but cubejs schema only gives me segmentId without parent collection id",
        "user": "U010C6SFXEU",
        "ts": "1588873294.180900",
        "team": "TC0C1HURK",
        "user_team": "TC0C1HURK",
        "source_team": "TC0C1HURK",
        "user_profile": {
            "avatar_hash": "g27d47bc11d1",
            "image_72": "https:\/\/secure.gravatar.com\/avatar\/27d47bc11d16bd9170d88eceea57d3c7.jpg?s=72&d=https%3A%2F%2Fa.slack-edge.com%2Fdf10d%2Fimg%2Favatars%2Fava_0019-72.png",
            "first_name": "",
            "real_name": "Enkhtuvshin",
            "display_name": "Enkhtuvshin",
            "team": "TC0C1HURK",
            "name": "enhtuwshinn",
            "is_restricted": false,
            "is_ultra_restricted": false
        },
        "blocks": [
            {
                "type": "rich_text",
                "block_id": "njZND",
                "elements": [
                    {
                        "type": "rich_text_section",
                        "elements": [
                            {
                                "type": "text",
                                "text": "i need to geet segmentIds value with collections _id but cubejs schema only gives me segmentId without parent collection id"
                            }
                        ]
                    }
                ]
            }
        ],
        "thread_ts": "1588873199.180400",
        "parent_user_id": "U010C6SFXEU"
    },
    {
        "client_msg_id": "a00ea276-2138-447b-9cc2-969cb9d9fc3c",
        "type": "message",
        "text": "Hey <@UUSQW69RA>! Yep. Best practice is not to have aggregation in cube sql. Your case is candidate for <https:\/\/cube.dev\/docs\/subquery#top>",
        "user": "UC19HAUAK",
        "ts": "1588875485.181100",
        "team": "TC0C1HURK",
        "user_team": "TC0C1HURK",
        "source_team": "TC0C1HURK",
        "user_profile": {
            "avatar_hash": "066a042e018c",
            "image_72": "https:\/\/avatars.slack-edge.com\/2019-12-07\/866588520998_066a042e018ca831a195_72.png",
            "first_name": "Pavel",
            "real_name": "Pavel Tiunov",
            "display_name": "pavel",
            "team": "TC0C1HURK",
            "name": "pavel",
            "is_restricted": false,
            "is_ultra_restricted": false
        },
        "blocks": [
            {
                "type": "rich_text",
                "block_id": "9UsZ",
                "elements": [
                    {
                        "type": "rich_text_section",
                        "elements": [
                            {
                                "type": "text",
                                "text": "Hey "
                            },
                            {
                                "type": "user",
                                "user_id": "UUSQW69RA"
                            },
                            {
                                "type": "text",
                                "text": "! Yep. Best practice is not to have aggregation in cube sql. Your case is candidate for "
                            },
                            {
                                "type": "link",
                                "url": "https:\/\/cube.dev\/docs\/subquery#top"
                            }
                        ]
                    }
                ]
            }
        ],
        "thread_ts": "1588705084.158700",
        "parent_user_id": "UUSQW69RA"
    },
    {
        "client_msg_id": "218b40f9-d09c-492e-970a-c66078a4edd2",
        "type": "message",
        "text": "Hey <@U0135QRCL1G>! Could you please post your question here so we can save the answer: <https:\/\/stackoverflow.com\/questions\/tagged\/cube.js>.",
        "user": "UC19HAUAK",
        "ts": "1588875737.181300",
        "team": "TC0C1HURK",
        "user_team": "TC0C1HURK",
        "source_team": "TC0C1HURK",
        "user_profile": {
            "avatar_hash": "066a042e018c",
            "image_72": "https:\/\/avatars.slack-edge.com\/2019-12-07\/866588520998_066a042e018ca831a195_72.png",
            "first_name": "Pavel",
            "real_name": "Pavel Tiunov",
            "display_name": "pavel",
            "team": "TC0C1HURK",
            "name": "pavel",
            "is_restricted": false,
            "is_ultra_restricted": false
        },
        "attachments": [
            {
                "service_name": "Stack Overflow",
                "title": "Newest 'cube.js' Questions",
                "title_link": "https:\/\/stackoverflow.com\/questions\/tagged\/cube.js",
                "text": "Stack Overflow | The World’s Largest Online Community for Developers",
                "fallback": "Stack Overflow: Newest 'cube.js' Questions",
                "thumb_url": "https:\/\/cdn.sstatic.net\/Sites\/stackoverflow\/Img\/apple-touch-icon@2.png?v=73d79a89bded",
                "from_url": "https:\/\/stackoverflow.com\/questions\/tagged\/cube.js",
                "thumb_width": 316,
                "thumb_height": 316,
                "service_icon": "https:\/\/cdn.sstatic.net\/Sites\/stackoverflow\/Img\/apple-touch-icon.png?v=c78bd457575a",
                "id": 1,
                "original_url": "https:\/\/stackoverflow.com\/questions\/tagged\/cube.js"
            }
        ],
        "blocks": [
            {
                "type": "rich_text",
                "block_id": "jdw6",
                "elements": [
                    {
                        "type": "rich_text_section",
                        "elements": [
                            {
                                "type": "text",
                                "text": "Hey "
                            },
                            {
                                "type": "user",
                                "user_id": "U0135QRCL1G"
                            },
                            {
                                "type": "text",
                                "text": "! Could you please post your question here so we can save the answer: "
                            },
                            {
                                "type": "link",
                                "url": "https:\/\/stackoverflow.com\/questions\/tagged\/cube.js"
                            },
                            {
                                "type": "text",
                                "text": "."
                            }
                        ]
                    }
                ]
            }
        ],
        "thread_ts": "1588791184.163300",
        "parent_user_id": "U0135QRCL1G"
    },
    {
        "client_msg_id": "e0cd794b-e9b1-462f-8be9-ca66d78d0fab",
        "type": "message",
        "text": "<@U010YEKPPBN> You'd need to have 2 cubes in this case: one for `mock.pats` and another one for unnested values. Then you can join those on `mock.pats.id`. Here's an example for similar problem: <https:\/\/cube.dev\/docs\/many-to-many-relationship#many-to-many-relationship-without-an-associative-table>",
        "user": "UC19HAUAK",
        "ts": "1588875906.181600",
        "team": "TC0C1HURK",
        "user_team": "TC0C1HURK",
        "source_team": "TC0C1HURK",
        "user_profile": {
            "avatar_hash": "066a042e018c",
            "image_72": "https:\/\/avatars.slack-edge.com\/2019-12-07\/866588520998_066a042e018ca831a195_72.png",
            "first_name": "Pavel",
            "real_name": "Pavel Tiunov",
            "display_name": "pavel",
            "team": "TC0C1HURK",
            "name": "pavel",
            "is_restricted": false,
            "is_ultra_restricted": false
        },
        "blocks": [
            {
                "type": "rich_text",
                "block_id": "T1pk1",
                "elements": [
                    {
                        "type": "rich_text_section",
                        "elements": [
                            {
                                "type": "user",
                                "user_id": "U010YEKPPBN"
                            },
                            {
                                "type": "text",
                                "text": " You'd need to have 2 cubes in this case: one for "
                            },
                            {
                                "type": "text",
                                "text": "mock.pats",
                                "style": {
                                    "code": true
                                }
                            },
                            {
                                "type": "text",
                                "text": " and another one for unnested values. Then you can join those on "
                            },
                            {
                                "type": "text",
                                "text": "mock.pats.id",
                                "style": {
                                    "code": true
                                }
                            },
                            {
                                "type": "text",
                                "text": ". Here's an example for similar problem: "
                            },
                            {
                                "type": "link",
                                "url": "https:\/\/cube.dev\/docs\/many-to-many-relationship#many-to-many-relationship-without-an-associative-table"
                            }
                        ]
                    }
                ]
            }
        ],
        "thread_ts": "1588798621.176600",
        "parent_user_id": "U010YEKPPBN"
    },
    {
        "client_msg_id": "f1b16a6d-4dfc-42e2-866a-8b2652477a92",
        "type": "message",
        "text": "Hey <@ULL8V11C4>! Could you please post this question to <https:\/\/stackoverflow.com\/questions\/tagged\/cube.js>. It makes sense to save this answer for future.",
        "user": "UC19HAUAK",
        "ts": "1588876050.181800",
        "team": "TC0C1HURK",
        "user_team": "TC0C1HURK",
        "source_team": "TC0C1HURK",
        "user_profile": {
            "avatar_hash": "066a042e018c",
            "image_72": "https:\/\/avatars.slack-edge.com\/2019-12-07\/866588520998_066a042e018ca831a195_72.png",
            "first_name": "Pavel",
            "real_name": "Pavel Tiunov",
            "display_name": "pavel",
            "team": "TC0C1HURK",
            "name": "pavel",
            "is_restricted": false,
            "is_ultra_restricted": false
        },
        "blocks": [
            {
                "type": "rich_text",
                "block_id": "R+W4P",
                "elements": [
                    {
                        "type": "rich_text_section",
                        "elements": [
                            {
                                "type": "text",
                                "text": "Hey "
                            },
                            {
                                "type": "user",
                                "user_id": "ULL8V11C4"
                            },
                            {
                                "type": "text",
                                "text": "! Could you please post this question to "
                            },
                            {
                                "type": "link",
                                "url": "https:\/\/stackoverflow.com\/questions\/tagged\/cube.js"
                            },
                            {
                                "type": "text",
                                "text": ". It makes sense to save this answer for future."
                            }
                        ]
                    }
                ]
            }
        ],
        "thread_ts": "1588803567.177800",
        "parent_user_id": "ULL8V11C4"
    },
    {
        "client_msg_id": "254a2067-0513-4925-890b-b226e9720913",
        "type": "message",
        "text": "Hey <@U010C6SFXEU>! Please see <https:\/\/stackoverflow.com\/questions\/59826986\/cube-js-how-to-join-two-tables-created-from-mongodb-arrays>",
        "user": "UC19HAUAK",
        "ts": "1588876080.182000",
        "team": "TC0C1HURK",
        "user_team": "TC0C1HURK",
        "source_team": "TC0C1HURK",
        "user_profile": {
            "avatar_hash": "066a042e018c",
            "image_72": "https:\/\/avatars.slack-edge.com\/2019-12-07\/866588520998_066a042e018ca831a195_72.png",
            "first_name": "Pavel",
            "real_name": "Pavel Tiunov",
            "display_name": "pavel",
            "team": "TC0C1HURK",
            "name": "pavel",
            "is_restricted": false,
            "is_ultra_restricted": false
        },
        "attachments": [
            {
                "service_name": "Stack Overflow",
                "title": "Cube Js | How to join two tables created from MongoDB arrays?",
                "title_link": "https:\/\/stackoverflow.com\/questions\/59826986\/cube-js-how-to-join-two-tables-created-from-mongodb-arrays",
                "text": "I am new to cube.js and I am facing a problem, maybe someone will be able to help me. I did not find anything very helpful on the internet... Here is an example of o document in my collection: { ...",
                "fallback": "Stack Overflow: Cube Js | How to join two tables created from MongoDB arrays?",
                "thumb_url": "https:\/\/cdn.sstatic.net\/Sites\/stackoverflow\/Img\/apple-touch-icon@2.png?v=73d79a89bded",
                "from_url": "https:\/\/stackoverflow.com\/questions\/59826986\/cube-js-how-to-join-two-tables-created-from-mongodb-arrays",
                "thumb_width": 316,
                "thumb_height": 316,
                "service_icon": "https:\/\/cdn.sstatic.net\/Sites\/stackoverflow\/Img\/apple-touch-icon.png?v=c78bd457575a",
                "id": 1,
                "original_url": "https:\/\/stackoverflow.com\/questions\/59826986\/cube-js-how-to-join-two-tables-created-from-mongodb-arrays"
            }
        ],
        "blocks": [
            {
                "type": "rich_text",
                "block_id": "LMdT6",
                "elements": [
                    {
                        "type": "rich_text_section",
                        "elements": [
                            {
                                "type": "text",
                                "text": "Hey "
                            },
                            {
                                "type": "user",
                                "user_id": "U010C6SFXEU"
                            },
                            {
                                "type": "text",
                                "text": "! Please see "
                            },
                            {
                                "type": "link",
                                "url": "https:\/\/stackoverflow.com\/questions\/59826986\/cube-js-how-to-join-two-tables-created-from-mongodb-arrays"
                            }
                        ]
                    }
                ]
            }
        ],
        "thread_ts": "1588873199.180400",
        "parent_user_id": "U010C6SFXEU"
    },
    {
        "client_msg_id": "ac78a9aa-063b-46dc-aa45-6061699427db",
        "type": "message",
        "text": "<@UV8E3H1AN> Please see <https:\/\/cube.dev\/docs\/query-format#time-dimensions-format>",
        "user": "UC19HAUAK",
        "ts": "1588876830.182300",
        "team": "TC0C1HURK",
        "user_team": "TC0C1HURK",
        "source_team": "TC0C1HURK",
        "user_profile": {
            "avatar_hash": "066a042e018c",
            "image_72": "https:\/\/avatars.slack-edge.com\/2019-12-07\/866588520998_066a042e018ca831a195_72.png",
            "first_name": "Pavel",
            "real_name": "Pavel Tiunov",
            "display_name": "pavel",
            "team": "TC0C1HURK",
            "name": "pavel",
            "is_restricted": false,
            "is_ultra_restricted": false
        },
        "blocks": [
            {
                "type": "rich_text",
                "block_id": "FiK",
                "elements": [
                    {
                        "type": "rich_text_section",
                        "elements": [
                            {
                                "type": "user",
                                "user_id": "UV8E3H1AN"
                            },
                            {
                                "type": "text",
                                "text": " Please see "
                            },
                            {
                                "type": "link",
                                "url": "https:\/\/cube.dev\/docs\/query-format#time-dimensions-format"
                            }
                        ]
                    }
                ]
            }
        ],
        "thread_ts": "1588796145.168900",
        "parent_user_id": "UV8E3H1AN"
    },
    {
        "client_msg_id": "2b57edb1-01de-40ce-b2af-debc969c5b73",
        "type": "message",
        "text": "Thanks <@UC19HAUAK>! And by the way, great product!",
        "user": "UUSQW69RA",
        "ts": "1588878562.182500",
        "team": "TC0C1HURK",
        "user_team": "TC0C1HURK",
        "source_team": "TC0C1HURK",
        "user_profile": {
            "avatar_hash": "ge461268eb3d",
            "image_72": "https:\/\/secure.gravatar.com\/avatar\/e461268eb3d56899170438adb9e53712.jpg?s=72&d=https%3A%2F%2Fa.slack-edge.com%2Fdf10d%2Fimg%2Favatars%2Fava_0020-72.png",
            "first_name": "",
            "real_name": "Daniel Chiriches",
            "display_name": "Daniel Chiriches",
            "team": "TC0C1HURK",
            "name": "daniel_chiriches",
            "is_restricted": false,
            "is_ultra_restricted": false
        },
        "blocks": [
            {
                "type": "rich_text",
                "block_id": "jHeZ",
                "elements": [
                    {
                        "type": "rich_text_section",
                        "elements": [
                            {
                                "type": "text",
                                "text": "Thanks "
                            },
                            {
                                "type": "user",
                                "user_id": "UC19HAUAK"
                            },
                            {
                                "type": "text",
                                "text": "! And by the way, great product!"
                            }
                        ]
                    }
                ]
            }
        ],
        "thread_ts": "1588705084.158700",
        "parent_user_id": "UUSQW69RA"
    },
    {
        "client_msg_id": "2b868d73-39c5-450f-bfa5-8a5498273476",
        "type": "message",
        "text": ":raised_hands: Thanks for the feedback!",
        "user": "UC19HAUAK",
        "ts": "1588878597.182700",
        "team": "TC0C1HURK",
        "user_team": "TC0C1HURK",
        "source_team": "TC0C1HURK",
        "user_profile": {
            "avatar_hash": "066a042e018c",
            "image_72": "https:\/\/avatars.slack-edge.com\/2019-12-07\/866588520998_066a042e018ca831a195_72.png",
            "first_name": "Pavel",
            "real_name": "Pavel Tiunov",
            "display_name": "pavel",
            "team": "TC0C1HURK",
            "name": "pavel",
            "is_restricted": false,
            "is_ultra_restricted": false
        },
        "blocks": [
            {
                "type": "rich_text",
                "block_id": "mtU4",
                "elements": [
                    {
                        "type": "rich_text_section",
                        "elements": [
                            {
                                "type": "emoji",
                                "name": "raised_hands"
                            },
                            {
                                "type": "text",
                                "text": " Thanks for the feedback!"
                            }
                        ]
                    }
                ]
            }
        ],
        "thread_ts": "1588705084.158700",
        "parent_user_id": "UUSQW69RA"
    },
    {
        "client_msg_id": "53e9b2b6-b0db-4fdc-a082-eaf3c024ca01",
        "type": "message",
        "text": "from a cube X how can I access the measure of another cube Y?",
        "user": "UV8E3H1AN",
        "ts": "1588890557.183000",
        "team": "TC0C1HURK",
        "user_team": "TC0C1HURK",
        "source_team": "TC0C1HURK",
        "user_profile": {
            "avatar_hash": "g79af3767b00",
            "image_72": "https:\/\/secure.gravatar.com\/avatar\/79af3767b00fd9c09eac518ae14495e7.jpg?s=72&d=https%3A%2F%2Fa.slack-edge.com%2Fdf10d%2Fimg%2Favatars%2Fava_0023-72.png",
            "first_name": "",
            "real_name": "Denis Lopez",
            "display_name": "Denis Lopez",
            "team": "TC0C1HURK",
            "name": "denis.l",
            "is_restricted": false,
            "is_ultra_restricted": false
        },
        "blocks": [
            {
                "type": "rich_text",
                "block_id": "6hzB",
                "elements": [
                    {
                        "type": "rich_text_section",
                        "elements": [
                            {
                                "type": "text",
                                "text": "from a cube X how can I access the measure of another cube Y?"
                            }
                        ]
                    }
                ]
            }
        ],
        "thread_ts": "1588890557.183000",
        "reply_count": 1,
        "reply_users_count": 1,
        "latest_reply": "1588902097.183600",
        "reply_users": [
            "UC19HAUAK"
        ],
        "replies": [
            {
                "user": "UC19HAUAK",
                "ts": "1588902097.183600"
            }
        ],
        "subscribed": false
    },
    {
        "client_msg_id": "9866be2f-acd2-42f5-83d5-2ec0186d0284",
        "type": "message",
        "text": "<@UC19HAUAK> Great.  Got that working.  Thank you!",
        "user": "U010YEKPPBN",
        "ts": "1588892006.183100",
        "team": "TC0C1HURK",
        "user_team": "TC0C1HURK",
        "source_team": "TC0C1HURK",
        "user_profile": {
            "avatar_hash": "g0fc0ddf3347",
            "image_72": "https:\/\/secure.gravatar.com\/avatar\/0fc0ddf334730db95477e7d768d64814.jpg?s=72&d=https%3A%2F%2Fa.slack-edge.com%2Fdf10d%2Fimg%2Favatars%2Fava_0013-72.png",
            "first_name": "",
            "real_name": "Larry Hengl",
            "display_name": "Larry Hengl",
            "team": "TC0C1HURK",
            "name": "larrylayup",
            "is_restricted": false,
            "is_ultra_restricted": false
        },
        "blocks": [
            {
                "type": "rich_text",
                "block_id": "uu\/",
                "elements": [
                    {
                        "type": "rich_text_section",
                        "elements": [
                            {
                                "type": "user",
                                "user_id": "UC19HAUAK"
                            },
                            {
                                "type": "text",
                                "text": " Great.  Got that working.  Thank you!"
                            }
                        ]
                    }
                ]
            }
        ],
        "thread_ts": "1588798621.176600",
        "parent_user_id": "U010YEKPPBN",
        "reactions": [
            {
                "name": "raised_hands",
                "users": [
                    "UC19HAUAK"
                ],
                "count": 1
            }
        ]
    },
    {
        "type": "message",
        "subtype": "channel_join",
        "ts": "1588900944.183500",
        "user": "U0132LBJ23Y",
        "text": "<@U0132LBJ23Y> has joined the channel"
    },
    {
        "client_msg_id": "6430aa2a-1f01-4c55-873d-37199834a3dc",
        "type": "message",
        "text": "<@UV8E3H1AN> Please see <https:\/\/cube.dev\/docs\/cube#members-and-referencing>",
        "user": "UC19HAUAK",
        "ts": "1588902097.183600",
        "team": "TC0C1HURK",
        "user_team": "TC0C1HURK",
        "source_team": "TC0C1HURK",
        "user_profile": {
            "avatar_hash": "066a042e018c",
            "image_72": "https:\/\/avatars.slack-edge.com\/2019-12-07\/866588520998_066a042e018ca831a195_72.png",
            "first_name": "Pavel",
            "real_name": "Pavel Tiunov",
            "display_name": "pavel",
            "team": "TC0C1HURK",
            "name": "pavel",
            "is_restricted": false,
            "is_ultra_restricted": false
        },
        "blocks": [
            {
                "type": "rich_text",
                "block_id": "Tfa",
                "elements": [
                    {
                        "type": "rich_text_section",
                        "elements": [
                            {
                                "type": "user",
                                "user_id": "UV8E3H1AN"
                            },
                            {
                                "type": "text",
                                "text": " Please see "
                            },
                            {
                                "type": "link",
                                "url": "https:\/\/cube.dev\/docs\/cube#members-and-referencing"
                            }
                        ]
                    }
                ]
            }
        ],
        "thread_ts": "1588890557.183000",
        "parent_user_id": "UV8E3H1AN",
        "reactions": [
            {
                "name": "eyes",
                "users": [
                    "UV8E3H1AN"
                ],
                "count": 1
            }
        ]
    },
    {
        "client_msg_id": "dccc32e1-b771-4dfc-bff5-3100d5885f5d",
        "type": "message",
        "text": "<@UC19HAUAK>woow thank you so much!",
        "user": "U010C6SFXEU",
        "ts": "1588908131.184200",
        "team": "TC0C1HURK",
        "user_team": "TC0C1HURK",
        "source_team": "TC0C1HURK",
        "user_profile": {
            "avatar_hash": "g27d47bc11d1",
            "image_72": "https:\/\/secure.gravatar.com\/avatar\/27d47bc11d16bd9170d88eceea57d3c7.jpg?s=72&d=https%3A%2F%2Fa.slack-edge.com%2Fdf10d%2Fimg%2Favatars%2Fava_0019-72.png",
            "first_name": "",
            "real_name": "Enkhtuvshin",
            "display_name": "Enkhtuvshin",
            "team": "TC0C1HURK",
            "name": "enhtuwshinn",
            "is_restricted": false,
            "is_ultra_restricted": false
        },
        "blocks": [
            {
                "type": "rich_text",
                "block_id": "uikth",
                "elements": [
                    {
                        "type": "rich_text_section",
                        "elements": [
                            {
                                "type": "user",
                                "user_id": "UC19HAUAK"
                            },
                            {
                                "type": "text",
                                "text": "woow thank you so much!"
                            }
                        ]
                    }
                ]
            }
        ],
        "thread_ts": "1588873199.180400",
        "parent_user_id": "U010C6SFXEU"
    },
    {
        "type": "message",
        "subtype": "channel_join",
        "ts": "1588908241.184400",
        "user": "U0139MZJH51",
        "text": "<@U0139MZJH51> has joined the channel"
    },
    {
        "client_msg_id": "572152d0-1e72-4d89-a1b6-5c0be95075b7",
        "type": "message",
        "text": "Hi all, I am playing cubejs with the playground with own developed frontend, a strange thing happened. I used cubejs playground successfully generate a expected graph like the first picture I attached in this thread. It is awesome that cubejs could generate the coding part as well. I realized that the Chart.js uses:\n```resultSet.series()```\nto generate the dataset for stacked bar chart. I want to integrate it to my frontend which uses EChart for data visualization, however, after I called the resultSet.series(), the \"value\" is undefined which cause the graph cannot be drawn (Refers to the third picture I attached in this thread).\n\nP.S.\n• Both uses same Schema\n• Frontend query are also the same, I copy playground query into own frontend platform\n• FYI: The query is:\n```query={{\n    \"measures\": [\n      \"Posts.count\"\n    ],\n    \"timeDimensions\": [\n      {\n        \"dimension\": \"Posts.createdAt\",\n        \"granularity\": \"day\",\n        \"dateRange\": \"Last 7 days\"\n      }\n    ],\n    \"dimensions\": [\n      \"Posts.page\"\n    ],\n    \"filters\": [\n      {\n        \"dimension\": \"Posts.page\",\n        \"operator\": \"equals\",\n        \"values\": [\n          \"TheONE\",\n          \"vcityhk\",\n          \"apmHongKong\"\n        ]\n      }\n    ]\n  }}```",
        "user": "U0135LYFA1E",
        "ts": "1588912238.191900",
        "team": "TC0C1HURK",
        "user_team": "TC0C1HURK",
        "source_team": "TC0C1HURK",
        "user_profile": {
            "avatar_hash": "g96c6aab93c3",
            "image_72": "https:\/\/secure.gravatar.com\/avatar\/96c6aab93c3d9833bc56b9268fafd153.jpg?s=72&d=https%3A%2F%2Fa.slack-edge.com%2Fdf10d%2Fimg%2Favatars%2Fava_0001-72.png",
            "first_name": "FG",
            "real_name": "FG",
            "display_name": "FG",
            "team": "TC0C1HURK",
            "name": "tony.theanswr",
            "is_restricted": false,
            "is_ultra_restricted": false
        },
        "edited": {
            "user": "U0135LYFA1E",
            "ts": "1588912517.000000"
        },
        "blocks": [
            {
                "type": "rich_text",
                "block_id": "MWfO",
                "elements": [
                    {
                        "type": "rich_text_section",
                        "elements": [
                            {
                                "type": "text",
                                "text": "Hi all, I am playing cubejs with the playground with own developed frontend, a strange thing happened. I used cubejs playground successfully generate a expected graph like the first picture I attached in this thread. It is awesome that cubejs could generate the coding part as well. I realized that the Chart.js uses:\n"
                            }
                        ]
                    },
                    {
                        "type": "rich_text_preformatted",
                        "elements": [
                            {
                                "type": "text",
                                "text": "resultSet.series()"
                            }
                        ]
                    },
                    {
                        "type": "rich_text_section",
                        "elements": [
                            {
                                "type": "text",
                                "text": "to generate the dataset for stacked bar chart. I want to integrate it to my frontend which uses EChart for data visualization, however, after I called the resultSet.series(), the \"value\" is undefined which cause the graph cannot be drawn (Refers to the third picture I attached in this thread).\n\nP.S.\n"
                            }
                        ]
                    },
                    {
                        "type": "rich_text_list",
                        "elements": [
                            {
                                "type": "rich_text_section",
                                "elements": [
                                    {
                                        "type": "text",
                                        "text": "Both uses same Schema"
                                    }
                                ]
                            },
                            {
                                "type": "rich_text_section",
                                "elements": [
                                    {
                                        "type": "text",
                                        "text": "Frontend query are also the same, I copy playground query into own frontend platform"
                                    }
                                ]
                            },
                            {
                                "type": "rich_text_section",
                                "elements": [
                                    {
                                        "type": "text",
                                        "text": "FYI: The query is:"
                                    }
                                ]
                            }
                        ],
                        "style": "bullet",
                        "indent": 0
                    },
                    {
                        "type": "rich_text_preformatted",
                        "elements": [
                            {
                                "type": "text",
                                "text": "query={{\n    \"measures\": [\n      \"Posts.count\"\n    ],\n    \"timeDimensions\": [\n      {\n        \"dimension\": \"Posts.createdAt\",\n        \"granularity\": \"day\",\n        \"dateRange\": \"Last 7 days\"\n      }\n    ],\n    \"dimensions\": [\n      \"Posts.page\"\n    ],\n    \"filters\": [\n      {\n        \"dimension\": \"Posts.page\",\n        \"operator\": \"equals\",\n        \"values\": [\n          \"TheONE\",\n          \"vcityhk\",\n          \"apmHongKong\"\n        ]\n      }\n    ]\n  }}"
                            }
                        ]
                    }
                ]
            }
        ],
        "thread_ts": "1588912238.191900",
        "reply_count": 7,
        "reply_users_count": 1,
        "latest_reply": "1588919288.198200",
        "reply_users": [
            "U0135LYFA1E"
        ],
        "replies": [
            {
                "user": "U0135LYFA1E",
                "ts": "1588912292.192000"
            },
            {
                "user": "U0135LYFA1E",
                "ts": "1588912363.192400"
            },
            {
                "user": "U0135LYFA1E",
                "ts": "1588912464.192800"
            },
            {
                "user": "U0135LYFA1E",
                "ts": "1588913395.193400"
            },
            {
                "user": "U0135LYFA1E",
                "ts": "1588914991.193800"
            },
            {
                "user": "U0135LYFA1E",
                "ts": "1588915227.195300"
            },
            {
                "user": "U0135LYFA1E",
                "ts": "1588919288.198200"
            }
        ],
        "subscribed": false
    },
    {
        "type": "message",
        "text": "Reference graph result",
        "files": [
            {
                "id": "F01386J2ZHT",
                "created": 1588912289,
                "timestamp": 1588912289,
                "name": "image.png",
                "title": "image.png",
                "mimetype": "image\/png",
                "filetype": "png",
                "pretty_type": "PNG",
                "user": "U0135LYFA1E",
                "editable": false,
                "size": 87787,
                "mode": "hosted",
                "is_external": false,
                "external_type": "",
                "is_public": true,
                "public_url_shared": false,
                "display_as_bot": false,
                "username": "",
                "url_private": "https:\/\/files.slack.com\/files-pri\/TC0C1HURK-F01386J2ZHT\/image.png?t=xoxe-408409606869-1300049925941-1294691254950-5e5ba619551397a2daf3223fc6c48b4a",
                "url_private_download": "https:\/\/files.slack.com\/files-pri\/TC0C1HURK-F01386J2ZHT\/download\/image.png?t=xoxe-408409606869-1300049925941-1294691254950-5e5ba619551397a2daf3223fc6c48b4a",
                "thumb_64": "https:\/\/files.slack.com\/files-tmb\/TC0C1HURK-F01386J2ZHT-b6d57405ad\/image_64.png?t=xoxe-408409606869-1300049925941-1294691254950-5e5ba619551397a2daf3223fc6c48b4a",
                "thumb_80": "https:\/\/files.slack.com\/files-tmb\/TC0C1HURK-F01386J2ZHT-b6d57405ad\/image_80.png?t=xoxe-408409606869-1300049925941-1294691254950-5e5ba619551397a2daf3223fc6c48b4a",
                "thumb_360": "https:\/\/files.slack.com\/files-tmb\/TC0C1HURK-F01386J2ZHT-b6d57405ad\/image_360.png?t=xoxe-408409606869-1300049925941-1294691254950-5e5ba619551397a2daf3223fc6c48b4a",
                "thumb_360_w": 360,
                "thumb_360_h": 178,
                "thumb_480": "https:\/\/files.slack.com\/files-tmb\/TC0C1HURK-F01386J2ZHT-b6d57405ad\/image_480.png?t=xoxe-408409606869-1300049925941-1294691254950-5e5ba619551397a2daf3223fc6c48b4a",
                "thumb_480_w": 480,
                "thumb_480_h": 238,
                "thumb_160": "https:\/\/files.slack.com\/files-tmb\/TC0C1HURK-F01386J2ZHT-b6d57405ad\/image_160.png?t=xoxe-408409606869-1300049925941-1294691254950-5e5ba619551397a2daf3223fc6c48b4a",
                "thumb_720": "https:\/\/files.slack.com\/files-tmb\/TC0C1HURK-F01386J2ZHT-b6d57405ad\/image_720.png?t=xoxe-408409606869-1300049925941-1294691254950-5e5ba619551397a2daf3223fc6c48b4a",
                "thumb_720_w": 720,
                "thumb_720_h": 357,
                "thumb_800": "https:\/\/files.slack.com\/files-tmb\/TC0C1HURK-F01386J2ZHT-b6d57405ad\/image_800.png?t=xoxe-408409606869-1300049925941-1294691254950-5e5ba619551397a2daf3223fc6c48b4a",
                "thumb_800_w": 800,
                "thumb_800_h": 396,
                "thumb_960": "https:\/\/files.slack.com\/files-tmb\/TC0C1HURK-F01386J2ZHT-b6d57405ad\/image_960.png?t=xoxe-408409606869-1300049925941-1294691254950-5e5ba619551397a2daf3223fc6c48b4a",
                "thumb_960_w": 960,
                "thumb_960_h": 475,
                "thumb_1024": "https:\/\/files.slack.com\/files-tmb\/TC0C1HURK-F01386J2ZHT-b6d57405ad\/image_1024.png?t=xoxe-408409606869-1300049925941-1294691254950-5e5ba619551397a2daf3223fc6c48b4a",
                "thumb_1024_w": 1024,
                "thumb_1024_h": 507,
                "original_w": 1874,
                "original_h": 928,
                "thumb_tiny": "AwAXADDSyM4yKMj1FZs6MdUVgpxuXnFRQ\/8AH7L9Hp2A18r7VS1NiIUKMR83Y+1UoP8Aj0ufov8AOg\/8g9f+up\/lTsA64eTyrch25TnBPrUsjt\/aarubG5eM+1SJ\/wAe0P8AuUyVGOqK2043Lzj2oKcdEy46MbgMBxkVTitpVupGK\/KQ2Dkd60T96mj75pITdzOhtZltp1KcsFxyPWg2032JU2fN5hOMjpitEfdaj+D8aLiKywuIIlK8hcHmpWRvtAbHGRUvYUv8VItSdj\/\/2Q==",
                "permalink": "https:\/\/cube-js.slack.com\/files\/U0135LYFA1E\/F01386J2ZHT\/image.png",
                "permalink_public": "https:\/\/slack-files.com\/TC0C1HURK-F01386J2ZHT-ab9125ccdd",
                "is_starred": false,
                "has_rich_preview": false
            }
        ],
        "upload": true,
        "blocks": [
            {
                "type": "rich_text",
                "block_id": "zl3B\/",
                "elements": [
                    {
                        "type": "rich_text_section",
                        "elements": [
                            {
                                "type": "text",
                                "text": "Reference graph result"
                            }
                        ]
                    }
                ]
            }
        ],
        "user": "U0135LYFA1E",
        "display_as_bot": false,
        "ts": "1588912292.192000",
        "client_msg_id": "b091f88c-48f3-49b3-a3d4-da848ad2221f",
        "thread_ts": "1588912238.191900",
        "parent_user_id": "U0135LYFA1E"
    },
    {
        "type": "message",
        "text": "And I also realized that the title of the dimension is strange ( always added \", &lt;MeasureName&gt;\" behind the key)",
        "files": [
            {
                "id": "F0139PVSVV1",
                "created": 1588912361,
                "timestamp": 1588912361,
                "name": "image.png",
                "title": "image.png",
                "mimetype": "image\/png",
                "filetype": "png",
                "pretty_type": "PNG",
                "user": "U0135LYFA1E",
                "editable": false,
                "size": 1008,
                "mode": "hosted",
                "is_external": false,
                "external_type": "",
                "is_public": true,
                "public_url_shared": false,
                "display_as_bot": false,
                "username": "",
                "url_private": "https:\/\/files.slack.com\/files-pri\/TC0C1HURK-F0139PVSVV1\/image.png?t=xoxe-408409606869-1300049925941-1294691254950-5e5ba619551397a2daf3223fc6c48b4a",
                "url_private_download": "https:\/\/files.slack.com\/files-pri\/TC0C1HURK-F0139PVSVV1\/download\/image.png?t=xoxe-408409606869-1300049925941-1294691254950-5e5ba619551397a2daf3223fc6c48b4a",
                "thumb_64": "https:\/\/files.slack.com\/files-tmb\/TC0C1HURK-F0139PVSVV1-9ad3885c80\/image_64.png?t=xoxe-408409606869-1300049925941-1294691254950-5e5ba619551397a2daf3223fc6c48b4a",
                "thumb_80": "https:\/\/files.slack.com\/files-tmb\/TC0C1HURK-F0139PVSVV1-9ad3885c80\/image_80.png?t=xoxe-408409606869-1300049925941-1294691254950-5e5ba619551397a2daf3223fc6c48b4a",
                "thumb_360": "https:\/\/files.slack.com\/files-tmb\/TC0C1HURK-F0139PVSVV1-9ad3885c80\/image_360.png?t=xoxe-408409606869-1300049925941-1294691254950-5e5ba619551397a2daf3223fc6c48b4a",
                "thumb_360_w": 181,
                "thumb_360_h": 25,
                "thumb_160": "https:\/\/files.slack.com\/files-tmb\/TC0C1HURK-F0139PVSVV1-9ad3885c80\/image_160.png?t=xoxe-408409606869-1300049925941-1294691254950-5e5ba619551397a2daf3223fc6c48b4a",
                "original_w": 181,
                "original_h": 25,
                "thumb_tiny": "AwAGADC+6yFvlYAUIsgPzOCMVJRQO\/Qbhv736UYbH3ufpTqKBDcN\/e\/SgBs8t+lOooA\/\/9k=",
                "permalink": "https:\/\/cube-js.slack.com\/files\/U0135LYFA1E\/F0139PVSVV1\/image.png",
                "permalink_public": "https:\/\/slack-files.com\/TC0C1HURK-F0139PVSVV1-6f98360cf6",
                "is_starred": false,
                "has_rich_preview": false
            }
        ],
        "upload": true,
        "blocks": [
            {
                "type": "rich_text",
                "block_id": "bvWjk",
                "elements": [
                    {
                        "type": "rich_text_section",
                        "elements": [
                            {
                                "type": "text",
                                "text": "And I also realized that the title of the dimension is strange ( always added \", <MeasureName>\" behind the key)"
                            }
                        ]
                    }
                ]
            }
        ],
        "user": "U0135LYFA1E",
        "display_as_bot": false,
        "ts": "1588912363.192400",
        "edited": {
            "user": "U0135LYFA1E",
            "ts": "1588912714.000000"
        },
        "client_msg_id": "7577e53a-83c0-46ff-b35b-0d51ae463924",
        "thread_ts": "1588912238.191900",
        "parent_user_id": "U0135LYFA1E"
    },
    {
        "type": "message",
        "text": "Reference graph of unexpected result (all value becomes undefined)",
        "files": [
            {
                "id": "F013N6NRHED",
                "created": 1588912461,
                "timestamp": 1588912461,
                "name": "image.png",
                "title": "image.png",
                "mimetype": "image\/png",
                "filetype": "png",
                "pretty_type": "PNG",
                "user": "U0135LYFA1E",
                "editable": false,
                "size": 32058,
                "mode": "hosted",
                "is_external": false,
                "external_type": "",
                "is_public": true,
                "public_url_shared": false,
                "display_as_bot": false,
                "username": "",
                "url_private": "https:\/\/files.slack.com\/files-pri\/TC0C1HURK-F013N6NRHED\/image.png?t=xoxe-408409606869-1300049925941-1294691254950-5e5ba619551397a2daf3223fc6c48b4a",
                "url_private_download": "https:\/\/files.slack.com\/files-pri\/TC0C1HURK-F013N6NRHED\/download\/image.png?t=xoxe-408409606869-1300049925941-1294691254950-5e5ba619551397a2daf3223fc6c48b4a",
                "thumb_64": "https:\/\/files.slack.com\/files-tmb\/TC0C1HURK-F013N6NRHED-16c68824ca\/image_64.png?t=xoxe-408409606869-1300049925941-1294691254950-5e5ba619551397a2daf3223fc6c48b4a",
                "thumb_80": "https:\/\/files.slack.com\/files-tmb\/TC0C1HURK-F013N6NRHED-16c68824ca\/image_80.png?t=xoxe-408409606869-1300049925941-1294691254950-5e5ba619551397a2daf3223fc6c48b4a",
                "thumb_360": "https:\/\/files.slack.com\/files-tmb\/TC0C1HURK-F013N6NRHED-16c68824ca\/image_360.png?t=xoxe-408409606869-1300049925941-1294691254950-5e5ba619551397a2daf3223fc6c48b4a",
                "thumb_360_w": 360,
                "thumb_360_h": 150,
                "thumb_480": "https:\/\/files.slack.com\/files-tmb\/TC0C1HURK-F013N6NRHED-16c68824ca\/image_480.png?t=xoxe-408409606869-1300049925941-1294691254950-5e5ba619551397a2daf3223fc6c48b4a",
                "thumb_480_w": 480,
                "thumb_480_h": 200,
                "thumb_160": "https:\/\/files.slack.com\/files-tmb\/TC0C1HURK-F013N6NRHED-16c68824ca\/image_160.png?t=xoxe-408409606869-1300049925941-1294691254950-5e5ba619551397a2daf3223fc6c48b4a",
                "original_w": 657,
                "original_h": 274,
                "thumb_tiny": "AwAUADCmpz1zQeehpFpaAEwR3o59aCeaM0DDn1oxRmjNAAOlGc0DpRQIBQ30pRSN1oASiiigD\/\/Z",
                "permalink": "https:\/\/cube-js.slack.com\/files\/U0135LYFA1E\/F013N6NRHED\/image.png",
                "permalink_public": "https:\/\/slack-files.com\/TC0C1HURK-F013N6NRHED-077c0ea6b9",
                "is_starred": false,
                "has_rich_preview": false
            }
        ],
        "upload": true,
        "blocks": [
            {
                "type": "rich_text",
                "block_id": "g=sMo",
                "elements": [
                    {
                        "type": "rich_text_section",
                        "elements": [
                            {
                                "type": "text",
                                "text": "Reference graph of unexpected result (all value becomes undefined)"
                            }
                        ]
                    }
                ]
            }
        ],
        "user": "U0135LYFA1E",
        "display_as_bot": false,
        "ts": "1588912464.192800",
        "client_msg_id": "3b25c7b9-a533-4c65-bccb-3d10bbfb76e0",
        "thread_ts": "1588912238.191900",
        "parent_user_id": "U0135LYFA1E"
    },
    {
        "type": "message",
        "text": "But I run the playground code in codeSandbox, the series value is normal.",
        "files": [
            {
                "id": "F013N727EHX",
                "created": 1588913392,
                "timestamp": 1588913392,
                "name": "image.png",
                "title": "image.png",
                "mimetype": "image\/png",
                "filetype": "png",
                "pretty_type": "PNG",
                "user": "U0135LYFA1E",
                "editable": false,
                "size": 136760,
                "mode": "hosted",
                "is_external": false,
                "external_type": "",
                "is_public": true,
                "public_url_shared": false,
                "display_as_bot": false,
                "username": "",
                "url_private": "https:\/\/files.slack.com\/files-pri\/TC0C1HURK-F013N727EHX\/image.png?t=xoxe-408409606869-1300049925941-1294691254950-5e5ba619551397a2daf3223fc6c48b4a",
                "url_private_download": "https:\/\/files.slack.com\/files-pri\/TC0C1HURK-F013N727EHX\/download\/image.png?t=xoxe-408409606869-1300049925941-1294691254950-5e5ba619551397a2daf3223fc6c48b4a",
                "thumb_64": "https:\/\/files.slack.com\/files-tmb\/TC0C1HURK-F013N727EHX-9113bcdd95\/image_64.png?t=xoxe-408409606869-1300049925941-1294691254950-5e5ba619551397a2daf3223fc6c48b4a",
                "thumb_80": "https:\/\/files.slack.com\/files-tmb\/TC0C1HURK-F013N727EHX-9113bcdd95\/image_80.png?t=xoxe-408409606869-1300049925941-1294691254950-5e5ba619551397a2daf3223fc6c48b4a",
                "thumb_360": "https:\/\/files.slack.com\/files-tmb\/TC0C1HURK-F013N727EHX-9113bcdd95\/image_360.png?t=xoxe-408409606869-1300049925941-1294691254950-5e5ba619551397a2daf3223fc6c48b4a",
                "thumb_360_w": 360,
                "thumb_360_h": 113,
                "thumb_480": "https:\/\/files.slack.com\/files-tmb\/TC0C1HURK-F013N727EHX-9113bcdd95\/image_480.png?t=xoxe-408409606869-1300049925941-1294691254950-5e5ba619551397a2daf3223fc6c48b4a",
                "thumb_480_w": 480,
                "thumb_480_h": 151,
                "thumb_160": "https:\/\/files.slack.com\/files-tmb\/TC0C1HURK-F013N727EHX-9113bcdd95\/image_160.png?t=xoxe-408409606869-1300049925941-1294691254950-5e5ba619551397a2daf3223fc6c48b4a",
                "thumb_720": "https:\/\/files.slack.com\/files-tmb\/TC0C1HURK-F013N727EHX-9113bcdd95\/image_720.png?t=xoxe-408409606869-1300049925941-1294691254950-5e5ba619551397a2daf3223fc6c48b4a",
                "thumb_720_w": 720,
                "thumb_720_h": 227,
                "thumb_800": "https:\/\/files.slack.com\/files-tmb\/TC0C1HURK-F013N727EHX-9113bcdd95\/image_800.png?t=xoxe-408409606869-1300049925941-1294691254950-5e5ba619551397a2daf3223fc6c48b4a",
                "thumb_800_w": 800,
                "thumb_800_h": 252,
                "thumb_960": "https:\/\/files.slack.com\/files-tmb\/TC0C1HURK-F013N727EHX-9113bcdd95\/image_960.png?t=xoxe-408409606869-1300049925941-1294691254950-5e5ba619551397a2daf3223fc6c48b4a",
                "thumb_960_w": 960,
                "thumb_960_h": 303,
                "thumb_1024": "https:\/\/files.slack.com\/files-tmb\/TC0C1HURK-F013N727EHX-9113bcdd95\/image_1024.png?t=xoxe-408409606869-1300049925941-1294691254950-5e5ba619551397a2daf3223fc6c48b4a",
                "thumb_1024_w": 1024,
                "thumb_1024_h": 323,
                "original_w": 1383,
                "original_h": 436,
                "thumb_tiny": "AwAPADCjmrunwxyrIXQMQRjNUh0rR0r7sv1FAEv2ZSf9TF+prNmUrK4GBhiMDpW7WJccXEv++aAIefWjn1pc0dqB3P\/Z",
                "permalink": "https:\/\/cube-js.slack.com\/files\/U0135LYFA1E\/F013N727EHX\/image.png",
                "permalink_public": "https:\/\/slack-files.com\/TC0C1HURK-F013N727EHX-c2588533d5",
                "is_starred": false,
                "has_rich_preview": false
            }
        ],
        "upload": true,
        "blocks": [
            {
                "type": "rich_text",
                "block_id": "A8TL",
                "elements": [
                    {
                        "type": "rich_text_section",
                        "elements": [
                            {
                                "type": "text",
                                "text": "But I run the playground code in codeSandbox, the series value is normal."
                            }
                        ]
                    }
                ]
            }
        ],
        "user": "U0135LYFA1E",
        "display_as_bot": false,
        "ts": "1588913395.193400",
        "client_msg_id": "edf1c3f6-bce0-4b90-8e54-b06bca8088aa",
        "thread_ts": "1588912238.191900",
        "parent_user_id": "U0135LYFA1E"
    },
    {
        "type": "message",
        "text": "I totally have no idea why the key name are different:\nLeft is CodeSandbox (success) case while right is own frontend platform(fail) case",
        "files": [
            {
                "id": "F012USH0Y6T",
                "created": 1588914988,
                "timestamp": 1588914988,
                "name": "image.png",
                "title": "image.png",
                "mimetype": "image\/png",
                "filetype": "png",
                "pretty_type": "PNG",
                "user": "U0135LYFA1E",
                "editable": false,
                "size": 139903,
                "mode": "hosted",
                "is_external": false,
                "external_type": "",
                "is_public": true,
                "public_url_shared": false,
                "display_as_bot": false,
                "username": "",
                "url_private": "https:\/\/files.slack.com\/files-pri\/TC0C1HURK-F012USH0Y6T\/image.png?t=xoxe-408409606869-1300049925941-1294691254950-5e5ba619551397a2daf3223fc6c48b4a",
                "url_private_download": "https:\/\/files.slack.com\/files-pri\/TC0C1HURK-F012USH0Y6T\/download\/image.png?t=xoxe-408409606869-1300049925941-1294691254950-5e5ba619551397a2daf3223fc6c48b4a",
                "thumb_64": "https:\/\/files.slack.com\/files-tmb\/TC0C1HURK-F012USH0Y6T-1c92bfd161\/image_64.png?t=xoxe-408409606869-1300049925941-1294691254950-5e5ba619551397a2daf3223fc6c48b4a",
                "thumb_80": "https:\/\/files.slack.com\/files-tmb\/TC0C1HURK-F012USH0Y6T-1c92bfd161\/image_80.png?t=xoxe-408409606869-1300049925941-1294691254950-5e5ba619551397a2daf3223fc6c48b4a",
                "thumb_360": "https:\/\/files.slack.com\/files-tmb\/TC0C1HURK-F012USH0Y6T-1c92bfd161\/image_360.png?t=xoxe-408409606869-1300049925941-1294691254950-5e5ba619551397a2daf3223fc6c48b4a",
                "thumb_360_w": 360,
                "thumb_360_h": 143,
                "thumb_480": "https:\/\/files.slack.com\/files-tmb\/TC0C1HURK-F012USH0Y6T-1c92bfd161\/image_480.png?t=xoxe-408409606869-1300049925941-1294691254950-5e5ba619551397a2daf3223fc6c48b4a",
                "thumb_480_w": 480,
                "thumb_480_h": 191,
                "thumb_160": "https:\/\/files.slack.com\/files-tmb\/TC0C1HURK-F012USH0Y6T-1c92bfd161\/image_160.png?t=xoxe-408409606869-1300049925941-1294691254950-5e5ba619551397a2daf3223fc6c48b4a",
                "thumb_720": "https:\/\/files.slack.com\/files-tmb\/TC0C1HURK-F012USH0Y6T-1c92bfd161\/image_720.png?t=xoxe-408409606869-1300049925941-1294691254950-5e5ba619551397a2daf3223fc6c48b4a",
                "thumb_720_w": 720,
                "thumb_720_h": 286,
                "thumb_800": "https:\/\/files.slack.com\/files-tmb\/TC0C1HURK-F012USH0Y6T-1c92bfd161\/image_800.png?t=xoxe-408409606869-1300049925941-1294691254950-5e5ba619551397a2daf3223fc6c48b4a",
                "thumb_800_w": 800,
                "thumb_800_h": 318,
                "thumb_960": "https:\/\/files.slack.com\/files-tmb\/TC0C1HURK-F012USH0Y6T-1c92bfd161\/image_960.png?t=xoxe-408409606869-1300049925941-1294691254950-5e5ba619551397a2daf3223fc6c48b4a",
                "thumb_960_w": 960,
                "thumb_960_h": 382,
                "thumb_1024": "https:\/\/files.slack.com\/files-tmb\/TC0C1HURK-F012USH0Y6T-1c92bfd161\/image_1024.png?t=xoxe-408409606869-1300049925941-1294691254950-5e5ba619551397a2daf3223fc6c48b4a",
                "thumb_1024_w": 1024,
                "thumb_1024_h": 407,
                "original_w": 1436,
                "original_h": 571,
                "thumb_tiny": "AwATADCo\/wB5ue5ptPf77fU0zBoGSD\/j3ODj5x\/I0zJ9aeP+Pc\/74\/kaYaBCFj60ZOaMGjBoAlcDe31NNKjFPb77fU009Ki4xf8Al3P++P5Go6k\/5YH\/AHx\/I1H3qkACl7Ugpe1MGf\/Z",
                "permalink": "https:\/\/cube-js.slack.com\/files\/U0135LYFA1E\/F012USH0Y6T\/image.png",
                "permalink_public": "https:\/\/slack-files.com\/TC0C1HURK-F012USH0Y6T-9741900284",
                "is_starred": false,
                "has_rich_preview": false
            }
        ],
        "upload": true,
        "blocks": [
            {
                "type": "rich_text",
                "block_id": "mi7V0",
                "elements": [
                    {
                        "type": "rich_text_section",
                        "elements": [
                            {
                                "type": "text",
                                "text": "I totally have no idea why the key name are different:\nLeft is CodeSandbox (success) case while right is own frontend platform(fail) case"
                            }
                        ]
                    }
                ]
            }
        ],
        "user": "U0135LYFA1E",
        "display_as_bot": false,
        "ts": "1588914991.193800",
        "client_msg_id": "a751e3a0-c87e-425d-af44-c586b3001c6e",
        "thread_ts": "1588912238.191900",
        "parent_user_id": "U0135LYFA1E"
    },
    {
        "client_msg_id": "a61ab710-ae69-4416-ad97-f3f0781a7528",
        "type": "message",
        "text": "Hello everybody, I have a question about how to use contexts. In documentation says that we can organize related cubes by using\n```context(`Marketing`, {\n  contextMembers: [Sessions, Events, Ads]\n});```\nWhere do I set to which context has access a user? How it works? Where is contextId defined?",
        "user": "UNCSGGWAJ",
        "ts": "1588915110.195000",
        "team": "TC0C1HURK",
        "user_team": "TC0C1HURK",
        "source_team": "TC0C1HURK",
        "user_profile": {
            "avatar_hash": "g13b4986ab86",
            "image_72": "https:\/\/secure.gravatar.com\/avatar\/413b4986ab86df86dcb7f4489354bfc5.jpg?s=72&d=https%3A%2F%2Fa.slack-edge.com%2Fdf10d%2Fimg%2Favatars%2Fava_0014-72.png",
            "first_name": "",
            "real_name": "juky",
            "display_name": "juky",
            "team": "TC0C1HURK",
            "name": "julian.chamale",
            "is_restricted": false,
            "is_ultra_restricted": false
        },
        "edited": {
            "user": "UNCSGGWAJ",
            "ts": "1588915211.000000"
        },
        "blocks": [
            {
                "type": "rich_text",
                "block_id": "En0HW",
                "elements": [
                    {
                        "type": "rich_text_section",
                        "elements": [
                            {
                                "type": "text",
                                "text": "Hello everybody, I have a question about how to use contexts. In documentation says that we can organize related cubes by using\n"
                            }
                        ]
                    },
                    {
                        "type": "rich_text_preformatted",
                        "elements": [
                            {
                                "type": "text",
                                "text": "context(`Marketing`, {\n  contextMembers: [Sessions, Events, Ads]\n});"
                            }
                        ]
                    },
                    {
                        "type": "rich_text_section",
                        "elements": [
                            {
                                "type": "text",
                                "text": "Where do I set to which context has access a user? How it works? Where is contextId defined?"
                            }
                        ]
                    }
                ]
            }
        ],
        "thread_ts": "1588915110.195000",
        "reply_count": 2,
        "reply_users_count": 2,
        "latest_reply": "1588980206.214700",
        "reply_users": [
            "UC19HAUAK",
            "UNCSGGWAJ"
        ],
        "replies": [
            {
                "user": "UC19HAUAK",
                "ts": "1588975260.212300"
            },
            {
                "user": "UNCSGGWAJ",
                "ts": "1588980206.214700"
            }
        ],
        "subscribed": false
    },
    {
        "client_msg_id": "376440ad-2eb6-4ff5-98f2-fff420c8696d",
        "type": "message",
        "text": "After a bit study with the function of resultSet.series(), I found out the reason should be, since the kay name is generated wrongly, when calling .series() which needs `obj[key]` to map with its value, however .chartPivot() generated key are differ with .seriesNames() generated key. The mapping process fail with undefined.",
        "user": "U0135LYFA1E",
        "ts": "1588915227.195300",
        "team": "TC0C1HURK",
        "user_team": "TC0C1HURK",
        "source_team": "TC0C1HURK",
        "user_profile": {
            "avatar_hash": "g96c6aab93c3",
            "image_72": "https:\/\/secure.gravatar.com\/avatar\/96c6aab93c3d9833bc56b9268fafd153.jpg?s=72&d=https%3A%2F%2Fa.slack-edge.com%2Fdf10d%2Fimg%2Favatars%2Fava_0001-72.png",
            "first_name": "FG",
            "real_name": "FG",
            "display_name": "FG",
            "team": "TC0C1HURK",
            "name": "tony.theanswr",
            "is_restricted": false,
            "is_ultra_restricted": false
        },
        "edited": {
            "user": "U0135LYFA1E",
            "ts": "1588915268.000000"
        },
        "blocks": [
            {
                "type": "rich_text",
                "block_id": "B\/l",
                "elements": [
                    {
                        "type": "rich_text_section",
                        "elements": [
                            {
                                "type": "text",
                                "text": "After a bit study with the function of resultSet.series(), I found out the reason should be, since the kay name is generated wrongly, when calling .series() which needs "
                            },
                            {
                                "type": "text",
                                "text": "obj[key]",
                                "style": {
                                    "code": true
                                }
                            },
                            {
                                "type": "text",
                                "text": " to map with its value, however .chartPivot() generated key are differ with .seriesNames() generated key. The mapping process fail with undefined."
                            }
                        ]
                    }
                ]
            }
        ],
        "thread_ts": "1588912238.191900",
        "parent_user_id": "U0135LYFA1E"
    },
    {
        "client_msg_id": "0391c5f7-ee3e-4790-9838-4fa96f79892c",
        "type": "message",
        "text": "Hi Everyone, We are having a problem where preaggregate table is not getting created in Mysql when there are more number of measures(20) sent as a query.  Do we have any limitations on number of measures to be sent as a query for preaggregation?",
        "user": "U012JH4GKUP",
        "ts": "1588916374.197500",
        "team": "TC0C1HURK",
        "user_team": "TC0C1HURK",
        "source_team": "TC0C1HURK",
        "user_profile": {
            "avatar_hash": "g374c7ae13c0",
            "image_72": "https:\/\/secure.gravatar.com\/avatar\/374c7ae13c0fb081362ea43b21bace3b.jpg?s=72&d=https%3A%2F%2Fa.slack-edge.com%2Fdf10d%2Fimg%2Favatars%2Fava_0026-72.png",
            "first_name": "",
            "real_name": "Ravi Natesan",
            "display_name": "Ravi Natesan",
            "team": "TC0C1HURK",
            "name": "geetha",
            "is_restricted": false,
            "is_ultra_restricted": false
        },
        "blocks": [
            {
                "type": "rich_text",
                "block_id": "WjI",
                "elements": [
                    {
                        "type": "rich_text_section",
                        "elements": [
                            {
                                "type": "text",
                                "text": "Hi Everyone, We are having a problem where preaggregate table is not getting created in Mysql when there are more number of measures(20) sent as a query.  Do we have any limitations on number of measures to be sent as a query for preaggregation?"
                            }
                        ]
                    }
                ]
            }
        ]
    },
    {
        "client_msg_id": "54a84f12-17ee-4831-86da-0781e5db8d2d",
        "type": "message",
        "text": "Same works if i send 1 or up to 8 or 10...",
        "user": "U012JH4GKUP",
        "ts": "1588916416.198000",
        "team": "TC0C1HURK",
        "user_team": "TC0C1HURK",
        "source_team": "TC0C1HURK",
        "user_profile": {
            "avatar_hash": "g374c7ae13c0",
            "image_72": "https:\/\/secure.gravatar.com\/avatar\/374c7ae13c0fb081362ea43b21bace3b.jpg?s=72&d=https%3A%2F%2Fa.slack-edge.com%2Fdf10d%2Fimg%2Favatars%2Fava_0026-72.png",
            "first_name": "",
            "real_name": "Ravi Natesan",
            "display_name": "Ravi Natesan",
            "team": "TC0C1HURK",
            "name": "geetha",
            "is_restricted": false,
            "is_ultra_restricted": false
        },
        "edited": {
            "user": "U012JH4GKUP",
            "ts": "1588916424.000000"
        },
        "blocks": [
            {
                "type": "rich_text",
                "block_id": "prGDM",
                "elements": [
                    {
                        "type": "rich_text_section",
                        "elements": [
                            {
                                "type": "text",
                                "text": "Same works if i send 1 or up to 8 or 10..."
                            }
                        ]
                    }
                ]
            }
        ],
        "thread_ts": "1588916416.198000",
        "reply_count": 8,
        "reply_users_count": 3,
        "latest_reply": "1589560372.295000",
        "reply_users": [
            "U012VKQN3MH",
            "UC19HAUAK",
            "U0133HWAWTG"
        ],
        "replies": [
            {
                "user": "U012VKQN3MH",
                "ts": "1588958747.202200"
            },
            {
                "user": "U012VKQN3MH",
                "ts": "1588958777.202400"
            },
            {
                "user": "UC19HAUAK",
                "ts": "1588975280.212500"
            },
            {
                "user": "U012VKQN3MH",
                "ts": "1588979382.214000"
            },
            {
                "user": "U012VKQN3MH",
                "ts": "1588979396.214200"
            },
            {
                "user": "U0133HWAWTG",
                "ts": "1589023018.217800"
            },
            {
                "user": "U012VKQN3MH",
                "ts": "1589080104.221100"
            },
            {
                "user": "U0133HWAWTG",
                "ts": "1589560372.295000"
            }
        ],
        "subscribed": false
    },
    {
        "client_msg_id": "974e9f7b-7b53-4aa1-abcc-ca23c562124b",
        "type": "message",
        "text": "I finally figure out the reason...A stupid reason.\ncudejs version are different, my own frontend project used the old version of 0.4.x which might have bug in generating the key. After changed to 0.18.x, the key name resume normal.",
        "user": "U0135LYFA1E",
        "ts": "1588919288.198200",
        "team": "TC0C1HURK",
        "user_team": "TC0C1HURK",
        "source_team": "TC0C1HURK",
        "user_profile": {
            "avatar_hash": "g96c6aab93c3",
            "image_72": "https:\/\/secure.gravatar.com\/avatar\/96c6aab93c3d9833bc56b9268fafd153.jpg?s=72&d=https%3A%2F%2Fa.slack-edge.com%2Fdf10d%2Fimg%2Favatars%2Fava_0001-72.png",
            "first_name": "FG",
            "real_name": "FG",
            "display_name": "FG",
            "team": "TC0C1HURK",
            "name": "tony.theanswr",
            "is_restricted": false,
            "is_ultra_restricted": false
        },
        "blocks": [
            {
                "type": "rich_text",
                "block_id": "MiVuW",
                "elements": [
                    {
                        "type": "rich_text_section",
                        "elements": [
                            {
                                "type": "text",
                                "text": "I finally figure out the reason...A stupid reason.\ncudejs version are different, my own frontend project used the old version of 0.4.x which might have bug in generating the key. After changed to 0.18.x, the key name resume normal."
                            }
                        ]
                    }
                ]
            }
        ],
        "thread_ts": "1588912238.191900",
        "parent_user_id": "U0135LYFA1E",
        "reactions": [
            {
                "name": "+1",
                "users": [
                    "UC19HAUAK"
                ],
                "count": 1
            }
        ]
    },
    {
        "type": "message",
        "subtype": "channel_join",
        "ts": "1588919817.198500",
        "user": "U0139MCF2MQ",
        "text": "<@U0139MCF2MQ> has joined the channel"
    }
]