[
    {
        "client_msg_id": "04793ab1-6f76-4cd2-8689-a0aedf2380be",
        "type": "message",
        "text": "I have this use case: I'm building an analytics-like application, bringing data up to 90 days ago. Our data is stored in a data lake in AWS, partitioned by year, month, day and client, which means it's really easy to read data specific to some dates and keep costs low. Each day has around 10M \"rows\". Now, how can I use partioned pre-aggregations, with a query that doesn't read everything just to update\/refresh the pre-aggregations's lst partition?",
        "user": "UU66WH5QW",
        "ts": "1582205524.189000",
        "team": "TC0C1HURK",
        "user_team": "TC0C1HURK",
        "source_team": "TC0C1HURK",
        "user_profile": {
            "avatar_hash": "g2ae1b755c8a",
            "image_72": "https:\/\/secure.gravatar.com\/avatar\/2ae1b755c8a5454e4b906212af439709.jpg?s=72&d=https%3A%2F%2Fa.slack-edge.com%2Fdf10d%2Fimg%2Favatars%2Fava_0025-72.png",
            "first_name": "",
            "real_name": "lucas kenji",
            "display_name": "lucas kenji",
            "team": "TC0C1HURK",
            "name": "lucas566",
            "is_restricted": false,
            "is_ultra_restricted": false
        },
        "blocks": [
            {
                "type": "rich_text",
                "block_id": "0fX",
                "elements": [
                    {
                        "type": "rich_text_section",
                        "elements": [
                            {
                                "type": "text",
                                "text": "I have this use case: I'm building an analytics-like application, bringing data up to 90 days ago. Our data is stored in a data lake in AWS, partitioned by year, month, day and client, which means it's really easy to read data specific to some dates and keep costs low. Each day has around 10M \"rows\". Now, how can I use partioned pre-aggregations, with a query that doesn't read everything just to update\/refresh the pre-aggregations's lst partition?"
                            }
                        ]
                    }
                ]
            }
        ],
        "thread_ts": "1582150326.184700",
        "parent_user_id": "UU66WH5QW"
    },
    {
        "type": "message",
        "subtype": "channel_join",
        "ts": "1582218059.189400",
        "user": "UUBPB999C",
        "text": "<@UUBPB999C> has joined the channel"
    },
    {
        "client_msg_id": "1c9221c0-6d1c-4d1f-8aa7-1433efd0fc3d",
        "type": "message",
        "text": "<@USVTNT16D> Just remove granularity from time dimension.",
        "user": "UC19HAUAK",
        "ts": "1582218137.189500",
        "team": "TC0C1HURK",
        "user_team": "TC0C1HURK",
        "source_team": "TC0C1HURK",
        "user_profile": {
            "avatar_hash": "066a042e018c",
            "image_72": "https:\/\/avatars.slack-edge.com\/2019-12-07\/866588520998_066a042e018ca831a195_72.png",
            "first_name": "Pavel",
            "real_name": "Pavel Tiunov",
            "display_name": "pavel",
            "team": "TC0C1HURK",
            "name": "pavel",
            "is_restricted": false,
            "is_ultra_restricted": false
        },
        "blocks": [
            {
                "type": "rich_text",
                "block_id": "x27x",
                "elements": [
                    {
                        "type": "rich_text_section",
                        "elements": [
                            {
                                "type": "user",
                                "user_id": "USVTNT16D"
                            },
                            {
                                "type": "text",
                                "text": " Just remove granularity from time dimension."
                            }
                        ]
                    }
                ]
            }
        ],
        "thread_ts": "1582184152.188600",
        "parent_user_id": "USVTNT16D"
    },
    {
        "type": "message",
        "subtype": "channel_join",
        "ts": "1582218148.189700",
        "user": "UU7NFGEMS",
        "text": "<@UU7NFGEMS> has joined the channel"
    },
    {
        "type": "message",
        "subtype": "channel_join",
        "ts": "1582218284.189800",
        "user": "UTU7W5N9Z",
        "text": "<@UTU7W5N9Z> has joined the channel"
    },
    {
        "client_msg_id": "12ea0224-8c4b-4b86-bd98-96d23124c938",
        "type": "message",
        "text": "<@UC19HAUAK> but I need to group by month",
        "user": "USVTNT16D",
        "ts": "1582219012.189900",
        "team": "TC0C1HURK",
        "user_team": "TC0C1HURK",
        "source_team": "TC0C1HURK",
        "user_profile": {
            "avatar_hash": "g8afee96554b",
            "image_72": "https:\/\/secure.gravatar.com\/avatar\/8afee96554bb0bf9dcbde62ad0fa5e7a.jpg?s=72&d=https%3A%2F%2Fa.slack-edge.com%2Fdf10d%2Fimg%2Favatars%2Fava_0002-72.png",
            "first_name": "",
            "real_name": "Denis Lopez",
            "display_name": "Denis Lopez",
            "team": "TC0C1HURK",
            "name": "denuxs",
            "is_restricted": false,
            "is_ultra_restricted": false
        },
        "blocks": [
            {
                "type": "rich_text",
                "block_id": "\/ibY6",
                "elements": [
                    {
                        "type": "rich_text_section",
                        "elements": [
                            {
                                "type": "user",
                                "user_id": "UC19HAUAK"
                            },
                            {
                                "type": "text",
                                "text": " but I need to group by month"
                            }
                        ]
                    }
                ]
            }
        ],
        "thread_ts": "1582184152.188600",
        "parent_user_id": "USVTNT16D"
    },
    {
        "client_msg_id": "d85c72f5-0ef8-4594-89ad-7e8b9bfd0705",
        "type": "message",
        "text": "I tried shown = false and I get an error",
        "user": "USVTNT16D",
        "ts": "1582219041.190100",
        "team": "TC0C1HURK",
        "user_team": "TC0C1HURK",
        "source_team": "TC0C1HURK",
        "user_profile": {
            "avatar_hash": "g8afee96554b",
            "image_72": "https:\/\/secure.gravatar.com\/avatar\/8afee96554bb0bf9dcbde62ad0fa5e7a.jpg?s=72&d=https%3A%2F%2Fa.slack-edge.com%2Fdf10d%2Fimg%2Favatars%2Fava_0002-72.png",
            "first_name": "",
            "real_name": "Denis Lopez",
            "display_name": "Denis Lopez",
            "team": "TC0C1HURK",
            "name": "denuxs",
            "is_restricted": false,
            "is_ultra_restricted": false
        },
        "blocks": [
            {
                "type": "rich_text",
                "block_id": "99\/a",
                "elements": [
                    {
                        "type": "rich_text_section",
                        "elements": [
                            {
                                "type": "text",
                                "text": "I tried shown = false and I get an error"
                            }
                        ]
                    }
                ]
            }
        ],
        "thread_ts": "1582184152.188600",
        "parent_user_id": "USVTNT16D"
    },
    {
        "client_msg_id": "e99d68ea-2b8e-43a3-a3a5-9e4a5e2d46e9",
        "type": "message",
        "text": "<@UU66WH5QW> Here's this question: <https:\/\/github.com\/cube-js\/cube.js\/issues\/405>",
        "user": "UC19HAUAK",
        "ts": "1582219066.190300",
        "team": "TC0C1HURK",
        "user_team": "TC0C1HURK",
        "source_team": "TC0C1HURK",
        "user_profile": {
            "avatar_hash": "066a042e018c",
            "image_72": "https:\/\/avatars.slack-edge.com\/2019-12-07\/866588520998_066a042e018ca831a195_72.png",
            "first_name": "Pavel",
            "real_name": "Pavel Tiunov",
            "display_name": "pavel",
            "team": "TC0C1HURK",
            "name": "pavel",
            "is_restricted": false,
            "is_ultra_restricted": false
        },
        "attachments": [
            {
                "service_name": "GitHub",
                "title": "Cube.js incremental pre-aggregation is selecting all data · Issue #405 · cube-js\/cube.js",
                "title_link": "https:\/\/github.com\/cube-js\/cube.js\/issues\/405",
                "text": "Describe the bug I&amp;#39;m running cube.js with incremental pre-aggregations and daily granularity. So, only the current day pre-aggregation are being rebuilt. The issue is that the queries runtime t...",
                "fallback": "GitHub: Cube.js incremental pre-aggregation is selecting all data · Issue #405 · cube-js\/cube.js",
                "from_url": "https:\/\/github.com\/cube-js\/cube.js\/issues\/405",
                "thumb_url": "https:\/\/repository-images.githubusercontent.com\/149026292\/33deb000-42b4-11ea-8f24-e112f465ddf1",
                "thumb_width": 658,
                "thumb_height": 250,
                "service_icon": "https:\/\/a.slack-edge.com\/80588\/img\/unfurl_icons\/github.png",
                "id": 1,
                "original_url": "https:\/\/github.com\/cube-js\/cube.js\/issues\/405"
            }
        ],
        "blocks": [
            {
                "type": "rich_text",
                "block_id": "FV57Z",
                "elements": [
                    {
                        "type": "rich_text_section",
                        "elements": [
                            {
                                "type": "user",
                                "user_id": "UU66WH5QW"
                            },
                            {
                                "type": "text",
                                "text": " Here's this question: "
                            },
                            {
                                "type": "link",
                                "url": "https:\/\/github.com\/cube-js\/cube.js\/issues\/405"
                            }
                        ]
                    }
                ]
            }
        ],
        "thread_ts": "1582150326.184700",
        "parent_user_id": "UU66WH5QW"
    },
    {
        "client_msg_id": "1d067af7-7a1b-42dc-9420-5f72dcdee460",
        "type": "message",
        "text": "<@USVTNT16D> Could you please elaborate on your use case then? Do you want to hide it in UI?",
        "user": "UC19HAUAK",
        "ts": "1582219205.190600",
        "team": "TC0C1HURK",
        "user_team": "TC0C1HURK",
        "source_team": "TC0C1HURK",
        "user_profile": {
            "avatar_hash": "066a042e018c",
            "image_72": "https:\/\/avatars.slack-edge.com\/2019-12-07\/866588520998_066a042e018ca831a195_72.png",
            "first_name": "Pavel",
            "real_name": "Pavel Tiunov",
            "display_name": "pavel",
            "team": "TC0C1HURK",
            "name": "pavel",
            "is_restricted": false,
            "is_ultra_restricted": false
        },
        "blocks": [
            {
                "type": "rich_text",
                "block_id": "RXA",
                "elements": [
                    {
                        "type": "rich_text_section",
                        "elements": [
                            {
                                "type": "user",
                                "user_id": "USVTNT16D"
                            },
                            {
                                "type": "text",
                                "text": " Could you please elaborate on your use case then? Do you want to hide it in UI?"
                            }
                        ]
                    }
                ]
            }
        ],
        "thread_ts": "1582184152.188600",
        "parent_user_id": "USVTNT16D"
    },
    {
        "client_msg_id": "98a2d7ee-3ba1-4bcc-a60d-c2ff58ca85aa",
        "type": "message",
        "text": "I am rendering the result to a grid but these names are somewhat long \"Property.CloseDate.month\"\n\nIs there any way to change?",
        "user": "USVTNT16D",
        "ts": "1582219992.190800",
        "team": "TC0C1HURK",
        "user_team": "TC0C1HURK",
        "source_team": "TC0C1HURK",
        "user_profile": {
            "avatar_hash": "g8afee96554b",
            "image_72": "https:\/\/secure.gravatar.com\/avatar\/8afee96554bb0bf9dcbde62ad0fa5e7a.jpg?s=72&d=https%3A%2F%2Fa.slack-edge.com%2Fdf10d%2Fimg%2Favatars%2Fava_0002-72.png",
            "first_name": "",
            "real_name": "Denis Lopez",
            "display_name": "Denis Lopez",
            "team": "TC0C1HURK",
            "name": "denuxs",
            "is_restricted": false,
            "is_ultra_restricted": false
        },
        "edited": {
            "user": "USVTNT16D",
            "ts": "1582220001.000000"
        },
        "blocks": [
            {
                "type": "rich_text",
                "block_id": "nrT",
                "elements": [
                    {
                        "type": "rich_text_section",
                        "elements": [
                            {
                                "type": "text",
                                "text": "I am rendering the result to a grid but these names are somewhat long \"Property.CloseDate.month\"\n\nIs there any way to change?"
                            }
                        ]
                    }
                ]
            }
        ],
        "thread_ts": "1582184152.188600",
        "parent_user_id": "USVTNT16D"
    },
    {
        "client_msg_id": "43d091ad-897c-4eeb-8c93-5a1023e9a3ba",
        "type": "message",
        "text": "<@USVTNT16D> What grid component do you use? I believe you can just override the title and columns there and even don't use all the fields from response.",
        "user": "UC19HAUAK",
        "ts": "1582221316.191100",
        "team": "TC0C1HURK",
        "user_team": "TC0C1HURK",
        "source_team": "TC0C1HURK",
        "user_profile": {
            "avatar_hash": "066a042e018c",
            "image_72": "https:\/\/avatars.slack-edge.com\/2019-12-07\/866588520998_066a042e018ca831a195_72.png",
            "first_name": "Pavel",
            "real_name": "Pavel Tiunov",
            "display_name": "pavel",
            "team": "TC0C1HURK",
            "name": "pavel",
            "is_restricted": false,
            "is_ultra_restricted": false
        },
        "blocks": [
            {
                "type": "rich_text",
                "block_id": "Sc53k",
                "elements": [
                    {
                        "type": "rich_text_section",
                        "elements": [
                            {
                                "type": "user",
                                "user_id": "USVTNT16D"
                            },
                            {
                                "type": "text",
                                "text": " What grid component do you use? I believe you can just override the title and columns there and even don't use all the fields from response."
                            }
                        ]
                    }
                ]
            }
        ],
        "thread_ts": "1582184152.188600",
        "parent_user_id": "USVTNT16D"
    },
    {
        "type": "message",
        "subtype": "channel_join",
        "ts": "1582222155.191400",
        "user": "UTWTR1R26",
        "text": "<@UTWTR1R26> has joined the channel"
    },
    {
        "client_msg_id": "db24fced-1210-4911-a120-ce3959315881",
        "type": "message",
        "text": "Can I refer to a cube dimension from another dimension? (within the same cube)\nFor example this (my original table has an `orderdt` column and I want to define `orderdt` dimension based on that, and then another dimension `orderkey` based on the previous dimension):\n```    orderdt: {\n      sql: `date_trunc('day' (${CUBE}.orderdt::timestamptz AT TIME ZONE 'UTC'))`,\n      type: `time`\n    },\n\n    orderkey: {\n      sql: `${CUBE}.userid || date_trunc('day' (${CUBE}.orderdt::timestamptz AT TIME ZONE 'UTC'))`,\n      type: `time`\n    },```",
        "user": "UQGF0N4FM",
        "ts": "1582222972.192100",
        "team": "TC0C1HURK",
        "user_team": "TC0C1HURK",
        "source_team": "TC0C1HURK",
        "user_profile": {
            "avatar_hash": "gd93d5cb3986",
            "image_72": "https:\/\/secure.gravatar.com\/avatar\/d93d5cb39864821e725b066eab825e6a.jpg?s=72&d=https%3A%2F%2Fa.slack-edge.com%2Fdf10d%2Fimg%2Favatars%2Fava_0014-72.png",
            "first_name": "Vicente",
            "real_name": "Vicente Fuenzalida Marin",
            "display_name": "vicente",
            "team": "TC0C1HURK",
            "name": "vicente",
            "is_restricted": false,
            "is_ultra_restricted": false
        },
        "edited": {
            "user": "UQGF0N4FM",
            "ts": "1582223058.000000"
        },
        "blocks": [
            {
                "type": "rich_text",
                "block_id": "Ts95",
                "elements": [
                    {
                        "type": "rich_text_section",
                        "elements": [
                            {
                                "type": "text",
                                "text": "Can I refer to a cube dimension from another dimension? (within the same cube)\nFor example this (my original table has an "
                            },
                            {
                                "type": "text",
                                "text": "orderdt",
                                "style": {
                                    "code": true
                                }
                            },
                            {
                                "type": "text",
                                "text": " column and I want to define "
                            },
                            {
                                "type": "text",
                                "text": "orderdt",
                                "style": {
                                    "code": true
                                }
                            },
                            {
                                "type": "text",
                                "text": " dimension based on that, and then another dimension "
                            },
                            {
                                "type": "text",
                                "text": "orderkey",
                                "style": {
                                    "code": true
                                }
                            },
                            {
                                "type": "text",
                                "text": " based on the previous dimension):\n"
                            }
                        ]
                    },
                    {
                        "type": "rich_text_preformatted",
                        "elements": [
                            {
                                "type": "text",
                                "text": "    orderdt: {\n      sql: `date_trunc('day' (${CUBE}.orderdt::timestamptz AT TIME ZONE 'UTC'))`,\n      type: `time`\n    },\n\n    orderkey: {\n      sql: `${CUBE}.userid || date_trunc('day' (${CUBE}.orderdt::timestamptz AT TIME ZONE 'UTC'))`,\n      type: `time`\n    },"
                            }
                        ]
                    }
                ]
            }
        ],
        "thread_ts": "1582222972.192100",
        "reply_count": 1,
        "reply_users_count": 1,
        "latest_reply": "1582266592.194100",
        "reply_users": [
            "UC19HAUAK"
        ],
        "replies": [
            {
                "user": "UC19HAUAK",
                "ts": "1582266592.194100"
            }
        ],
        "subscribed": false
    },
    {
        "type": "message",
        "subtype": "channel_join",
        "ts": "1582239620.192900",
        "user": "UTXCSM3T4",
        "text": "<@UTXCSM3T4> has joined the channel"
    },
    {
        "type": "message",
        "subtype": "channel_join",
        "ts": "1582241109.193000",
        "user": "UTXCSLANN",
        "text": "<@UTXCSLANN> has joined the channel"
    },
    {
        "type": "message",
        "subtype": "channel_join",
        "ts": "1582258407.193200",
        "user": "UUCMTV3E2",
        "text": "<@UUCMTV3E2> has joined the channel"
    },
    {
        "client_msg_id": "d87d824b-567d-4dd1-a939-589a5e54a9b7",
        "type": "message",
        "text": "Hello, how can cube.js connect to couchdb, similar as mongoDB?",
        "user": "UUCMTV3E2",
        "ts": "1582266256.194000",
        "team": "TC0C1HURK",
        "user_team": "TC0C1HURK",
        "source_team": "TC0C1HURK",
        "user_profile": {
            "avatar_hash": "g97e174b6657",
            "image_72": "https:\/\/secure.gravatar.com\/avatar\/97e174b6657d4fadca63099b36602191.jpg?s=72&d=https%3A%2F%2Fa.slack-edge.com%2Fdf10d%2Fimg%2Favatars%2Fava_0009-72.png",
            "first_name": "",
            "real_name": "Bernie",
            "display_name": "Bernie",
            "team": "TC0C1HURK",
            "name": "berniewong",
            "is_restricted": false,
            "is_ultra_restricted": false
        },
        "blocks": [
            {
                "type": "rich_text",
                "block_id": "iHtWj",
                "elements": [
                    {
                        "type": "rich_text_section",
                        "elements": [
                            {
                                "type": "text",
                                "text": "Hello, how can cube.js connect to couchdb, similar as mongoDB?"
                            }
                        ]
                    }
                ]
            }
        ],
        "thread_ts": "1582266256.194000",
        "reply_count": 5,
        "reply_users_count": 2,
        "latest_reply": "1582268623.195100",
        "reply_users": [
            "UC19HAUAK",
            "UUCMTV3E2"
        ],
        "replies": [
            {
                "user": "UC19HAUAK",
                "ts": "1582267409.194300"
            },
            {
                "user": "UUCMTV3E2",
                "ts": "1582267571.194500"
            },
            {
                "user": "UC19HAUAK",
                "ts": "1582267922.194700"
            },
            {
                "user": "UUCMTV3E2",
                "ts": "1582268252.194900"
            },
            {
                "user": "UUCMTV3E2",
                "ts": "1582268623.195100"
            }
        ],
        "subscribed": false
    },
    {
        "client_msg_id": "3b961300-fb3d-4916-9929-732fe8d9ddb1",
        "type": "message",
        "text": "Hey <@UQGF0N4FM>! As simple as\n```orderkey: {\n      sql: `${CUBE}.userid || ${orderdt}`,\n      type: `time`\n    },```",
        "user": "UC19HAUAK",
        "ts": "1582266592.194100",
        "team": "TC0C1HURK",
        "user_team": "TC0C1HURK",
        "source_team": "TC0C1HURK",
        "user_profile": {
            "avatar_hash": "066a042e018c",
            "image_72": "https:\/\/avatars.slack-edge.com\/2019-12-07\/866588520998_066a042e018ca831a195_72.png",
            "first_name": "Pavel",
            "real_name": "Pavel Tiunov",
            "display_name": "pavel",
            "team": "TC0C1HURK",
            "name": "pavel",
            "is_restricted": false,
            "is_ultra_restricted": false
        },
        "blocks": [
            {
                "type": "rich_text",
                "block_id": "u2+d",
                "elements": [
                    {
                        "type": "rich_text_section",
                        "elements": [
                            {
                                "type": "text",
                                "text": "Hey "
                            },
                            {
                                "type": "user",
                                "user_id": "UQGF0N4FM"
                            },
                            {
                                "type": "text",
                                "text": "! As simple as\n"
                            }
                        ]
                    },
                    {
                        "type": "rich_text_preformatted",
                        "elements": [
                            {
                                "type": "text",
                                "text": "orderkey: {\n      sql: `${CUBE}.userid || ${orderdt}`,\n      type: `time`\n    },"
                            }
                        ]
                    }
                ]
            }
        ],
        "thread_ts": "1582222972.192100",
        "parent_user_id": "UQGF0N4FM"
    },
    {
        "client_msg_id": "273969bb-eb82-4f2a-b6bc-fc0102a0ede6",
        "type": "message",
        "text": "Hey <@UUCMTV3E2>! Cube.js works only with SQL engines. However AFAIK there's no publicly available SQL driver for CouchDB. So you either can try to find such driver or write your own. It can be subset of SQL required for your cases.",
        "user": "UC19HAUAK",
        "ts": "1582267409.194300",
        "team": "TC0C1HURK",
        "user_team": "TC0C1HURK",
        "source_team": "TC0C1HURK",
        "user_profile": {
            "avatar_hash": "066a042e018c",
            "image_72": "https:\/\/avatars.slack-edge.com\/2019-12-07\/866588520998_066a042e018ca831a195_72.png",
            "first_name": "Pavel",
            "real_name": "Pavel Tiunov",
            "display_name": "pavel",
            "team": "TC0C1HURK",
            "name": "pavel",
            "is_restricted": false,
            "is_ultra_restricted": false
        },
        "blocks": [
            {
                "type": "rich_text",
                "block_id": "QLWK",
                "elements": [
                    {
                        "type": "rich_text_section",
                        "elements": [
                            {
                                "type": "text",
                                "text": "Hey "
                            },
                            {
                                "type": "user",
                                "user_id": "UUCMTV3E2"
                            },
                            {
                                "type": "text",
                                "text": "! Cube.js works only with SQL engines. However AFAIK there's no publicly available SQL driver for CouchDB. So you either can try to find such driver or write your own. It can be subset of SQL required for your cases."
                            }
                        ]
                    }
                ]
            }
        ],
        "thread_ts": "1582266256.194000",
        "parent_user_id": "UUCMTV3E2"
    },
    {
        "client_msg_id": "46fac50b-f1c9-4364-a870-42f3af02df35",
        "type": "message",
        "text": "Can couchDB read jason input on-fly?",
        "user": "UUCMTV3E2",
        "ts": "1582267571.194500",
        "team": "TC0C1HURK",
        "user_team": "TC0C1HURK",
        "source_team": "TC0C1HURK",
        "user_profile": {
            "avatar_hash": "g97e174b6657",
            "image_72": "https:\/\/secure.gravatar.com\/avatar\/97e174b6657d4fadca63099b36602191.jpg?s=72&d=https%3A%2F%2Fa.slack-edge.com%2Fdf10d%2Fimg%2Favatars%2Fava_0009-72.png",
            "first_name": "",
            "real_name": "Bernie",
            "display_name": "Bernie",
            "team": "TC0C1HURK",
            "name": "berniewong",
            "is_restricted": false,
            "is_ultra_restricted": false
        },
        "blocks": [
            {
                "type": "rich_text",
                "block_id": "Mg=",
                "elements": [
                    {
                        "type": "rich_text_section",
                        "elements": [
                            {
                                "type": "text",
                                "text": "Can couchDB read jason input on-fly?"
                            }
                        ]
                    }
                ]
            }
        ],
        "thread_ts": "1582266256.194000",
        "parent_user_id": "UUCMTV3E2"
    },
    {
        "client_msg_id": "2f4dec9e-078a-4137-99b3-6eec8c70a50f",
        "type": "message",
        "text": "<@UUCMTV3E2> Could you please elaborate on this one?",
        "user": "UC19HAUAK",
        "ts": "1582267922.194700",
        "team": "TC0C1HURK",
        "user_team": "TC0C1HURK",
        "source_team": "TC0C1HURK",
        "user_profile": {
            "avatar_hash": "066a042e018c",
            "image_72": "https:\/\/avatars.slack-edge.com\/2019-12-07\/866588520998_066a042e018ca831a195_72.png",
            "first_name": "Pavel",
            "real_name": "Pavel Tiunov",
            "display_name": "pavel",
            "team": "TC0C1HURK",
            "name": "pavel",
            "is_restricted": false,
            "is_ultra_restricted": false
        },
        "blocks": [
            {
                "type": "rich_text",
                "block_id": "r1MzS",
                "elements": [
                    {
                        "type": "rich_text_section",
                        "elements": [
                            {
                                "type": "user",
                                "user_id": "UUCMTV3E2"
                            },
                            {
                                "type": "text",
                                "text": " Could you please elaborate on this one?"
                            }
                        ]
                    }
                ]
            }
        ],
        "thread_ts": "1582266256.194000",
        "parent_user_id": "UUCMTV3E2"
    },
    {
        "client_msg_id": "98256e89-dd60-44ac-9c23-9d16938d1891",
        "type": "message",
        "text": "cube.js can fetch real-time date. <https:\/\/cube.dev\/docs\/real-time-data-fetch>.  And couchDB can return data in jason format by web. Would any way cube.js can fetch coubDB return as schema?",
        "user": "UUCMTV3E2",
        "ts": "1582268252.194900",
        "team": "TC0C1HURK",
        "user_team": "TC0C1HURK",
        "source_team": "TC0C1HURK",
        "user_profile": {
            "avatar_hash": "g97e174b6657",
            "image_72": "https:\/\/secure.gravatar.com\/avatar\/97e174b6657d4fadca63099b36602191.jpg?s=72&d=https%3A%2F%2Fa.slack-edge.com%2Fdf10d%2Fimg%2Favatars%2Fava_0009-72.png",
            "first_name": "",
            "real_name": "Bernie",
            "display_name": "Bernie",
            "team": "TC0C1HURK",
            "name": "berniewong",
            "is_restricted": false,
            "is_ultra_restricted": false
        },
        "blocks": [
            {
                "type": "rich_text",
                "block_id": "tmpN",
                "elements": [
                    {
                        "type": "rich_text_section",
                        "elements": [
                            {
                                "type": "text",
                                "text": "cube.js can fetch real-time date. "
                            },
                            {
                                "type": "link",
                                "url": "https:\/\/cube.dev\/docs\/real-time-data-fetch"
                            },
                            {
                                "type": "text",
                                "text": ".  And couchDB can return data in jason format by web. Would any way cube.js can fetch coubDB return as schema?"
                            }
                        ]
                    }
                ]
            }
        ],
        "thread_ts": "1582266256.194000",
        "parent_user_id": "UUCMTV3E2"
    },
    {
        "client_msg_id": "2979079d-0478-4101-bab7-ca4d9c2a7fba",
        "type": "message",
        "text": "I think similar to this case <https:\/\/redash.io\/help\/data-sources\/setup\/json#Required-Data-Structure>",
        "user": "UUCMTV3E2",
        "ts": "1582268623.195100",
        "team": "TC0C1HURK",
        "user_team": "TC0C1HURK",
        "source_team": "TC0C1HURK",
        "user_profile": {
            "avatar_hash": "g97e174b6657",
            "image_72": "https:\/\/secure.gravatar.com\/avatar\/97e174b6657d4fadca63099b36602191.jpg?s=72&d=https%3A%2F%2Fa.slack-edge.com%2Fdf10d%2Fimg%2Favatars%2Fava_0009-72.png",
            "first_name": "",
            "real_name": "Bernie",
            "display_name": "Bernie",
            "team": "TC0C1HURK",
            "name": "berniewong",
            "is_restricted": false,
            "is_ultra_restricted": false
        },
        "attachments": [
            {
                "title": "JSON &amp; URL APIs",
                "title_link": "https:\/\/redash.io\/help\/data-sources\/setup\/json#Required-Data-Structure",
                "fallback": "JSON &amp; URL APIs",
                "image_url": "https:\/\/redash.io\/assets\/images\/social-facebook-1200x630.png",
                "from_url": "https:\/\/redash.io\/help\/data-sources\/setup\/json#Required-Data-Structure",
                "image_width": 476,
                "image_height": 250,
                "image_bytes": 125761,
                "service_icon": "https:\/\/redash.io\/assets\/images\/favicon.ico",
                "service_name": "redash.io",
                "id": 1,
                "original_url": "https:\/\/redash.io\/help\/data-sources\/setup\/json#Required-Data-Structure"
            }
        ],
        "blocks": [
            {
                "type": "rich_text",
                "block_id": "tr7",
                "elements": [
                    {
                        "type": "rich_text_section",
                        "elements": [
                            {
                                "type": "text",
                                "text": "I think similar to this case "
                            },
                            {
                                "type": "link",
                                "url": "https:\/\/redash.io\/help\/data-sources\/setup\/json#Required-Data-Structure"
                            }
                        ]
                    }
                ]
            }
        ],
        "thread_ts": "1582266256.194000",
        "parent_user_id": "UUCMTV3E2"
    }
]