[
    {
        "client_msg_id": "84ca38ac-7741-4aa4-afaa-5f69c6113d91",
        "type": "message",
        "text": "Hi everyone !\nIn `&lt;QueryBuilder\/&gt;` component, I would like to filter availableDimensions and availableTimeDimensions to get only the dimensions compatible with the measure I selected before. I tried to filter availableDimensions on cube's name but i'm losing the dimensions of the other cubes to which my cube is joined.\nIn a few words, I want to avoid this kind of error `Error: Can't find join path to join 'Cube_A', 'Cube_B'` by filtering the availableDimensions.\nI hope i was clear enough... Do you have any idea to help me ?\nThanks a lot",
        "user": "UU7V3RU8N",
        "ts": "1592901738.194600",
        "team": "TC0C1HURK",
        "user_team": "TC0C1HURK",
        "source_team": "TC0C1HURK",
        "user_profile": {
            "avatar_hash": "g3b69d24742d",
            "image_72": "https:\/\/secure.gravatar.com\/avatar\/3b69d24742d3d4a2939c967c8e89100a.jpg?s=72&d=https%3A%2F%2Fa.slack-edge.com%2Fdf10d%2Fimg%2Favatars%2Fava_0011-72.png",
            "first_name": "",
            "real_name": "Bastien",
            "display_name": "Bastien",
            "team": "TC0C1HURK",
            "name": "bastien.chevallier",
            "is_restricted": false,
            "is_ultra_restricted": false
        },
        "edited": {
            "user": "UU7V3RU8N",
            "ts": "1592901830.000000"
        },
        "blocks": [
            {
                "type": "rich_text",
                "block_id": "luI",
                "elements": [
                    {
                        "type": "rich_text_section",
                        "elements": [
                            {
                                "type": "text",
                                "text": "Hi everyone !\nIn "
                            },
                            {
                                "type": "text",
                                "text": "<QueryBuilder\/>",
                                "style": {
                                    "code": true
                                }
                            },
                            {
                                "type": "text",
                                "text": " component, I would like to filter availableDimensions and availableTimeDimensions to get only the dimensions compatible with the measure I selected before. I tried to filter availableDimensions on cube's name but i'm losing the dimensions of the other cubes to which my cube is joined.\nIn a few words, I want to avoid this kind of error "
                            },
                            {
                                "type": "text",
                                "text": "Error: Can't find join path to join 'Cube_A', 'Cube_B'",
                                "style": {
                                    "code": true
                                }
                            },
                            {
                                "type": "text",
                                "text": " by filtering the availableDimensions.\nI hope i was clear enough... Do you have any idea to help me ?\nThanks a lot"
                            }
                        ]
                    }
                ]
            }
        ],
        "thread_ts": "1592901738.194600",
        "reply_count": 3,
        "reply_users_count": 2,
        "latest_reply": "1593004038.208300",
        "reply_users": [
            "U013J5CRRDW",
            "U014L6PB2RZ"
        ],
        "replies": [
            {
                "user": "U013J5CRRDW",
                "ts": "1592915942.195300"
            },
            {
                "user": "U014L6PB2RZ",
                "ts": "1592969133.205900"
            },
            {
                "user": "U013J5CRRDW",
                "ts": "1593004038.208300"
            }
        ],
        "subscribed": false
    },
    {
        "type": "message",
        "subtype": "channel_join",
        "ts": "1592903335.194900",
        "user": "U016KRUKLQ0",
        "text": "<@U016KRUKLQ0> has joined the channel"
    },
    {
        "client_msg_id": "3d7c81db-13d2-4214-9bd3-970b9fbb0dad",
        "type": "message",
        "text": "hi! Are you looking for this? <https:\/\/cube.dev\/docs\/cube#context-variables>",
        "user": "U013J5CRRDW",
        "ts": "1592915183.195100",
        "team": "TC0C1HURK",
        "user_team": "TC0C1HURK",
        "source_team": "TC0C1HURK",
        "user_profile": {
            "avatar_hash": "759b4f7ce0bf",
            "image_72": "https:\/\/avatars.slack-edge.com\/2020-06-23\/1224215237280_759b4f7ce0bf4b291721_72.jpg",
            "first_name": "Alex",
            "real_name": "Alex Vasilev",
            "display_name": "Alex Vasilev",
            "team": "TC0C1HURK",
            "name": "vaspiring",
            "is_restricted": false,
            "is_ultra_restricted": false
        },
        "blocks": [
            {
                "type": "rich_text",
                "block_id": "C8n",
                "elements": [
                    {
                        "type": "rich_text_section",
                        "elements": [
                            {
                                "type": "text",
                                "text": "hi! Are you looking for this? "
                            },
                            {
                                "type": "link",
                                "url": "https:\/\/cube.dev\/docs\/cube#context-variables"
                            }
                        ]
                    }
                ]
            }
        ],
        "thread_ts": "1592865239.189200",
        "parent_user_id": "U015MTX4JVC"
    },
    {
        "client_msg_id": "8fed805b-b7f7-42ce-8008-e0718155d723",
        "type": "message",
        "text": "hi <@UU7V3RU8N>! Thanks, the idea is clear. However we currently don’t support this.\nYou can post an issue on <https:\/\/github.com\/cube-js\/cube.js\/issues>\n\nAs a workaround you can add a custom meta field and filter based on it.\n\neg\n```  dimensions: {\n    status: {\n\/\/ ...\n      meta: {\n        joins: ['Users', 'Sellers']\n      }\n    },```",
        "user": "U013J5CRRDW",
        "ts": "1592915942.195300",
        "team": "TC0C1HURK",
        "user_team": "TC0C1HURK",
        "source_team": "TC0C1HURK",
        "user_profile": {
            "avatar_hash": "759b4f7ce0bf",
            "image_72": "https:\/\/avatars.slack-edge.com\/2020-06-23\/1224215237280_759b4f7ce0bf4b291721_72.jpg",
            "first_name": "Alex",
            "real_name": "Alex Vasilev",
            "display_name": "Alex Vasilev",
            "team": "TC0C1HURK",
            "name": "vaspiring",
            "is_restricted": false,
            "is_ultra_restricted": false
        },
        "edited": {
            "user": "U013J5CRRDW",
            "ts": "1592916019.000000"
        },
        "attachments": [
            {
                "service_name": "GitHub",
                "title": "cube-js\/cube.js",
                "title_link": "https:\/\/github.com\/cube-js\/cube.js\/issues",
                "text": ":bar_chart: Cube.js - Open Source Analytics Framework. Contribute to cube-js\/cube.js development by creating an account on GitHub.",
                "fallback": "GitHub: cube-js\/cube.js",
                "from_url": "https:\/\/github.com\/cube-js\/cube.js\/issues",
                "thumb_url": "https:\/\/repository-images.githubusercontent.com\/149026292\/33deb000-42b4-11ea-8f24-e112f465ddf1",
                "thumb_width": 658,
                "thumb_height": 250,
                "service_icon": "https:\/\/a.slack-edge.com\/80588\/img\/unfurl_icons\/github.png",
                "id": 1,
                "original_url": "https:\/\/github.com\/cube-js\/cube.js\/issues"
            }
        ],
        "blocks": [
            {
                "type": "rich_text",
                "block_id": "omtQs",
                "elements": [
                    {
                        "type": "rich_text_section",
                        "elements": [
                            {
                                "type": "text",
                                "text": "hi "
                            },
                            {
                                "type": "user",
                                "user_id": "UU7V3RU8N"
                            },
                            {
                                "type": "text",
                                "text": "! Thanks, the idea is clear. However we currently don’t support this.\nYou can post an issue on "
                            },
                            {
                                "type": "link",
                                "url": "https:\/\/github.com\/cube-js\/cube.js\/issues"
                            },
                            {
                                "type": "text",
                                "text": "\n\nAs a workaround you can add a custom meta field and filter based on it.\n\neg\n"
                            }
                        ]
                    },
                    {
                        "type": "rich_text_preformatted",
                        "elements": [
                            {
                                "type": "text",
                                "text": "  dimensions: {\n    status: {\n\/\/ ...\n      meta: {\n        joins: ['Users', 'Sellers']\n      }\n    },"
                            }
                        ]
                    }
                ]
            }
        ],
        "thread_ts": "1592901738.194600",
        "parent_user_id": "UU7V3RU8N"
    },
    {
        "client_msg_id": "5524e666-7d32-4e58-83d6-3c329b8e8930",
        "type": "message",
        "text": "Hey <@UC19HAUAK> Our application is in Angular. I read your comments on the channel before that you guys are not experienced in Angular and don't have any plans short term to add it. No one else seems to have built the equivalent in Angular either. To save us some time we are considering two options: 1) build-in the React components into our App (but this wouldn't be very clean - unless you have suggestions) or 2) consider plain JS libraries (paid or open-source) that we can bring together to mimick the same as you have now.  Any other suggestions are welcome as well. There are 3 key componenets that we are looking for: 1) the query builder (measures\/filters\/dimensions 2) the chart editor (pre-built editing of chart components and 3) the tiles and dashboard",
        "user": "U013N2ED1E3",
        "ts": "1592921606.195900",
        "team": "TC0C1HURK",
        "user_team": "TC0C1HURK",
        "source_team": "TC0C1HURK",
        "user_profile": {
            "avatar_hash": "g630bebb540a",
            "image_72": "https:\/\/secure.gravatar.com\/avatar\/630bebb540a8b9b54c66d5e1cee01140.jpg?s=72&d=https%3A%2F%2Fa.slack-edge.com%2Fdf10d%2Fimg%2Favatars%2Fava_0004-72.png",
            "first_name": "",
            "real_name": "David",
            "display_name": "David",
            "team": "TC0C1HURK",
            "name": "david539",
            "is_restricted": false,
            "is_ultra_restricted": false
        },
        "blocks": [
            {
                "type": "rich_text",
                "block_id": "Q7lm\/",
                "elements": [
                    {
                        "type": "rich_text_section",
                        "elements": [
                            {
                                "type": "text",
                                "text": "Hey "
                            },
                            {
                                "type": "user",
                                "user_id": "UC19HAUAK"
                            },
                            {
                                "type": "text",
                                "text": " Our application is in Angular. I read your comments on the channel before that you guys are not experienced in Angular and don't have any plans short term to add it. No one else seems to have built the equivalent in Angular either. To save us some time we are considering two options: 1) build-in the React components into our App (but this wouldn't be very clean - unless you have suggestions) or 2) consider plain JS libraries (paid or open-source) that we can bring together to mimick the same as you have now.  Any other suggestions are welcome as well. There are 3 key componenets that we are looking for: 1) the query builder (measures\/filters\/dimensions 2) the chart editor (pre-built editing of chart components and 3) the tiles and dashboard"
                            }
                        ]
                    }
                ]
            }
        ],
        "thread_ts": "1592777955.174100",
        "parent_user_id": "U013N2ED1E3"
    },
    {
        "type": "message",
        "subtype": "channel_join",
        "ts": "1592925495.197900",
        "user": "U015VDL22QM",
        "text": "<@U015VDL22QM> has joined the channel"
    },
    {
        "client_msg_id": "74095160-1e62-4319-946d-9cb6359d1adf",
        "type": "message",
        "text": "<@U013N2ED1E3> Gotcha. We're working on this. Angular and Vue would get all the capabilities React has pretty soon.",
        "user": "UC19HAUAK",
        "ts": "1592930120.198000",
        "team": "TC0C1HURK",
        "user_team": "TC0C1HURK",
        "source_team": "TC0C1HURK",
        "user_profile": {
            "avatar_hash": "066a042e018c",
            "image_72": "https:\/\/avatars.slack-edge.com\/2019-12-07\/866588520998_066a042e018ca831a195_72.png",
            "first_name": "Pavel",
            "real_name": "Pavel Tiunov",
            "display_name": "pavel",
            "team": "TC0C1HURK",
            "name": "pavel",
            "is_restricted": false,
            "is_ultra_restricted": false
        },
        "blocks": [
            {
                "type": "rich_text",
                "block_id": "GpMT",
                "elements": [
                    {
                        "type": "rich_text_section",
                        "elements": [
                            {
                                "type": "user",
                                "user_id": "U013N2ED1E3"
                            },
                            {
                                "type": "text",
                                "text": " Gotcha. We're working on this. Angular and Vue would get all the capabilities React has pretty soon."
                            }
                        ]
                    }
                ]
            }
        ],
        "thread_ts": "1592777955.174100",
        "parent_user_id": "U013N2ED1E3"
    },
    {
        "client_msg_id": "2d9e5196-bf0b-4784-b3c6-42a9d8e16823",
        "type": "message",
        "text": "<@U015RV6PKK5> Yep. It's possible. You should have user name and password set for Redshift.",
        "user": "UC19HAUAK",
        "ts": "1592930181.198200",
        "team": "TC0C1HURK",
        "user_team": "TC0C1HURK",
        "source_team": "TC0C1HURK",
        "user_profile": {
            "avatar_hash": "066a042e018c",
            "image_72": "https:\/\/avatars.slack-edge.com\/2019-12-07\/866588520998_066a042e018ca831a195_72.png",
            "first_name": "Pavel",
            "real_name": "Pavel Tiunov",
            "display_name": "pavel",
            "team": "TC0C1HURK",
            "name": "pavel",
            "is_restricted": false,
            "is_ultra_restricted": false
        },
        "blocks": [
            {
                "type": "rich_text",
                "block_id": "zJ4Ll",
                "elements": [
                    {
                        "type": "rich_text_section",
                        "elements": [
                            {
                                "type": "user",
                                "user_id": "U015RV6PKK5"
                            },
                            {
                                "type": "text",
                                "text": " Yep. It's possible. You should have user name and password set for Redshift."
                            }
                        ]
                    }
                ]
            }
        ],
        "thread_ts": "1592849052.185200",
        "parent_user_id": "U015RV6PKK5"
    },
    {
        "client_msg_id": "0d08fd5e-71f7-4cfb-b4d1-f207a8509fda",
        "type": "message",
        "text": "That's awesome!",
        "user": "U013N2ED1E3",
        "ts": "1592930226.198400",
        "team": "TC0C1HURK",
        "user_team": "TC0C1HURK",
        "source_team": "TC0C1HURK",
        "user_profile": {
            "avatar_hash": "g630bebb540a",
            "image_72": "https:\/\/secure.gravatar.com\/avatar\/630bebb540a8b9b54c66d5e1cee01140.jpg?s=72&d=https%3A%2F%2Fa.slack-edge.com%2Fdf10d%2Fimg%2Favatars%2Fava_0004-72.png",
            "first_name": "",
            "real_name": "David",
            "display_name": "David",
            "team": "TC0C1HURK",
            "name": "david539",
            "is_restricted": false,
            "is_ultra_restricted": false
        },
        "blocks": [
            {
                "type": "rich_text",
                "block_id": "Tiq",
                "elements": [
                    {
                        "type": "rich_text_section",
                        "elements": [
                            {
                                "type": "text",
                                "text": "That's awesome!"
                            }
                        ]
                    }
                ]
            }
        ],
        "thread_ts": "1592777955.174100",
        "parent_user_id": "U013N2ED1E3",
        "reactions": [
            {
                "name": "raised_hands",
                "users": [
                    "UC19HAUAK"
                ],
                "count": 1
            }
        ]
    },
    {
        "client_msg_id": "688c4e84-f141-4825-9af4-f076de00f9aa",
        "type": "message",
        "text": "<@UC19HAUAK> It gives a timeout error while trying to connect. I have given the username and password in .env file..",
        "user": "U015RV6PKK5",
        "ts": "1592930801.198600",
        "team": "TC0C1HURK",
        "user_team": "TC0C1HURK",
        "source_team": "TC0C1HURK",
        "user_profile": {
            "avatar_hash": "g9d642ed6dda",
            "image_72": "https:\/\/secure.gravatar.com\/avatar\/9d642ed6ddac08fe5ebe32994b8aca85.jpg?s=72&d=https%3A%2F%2Fa.slack-edge.com%2Fdf10d%2Fimg%2Favatars%2Fava_0021-72.png",
            "first_name": "",
            "real_name": "Sowmya",
            "display_name": "",
            "team": "TC0C1HURK",
            "name": "sdureddy",
            "is_restricted": false,
            "is_ultra_restricted": false
        },
        "blocks": [
            {
                "type": "rich_text",
                "block_id": "4ARXj",
                "elements": [
                    {
                        "type": "rich_text_section",
                        "elements": [
                            {
                                "type": "user",
                                "user_id": "UC19HAUAK"
                            },
                            {
                                "type": "text",
                                "text": " It gives a timeout error while trying to connect. I have given the username and password in .env file.."
                            }
                        ]
                    }
                ]
            }
        ],
        "thread_ts": "1592849052.185200",
        "parent_user_id": "U015RV6PKK5"
    },
    {
        "type": "message",
        "subtype": "channel_join",
        "ts": "1592931316.198900",
        "user": "U01638KQE2G",
        "text": "<@U01638KQE2G> has joined the channel"
    },
    {
        "client_msg_id": "24e4a06b-ecef-44c9-b5bd-6b5022f500a8",
        "type": "message",
        "text": "<@U015RV6PKK5> Please check your security group settings and if `psql` can connect with same credentials first.",
        "user": "UC19HAUAK",
        "ts": "1592932968.199100",
        "team": "TC0C1HURK",
        "user_team": "TC0C1HURK",
        "source_team": "TC0C1HURK",
        "user_profile": {
            "avatar_hash": "066a042e018c",
            "image_72": "https:\/\/avatars.slack-edge.com\/2019-12-07\/866588520998_066a042e018ca831a195_72.png",
            "first_name": "Pavel",
            "real_name": "Pavel Tiunov",
            "display_name": "pavel",
            "team": "TC0C1HURK",
            "name": "pavel",
            "is_restricted": false,
            "is_ultra_restricted": false
        },
        "blocks": [
            {
                "type": "rich_text",
                "block_id": "St+",
                "elements": [
                    {
                        "type": "rich_text_section",
                        "elements": [
                            {
                                "type": "user",
                                "user_id": "U015RV6PKK5"
                            },
                            {
                                "type": "text",
                                "text": " Please check your security group settings and if "
                            },
                            {
                                "type": "text",
                                "text": "psql",
                                "style": {
                                    "code": true
                                }
                            },
                            {
                                "type": "text",
                                "text": " can connect with same credentials first."
                            }
                        ]
                    }
                ]
            }
        ],
        "thread_ts": "1592849052.185200",
        "parent_user_id": "U015RV6PKK5"
    },
    {
        "client_msg_id": "65f541a0-e8da-42bc-b89c-ce20bf973fbe",
        "type": "message",
        "text": "Hey <@URG03MR27>! Great question! As of right now there's no straightforward way to do this. Possible ways are: change `refreshKey` definition, rename pre-aggregation, delete corresponding pre-aggregation tables and reset cache.",
        "user": "UC19HAUAK",
        "ts": "1592933069.199300",
        "team": "TC0C1HURK",
        "user_team": "TC0C1HURK",
        "source_team": "TC0C1HURK",
        "user_profile": {
            "avatar_hash": "066a042e018c",
            "image_72": "https:\/\/avatars.slack-edge.com\/2019-12-07\/866588520998_066a042e018ca831a195_72.png",
            "first_name": "Pavel",
            "real_name": "Pavel Tiunov",
            "display_name": "pavel",
            "team": "TC0C1HURK",
            "name": "pavel",
            "is_restricted": false,
            "is_ultra_restricted": false
        },
        "blocks": [
            {
                "type": "rich_text",
                "block_id": "J2Pg",
                "elements": [
                    {
                        "type": "rich_text_section",
                        "elements": [
                            {
                                "type": "text",
                                "text": "Hey "
                            },
                            {
                                "type": "user",
                                "user_id": "URG03MR27"
                            },
                            {
                                "type": "text",
                                "text": "! Great question! As of right now there's no straightforward way to do this. Possible ways are: change "
                            },
                            {
                                "type": "text",
                                "text": "refreshKey",
                                "style": {
                                    "code": true
                                }
                            },
                            {
                                "type": "text",
                                "text": " definition, rename pre-aggregation, delete corresponding pre-aggregation tables and reset cache."
                            }
                        ]
                    }
                ]
            }
        ],
        "thread_ts": "1592841978.181900",
        "parent_user_id": "URG03MR27"
    },
    {
        "client_msg_id": "716c4316-8cd8-4169-b8f8-48b0e696f174",
        "type": "message",
        "text": "Makes sense to create an issue for such API.",
        "user": "UC19HAUAK",
        "ts": "1592933082.199500",
        "team": "TC0C1HURK",
        "user_team": "TC0C1HURK",
        "source_team": "TC0C1HURK",
        "user_profile": {
            "avatar_hash": "066a042e018c",
            "image_72": "https:\/\/avatars.slack-edge.com\/2019-12-07\/866588520998_066a042e018ca831a195_72.png",
            "first_name": "Pavel",
            "real_name": "Pavel Tiunov",
            "display_name": "pavel",
            "team": "TC0C1HURK",
            "name": "pavel",
            "is_restricted": false,
            "is_ultra_restricted": false
        },
        "blocks": [
            {
                "type": "rich_text",
                "block_id": "P96=",
                "elements": [
                    {
                        "type": "rich_text_section",
                        "elements": [
                            {
                                "type": "text",
                                "text": "Makes sense to create an issue for such API."
                            }
                        ]
                    }
                ]
            }
        ],
        "thread_ts": "1592841978.181900",
        "parent_user_id": "URG03MR27"
    },
    {
        "client_msg_id": "b3c46571-444c-4960-97d7-dd5298fa5033",
        "type": "message",
        "text": "cool, thanks much!",
        "user": "U015MTX4JVC",
        "ts": "1592935370.199700",
        "team": "TC0C1HURK",
        "user_team": "TC0C1HURK",
        "source_team": "TC0C1HURK",
        "user_profile": {
            "avatar_hash": "g1bf7f830772",
            "image_72": "https:\/\/secure.gravatar.com\/avatar\/1bf7f8307726b0309cd5e269635967ef.jpg?s=72&d=https%3A%2F%2Fa.slack-edge.com%2Fdf10d%2Fimg%2Favatars%2Fava_0018-72.png",
            "first_name": "",
            "real_name": "Gokulan Vikash Babu",
            "display_name": "Gokulan Vikash Babu",
            "team": "TC0C1HURK",
            "name": "gokulan1307",
            "is_restricted": false,
            "is_ultra_restricted": false
        },
        "blocks": [
            {
                "type": "rich_text",
                "block_id": "6=I",
                "elements": [
                    {
                        "type": "rich_text_section",
                        "elements": [
                            {
                                "type": "text",
                                "text": "cool, thanks much!"
                            }
                        ]
                    }
                ]
            }
        ],
        "thread_ts": "1592865239.189200",
        "parent_user_id": "U015MTX4JVC"
    },
    {
        "client_msg_id": "d288b281-0836-4238-aec0-7fc94103f376",
        "type": "message",
        "text": "Thanks pavel, will check it out..",
        "user": "U015RV6PKK5",
        "ts": "1592938678.199900",
        "team": "TC0C1HURK",
        "user_team": "TC0C1HURK",
        "source_team": "TC0C1HURK",
        "user_profile": {
            "avatar_hash": "g9d642ed6dda",
            "image_72": "https:\/\/secure.gravatar.com\/avatar\/9d642ed6ddac08fe5ebe32994b8aca85.jpg?s=72&d=https%3A%2F%2Fa.slack-edge.com%2Fdf10d%2Fimg%2Favatars%2Fava_0021-72.png",
            "first_name": "",
            "real_name": "Sowmya",
            "display_name": "",
            "team": "TC0C1HURK",
            "name": "sdureddy",
            "is_restricted": false,
            "is_ultra_restricted": false
        },
        "blocks": [
            {
                "type": "rich_text",
                "block_id": "kgK",
                "elements": [
                    {
                        "type": "rich_text_section",
                        "elements": [
                            {
                                "type": "text",
                                "text": "Thanks pavel, will check it out.."
                            }
                        ]
                    }
                ]
            }
        ],
        "thread_ts": "1592849052.185200",
        "parent_user_id": "U015RV6PKK5"
    },
    {
        "type": "message",
        "subtype": "channel_join",
        "ts": "1592940078.200200",
        "user": "U015W2L2WQ5",
        "text": "<@U015W2L2WQ5> has joined the channel"
    },
    {
        "client_msg_id": "855a3a39-8132-4b68-805a-b6566533fe8c",
        "type": "message",
        "text": "Hey everyone, have a quick question about working with time in the dimensions. In my MySQL DB time is stored as a varchar so when I use dimensions time always shows as 00:00:00.000. Is there an easy way to convert the values using Cube.js? Here is an example of how my time is stored: '11:35:43' hh:mm:ss.",
        "user": "U015W2L2WQ5",
        "ts": "1592940579.202100",
        "team": "TC0C1HURK",
        "user_team": "TC0C1HURK",
        "source_team": "TC0C1HURK",
        "user_profile": {
            "avatar_hash": "g16655b4f6e7",
            "image_72": "https:\/\/secure.gravatar.com\/avatar\/16655b4f6e7e97573b3120417f13eec1.jpg?s=72&d=https%3A%2F%2Fa.slack-edge.com%2Fdf10d%2Fimg%2Favatars%2Fava_0001-72.png",
            "first_name": "",
            "real_name": "Brett",
            "display_name": "Brett",
            "team": "TC0C1HURK",
            "name": "amazontest1234567890",
            "is_restricted": false,
            "is_ultra_restricted": false
        },
        "edited": {
            "user": "U015W2L2WQ5",
            "ts": "1592940702.000000"
        },
        "blocks": [
            {
                "type": "rich_text",
                "block_id": "Dyxz",
                "elements": [
                    {
                        "type": "rich_text_section",
                        "elements": [
                            {
                                "type": "text",
                                "text": "Hey everyone, have a quick question about working with time in the dimensions. In my MySQL DB time is stored as a varchar so when I use dimensions time always shows as 00:00:00.000. Is there an easy way to convert the values using Cube.js? Here is an example of how my time is stored: '11:35:43' hh:mm:ss."
                            }
                        ]
                    }
                ]
            }
        ],
        "thread_ts": "1592940579.202100",
        "reply_count": 1,
        "reply_users_count": 1,
        "latest_reply": "1593007594.209300",
        "reply_users": [
            "U013J5CRRDW"
        ],
        "replies": [
            {
                "user": "U013J5CRRDW",
                "ts": "1593007594.209300"
            }
        ],
        "subscribed": false
    },
    {
        "client_msg_id": "70d0af08-40e9-4b98-9f5a-74ad3644c0a1",
        "type": "message",
        "text": "hi <@U014L6PB2RZ>! could you please start an issue for this on github? <https:\/\/github.com\/cube-js\/cube.js\/issues>",
        "user": "U013J5CRRDW",
        "ts": "1592941640.202300",
        "team": "TC0C1HURK",
        "user_team": "TC0C1HURK",
        "source_team": "TC0C1HURK",
        "user_profile": {
            "avatar_hash": "759b4f7ce0bf",
            "image_72": "https:\/\/avatars.slack-edge.com\/2020-06-23\/1224215237280_759b4f7ce0bf4b291721_72.jpg",
            "first_name": "Alex",
            "real_name": "Alex Vasilev",
            "display_name": "Alex Vasilev",
            "team": "TC0C1HURK",
            "name": "vaspiring",
            "is_restricted": false,
            "is_ultra_restricted": false
        },
        "edited": {
            "user": "U013J5CRRDW",
            "ts": "1592941658.000000"
        },
        "blocks": [
            {
                "type": "rich_text",
                "block_id": "nH694",
                "elements": [
                    {
                        "type": "rich_text_section",
                        "elements": [
                            {
                                "type": "text",
                                "text": "hi "
                            },
                            {
                                "type": "user",
                                "user_id": "U014L6PB2RZ"
                            },
                            {
                                "type": "text",
                                "text": "! could you please start an issue for this on github? "
                            },
                            {
                                "type": "link",
                                "url": "https:\/\/github.com\/cube-js\/cube.js\/issues"
                            }
                        ]
                    }
                ]
            }
        ],
        "thread_ts": "1592853557.187600",
        "parent_user_id": "U014L6PB2RZ",
        "reactions": [
            {
                "name": "+1",
                "users": [
                    "U014L6PB2RZ"
                ],
                "count": 1
            }
        ]
    },
    {
        "client_msg_id": "3a38e497-61a7-48d9-b876-c8190c78fef1",
        "type": "message",
        "text": "Can anyone offer any insight into how the \"category\" prop in the chartpivot() output gets populated?",
        "user": "U014RT8ED47",
        "ts": "1592944424.203400",
        "team": "TC0C1HURK",
        "user_team": "TC0C1HURK",
        "source_team": "TC0C1HURK",
        "user_profile": {
            "avatar_hash": "g7a3641da296",
            "image_72": "https:\/\/secure.gravatar.com\/avatar\/7a3641da296790dcc0acb2a47044230c.jpg?s=72&d=https%3A%2F%2Fa.slack-edge.com%2Fdf10d%2Fimg%2Favatars%2Fava_0011-72.png",
            "first_name": "",
            "real_name": "Sam Thomas",
            "display_name": "Sam Thomas",
            "team": "TC0C1HURK",
            "name": "sthomas",
            "is_restricted": false,
            "is_ultra_restricted": false
        },
        "blocks": [
            {
                "type": "rich_text",
                "block_id": "BqW",
                "elements": [
                    {
                        "type": "rich_text_section",
                        "elements": [
                            {
                                "type": "text",
                                "text": "Can anyone offer any insight into how the \"category\" prop in the chartpivot() output gets populated?"
                            }
                        ]
                    }
                ]
            }
        ],
        "thread_ts": "1592944424.203400",
        "reply_count": 2,
        "reply_users_count": 2,
        "latest_reply": "1592969293.206100",
        "reply_users": [
            "U014RT8ED47",
            "UC19HAUAK"
        ],
        "replies": [
            {
                "user": "U014RT8ED47",
                "ts": "1592944487.203500"
            },
            {
                "user": "UC19HAUAK",
                "ts": "1592969293.206100"
            }
        ],
        "subscribed": false
    },
    {
        "client_msg_id": "37570b5a-779a-4356-aa29-a1d610eabae8",
        "type": "message",
        "text": "It seems to always match the value of the \"x\" prop no matter what pivoting logic I apply.",
        "user": "U014RT8ED47",
        "ts": "1592944487.203500",
        "team": "TC0C1HURK",
        "user_team": "TC0C1HURK",
        "source_team": "TC0C1HURK",
        "user_profile": {
            "avatar_hash": "g7a3641da296",
            "image_72": "https:\/\/secure.gravatar.com\/avatar\/7a3641da296790dcc0acb2a47044230c.jpg?s=72&d=https%3A%2F%2Fa.slack-edge.com%2Fdf10d%2Fimg%2Favatars%2Fava_0011-72.png",
            "first_name": "",
            "real_name": "Sam Thomas",
            "display_name": "Sam Thomas",
            "team": "TC0C1HURK",
            "name": "sthomas",
            "is_restricted": false,
            "is_ultra_restricted": false
        },
        "blocks": [
            {
                "type": "rich_text",
                "block_id": "yK+",
                "elements": [
                    {
                        "type": "rich_text_section",
                        "elements": [
                            {
                                "type": "text",
                                "text": "It seems to always match the value of the \"x\" prop no matter what pivoting logic I apply."
                            }
                        ]
                    }
                ]
            }
        ],
        "thread_ts": "1592944424.203400",
        "parent_user_id": "U014RT8ED47"
    },
    {
        "client_msg_id": "0a4a7535-661b-4d2d-9859-31cebfb41a67",
        "type": "message",
        "text": "is it possible to test cubejs with nest framework?...",
        "user": "UV8E3H1AN",
        "ts": "1592948356.203800",
        "team": "TC0C1HURK",
        "user_team": "TC0C1HURK",
        "source_team": "TC0C1HURK",
        "user_profile": {
            "avatar_hash": "g79af3767b00",
            "image_72": "https:\/\/secure.gravatar.com\/avatar\/79af3767b00fd9c09eac518ae14495e7.jpg?s=72&d=https%3A%2F%2Fa.slack-edge.com%2Fdf10d%2Fimg%2Favatars%2Fava_0023-72.png",
            "first_name": "",
            "real_name": "Denis Lopez",
            "display_name": "Denis Lopez",
            "team": "TC0C1HURK",
            "name": "denis.l",
            "is_restricted": false,
            "is_ultra_restricted": false
        },
        "blocks": [
            {
                "type": "rich_text",
                "block_id": "dlWi",
                "elements": [
                    {
                        "type": "rich_text_section",
                        "elements": [
                            {
                                "type": "text",
                                "text": "is it possible to test cubejs with nest framework?..."
                            }
                        ]
                    }
                ]
            }
        ]
    },
    {
        "client_msg_id": "de3afab8-cfa6-4626-9d68-1a1d672538a9",
        "type": "message",
        "text": "Anyone had issues with Aurora Serverless performance with the queries being generated?  Everything is working great on MySql 5.7, but aurora is 5.6 compatible.  Same queries that execute in &lt; 0.1 seconds on 5.7, take (sometimes) minutes to complete on 5.6.\n\nFWIW, I also installed 5.6 on a local VM, and the performance is just as bad there.  So its not aurora (just going off one of the examples posted)",
        "user": "UVBF2V337",
        "ts": "1592949989.205300",
        "team": "TC0C1HURK",
        "user_team": "TC0C1HURK",
        "source_team": "TC0C1HURK",
        "user_profile": {
            "avatar_hash": "gea496cd6731",
            "image_72": "https:\/\/secure.gravatar.com\/avatar\/ea496cd67318b2db9b0ad4b458cff2f1.jpg?s=72&d=https%3A%2F%2Fa.slack-edge.com%2Fdf10d%2Fimg%2Favatars%2Fava_0018-72.png",
            "first_name": "",
            "real_name": "Justin Smith",
            "display_name": "Justin Smith",
            "team": "TC0C1HURK",
            "name": "justin.smith",
            "is_restricted": false,
            "is_ultra_restricted": false
        },
        "edited": {
            "user": "UVBF2V337",
            "ts": "1592950047.000000"
        },
        "blocks": [
            {
                "type": "rich_text",
                "block_id": "hAjh",
                "elements": [
                    {
                        "type": "rich_text_section",
                        "elements": [
                            {
                                "type": "text",
                                "text": "Anyone had issues with Aurora Serverless performance with the queries being generated?  Everything is working great on MySql 5.7, but aurora is 5.6 compatible.  Same queries that execute in < 0.1 seconds on 5.7, take (sometimes) minutes to complete on 5.6.\n\nFWIW, I also installed 5.6 on a local VM, and the performance is just as bad there.  So its not aurora (just going off one of the examples posted)"
                            }
                        ]
                    }
                ]
            }
        ],
        "thread_ts": "1592949989.205300",
        "reply_count": 1,
        "reply_users_count": 1,
        "latest_reply": "1592968502.205600",
        "reply_users": [
            "UC19HAUAK"
        ],
        "replies": [
            {
                "user": "UC19HAUAK",
                "ts": "1592968502.205600"
            }
        ],
        "subscribed": false
    },
    {
        "client_msg_id": "4547a30e-2877-4f97-84b5-0bf9383c80cf",
        "type": "message",
        "text": "Hey <@UVBF2V337>! Depends a lot on queries. Could you please share what queries do you test?",
        "user": "UC19HAUAK",
        "ts": "1592968502.205600",
        "team": "TC0C1HURK",
        "user_team": "TC0C1HURK",
        "source_team": "TC0C1HURK",
        "user_profile": {
            "avatar_hash": "066a042e018c",
            "image_72": "https:\/\/avatars.slack-edge.com\/2019-12-07\/866588520998_066a042e018ca831a195_72.png",
            "first_name": "Pavel",
            "real_name": "Pavel Tiunov",
            "display_name": "pavel",
            "team": "TC0C1HURK",
            "name": "pavel",
            "is_restricted": false,
            "is_ultra_restricted": false
        },
        "edited": {
            "user": "UC19HAUAK",
            "ts": "1592968504.000000"
        },
        "blocks": [
            {
                "type": "rich_text",
                "block_id": "aCs7",
                "elements": [
                    {
                        "type": "rich_text_section",
                        "elements": [
                            {
                                "type": "text",
                                "text": "Hey "
                            },
                            {
                                "type": "user",
                                "user_id": "UVBF2V337"
                            },
                            {
                                "type": "text",
                                "text": "! Depends a lot on queries. Could you please share what queries do you test?"
                            }
                        ]
                    }
                ]
            }
        ],
        "thread_ts": "1592949989.205300",
        "parent_user_id": "UVBF2V337"
    },
    {
        "client_msg_id": "765fd48a-7d67-4399-b738-96f5e128a244",
        "type": "message",
        "text": "Hey just wondering how did\/would you go about accessing it from the frontend? like `(availableMembers).map(m=&gt; m.meta)`  for example?",
        "user": "U014L6PB2RZ",
        "ts": "1592969133.205900",
        "team": "TC0C1HURK",
        "user_team": "TC0C1HURK",
        "source_team": "TC0C1HURK",
        "user_profile": {
            "avatar_hash": "g6c241455570",
            "image_72": "https:\/\/secure.gravatar.com\/avatar\/6c2414555708eb817e46da8edb508c72.jpg?s=72&d=https%3A%2F%2Fa.slack-edge.com%2Fdf10d%2Fimg%2Favatars%2Fava_0017-72.png",
            "first_name": "",
            "real_name": "Amy",
            "display_name": "Amy",
            "team": "TC0C1HURK",
            "name": "a84wang",
            "is_restricted": false,
            "is_ultra_restricted": false
        },
        "blocks": [
            {
                "type": "rich_text",
                "block_id": "Ts0",
                "elements": [
                    {
                        "type": "rich_text_section",
                        "elements": [
                            {
                                "type": "text",
                                "text": "Hey just wondering how did\/would you go about accessing it from the frontend? like "
                            },
                            {
                                "type": "text",
                                "text": "(availableMembers).map(m=> m.meta)  ",
                                "style": {
                                    "code": true
                                }
                            },
                            {
                                "type": "text",
                                "text": "for example?"
                            }
                        ]
                    }
                ]
            }
        ],
        "thread_ts": "1592901738.194600",
        "parent_user_id": "UU7V3RU8N"
    },
    {
        "client_msg_id": "ca352fc9-842c-4ead-8a06-73ff05edb0a7",
        "type": "message",
        "text": "Hey <@U014RT8ED47>! Could you please share your code?",
        "user": "UC19HAUAK",
        "ts": "1592969293.206100",
        "team": "TC0C1HURK",
        "user_team": "TC0C1HURK",
        "source_team": "TC0C1HURK",
        "user_profile": {
            "avatar_hash": "066a042e018c",
            "image_72": "https:\/\/avatars.slack-edge.com\/2019-12-07\/866588520998_066a042e018ca831a195_72.png",
            "first_name": "Pavel",
            "real_name": "Pavel Tiunov",
            "display_name": "pavel",
            "team": "TC0C1HURK",
            "name": "pavel",
            "is_restricted": false,
            "is_ultra_restricted": false
        },
        "blocks": [
            {
                "type": "rich_text",
                "block_id": "SXhe",
                "elements": [
                    {
                        "type": "rich_text_section",
                        "elements": [
                            {
                                "type": "text",
                                "text": "Hey "
                            },
                            {
                                "type": "user",
                                "user_id": "U014RT8ED47"
                            },
                            {
                                "type": "text",
                                "text": "! Could you please share your code?"
                            }
                        ]
                    }
                ]
            }
        ],
        "thread_ts": "1592944424.203400",
        "parent_user_id": "U014RT8ED47"
    }
]