[
    {
        "type": "message",
        "subtype": "channel_join",
        "ts": "1583222446.113800",
        "user": "UUSRC9DRN",
        "text": "<@UUSRC9DRN> has joined the channel"
    },
    {
        "type": "message",
        "subtype": "channel_join",
        "ts": "1583224503.114100",
        "user": "UUE3G4P8A",
        "text": "<@UUE3G4P8A> has joined the channel"
    },
    {
        "type": "message",
        "subtype": "channel_join",
        "ts": "1583233068.114300",
        "user": "UUH0BNMA5",
        "text": "<@UUH0BNMA5> has joined the channel"
    },
    {
        "client_msg_id": "35ea5b52-d667-4a9e-b358-305607643260",
        "type": "message",
        "text": "Is typescript supported?",
        "user": "UUSRC9DRN",
        "ts": "1583236905.114900",
        "team": "TC0C1HURK",
        "user_team": "TC0C1HURK",
        "source_team": "TC0C1HURK",
        "user_profile": {
            "avatar_hash": "gd085bafdfa4",
            "image_72": "https:\/\/secure.gravatar.com\/avatar\/d085bafdfa4dce6cddda09eebab5f95c.jpg?s=72&d=https%3A%2F%2Fa.slack-edge.com%2Fdf10d%2Fimg%2Favatars%2Fava_0003-72.png",
            "first_name": "",
            "real_name": "stef19",
            "display_name": "stef19",
            "team": "TC0C1HURK",
            "name": "stefans9703",
            "is_restricted": false,
            "is_ultra_restricted": false
        },
        "blocks": [
            {
                "type": "rich_text",
                "block_id": "DIYEX",
                "elements": [
                    {
                        "type": "rich_text_section",
                        "elements": [
                            {
                                "type": "text",
                                "text": "Is typescript supported?"
                            }
                        ]
                    }
                ]
            }
        ],
        "thread_ts": "1583236905.114900",
        "reply_count": 2,
        "reply_users_count": 2,
        "latest_reply": "1583306567.136800",
        "reply_users": [
            "UC19HAUAK",
            "UUSRC9DRN"
        ],
        "replies": [
            {
                "user": "UC19HAUAK",
                "ts": "1583261082.125200"
            },
            {
                "user": "UUSRC9DRN",
                "ts": "1583306567.136800"
            }
        ],
        "subscribed": false
    },
    {
        "type": "message",
        "subtype": "channel_join",
        "ts": "1583241657.115200",
        "user": "UUSQW69RA",
        "text": "<@UUSQW69RA> has joined the channel"
    },
    {
        "type": "message",
        "text": "```orderLink: {\n  sql: `'<http:\/\/myswebsite.com\/orders\/>' || id`,\n  type: `string`,\n  format: `link`\n}```\n",
        "files": [
            {
                "id": "FUV4YUQMV",
                "created": 1583241868,
                "timestamp": 1583241868,
                "name": "Untitled",
                "title": "Untitled",
                "mimetype": "text\/plain",
                "filetype": "text",
                "pretty_type": "Plain Text",
                "user": "UUSQW69RA",
                "editable": true,
                "size": 164,
                "mode": "snippet",
                "is_external": false,
                "external_type": "",
                "is_public": true,
                "public_url_shared": false,
                "display_as_bot": false,
                "username": "",
                "url_private": "https:\/\/files.slack.com\/files-pri\/TC0C1HURK-FUV4YUQMV\/untitled?t=xoxe-408409606869-1300049925941-1294691254950-5e5ba619551397a2daf3223fc6c48b4a",
                "url_private_download": "https:\/\/files.slack.com\/files-pri\/TC0C1HURK-FUV4YUQMV\/download\/untitled?t=xoxe-408409606869-1300049925941-1294691254950-5e5ba619551397a2daf3223fc6c48b4a",
                "permalink": "https:\/\/cube-js.slack.com\/files\/UUSQW69RA\/FUV4YUQMV\/untitled",
                "permalink_public": "https:\/\/slack-files.com\/TC0C1HURK-FUV4YUQMV-7e87d453f8",
                "edit_link": "https:\/\/cube-js.slack.com\/files\/UUSQW69RA\/FUV4YUQMV\/untitled\/edit",
                "is_starred": false,
                "has_rich_preview": false
            }
        ],
        "upload": true,
        "blocks": [
            {
                "type": "rich_text",
                "block_id": "JgO1",
                "elements": [
                    {
                        "type": "rich_text_preformatted",
                        "elements": [
                            {
                                "type": "text",
                                "text": "orderLink: {\n  sql: `'"
                            },
                            {
                                "type": "link",
                                "url": "http:\/\/myswebsite.com\/orders\/"
                            },
                            {
                                "type": "text",
                                "text": "' || id`,\n  type: `string`,\n  format: `link`\n}"
                            }
                        ]
                    },
                    {
                        "type": "rich_text_section",
                        "elements": []
                    }
                ]
            }
        ],
        "user": "UUSQW69RA",
        "display_as_bot": false,
        "ts": "1583241869.115900",
        "client_msg_id": "6513bb57-4156-4fc4-8b49-e4edfa6dc4e8",
        "thread_ts": "1583241869.115900",
        "reply_count": 20,
        "reply_users_count": 2,
        "latest_reply": "1583439151.166500",
        "reply_users": [
            "UC19HAUAK",
            "UUSQW69RA"
        ],
        "replies": [
            {
                "user": "UC19HAUAK",
                "ts": "1583261134.125500"
            },
            {
                "user": "UUSQW69RA",
                "ts": "1583263592.125700"
            },
            {
                "user": "UC19HAUAK",
                "ts": "1583267984.129800"
            },
            {
                "user": "UUSQW69RA",
                "ts": "1583268179.130100"
            },
            {
                "user": "UC19HAUAK",
                "ts": "1583268389.130300"
            },
            {
                "user": "UC19HAUAK",
                "ts": "1583268435.130500"
            },
            {
                "user": "UUSQW69RA",
                "ts": "1583269943.132500"
            },
            {
                "user": "UUSQW69RA",
                "ts": "1583269974.132700"
            },
            {
                "user": "UUSQW69RA",
                "ts": "1583270024.132900"
            },
            {
                "user": "UC19HAUAK",
                "ts": "1583274294.135900"
            },
            {
                "user": "UUSQW69RA",
                "ts": "1583356537.145800"
            },
            {
                "user": "UUSQW69RA",
                "ts": "1583356553.146000"
            },
            {
                "user": "UUSQW69RA",
                "ts": "1583356651.146400"
            },
            {
                "user": "UUSQW69RA",
                "ts": "1583356656.146600"
            },
            {
                "user": "UUSQW69RA",
                "ts": "1583356682.147000"
            },
            {
                "user": "UC19HAUAK",
                "ts": "1583357139.147200"
            },
            {
                "user": "UUSQW69RA",
                "ts": "1583398383.151700"
            },
            {
                "user": "UUSQW69RA",
                "ts": "1583436178.165100"
            },
            {
                "user": "UC19HAUAK",
                "ts": "1583438980.166300"
            },
            {
                "user": "UUSQW69RA",
                "ts": "1583439151.166500"
            }
        ],
        "subscribed": false
    },
    {
        "type": "message",
        "text": "Hey, just wanted to say thanks for this awesome project!\n\nI found cube.js last night and have already integrated it into my user dashboards. Setup with mongobi was a breeze and the query builder made getting started refreshingly simple.\n\nFigured I'd post a lil screencap as an introduction. :wave:",
        "files": [
            {
                "id": "FUFTK8Y11",
                "created": 1583245187,
                "timestamp": 1583245187,
                "name": "saasify-maker-webapp-project-analytics-0.mp4",
                "title": "saasify-maker-webapp-project-analytics-0.mp4",
                "mimetype": "video\/mp4",
                "filetype": "mp4",
                "pretty_type": "MPEG 4 Video",
                "user": "UUSA3DZRA",
                "editable": false,
                "size": 11608459,
                "mode": "hosted",
                "is_external": false,
                "external_type": "",
                "is_public": true,
                "public_url_shared": false,
                "display_as_bot": false,
                "username": "",
                "url_private": "https:\/\/files.slack.com\/files-pri\/TC0C1HURK-FUFTK8Y11\/saasify-maker-webapp-project-analytics-0.mp4?t=xoxe-408409606869-1300049925941-1294691254950-5e5ba619551397a2daf3223fc6c48b4a",
                "url_private_download": "https:\/\/files.slack.com\/files-pri\/TC0C1HURK-FUFTK8Y11\/download\/saasify-maker-webapp-project-analytics-0.mp4?t=xoxe-408409606869-1300049925941-1294691254950-5e5ba619551397a2daf3223fc6c48b4a",
                "thumb_video": "https:\/\/files.slack.com\/files-tmb\/TC0C1HURK-FUFTK8Y11-c8f914e511\/saasify-maker-webapp-project-analytics-0_thumb_video.jpeg?t=xoxe-408409606869-1300049925941-1294691254950-5e5ba619551397a2daf3223fc6c48b4a",
                "permalink": "https:\/\/cube-js.slack.com\/files\/UUSA3DZRA\/FUFTK8Y11\/saasify-maker-webapp-project-analytics-0.mp4",
                "permalink_public": "https:\/\/slack-files.com\/TC0C1HURK-FUFTK8Y11-c9290252e4",
                "is_starred": false,
                "has_rich_preview": false
            }
        ],
        "upload": true,
        "blocks": [
            {
                "type": "rich_text",
                "block_id": "JapOQ",
                "elements": [
                    {
                        "type": "rich_text_section",
                        "elements": [
                            {
                                "type": "text",
                                "text": "Hey, just wanted to say thanks for this awesome project!\n\nI found cube.js last night and have already integrated it into my user dashboards. Setup with mongobi was a breeze and the query builder made getting started refreshingly simple.\n\nFigured I'd post a lil screencap as an introduction. "
                            },
                            {
                                "type": "emoji",
                                "name": "wave"
                            }
                        ]
                    }
                ]
            }
        ],
        "user": "UUSA3DZRA",
        "display_as_bot": false,
        "ts": "1583245193.118600",
        "client_msg_id": "a474f78e-77b3-4be3-a1be-3c64112d2da2",
        "thread_ts": "1583245193.118600",
        "reply_count": 1,
        "reply_users_count": 1,
        "latest_reply": "1583249554.124700",
        "reply_users": [
            "UC1HAFW4E"
        ],
        "replies": [
            {
                "user": "UC1HAFW4E",
                "ts": "1583249554.124700"
            }
        ],
        "subscribed": true,
        "last_read": "1583249554.124700",
        "reactions": [
            {
                "name": "+1",
                "users": [
                    "UST8GRZG9",
                    "UC1HAFW4E",
                    "UC19HAUAK",
                    "USE3AUW8Y",
                    "USMM7QR7G"
                ],
                "count": 5
            },
            {
                "name": "rocket",
                "users": [
                    "USE3AUW8Y",
                    "UC1HAFW4E",
                    "UC19HAUAK",
                    "USMM7QR7G"
                ],
                "count": 4
            }
        ]
    },
    {
        "client_msg_id": "e7227ac9-3439-4b5c-bf17-a8c459d8fdbd",
        "type": "message",
        "text": "hi, I have realized there is some work going on to connect to ElasticSearch, so I gave it a try. It seems the target query which I want cubejs to perform seems correct (based on the console output of the generated SQL) but it seems there are some missing parts and therefore it always fails on `index_not_found` exception. I have couple of questions related to that:\n• Do I understand it correctly that at the moment only `odelasticsearch` branch is supported and not the native one? \n• I had the impression that if I disable caching somehow, then such query might pass to the Elastic, at the moment it feels that refresh key queries are executed... is it possible to bypass the cache?\n• can someone point me out where to look into source code so I might be able to help with implementation? Or I can potentially help with testing changes...",
        "user": "UST8GRZG9",
        "ts": "1583246395.123700",
        "team": "TC0C1HURK",
        "user_team": "TC0C1HURK",
        "source_team": "TC0C1HURK",
        "user_profile": {
            "avatar_hash": "g6ced87e2d5d",
            "image_72": "https:\/\/secure.gravatar.com\/avatar\/6ced87e2d5dd2b5f8c0b3bdda785234c.jpg?s=72&d=https%3A%2F%2Fa.slack-edge.com%2Fdf10d%2Fimg%2Favatars%2Fava_0005-72.png",
            "first_name": "",
            "real_name": "Ladislav",
            "display_name": "Ladislav",
            "team": "TC0C1HURK",
            "name": "ladislav.gazo",
            "is_restricted": false,
            "is_ultra_restricted": false
        },
        "blocks": [
            {
                "type": "rich_text",
                "block_id": "WFZus",
                "elements": [
                    {
                        "type": "rich_text_section",
                        "elements": [
                            {
                                "type": "text",
                                "text": "hi, I have realized there is some work going on to connect to ElasticSearch, so I gave it a try. It seems the target query which I want cubejs to perform seems correct (based on the console output of the generated SQL) but it seems there are some missing parts and therefore it always fails on "
                            },
                            {
                                "type": "text",
                                "text": "index_not_found",
                                "style": {
                                    "code": true
                                }
                            },
                            {
                                "type": "text",
                                "text": " exception. I have couple of questions related to that:\n"
                            }
                        ]
                    },
                    {
                        "type": "rich_text_list",
                        "elements": [
                            {
                                "type": "rich_text_section",
                                "elements": [
                                    {
                                        "type": "text",
                                        "text": "Do I understand it correctly that at the moment only "
                                    },
                                    {
                                        "type": "text",
                                        "text": "odelasticsearch",
                                        "style": {
                                            "code": true
                                        }
                                    },
                                    {
                                        "type": "text",
                                        "text": " branch is supported and not the native one? "
                                    }
                                ]
                            },
                            {
                                "type": "rich_text_section",
                                "elements": [
                                    {
                                        "type": "text",
                                        "text": "I had the impression that if I disable caching somehow, then such query might pass to the Elastic, at the moment it feels that refresh key queries are executed... is it possible to bypass the cache?"
                                    }
                                ]
                            },
                            {
                                "type": "rich_text_section",
                                "elements": [
                                    {
                                        "type": "text",
                                        "text": "can someone point me out where to look into source code so I might be able to help with implementation? Or I can potentially help with testing changes..."
                                    }
                                ]
                            }
                        ],
                        "style": "bullet",
                        "indent": 0
                    }
                ]
            }
        ],
        "thread_ts": "1583246395.123700",
        "reply_count": 4,
        "reply_users_count": 2,
        "latest_reply": "1583268963.131900",
        "reply_users": [
            "UC19HAUAK",
            "UST8GRZG9"
        ],
        "replies": [
            {
                "user": "UC19HAUAK",
                "ts": "1583267908.129400"
            },
            {
                "user": "UC19HAUAK",
                "ts": "1583268806.131500"
            },
            {
                "user": "UC19HAUAK",
                "ts": "1583268826.131700"
            },
            {
                "user": "UST8GRZG9",
                "ts": "1583268963.131900"
            }
        ],
        "subscribed": false
    },
    {
        "client_msg_id": "679c00e2-a149-47a8-b73f-1635ebf9f5a7",
        "type": "message",
        "text": "<@UC19HAUAK> about my example I must create new city and county tables as dimensions or not required\n\nWhat is the advantage of a dimension as a separate table?",
        "user": "USVTNT16D",
        "ts": "1583247490.123800",
        "team": "TC0C1HURK",
        "user_team": "TC0C1HURK",
        "source_team": "TC0C1HURK",
        "user_profile": {
            "avatar_hash": "g8afee96554b",
            "image_72": "https:\/\/secure.gravatar.com\/avatar\/8afee96554bb0bf9dcbde62ad0fa5e7a.jpg?s=72&d=https%3A%2F%2Fa.slack-edge.com%2Fdf10d%2Fimg%2Favatars%2Fava_0002-72.png",
            "first_name": "",
            "real_name": "Denis Lopez",
            "display_name": "Denis Lopez",
            "team": "TC0C1HURK",
            "name": "denuxs",
            "is_restricted": false,
            "is_ultra_restricted": false
        },
        "blocks": [
            {
                "type": "rich_text",
                "block_id": "l0Mr",
                "elements": [
                    {
                        "type": "rich_text_section",
                        "elements": [
                            {
                                "type": "user",
                                "user_id": "UC19HAUAK"
                            },
                            {
                                "type": "text",
                                "text": " about my example I must create new city and county tables as dimensions or not required\n\nWhat is the advantage of a dimension as a separate table?"
                            }
                        ]
                    }
                ]
            }
        ],
        "thread_ts": "1583191791.111700",
        "parent_user_id": "USVTNT16D"
    },
    {
        "client_msg_id": "EDAB8F16-1B0A-48B5-9B7A-B8A5F9B6925B",
        "type": "message",
        "text": "It looks fantastic! Love the UI :simple_smile: Thank you for sharing!",
        "user": "UC1HAFW4E",
        "ts": "1583249554.124700",
        "team": "TC0C1HURK",
        "user_team": "TC0C1HURK",
        "source_team": "TC0C1HURK",
        "user_profile": {
            "avatar_hash": "ee7b69830a11",
            "image_72": "https:\/\/avatars.slack-edge.com\/2018-08-13\/414857329600_ee7b69830a119331e10e_72.jpg",
            "first_name": "Artyom",
            "real_name": "Artyom Keydunov",
            "display_name": "Artyom Keydunov",
            "team": "TC0C1HURK",
            "name": "artyom",
            "is_restricted": false,
            "is_ultra_restricted": false
        },
        "edited": {
            "user": "UC1HAFW4E",
            "ts": "1583249580.000000"
        },
        "thread_ts": "1583245193.118600",
        "parent_user_id": "UUSA3DZRA"
    },
    {
        "client_msg_id": "abce4456-7264-4a8e-9c98-33f6d481f555",
        "type": "message",
        "text": "Hey <@UUSRC9DRN>! There're some issues for it: <https:\/\/github.com\/cube-js\/cube.js\/issues\/69> <https:\/\/github.com\/cube-js\/cube.js\/issues\/307>",
        "user": "UC19HAUAK",
        "ts": "1583261082.125200",
        "team": "TC0C1HURK",
        "user_team": "TC0C1HURK",
        "source_team": "TC0C1HURK",
        "user_profile": {
            "avatar_hash": "066a042e018c",
            "image_72": "https:\/\/avatars.slack-edge.com\/2019-12-07\/866588520998_066a042e018ca831a195_72.png",
            "first_name": "Pavel",
            "real_name": "Pavel Tiunov",
            "display_name": "pavel",
            "team": "TC0C1HURK",
            "name": "pavel",
            "is_restricted": false,
            "is_ultra_restricted": false
        },
        "attachments": [
            {
                "service_name": "GitHub",
                "title": "How to define `cube()` in Typescript · Issue #69 · cube-js\/cube.js",
                "title_link": "https:\/\/github.com\/cube-js\/cube.js\/issues\/69",
                "text": "Hello I am trying to define a cube schema in a typescript based project but I cannot just define cube() files in and also cannot define a .js files. Any documentation or support for TypeScript? Tha...",
                "fallback": "GitHub: How to define `cube()` in Typescript · Issue #69 · cube-js\/cube.js",
                "from_url": "https:\/\/github.com\/cube-js\/cube.js\/issues\/69",
                "thumb_url": "https:\/\/repository-images.githubusercontent.com\/149026292\/33deb000-42b4-11ea-8f24-e112f465ddf1",
                "thumb_width": 658,
                "thumb_height": 250,
                "service_icon": "https:\/\/a.slack-edge.com\/80588\/img\/unfurl_icons\/github.png",
                "id": 1,
                "original_url": "https:\/\/github.com\/cube-js\/cube.js\/issues\/69"
            },
            {
                "service_name": "GitHub",
                "title": "Schema files as ES6 modules · Issue #307 · cube-js\/cube.js",
                "title_link": "https:\/\/github.com\/cube-js\/cube.js\/issues\/307",
                "text": "Is your feature request related to a problem? Please describe. Currently schema files seem to have slightly different rules for globals and package names (e.g. cube() and import Funnel from &amp;#39;Fu...",
                "fallback": "GitHub: Schema files as ES6 modules · Issue #307 · cube-js\/cube.js",
                "from_url": "https:\/\/github.com\/cube-js\/cube.js\/issues\/307",
                "thumb_url": "https:\/\/repository-images.githubusercontent.com\/149026292\/33deb000-42b4-11ea-8f24-e112f465ddf1",
                "thumb_width": 658,
                "thumb_height": 250,
                "service_icon": "https:\/\/a.slack-edge.com\/80588\/img\/unfurl_icons\/github.png",
                "id": 2,
                "original_url": "https:\/\/github.com\/cube-js\/cube.js\/issues\/307"
            }
        ],
        "blocks": [
            {
                "type": "rich_text",
                "block_id": "kCiY",
                "elements": [
                    {
                        "type": "rich_text_section",
                        "elements": [
                            {
                                "type": "text",
                                "text": "Hey "
                            },
                            {
                                "type": "user",
                                "user_id": "UUSRC9DRN"
                            },
                            {
                                "type": "text",
                                "text": "! There're some issues for it: "
                            },
                            {
                                "type": "link",
                                "url": "https:\/\/github.com\/cube-js\/cube.js\/issues\/69"
                            },
                            {
                                "type": "text",
                                "text": " "
                            },
                            {
                                "type": "link",
                                "url": "https:\/\/github.com\/cube-js\/cube.js\/issues\/307"
                            }
                        ]
                    }
                ]
            }
        ],
        "thread_ts": "1583236905.114900",
        "parent_user_id": "UUSRC9DRN",
        "reactions": [
            {
                "name": "+1",
                "users": [
                    "UUSRC9DRN"
                ],
                "count": 1
            }
        ]
    },
    {
        "client_msg_id": "c23da46d-4d61-44f8-a44b-e0c2552672ce",
        "type": "message",
        "text": "Hey <@UUSQW69RA>! So currently format is just a field which is available as meta information which you can use in your own renderer.",
        "user": "UC19HAUAK",
        "ts": "1583261134.125500",
        "team": "TC0C1HURK",
        "user_team": "TC0C1HURK",
        "source_team": "TC0C1HURK",
        "user_profile": {
            "avatar_hash": "066a042e018c",
            "image_72": "https:\/\/avatars.slack-edge.com\/2019-12-07\/866588520998_066a042e018ca831a195_72.png",
            "first_name": "Pavel",
            "real_name": "Pavel Tiunov",
            "display_name": "pavel",
            "team": "TC0C1HURK",
            "name": "pavel",
            "is_restricted": false,
            "is_ultra_restricted": false
        },
        "blocks": [
            {
                "type": "rich_text",
                "block_id": "=acS=",
                "elements": [
                    {
                        "type": "rich_text_section",
                        "elements": [
                            {
                                "type": "text",
                                "text": "Hey "
                            },
                            {
                                "type": "user",
                                "user_id": "UUSQW69RA"
                            },
                            {
                                "type": "text",
                                "text": "! So currently format is just a field which is available as meta information which you can use in your own renderer."
                            }
                        ]
                    }
                ]
            }
        ],
        "thread_ts": "1583241869.115900",
        "parent_user_id": "UUSQW69RA"
    },
    {
        "client_msg_id": "86128266-8039-4c67-8624-da8371a5162c",
        "type": "message",
        "text": "<@UC19HAUAK> thank you! This saved me a lot of time from trying to get this working. By reading the docs I thought that there would be some magic to have this working end-to-end. :slightly_smiling_face: Do you happen to have a link to such an example (renderer code)? (hyperlinks in Table Charts)",
        "user": "UUSQW69RA",
        "ts": "1583263592.125700",
        "team": "TC0C1HURK",
        "user_team": "TC0C1HURK",
        "source_team": "TC0C1HURK",
        "user_profile": {
            "avatar_hash": "ge461268eb3d",
            "image_72": "https:\/\/secure.gravatar.com\/avatar\/e461268eb3d56899170438adb9e53712.jpg?s=72&d=https%3A%2F%2Fa.slack-edge.com%2Fdf10d%2Fimg%2Favatars%2Fava_0020-72.png",
            "first_name": "",
            "real_name": "Daniel Chiriches",
            "display_name": "Daniel Chiriches",
            "team": "TC0C1HURK",
            "name": "daniel_chiriches",
            "is_restricted": false,
            "is_ultra_restricted": false
        },
        "blocks": [
            {
                "type": "rich_text",
                "block_id": "tDPFN",
                "elements": [
                    {
                        "type": "rich_text_section",
                        "elements": [
                            {
                                "type": "user",
                                "user_id": "UC19HAUAK"
                            },
                            {
                                "type": "text",
                                "text": " thank you! This saved me a lot of time from trying to get this working. By reading the docs I thought that there would be some magic to have this working end-to-end. "
                            },
                            {
                                "type": "emoji",
                                "name": "slightly_smiling_face"
                            },
                            {
                                "type": "text",
                                "text": " Do you happen to have a link to such an example (renderer code)? (hyperlinks in Table Charts)"
                            }
                        ]
                    }
                ]
            }
        ],
        "thread_ts": "1583241869.115900",
        "parent_user_id": "UUSQW69RA",
        "reactions": [
            {
                "name": "raised_hands",
                "users": [
                    "UC19HAUAK"
                ],
                "count": 1
            }
        ]
    },
    {
        "client_msg_id": "395727ed-f0d5-4fa9-99a3-b43c0797563c",
        "type": "message",
        "text": "Hi all, is there a way to use context variables to create a custom SELECT in the sql field of the schema? eg. Instead of:\n```sql: 'SELECT * from table WHERE …'```\nI would like to be able to do:\n```sql: `SELECT ${CUSTOM_SELECT} from table WHERE …````\nI am already familiar with FILTER_PARAMS and am using that mechanism to populate the WHERE clause",
        "user": "USE3AUW8Y",
        "ts": "1583264576.128800",
        "team": "TC0C1HURK",
        "user_team": "TC0C1HURK",
        "source_team": "TC0C1HURK",
        "user_profile": {
            "avatar_hash": "25c1842db27a",
            "image_72": "https:\/\/avatars.slack-edge.com\/2020-01-09\/902193776470_25c1842db27a59511089_72.png",
            "first_name": "Laura",
            "real_name": "Laura Alkhoury",
            "display_name": "Laura Alkhoury",
            "team": "TC0C1HURK",
            "name": "laura.alkhoury",
            "is_restricted": false,
            "is_ultra_restricted": false
        },
        "blocks": [
            {
                "type": "rich_text",
                "block_id": "z2+DV",
                "elements": [
                    {
                        "type": "rich_text_section",
                        "elements": [
                            {
                                "type": "text",
                                "text": "Hi all, is there a way to use context variables to create a custom SELECT in the sql field of the schema? eg. Instead of:\n"
                            }
                        ]
                    },
                    {
                        "type": "rich_text_preformatted",
                        "elements": [
                            {
                                "type": "text",
                                "text": "sql: 'SELECT * from table WHERE …'"
                            }
                        ]
                    },
                    {
                        "type": "rich_text_section",
                        "elements": [
                            {
                                "type": "text",
                                "text": "\nI would like to be able to do:\n"
                            }
                        ]
                    },
                    {
                        "type": "rich_text_preformatted",
                        "elements": [
                            {
                                "type": "text",
                                "text": "sql: `SELECT ${CUSTOM_SELECT} from table WHERE …`"
                            }
                        ]
                    },
                    {
                        "type": "rich_text_section",
                        "elements": [
                            {
                                "type": "text",
                                "text": "\nI am already familiar with FILTER_PARAMS and am using that mechanism to populate the WHERE clause"
                            }
                        ]
                    }
                ]
            }
        ],
        "thread_ts": "1583264576.128800",
        "reply_count": 8,
        "reply_users_count": 2,
        "latest_reply": "1583274969.136100",
        "reply_users": [
            "USE3AUW8Y",
            "UC19HAUAK"
        ],
        "replies": [
            {
                "user": "USE3AUW8Y",
                "ts": "1583264635.128900"
            },
            {
                "user": "UC19HAUAK",
                "ts": "1583267644.129200"
            },
            {
                "user": "USE3AUW8Y",
                "ts": "1583268526.130900"
            },
            {
                "user": "USE3AUW8Y",
                "ts": "1583268587.131200"
            },
            {
                "user": "UC19HAUAK",
                "ts": "1583268995.132100"
            },
            {
                "user": "USE3AUW8Y",
                "ts": "1583269607.132300"
            },
            {
                "user": "UC19HAUAK",
                "ts": "1583274130.135600"
            },
            {
                "user": "UC19HAUAK",
                "ts": "1583274969.136100"
            }
        ],
        "subscribed": false
    },
    {
        "client_msg_id": "f4a2c511-6785-422d-98fd-2c4082794350",
        "type": "message",
        "text": "I know that we can provide custom measures\/dimensions at query time, but that results in an inner SELECT * which is causing a larger query",
        "user": "USE3AUW8Y",
        "ts": "1583264635.128900",
        "team": "TC0C1HURK",
        "user_team": "TC0C1HURK",
        "source_team": "TC0C1HURK",
        "user_profile": {
            "avatar_hash": "25c1842db27a",
            "image_72": "https:\/\/avatars.slack-edge.com\/2020-01-09\/902193776470_25c1842db27a59511089_72.png",
            "first_name": "Laura",
            "real_name": "Laura Alkhoury",
            "display_name": "Laura Alkhoury",
            "team": "TC0C1HURK",
            "name": "laura.alkhoury",
            "is_restricted": false,
            "is_ultra_restricted": false
        },
        "blocks": [
            {
                "type": "rich_text",
                "block_id": "4zp\/",
                "elements": [
                    {
                        "type": "rich_text_section",
                        "elements": [
                            {
                                "type": "text",
                                "text": "I know that we can provide custom measures\/dimensions at query time, but that results in an inner SELECT * which is causing a larger query"
                            }
                        ]
                    }
                ]
            }
        ],
        "thread_ts": "1583264576.128800",
        "parent_user_id": "USE3AUW8Y"
    },
    {
        "client_msg_id": "d4693964-1dbd-45eb-8c56-840c4dd58377",
        "type": "message",
        "text": "Hey <@USE3AUW8Y>! Could you please share some example of what will be in CUSTOM_SELECT?",
        "user": "UC19HAUAK",
        "ts": "1583267644.129200",
        "team": "TC0C1HURK",
        "user_team": "TC0C1HURK",
        "source_team": "TC0C1HURK",
        "user_profile": {
            "avatar_hash": "066a042e018c",
            "image_72": "https:\/\/avatars.slack-edge.com\/2019-12-07\/866588520998_066a042e018ca831a195_72.png",
            "first_name": "Pavel",
            "real_name": "Pavel Tiunov",
            "display_name": "pavel",
            "team": "TC0C1HURK",
            "name": "pavel",
            "is_restricted": false,
            "is_ultra_restricted": false
        },
        "blocks": [
            {
                "type": "rich_text",
                "block_id": "yYKnm",
                "elements": [
                    {
                        "type": "rich_text_section",
                        "elements": [
                            {
                                "type": "text",
                                "text": "Hey "
                            },
                            {
                                "type": "user",
                                "user_id": "USE3AUW8Y"
                            },
                            {
                                "type": "text",
                                "text": "! Could you please share some example of what will be in CUSTOM_SELECT?"
                            }
                        ]
                    }
                ]
            }
        ],
        "thread_ts": "1583264576.128800",
        "parent_user_id": "USE3AUW8Y",
        "reactions": [
            {
                "name": "wave",
                "users": [
                    "USE3AUW8Y"
                ],
                "count": 1
            }
        ]
    },
    {
        "client_msg_id": "20a81529-9e36-4251-bae4-7641772dff9f",
        "type": "message",
        "text": "Hey <@UST8GRZG9>!\n1. Yes.\n2. You can't bypass it however you can override the sql: <https:\/\/cube.dev\/docs\/cube#parameters-refresh-key>\n3. <https:\/\/github.com\/cube-js\/cube.js\/blob\/master\/packages\/cubejs-schema-compiler\/adapter\/OpenDistroElasticSearchQuery.js>, <https:\/\/github.com\/cube-js\/cube.js\/blob\/master\/packages\/cubejs-elasticsearch-driver\/driver\/ElasticSearchDriver.js>, <https:\/\/github.com\/cube-js\/cube.js\/blob\/master\/CONTRIBUTING.md#implementing-driver>",
        "user": "UC19HAUAK",
        "ts": "1583267908.129400",
        "team": "TC0C1HURK",
        "user_team": "TC0C1HURK",
        "source_team": "TC0C1HURK",
        "user_profile": {
            "avatar_hash": "066a042e018c",
            "image_72": "https:\/\/avatars.slack-edge.com\/2019-12-07\/866588520998_066a042e018ca831a195_72.png",
            "first_name": "Pavel",
            "real_name": "Pavel Tiunov",
            "display_name": "pavel",
            "team": "TC0C1HURK",
            "name": "pavel",
            "is_restricted": false,
            "is_ultra_restricted": false
        },
        "attachments": [
            {
                "service_name": "GitHub",
                "title": "cube-js\/cube.js",
                "title_link": "https:\/\/github.com\/cube-js\/cube.js\/blob\/master\/packages\/cubejs-schema-compiler\/adapter\/OpenDistroElasticSearchQuery.js",
                "text": ":bar_chart: Cube.js - Open Source Analytics Framework. Contribute to cube-js\/cube.js development by creating an account on GitHub.",
                "fallback": "GitHub: cube-js\/cube.js",
                "from_url": "https:\/\/github.com\/cube-js\/cube.js\/blob\/master\/packages\/cubejs-schema-compiler\/adapter\/OpenDistroElasticSearchQuery.js",
                "thumb_url": "https:\/\/repository-images.githubusercontent.com\/149026292\/33deb000-42b4-11ea-8f24-e112f465ddf1",
                "thumb_width": 658,
                "thumb_height": 250,
                "service_icon": "https:\/\/a.slack-edge.com\/80588\/img\/unfurl_icons\/github.png",
                "id": 1,
                "original_url": "https:\/\/github.com\/cube-js\/cube.js\/blob\/master\/packages\/cubejs-schema-compiler\/adapter\/OpenDistroElasticSearchQuery.js"
            },
            {
                "service_name": "GitHub",
                "title": "cube-js\/cube.js",
                "title_link": "https:\/\/github.com\/cube-js\/cube.js\/blob\/master\/packages\/cubejs-elasticsearch-driver\/driver\/ElasticSearchDriver.js",
                "text": ":bar_chart: Cube.js - Open Source Analytics Framework. Contribute to cube-js\/cube.js development by creating an account on GitHub.",
                "fallback": "GitHub: cube-js\/cube.js",
                "from_url": "https:\/\/github.com\/cube-js\/cube.js\/blob\/master\/packages\/cubejs-elasticsearch-driver\/driver\/ElasticSearchDriver.js",
                "thumb_url": "https:\/\/repository-images.githubusercontent.com\/149026292\/33deb000-42b4-11ea-8f24-e112f465ddf1",
                "thumb_width": 658,
                "thumb_height": 250,
                "service_icon": "https:\/\/a.slack-edge.com\/80588\/img\/unfurl_icons\/github.png",
                "id": 2,
                "original_url": "https:\/\/github.com\/cube-js\/cube.js\/blob\/master\/packages\/cubejs-elasticsearch-driver\/driver\/ElasticSearchDriver.js"
            },
            {
                "service_name": "GitHub",
                "title": "cube-js\/cube.js",
                "title_link": "https:\/\/github.com\/cube-js\/cube.js\/blob\/master\/CONTRIBUTING.md#implementing-driver",
                "text": ":bar_chart: Cube.js - Open Source Analytics Framework. Contribute to cube-js\/cube.js development by creating an account on GitHub.",
                "fallback": "GitHub: cube-js\/cube.js",
                "from_url": "https:\/\/github.com\/cube-js\/cube.js\/blob\/master\/CONTRIBUTING.md#implementing-driver",
                "thumb_url": "https:\/\/repository-images.githubusercontent.com\/149026292\/33deb000-42b4-11ea-8f24-e112f465ddf1",
                "thumb_width": 658,
                "thumb_height": 250,
                "service_icon": "https:\/\/a.slack-edge.com\/80588\/img\/unfurl_icons\/github.png",
                "id": 3,
                "original_url": "https:\/\/github.com\/cube-js\/cube.js\/blob\/master\/CONTRIBUTING.md#implementing-driver"
            }
        ],
        "blocks": [
            {
                "type": "rich_text",
                "block_id": "wUZny",
                "elements": [
                    {
                        "type": "rich_text_section",
                        "elements": [
                            {
                                "type": "text",
                                "text": "Hey "
                            },
                            {
                                "type": "user",
                                "user_id": "UST8GRZG9"
                            },
                            {
                                "type": "text",
                                "text": "!\n1. Yes.\n2. You can't bypass it however you can override the sql: "
                            },
                            {
                                "type": "link",
                                "url": "https:\/\/cube.dev\/docs\/cube#parameters-refresh-key"
                            },
                            {
                                "type": "text",
                                "text": "\n3. "
                            },
                            {
                                "type": "link",
                                "url": "https:\/\/github.com\/cube-js\/cube.js\/blob\/master\/packages\/cubejs-schema-compiler\/adapter\/OpenDistroElasticSearchQuery.js"
                            },
                            {
                                "type": "text",
                                "text": ", "
                            },
                            {
                                "type": "link",
                                "url": "https:\/\/github.com\/cube-js\/cube.js\/blob\/master\/packages\/cubejs-elasticsearch-driver\/driver\/ElasticSearchDriver.js"
                            },
                            {
                                "type": "text",
                                "text": ", "
                            },
                            {
                                "type": "link",
                                "url": "https:\/\/github.com\/cube-js\/cube.js\/blob\/master\/CONTRIBUTING.md#implementing-driver"
                            }
                        ]
                    }
                ]
            }
        ],
        "thread_ts": "1583246395.123700",
        "parent_user_id": "UST8GRZG9"
    },
    {
        "client_msg_id": "ac9d14dd-a367-4e90-8661-5078885e766e",
        "type": "message",
        "text": "<@UUSQW69RA> What table do you use? Antd?",
        "user": "UC19HAUAK",
        "ts": "1583267984.129800",
        "team": "TC0C1HURK",
        "user_team": "TC0C1HURK",
        "source_team": "TC0C1HURK",
        "user_profile": {
            "avatar_hash": "066a042e018c",
            "image_72": "https:\/\/avatars.slack-edge.com\/2019-12-07\/866588520998_066a042e018ca831a195_72.png",
            "first_name": "Pavel",
            "real_name": "Pavel Tiunov",
            "display_name": "pavel",
            "team": "TC0C1HURK",
            "name": "pavel",
            "is_restricted": false,
            "is_ultra_restricted": false
        },
        "blocks": [
            {
                "type": "rich_text",
                "block_id": "yQQb",
                "elements": [
                    {
                        "type": "rich_text_section",
                        "elements": [
                            {
                                "type": "user",
                                "user_id": "UUSQW69RA"
                            },
                            {
                                "type": "text",
                                "text": " What table do you use? Antd?"
                            }
                        ]
                    }
                ]
            }
        ],
        "thread_ts": "1583241869.115900",
        "parent_user_id": "UUSQW69RA"
    },
    {
        "client_msg_id": "67f9dd1a-a964-459e-8399-bb9122ccbc21",
        "type": "message",
        "text": "<@UC19HAUAK> yes",
        "user": "UUSQW69RA",
        "ts": "1583268179.130100",
        "team": "TC0C1HURK",
        "user_team": "TC0C1HURK",
        "source_team": "TC0C1HURK",
        "user_profile": {
            "avatar_hash": "ge461268eb3d",
            "image_72": "https:\/\/secure.gravatar.com\/avatar\/e461268eb3d56899170438adb9e53712.jpg?s=72&d=https%3A%2F%2Fa.slack-edge.com%2Fdf10d%2Fimg%2Favatars%2Fava_0020-72.png",
            "first_name": "",
            "real_name": "Daniel Chiriches",
            "display_name": "Daniel Chiriches",
            "team": "TC0C1HURK",
            "name": "daniel_chiriches",
            "is_restricted": false,
            "is_ultra_restricted": false
        },
        "blocks": [
            {
                "type": "rich_text",
                "block_id": "Epu",
                "elements": [
                    {
                        "type": "rich_text_section",
                        "elements": [
                            {
                                "type": "user",
                                "user_id": "UC19HAUAK"
                            },
                            {
                                "type": "text",
                                "text": " yes"
                            }
                        ]
                    }
                ]
            }
        ],
        "thread_ts": "1583241869.115900",
        "parent_user_id": "UUSQW69RA"
    },
    {
        "client_msg_id": "af1f274b-9014-419f-9136-68c16b0a8445",
        "type": "message",
        "text": "<@UUSQW69RA>\nIt can be something like:\n```&lt;Table\n      pagination={false}\n      columns={resultSet.tableColumns().map(c =&gt; (c.key === 'Cube.someLink' ? ({ ...c, dataIndex: c.key, renderer: (link) =&gt; &lt;a href={link} \/&gt;{link}&lt;\/a&gt;}) : ({ ...c, dataIndex: c.key }) ) }\n      dataSource={resultSet.tablePivot()}\n      scroll={{ x: true }}\n    \/&gt;```",
        "user": "UC19HAUAK",
        "ts": "1583268389.130300",
        "team": "TC0C1HURK",
        "user_team": "TC0C1HURK",
        "source_team": "TC0C1HURK",
        "user_profile": {
            "avatar_hash": "066a042e018c",
            "image_72": "https:\/\/avatars.slack-edge.com\/2019-12-07\/866588520998_066a042e018ca831a195_72.png",
            "first_name": "Pavel",
            "real_name": "Pavel Tiunov",
            "display_name": "pavel",
            "team": "TC0C1HURK",
            "name": "pavel",
            "is_restricted": false,
            "is_ultra_restricted": false
        },
        "edited": {
            "user": "UC19HAUAK",
            "ts": "1583274241.000000"
        },
        "blocks": [
            {
                "type": "rich_text",
                "block_id": "9PUj",
                "elements": [
                    {
                        "type": "rich_text_section",
                        "elements": [
                            {
                                "type": "user",
                                "user_id": "UUSQW69RA"
                            },
                            {
                                "type": "text",
                                "text": "\nIt can be something like:\n"
                            }
                        ]
                    },
                    {
                        "type": "rich_text_preformatted",
                        "elements": [
                            {
                                "type": "text",
                                "text": "<Table\n      pagination={false}\n      columns={resultSet.tableColumns().map(c => (c.key === 'Cube.someLink' ? ({ ...c, dataIndex: c.key, renderer: (link) => <a href={link} \/>{link}<\/a>}) : ({ ...c, dataIndex: c.key }) ) }\n      dataSource={resultSet.tablePivot()}\n      scroll={{ x: true }}\n    \/>"
                            }
                        ]
                    }
                ]
            }
        ],
        "thread_ts": "1583241869.115900",
        "parent_user_id": "UUSQW69RA"
    },
    {
        "client_msg_id": "9948d614-3500-456b-a4a5-7f1b2e7586df",
        "type": "message",
        "text": "It worth creating an issue at github to expose meta at in `tableColumns()` method.",
        "user": "UC19HAUAK",
        "ts": "1583268435.130500",
        "team": "TC0C1HURK",
        "user_team": "TC0C1HURK",
        "source_team": "TC0C1HURK",
        "user_profile": {
            "avatar_hash": "066a042e018c",
            "image_72": "https:\/\/avatars.slack-edge.com\/2019-12-07\/866588520998_066a042e018ca831a195_72.png",
            "first_name": "Pavel",
            "real_name": "Pavel Tiunov",
            "display_name": "pavel",
            "team": "TC0C1HURK",
            "name": "pavel",
            "is_restricted": false,
            "is_ultra_restricted": false
        },
        "edited": {
            "user": "UC19HAUAK",
            "ts": "1583268463.000000"
        },
        "blocks": [
            {
                "type": "rich_text",
                "block_id": "xSHOK",
                "elements": [
                    {
                        "type": "rich_text_section",
                        "elements": [
                            {
                                "type": "text",
                                "text": "It worth creating an issue at github to expose meta at in "
                            },
                            {
                                "type": "text",
                                "text": "tableColumns()",
                                "style": {
                                    "code": true
                                }
                            },
                            {
                                "type": "text",
                                "text": " method."
                            }
                        ]
                    }
                ]
            }
        ],
        "thread_ts": "1583241869.115900",
        "parent_user_id": "UUSQW69RA"
    },
    {
        "client_msg_id": "ca6f0ea7-b40b-4b4d-8798-b741f0c66c46",
        "type": "message",
        "text": "I was thinking it might be an array of column names? So a value of ['c1', 'c2', 'c3'] might evaluate to `sql: 'SELECT c1, c2, c3 from table WHERE...'`",
        "user": "USE3AUW8Y",
        "ts": "1583268526.130900",
        "team": "TC0C1HURK",
        "user_team": "TC0C1HURK",
        "source_team": "TC0C1HURK",
        "user_profile": {
            "avatar_hash": "25c1842db27a",
            "image_72": "https:\/\/avatars.slack-edge.com\/2020-01-09\/902193776470_25c1842db27a59511089_72.png",
            "first_name": "Laura",
            "real_name": "Laura Alkhoury",
            "display_name": "Laura Alkhoury",
            "team": "TC0C1HURK",
            "name": "laura.alkhoury",
            "is_restricted": false,
            "is_ultra_restricted": false
        },
        "blocks": [
            {
                "type": "rich_text",
                "block_id": "ku7mE",
                "elements": [
                    {
                        "type": "rich_text_section",
                        "elements": [
                            {
                                "type": "text",
                                "text": "I was thinking it might be an array of column names? So a value of ['c1', 'c2', 'c3'] might evaluate to "
                            },
                            {
                                "type": "text",
                                "text": "sql: 'SELECT c1, c2, c3 from table WHERE...'",
                                "style": {
                                    "code": true
                                }
                            }
                        ]
                    }
                ]
            }
        ],
        "thread_ts": "1583264576.128800",
        "parent_user_id": "USE3AUW8Y"
    },
    {
        "client_msg_id": "2a9bd972-b2ca-4645-9c46-1791b0ffb379",
        "type": "message",
        "text": "it might all come out in the wash depending on your db, i'm no expert but apparently inner and outer selects sometimes get flattened together and optimized. so maybe wouldn't be necessary to implement in Cube.js.",
        "user": "USE3AUW8Y",
        "ts": "1583268587.131200",
        "team": "TC0C1HURK",
        "user_team": "TC0C1HURK",
        "source_team": "TC0C1HURK",
        "user_profile": {
            "avatar_hash": "25c1842db27a",
            "image_72": "https:\/\/avatars.slack-edge.com\/2020-01-09\/902193776470_25c1842db27a59511089_72.png",
            "first_name": "Laura",
            "real_name": "Laura Alkhoury",
            "display_name": "Laura Alkhoury",
            "team": "TC0C1HURK",
            "name": "laura.alkhoury",
            "is_restricted": false,
            "is_ultra_restricted": false
        },
        "edited": {
            "user": "USE3AUW8Y",
            "ts": "1583268597.000000"
        },
        "blocks": [
            {
                "type": "rich_text",
                "block_id": "yIKm",
                "elements": [
                    {
                        "type": "rich_text_section",
                        "elements": [
                            {
                                "type": "text",
                                "text": "it might all come out in the wash depending on your db, i'm no expert but apparently inner and outer selects sometimes get flattened together and optimized. so maybe wouldn't be necessary to implement in Cube.js."
                            }
                        ]
                    }
                ]
            }
        ],
        "thread_ts": "1583264576.128800",
        "parent_user_id": "USE3AUW8Y"
    },
    {
        "client_msg_id": "993a1065-5ab7-41bb-82f1-dc09075fe9b9",
        "type": "message",
        "text": "It'd be really great if you can contribute elasticsearch support!",
        "user": "UC19HAUAK",
        "ts": "1583268806.131500",
        "team": "TC0C1HURK",
        "user_team": "TC0C1HURK",
        "source_team": "TC0C1HURK",
        "user_profile": {
            "avatar_hash": "066a042e018c",
            "image_72": "https:\/\/avatars.slack-edge.com\/2019-12-07\/866588520998_066a042e018ca831a195_72.png",
            "first_name": "Pavel",
            "real_name": "Pavel Tiunov",
            "display_name": "pavel",
            "team": "TC0C1HURK",
            "name": "pavel",
            "is_restricted": false,
            "is_ultra_restricted": false
        },
        "blocks": [
            {
                "type": "rich_text",
                "block_id": "oJzv",
                "elements": [
                    {
                        "type": "rich_text_section",
                        "elements": [
                            {
                                "type": "text",
                                "text": "It'd be really great if you can contribute elasticsearch support!"
                            }
                        ]
                    }
                ]
            }
        ],
        "thread_ts": "1583246395.123700",
        "parent_user_id": "UST8GRZG9"
    },
    {
        "client_msg_id": "13ab9d0c-025f-41c0-97a1-b97de428b9fc",
        "type": "message",
        "text": "<@UST8GRZG9> BTW Do you use paid version of elastic?",
        "user": "UC19HAUAK",
        "ts": "1583268826.131700",
        "team": "TC0C1HURK",
        "user_team": "TC0C1HURK",
        "source_team": "TC0C1HURK",
        "user_profile": {
            "avatar_hash": "066a042e018c",
            "image_72": "https:\/\/avatars.slack-edge.com\/2019-12-07\/866588520998_066a042e018ca831a195_72.png",
            "first_name": "Pavel",
            "real_name": "Pavel Tiunov",
            "display_name": "pavel",
            "team": "TC0C1HURK",
            "name": "pavel",
            "is_restricted": false,
            "is_ultra_restricted": false
        },
        "blocks": [
            {
                "type": "rich_text",
                "block_id": "psT",
                "elements": [
                    {
                        "type": "rich_text_section",
                        "elements": [
                            {
                                "type": "user",
                                "user_id": "UST8GRZG9"
                            },
                            {
                                "type": "text",
                                "text": " BTW Do you use paid version of elastic?"
                            }
                        ]
                    }
                ]
            }
        ],
        "thread_ts": "1583246395.123700",
        "parent_user_id": "UST8GRZG9"
    },
    {
        "client_msg_id": "67351347-6142-40b0-9e35-e706219beeda",
        "type": "message",
        "text": "I'll take a look and see what I can do... I am using Basic X-Pack license, at the moment 6.5",
        "user": "UST8GRZG9",
        "ts": "1583268963.131900",
        "team": "TC0C1HURK",
        "user_team": "TC0C1HURK",
        "source_team": "TC0C1HURK",
        "user_profile": {
            "avatar_hash": "g6ced87e2d5d",
            "image_72": "https:\/\/secure.gravatar.com\/avatar\/6ced87e2d5dd2b5f8c0b3bdda785234c.jpg?s=72&d=https%3A%2F%2Fa.slack-edge.com%2Fdf10d%2Fimg%2Favatars%2Fava_0005-72.png",
            "first_name": "",
            "real_name": "Ladislav",
            "display_name": "Ladislav",
            "team": "TC0C1HURK",
            "name": "ladislav.gazo",
            "is_restricted": false,
            "is_ultra_restricted": false
        },
        "blocks": [
            {
                "type": "rich_text",
                "block_id": "NwF",
                "elements": [
                    {
                        "type": "rich_text_section",
                        "elements": [
                            {
                                "type": "text",
                                "text": "I'll take a look and see what I can do... I am using Basic X-Pack license, at the moment 6.5"
                            }
                        ]
                    }
                ]
            }
        ],
        "thread_ts": "1583246395.123700",
        "parent_user_id": "UST8GRZG9",
        "reactions": [
            {
                "name": "raised_hands",
                "users": [
                    "UC19HAUAK"
                ],
                "count": 1
            }
        ]
    },
    {
        "client_msg_id": "78f780bb-797e-4b61-93ee-957f14ae2f03",
        "type": "message",
        "text": "<@USE3AUW8Y> I see. And in terms of query size do you mean mostly Athena query pricing?",
        "user": "UC19HAUAK",
        "ts": "1583268995.132100",
        "team": "TC0C1HURK",
        "user_team": "TC0C1HURK",
        "source_team": "TC0C1HURK",
        "user_profile": {
            "avatar_hash": "066a042e018c",
            "image_72": "https:\/\/avatars.slack-edge.com\/2019-12-07\/866588520998_066a042e018ca831a195_72.png",
            "first_name": "Pavel",
            "real_name": "Pavel Tiunov",
            "display_name": "pavel",
            "team": "TC0C1HURK",
            "name": "pavel",
            "is_restricted": false,
            "is_ultra_restricted": false
        },
        "blocks": [
            {
                "type": "rich_text",
                "block_id": "L80j",
                "elements": [
                    {
                        "type": "rich_text_section",
                        "elements": [
                            {
                                "type": "user",
                                "user_id": "USE3AUW8Y"
                            },
                            {
                                "type": "text",
                                "text": " I see. And in terms of query size do you mean mostly Athena query pricing?"
                            }
                        ]
                    }
                ]
            }
        ],
        "thread_ts": "1583264576.128800",
        "parent_user_id": "USE3AUW8Y"
    },
    {
        "client_msg_id": "ecd0896e-aad1-4890-b096-652bbb4c1690",
        "type": "message",
        "text": "query size in terms of data scanned, which i think translates to a higher cost. It should also result in a faster query too.",
        "user": "USE3AUW8Y",
        "ts": "1583269607.132300",
        "team": "TC0C1HURK",
        "user_team": "TC0C1HURK",
        "source_team": "TC0C1HURK",
        "user_profile": {
            "avatar_hash": "25c1842db27a",
            "image_72": "https:\/\/avatars.slack-edge.com\/2020-01-09\/902193776470_25c1842db27a59511089_72.png",
            "first_name": "Laura",
            "real_name": "Laura Alkhoury",
            "display_name": "Laura Alkhoury",
            "team": "TC0C1HURK",
            "name": "laura.alkhoury",
            "is_restricted": false,
            "is_ultra_restricted": false
        },
        "blocks": [
            {
                "type": "rich_text",
                "block_id": "ClCPe",
                "elements": [
                    {
                        "type": "rich_text_section",
                        "elements": [
                            {
                                "type": "text",
                                "text": "query size in terms of data scanned, which i think translates to a higher cost. It should also result in a faster query too."
                            }
                        ]
                    }
                ]
            }
        ],
        "thread_ts": "1583264576.128800",
        "parent_user_id": "USE3AUW8Y"
    },
    {
        "client_msg_id": "d1ea497c-0d35-477f-bc10-1f39edd070ab",
        "type": "message",
        "text": "```.\/src\/components\/ChartRenderer.js\n  Line 94:152:  Parsing error: Unexpected token, expected \",\"\n\n  92 |     &lt;Table\n  93 |       pagination={false}\n&gt; 94 |       columns={resultSet.tableColumns().map(c =&gt; c.key == 'Cube.lastbuildnumberLink' ? ({ ...c, dataIndex: c.key, renderer: (link) =&gt; &lt;a href={link} \/&gt;{link}&lt;\/a&gt;}) : ({ ...c, dataIndex: c.key }))}\n     | ```\n",
        "user": "UUSQW69RA",
        "ts": "1583269943.132500",
        "team": "TC0C1HURK",
        "user_team": "TC0C1HURK",
        "source_team": "TC0C1HURK",
        "user_profile": {
            "avatar_hash": "ge461268eb3d",
            "image_72": "https:\/\/secure.gravatar.com\/avatar\/e461268eb3d56899170438adb9e53712.jpg?s=72&d=https%3A%2F%2Fa.slack-edge.com%2Fdf10d%2Fimg%2Favatars%2Fava_0020-72.png",
            "first_name": "",
            "real_name": "Daniel Chiriches",
            "display_name": "Daniel Chiriches",
            "team": "TC0C1HURK",
            "name": "daniel_chiriches",
            "is_restricted": false,
            "is_ultra_restricted": false
        },
        "blocks": [
            {
                "type": "rich_text",
                "block_id": "00NK",
                "elements": [
                    {
                        "type": "rich_text_preformatted",
                        "elements": [
                            {
                                "type": "text",
                                "text": ".\/src\/components\/ChartRenderer.js\n  Line 94:152:  Parsing error: Unexpected token, expected \",\"\n\n  92 |     <Table\n  93 |       pagination={false}\n> 94 |       columns={resultSet.tableColumns().map(c => c.key == 'Cube.lastbuildnumberLink' ? ({ ...c, dataIndex: c.key, renderer: (link) => <a href={link} \/>{link}<\/a>}) : ({ ...c, dataIndex: c.key }))}\n     | "
                            }
                        ]
                    },
                    {
                        "type": "rich_text_section",
                        "elements": []
                    }
                ]
            }
        ],
        "thread_ts": "1583241869.115900",
        "parent_user_id": "UUSQW69RA"
    },
    {
        "client_msg_id": "8c39316d-f136-4037-b5c4-9c338556c976",
        "type": "message",
        "text": "Not keen to come back with syntax issues :disappointed: but this one is not obvious to me at all",
        "user": "UUSQW69RA",
        "ts": "1583269974.132700",
        "team": "TC0C1HURK",
        "user_team": "TC0C1HURK",
        "source_team": "TC0C1HURK",
        "user_profile": {
            "avatar_hash": "ge461268eb3d",
            "image_72": "https:\/\/secure.gravatar.com\/avatar\/e461268eb3d56899170438adb9e53712.jpg?s=72&d=https%3A%2F%2Fa.slack-edge.com%2Fdf10d%2Fimg%2Favatars%2Fava_0020-72.png",
            "first_name": "",
            "real_name": "Daniel Chiriches",
            "display_name": "Daniel Chiriches",
            "team": "TC0C1HURK",
            "name": "daniel_chiriches",
            "is_restricted": false,
            "is_ultra_restricted": false
        },
        "blocks": [
            {
                "type": "rich_text",
                "block_id": "TnX",
                "elements": [
                    {
                        "type": "rich_text_section",
                        "elements": [
                            {
                                "type": "text",
                                "text": "Not keen to come back with syntax issues "
                            },
                            {
                                "type": "emoji",
                                "name": "disappointed"
                            },
                            {
                                "type": "text",
                                "text": " but this one is not obvious to me at all"
                            }
                        ]
                    }
                ]
            }
        ],
        "thread_ts": "1583241869.115900",
        "parent_user_id": "UUSQW69RA"
    },
    {
        "client_msg_id": "a6c4e7a5-e4b5-4113-990d-14153140baf4",
        "type": "message",
        "text": "But thank you, <@UC19HAUAK>, the approach makes sense.",
        "user": "UUSQW69RA",
        "ts": "1583270024.132900",
        "team": "TC0C1HURK",
        "user_team": "TC0C1HURK",
        "source_team": "TC0C1HURK",
        "user_profile": {
            "avatar_hash": "ge461268eb3d",
            "image_72": "https:\/\/secure.gravatar.com\/avatar\/e461268eb3d56899170438adb9e53712.jpg?s=72&d=https%3A%2F%2Fa.slack-edge.com%2Fdf10d%2Fimg%2Favatars%2Fava_0020-72.png",
            "first_name": "",
            "real_name": "Daniel Chiriches",
            "display_name": "Daniel Chiriches",
            "team": "TC0C1HURK",
            "name": "daniel_chiriches",
            "is_restricted": false,
            "is_ultra_restricted": false
        },
        "blocks": [
            {
                "type": "rich_text",
                "block_id": "ywiw",
                "elements": [
                    {
                        "type": "rich_text_section",
                        "elements": [
                            {
                                "type": "text",
                                "text": "But thank you, "
                            },
                            {
                                "type": "user",
                                "user_id": "UC19HAUAK"
                            },
                            {
                                "type": "text",
                                "text": ", the approach makes sense."
                            }
                        ]
                    }
                ]
            }
        ],
        "thread_ts": "1583241869.115900",
        "parent_user_id": "UUSQW69RA"
    },
    {
        "client_msg_id": "1dbd7e6d-e486-4c88-b596-1a6ca959e7fd",
        "type": "message",
        "text": "<@USE3AUW8Y> Do you see change in data scanned size when you replace `*` with specific columns? Could you please share these runs from Athena console?",
        "user": "UC19HAUAK",
        "ts": "1583274130.135600",
        "team": "TC0C1HURK",
        "user_team": "TC0C1HURK",
        "source_team": "TC0C1HURK",
        "user_profile": {
            "avatar_hash": "066a042e018c",
            "image_72": "https:\/\/avatars.slack-edge.com\/2019-12-07\/866588520998_066a042e018ca831a195_72.png",
            "first_name": "Pavel",
            "real_name": "Pavel Tiunov",
            "display_name": "pavel",
            "team": "TC0C1HURK",
            "name": "pavel",
            "is_restricted": false,
            "is_ultra_restricted": false
        },
        "blocks": [
            {
                "type": "rich_text",
                "block_id": "Wwv",
                "elements": [
                    {
                        "type": "rich_text_section",
                        "elements": [
                            {
                                "type": "user",
                                "user_id": "USE3AUW8Y"
                            },
                            {
                                "type": "text",
                                "text": " Do you see change in data scanned size when you replace "
                            },
                            {
                                "type": "text",
                                "text": "*",
                                "style": {
                                    "code": true
                                }
                            },
                            {
                                "type": "text",
                                "text": " with specific columns? Could you please share these runs from Athena console?"
                            }
                        ]
                    }
                ]
            }
        ],
        "thread_ts": "1583264576.128800",
        "parent_user_id": "USE3AUW8Y"
    },
    {
        "client_msg_id": "02a70602-1dc6-417e-95b5-f2c627088a80",
        "type": "message",
        "text": "Edited. Probably some missing `)`.",
        "user": "UC19HAUAK",
        "ts": "1583274294.135900",
        "team": "TC0C1HURK",
        "user_team": "TC0C1HURK",
        "source_team": "TC0C1HURK",
        "user_profile": {
            "avatar_hash": "066a042e018c",
            "image_72": "https:\/\/avatars.slack-edge.com\/2019-12-07\/866588520998_066a042e018ca831a195_72.png",
            "first_name": "Pavel",
            "real_name": "Pavel Tiunov",
            "display_name": "pavel",
            "team": "TC0C1HURK",
            "name": "pavel",
            "is_restricted": false,
            "is_ultra_restricted": false
        },
        "blocks": [
            {
                "type": "rich_text",
                "block_id": "fQh",
                "elements": [
                    {
                        "type": "rich_text_section",
                        "elements": [
                            {
                                "type": "text",
                                "text": "Edited. Probably some missing "
                            },
                            {
                                "type": "text",
                                "text": ")",
                                "style": {
                                    "code": true
                                }
                            },
                            {
                                "type": "text",
                                "text": "."
                            }
                        ]
                    }
                ]
            }
        ],
        "thread_ts": "1583241869.115900",
        "parent_user_id": "UUSQW69RA"
    },
    {
        "client_msg_id": "fd7c5dc5-5ed8-4f63-b58a-6cffbcc634af",
        "type": "message",
        "text": "Presto should be smart enough to pushdown projection to inner query. If it isn't a case I think it makes sense to create an issue for automatic query rewriting for such cases. There're a lot of people asked about this rewrite logic which merges simple `WHERE` to avoid inner queries.",
        "user": "UC19HAUAK",
        "ts": "1583274969.136100",
        "team": "TC0C1HURK",
        "user_team": "TC0C1HURK",
        "source_team": "TC0C1HURK",
        "user_profile": {
            "avatar_hash": "066a042e018c",
            "image_72": "https:\/\/avatars.slack-edge.com\/2019-12-07\/866588520998_066a042e018ca831a195_72.png",
            "first_name": "Pavel",
            "real_name": "Pavel Tiunov",
            "display_name": "pavel",
            "team": "TC0C1HURK",
            "name": "pavel",
            "is_restricted": false,
            "is_ultra_restricted": false
        },
        "edited": {
            "user": "UC19HAUAK",
            "ts": "1583299618.000000"
        },
        "blocks": [
            {
                "type": "rich_text",
                "block_id": "SOH",
                "elements": [
                    {
                        "type": "rich_text_section",
                        "elements": [
                            {
                                "type": "text",
                                "text": "Presto should be smart enough to pushdown projection to inner query. If it isn't a case I think it makes sense to create an issue for automatic query rewriting for such cases. There're a lot of people asked about this rewrite logic which merges simple "
                            },
                            {
                                "type": "text",
                                "text": "WHERE",
                                "style": {
                                    "code": true
                                }
                            },
                            {
                                "type": "text",
                                "text": " to avoid inner queries."
                            }
                        ]
                    }
                ]
            }
        ],
        "thread_ts": "1583264576.128800",
        "parent_user_id": "USE3AUW8Y"
    },
    {
        "client_msg_id": "e7705a9c-b862-43e8-bd1a-f8d6e12686a3",
        "type": "message",
        "text": "Hi <@UC19HAUAK>, So, I have this requirement where I need to disable sending the authorization header altogether - I have a different service which does authentication \/ authorization through cookies - I tried this",
        "user": "UM3QHLT71",
        "ts": "1583300214.136400",
        "team": "TC0C1HURK",
        "user_team": "TC0C1HURK",
        "source_team": "TC0C1HURK",
        "user_profile": {
            "avatar_hash": "gf0c4e31ad2a",
            "image_72": "https:\/\/secure.gravatar.com\/avatar\/cf0c4e31ad2ab024bacd079c7dca3b4b.jpg?s=72&d=https%3A%2F%2Fa.slack-edge.com%2Fdf10d%2Fimg%2Favatars%2Fava_0001-72.png",
            "first_name": "",
            "real_name": "Sandeep",
            "display_name": "Sandeep",
            "team": "TC0C1HURK",
            "name": "sandeepravi.bits",
            "is_restricted": false,
            "is_ultra_restricted": false
        },
        "blocks": [
            {
                "type": "rich_text",
                "block_id": "wmoJ",
                "elements": [
                    {
                        "type": "rich_text_section",
                        "elements": [
                            {
                                "type": "text",
                                "text": "Hi "
                            },
                            {
                                "type": "user",
                                "user_id": "UC19HAUAK"
                            },
                            {
                                "type": "text",
                                "text": ", So, I have this requirement where I need to disable sending the authorization header altogether - I have a different service which does authentication \/ authorization through cookies - I tried this"
                            }
                        ]
                    }
                ]
            }
        ],
        "thread_ts": "1583300214.136400",
        "reply_count": 6,
        "reply_users_count": 3,
        "latest_reply": "1583962028.194300",
        "reply_users": [
            "UQV98J5M1",
            "UM3QHLT71",
            "UC19HAUAK"
        ],
        "replies": [
            {
                "user": "UQV98J5M1",
                "ts": "1583329064.142400"
            },
            {
                "user": "UM3QHLT71",
                "ts": "1583473019.167600"
            },
            {
                "user": "UQV98J5M1",
                "ts": "1583501061.167900"
            },
            {
                "user": "UC19HAUAK",
                "ts": "1583518985.173400"
            },
            {
                "user": "UM3QHLT71",
                "ts": "1583732560.175900"
            },
            {
                "user": "UC19HAUAK",
                "ts": "1583962028.194300"
            }
        ],
        "subscribed": false
    },
    {
        "client_msg_id": "3d3e538f-d439-43d3-8850-cb5a43136351",
        "type": "message",
        "text": "```checkAuthMiddleware: (req, res, next) =&gt; {\n    return next &amp;&amp; next();\n  }```\n",
        "user": "UM3QHLT71",
        "ts": "1583300217.136500",
        "team": "TC0C1HURK",
        "user_team": "TC0C1HURK",
        "source_team": "TC0C1HURK",
        "user_profile": {
            "avatar_hash": "gf0c4e31ad2a",
            "image_72": "https:\/\/secure.gravatar.com\/avatar\/cf0c4e31ad2ab024bacd079c7dca3b4b.jpg?s=72&d=https%3A%2F%2Fa.slack-edge.com%2Fdf10d%2Fimg%2Favatars%2Fava_0001-72.png",
            "first_name": "",
            "real_name": "Sandeep",
            "display_name": "Sandeep",
            "team": "TC0C1HURK",
            "name": "sandeepravi.bits",
            "is_restricted": false,
            "is_ultra_restricted": false
        },
        "blocks": [
            {
                "type": "rich_text",
                "block_id": "Yucl",
                "elements": [
                    {
                        "type": "rich_text_preformatted",
                        "elements": [
                            {
                                "type": "text",
                                "text": "checkAuthMiddleware: (req, res, next) => {\n    return next && next();\n  }"
                            }
                        ]
                    },
                    {
                        "type": "rich_text_section",
                        "elements": []
                    }
                ]
            }
        ]
    },
    {
        "client_msg_id": "cedb7f9c-f9c8-4305-9a36-81d89b25dec0",
        "type": "message",
        "text": "But it still sends the authorization header - I need to remove the header. Is there a way to do this?",
        "user": "UM3QHLT71",
        "ts": "1583300242.136600",
        "team": "TC0C1HURK",
        "user_team": "TC0C1HURK",
        "source_team": "TC0C1HURK",
        "user_profile": {
            "avatar_hash": "gf0c4e31ad2a",
            "image_72": "https:\/\/secure.gravatar.com\/avatar\/cf0c4e31ad2ab024bacd079c7dca3b4b.jpg?s=72&d=https%3A%2F%2Fa.slack-edge.com%2Fdf10d%2Fimg%2Favatars%2Fava_0001-72.png",
            "first_name": "",
            "real_name": "Sandeep",
            "display_name": "Sandeep",
            "team": "TC0C1HURK",
            "name": "sandeepravi.bits",
            "is_restricted": false,
            "is_ultra_restricted": false
        },
        "blocks": [
            {
                "type": "rich_text",
                "block_id": "uW0",
                "elements": [
                    {
                        "type": "rich_text_section",
                        "elements": [
                            {
                                "type": "text",
                                "text": "But it still sends the authorization header - I need to remove the header. Is there a way to do this?"
                            }
                        ]
                    }
                ]
            }
        ]
    },
    {
        "client_msg_id": "72a055c6-70af-4528-9556-6b5994c13adf",
        "type": "message",
        "text": "Thanks, awesome job with the project!",
        "user": "UUSRC9DRN",
        "ts": "1583306567.136800",
        "team": "TC0C1HURK",
        "user_team": "TC0C1HURK",
        "source_team": "TC0C1HURK",
        "user_profile": {
            "avatar_hash": "gd085bafdfa4",
            "image_72": "https:\/\/secure.gravatar.com\/avatar\/d085bafdfa4dce6cddda09eebab5f95c.jpg?s=72&d=https%3A%2F%2Fa.slack-edge.com%2Fdf10d%2Fimg%2Favatars%2Fava_0003-72.png",
            "first_name": "",
            "real_name": "stef19",
            "display_name": "stef19",
            "team": "TC0C1HURK",
            "name": "stefans9703",
            "is_restricted": false,
            "is_ultra_restricted": false
        },
        "blocks": [
            {
                "type": "rich_text",
                "block_id": "LCEGk",
                "elements": [
                    {
                        "type": "rich_text_section",
                        "elements": [
                            {
                                "type": "text",
                                "text": "Thanks, awesome job with the project!"
                            }
                        ]
                    }
                ]
            }
        ],
        "thread_ts": "1583236905.114900",
        "parent_user_id": "UUSRC9DRN",
        "reactions": [
            {
                "name": "raised_hands",
                "users": [
                    "UC19HAUAK"
                ],
                "count": 1
            }
        ]
    }
]