[
    {
        "type": "message",
        "subtype": "channel_join",
        "ts": "1591794336.056700",
        "user": "U015VJE51CY",
        "text": "<@U015VJE51CY> has joined the channel"
    },
    {
        "client_msg_id": "63c19b01-26db-434c-a33f-ffe399a35c2e",
        "type": "message",
        "text": "Is there a channel for building the playground package?  Need some help",
        "user": "UVBF2V337",
        "ts": "1591797624.057100",
        "team": "TC0C1HURK",
        "user_team": "TC0C1HURK",
        "source_team": "TC0C1HURK",
        "user_profile": {
            "avatar_hash": "gea496cd6731",
            "image_72": "https:\/\/secure.gravatar.com\/avatar\/ea496cd67318b2db9b0ad4b458cff2f1.jpg?s=72&d=https%3A%2F%2Fa.slack-edge.com%2Fdf10d%2Fimg%2Favatars%2Fava_0018-72.png",
            "first_name": "",
            "real_name": "Justin Smith",
            "display_name": "Justin Smith",
            "team": "TC0C1HURK",
            "name": "justin.smith",
            "is_restricted": false,
            "is_ultra_restricted": false
        },
        "blocks": [
            {
                "type": "rich_text",
                "block_id": "XgQ7",
                "elements": [
                    {
                        "type": "rich_text_section",
                        "elements": [
                            {
                                "type": "text",
                                "text": "Is there a channel for building the playground package?  Need some help"
                            }
                        ]
                    }
                ]
            }
        ],
        "thread_ts": "1591797624.057100",
        "reply_count": 6,
        "reply_users_count": 2,
        "latest_reply": "1591800382.058400",
        "reply_users": [
            "U013J5CRRDW",
            "UVBF2V337"
        ],
        "replies": [
            {
                "user": "U013J5CRRDW",
                "ts": "1591798806.057200"
            },
            {
                "user": "UVBF2V337",
                "ts": "1591798848.057400"
            },
            {
                "user": "UVBF2V337",
                "ts": "1591798863.057600"
            },
            {
                "user": "UVBF2V337",
                "ts": "1591798940.057900"
            },
            {
                "user": "U013J5CRRDW",
                "ts": "1591800137.058100"
            },
            {
                "user": "UVBF2V337",
                "ts": "1591800382.058400"
            }
        ],
        "subscribed": false
    },
    {
        "client_msg_id": "b4cec4f3-a6e2-4cc4-9a9d-7c11ecfdbfe5",
        "type": "message",
        "text": "hi <@UVBF2V337>! We don’t have a dedicated channel for that but you can ask here",
        "user": "U013J5CRRDW",
        "ts": "1591798806.057200",
        "team": "TC0C1HURK",
        "user_team": "TC0C1HURK",
        "source_team": "TC0C1HURK",
        "user_profile": {
            "avatar_hash": "759b4f7ce0bf",
            "image_72": "https:\/\/avatars.slack-edge.com\/2020-06-23\/1224215237280_759b4f7ce0bf4b291721_72.jpg",
            "first_name": "Alex",
            "real_name": "Alex Vasilev",
            "display_name": "Alex Vasilev",
            "team": "TC0C1HURK",
            "name": "vaspiring",
            "is_restricted": false,
            "is_ultra_restricted": false
        },
        "blocks": [
            {
                "type": "rich_text",
                "block_id": "258i6",
                "elements": [
                    {
                        "type": "rich_text_section",
                        "elements": [
                            {
                                "type": "text",
                                "text": "hi "
                            },
                            {
                                "type": "user",
                                "user_id": "UVBF2V337"
                            },
                            {
                                "type": "text",
                                "text": "! We don’t have a dedicated channel for that but you can ask here"
                            }
                        ]
                    }
                ]
            }
        ],
        "thread_ts": "1591797624.057100",
        "parent_user_id": "UVBF2V337"
    },
    {
        "client_msg_id": "8afe21e8-e457-451d-aefc-94ff9b7d6e1c",
        "type": "message",
        "text": "Well, I think I fixed it...\n\nI had to switch to node v10, then the build works properly.  I was on 12, then tried 8, but the issue goes away with 10",
        "user": "UVBF2V337",
        "ts": "1591798848.057400",
        "team": "TC0C1HURK",
        "user_team": "TC0C1HURK",
        "source_team": "TC0C1HURK",
        "user_profile": {
            "avatar_hash": "gea496cd6731",
            "image_72": "https:\/\/secure.gravatar.com\/avatar\/ea496cd67318b2db9b0ad4b458cff2f1.jpg?s=72&d=https%3A%2F%2Fa.slack-edge.com%2Fdf10d%2Fimg%2Favatars%2Fava_0018-72.png",
            "first_name": "",
            "real_name": "Justin Smith",
            "display_name": "Justin Smith",
            "team": "TC0C1HURK",
            "name": "justin.smith",
            "is_restricted": false,
            "is_ultra_restricted": false
        },
        "blocks": [
            {
                "type": "rich_text",
                "block_id": "0nd",
                "elements": [
                    {
                        "type": "rich_text_section",
                        "elements": [
                            {
                                "type": "text",
                                "text": "Well, I think I fixed it...\n\nI had to switch to node v10, then the build works properly.  I was on 12, then tried 8, but the issue goes away with 10"
                            }
                        ]
                    }
                ]
            }
        ],
        "thread_ts": "1591797624.057100",
        "parent_user_id": "UVBF2V337"
    },
    {
        "client_msg_id": "68b217b9-a694-4087-9ad2-12e3ab7550bc",
        "type": "message",
        "text": "I'm trying to test <https:\/\/github.com\/cube-js\/cube.js\/issues\/695>",
        "user": "UVBF2V337",
        "ts": "1591798863.057600",
        "team": "TC0C1HURK",
        "user_team": "TC0C1HURK",
        "source_team": "TC0C1HURK",
        "user_profile": {
            "avatar_hash": "gea496cd6731",
            "image_72": "https:\/\/secure.gravatar.com\/avatar\/ea496cd67318b2db9b0ad4b458cff2f1.jpg?s=72&d=https%3A%2F%2Fa.slack-edge.com%2Fdf10d%2Fimg%2Favatars%2Fava_0018-72.png",
            "first_name": "",
            "real_name": "Justin Smith",
            "display_name": "Justin Smith",
            "team": "TC0C1HURK",
            "name": "justin.smith",
            "is_restricted": false,
            "is_ultra_restricted": false
        },
        "attachments": [
            {
                "service_name": "GitHub",
                "title": "Allow setting schemaPath via environment · Issue #695 · cube-js\/cube.js",
                "title_link": "https:\/\/github.com\/cube-js\/cube.js\/issues\/695",
                "text": "Allow setting schema path option via process environment. something like: SCHEMA_PATH=foo\/bar .\/node_modules\/.bin\/cubejs-dev-server or putting it in .env, or in my case serverless.yml I looked thro...",
                "fallback": "GitHub: Allow setting schemaPath via environment · Issue #695 · cube-js\/cube.js",
                "from_url": "https:\/\/github.com\/cube-js\/cube.js\/issues\/695",
                "thumb_url": "https:\/\/repository-images.githubusercontent.com\/149026292\/33deb000-42b4-11ea-8f24-e112f465ddf1",
                "thumb_width": 658,
                "thumb_height": 250,
                "service_icon": "https:\/\/a.slack-edge.com\/80588\/img\/unfurl_icons\/github.png",
                "id": 1,
                "original_url": "https:\/\/github.com\/cube-js\/cube.js\/issues\/695"
            }
        ],
        "blocks": [
            {
                "type": "rich_text",
                "block_id": "PyYS+",
                "elements": [
                    {
                        "type": "rich_text_section",
                        "elements": [
                            {
                                "type": "text",
                                "text": "I'm trying to test "
                            },
                            {
                                "type": "link",
                                "url": "https:\/\/github.com\/cube-js\/cube.js\/issues\/695"
                            }
                        ]
                    }
                ]
            }
        ],
        "thread_ts": "1591797624.057100",
        "parent_user_id": "UVBF2V337"
    },
    {
        "client_msg_id": "62e353a5-e460-4cf2-96e1-2cca3f6a3105",
        "type": "message",
        "text": "Just to make sure I'm not crazy... To build the cubejs-server-core package, I have to actually build the playground package.  Is that correct?",
        "user": "UVBF2V337",
        "ts": "1591798940.057900",
        "team": "TC0C1HURK",
        "user_team": "TC0C1HURK",
        "source_team": "TC0C1HURK",
        "user_profile": {
            "avatar_hash": "gea496cd6731",
            "image_72": "https:\/\/secure.gravatar.com\/avatar\/ea496cd67318b2db9b0ad4b458cff2f1.jpg?s=72&d=https%3A%2F%2Fa.slack-edge.com%2Fdf10d%2Fimg%2Favatars%2Fava_0018-72.png",
            "first_name": "",
            "real_name": "Justin Smith",
            "display_name": "Justin Smith",
            "team": "TC0C1HURK",
            "name": "justin.smith",
            "is_restricted": false,
            "is_ultra_restricted": false
        },
        "blocks": [
            {
                "type": "rich_text",
                "block_id": "JS9jh",
                "elements": [
                    {
                        "type": "rich_text_section",
                        "elements": [
                            {
                                "type": "text",
                                "text": "Just to make sure I'm not crazy... To build the cubejs-server-core package, I have to actually build the playground package.  Is that correct?"
                            }
                        ]
                    }
                ]
            }
        ],
        "thread_ts": "1591797624.057100",
        "parent_user_id": "UVBF2V337"
    },
    {
        "client_msg_id": "32b3915c-3062-43f0-a664-7feaf6ff0d9e",
        "type": "message",
        "text": "You can do so or you can link `@cubejs-backend\/server-core` directly to the server you’re using",
        "user": "U013J5CRRDW",
        "ts": "1591800137.058100",
        "team": "TC0C1HURK",
        "user_team": "TC0C1HURK",
        "source_team": "TC0C1HURK",
        "user_profile": {
            "avatar_hash": "759b4f7ce0bf",
            "image_72": "https:\/\/avatars.slack-edge.com\/2020-06-23\/1224215237280_759b4f7ce0bf4b291721_72.jpg",
            "first_name": "Alex",
            "real_name": "Alex Vasilev",
            "display_name": "Alex Vasilev",
            "team": "TC0C1HURK",
            "name": "vaspiring",
            "is_restricted": false,
            "is_ultra_restricted": false
        },
        "blocks": [
            {
                "type": "rich_text",
                "block_id": "QYM",
                "elements": [
                    {
                        "type": "rich_text_section",
                        "elements": [
                            {
                                "type": "text",
                                "text": "You can do so or you can link "
                            },
                            {
                                "type": "text",
                                "text": "@cubejs-backend\/server-core",
                                "style": {
                                    "code": true
                                }
                            },
                            {
                                "type": "text",
                                "text": " directly to the server you’re using"
                            }
                        ]
                    }
                ]
            }
        ],
        "thread_ts": "1591797624.057100",
        "parent_user_id": "UVBF2V337"
    },
    {
        "client_msg_id": "33b83538-d906-4039-809d-edf601b437af",
        "type": "message",
        "text": "That worked.  Thank you.  It was a simple change, so I went ahead and submitted a PR that would add the feature.",
        "user": "UVBF2V337",
        "ts": "1591800382.058400",
        "team": "TC0C1HURK",
        "user_team": "TC0C1HURK",
        "source_team": "TC0C1HURK",
        "user_profile": {
            "avatar_hash": "gea496cd6731",
            "image_72": "https:\/\/secure.gravatar.com\/avatar\/ea496cd67318b2db9b0ad4b458cff2f1.jpg?s=72&d=https%3A%2F%2Fa.slack-edge.com%2Fdf10d%2Fimg%2Favatars%2Fava_0018-72.png",
            "first_name": "",
            "real_name": "Justin Smith",
            "display_name": "Justin Smith",
            "team": "TC0C1HURK",
            "name": "justin.smith",
            "is_restricted": false,
            "is_ultra_restricted": false
        },
        "blocks": [
            {
                "type": "rich_text",
                "block_id": "TajNw",
                "elements": [
                    {
                        "type": "rich_text_section",
                        "elements": [
                            {
                                "type": "text",
                                "text": "That worked.  Thank you.  It was a simple change, so I went ahead and submitted a PR that would add the feature."
                            }
                        ]
                    }
                ]
            }
        ],
        "thread_ts": "1591797624.057100",
        "parent_user_id": "UVBF2V337",
        "reactions": [
            {
                "name": "+1",
                "users": [
                    "U013J5CRRDW"
                ],
                "count": 1
            }
        ]
    },
    {
        "client_msg_id": "ba81d37d-24d1-4e64-b591-1ed76b0f9f77",
        "type": "message",
        "text": "Hello, I'm new here to cubejs, I have been messing with it, currently trying to connect it to monetdb which has a jdbc driver, but no luck any help would be greatly appreciated :beer:",
        "user": "U015U1DLAJC",
        "ts": "1591800391.058600",
        "team": "TC0C1HURK",
        "user_team": "TC0C1HURK",
        "source_team": "TC0C1HURK",
        "user_profile": {
            "avatar_hash": "g09d7bf1ca23",
            "image_72": "https:\/\/secure.gravatar.com\/avatar\/09d7bf1ca235012cefc6ef02694e8271.jpg?s=72&d=https%3A%2F%2Fa.slack-edge.com%2Fdf10d%2Fimg%2Favatars%2Fava_0018-72.png",
            "first_name": "",
            "real_name": "Yasko C.",
            "display_name": "Yasko C.",
            "team": "TC0C1HURK",
            "name": "jasmincufurovic",
            "is_restricted": false,
            "is_ultra_restricted": false
        },
        "blocks": [
            {
                "type": "rich_text",
                "block_id": "t=X",
                "elements": [
                    {
                        "type": "rich_text_section",
                        "elements": [
                            {
                                "type": "text",
                                "text": "Hello, I'm new here to cubejs, I have been messing with it, currently trying to connect it to monetdb which has a jdbc driver, but no luck any help would be greatly appreciated "
                            },
                            {
                                "type": "emoji",
                                "name": "beer"
                            }
                        ]
                    }
                ]
            }
        ],
        "thread_ts": "1591800391.058600",
        "reply_count": 3,
        "reply_users_count": 2,
        "latest_reply": "1591835164.068900",
        "reply_users": [
            "UC19HAUAK",
            "U015U1DLAJC"
        ],
        "replies": [
            {
                "user": "UC19HAUAK",
                "ts": "1591807172.060400"
            },
            {
                "user": "U015U1DLAJC",
                "ts": "1591814077.064900"
            },
            {
                "user": "UC19HAUAK",
                "ts": "1591835164.068900"
            }
        ],
        "subscribed": false
    },
    {
        "type": "message",
        "subtype": "channel_join",
        "ts": "1591800565.058900",
        "user": "U015C7KDRM2",
        "text": "<@U015C7KDRM2> has joined the channel"
    },
    {
        "type": "message",
        "subtype": "channel_join",
        "ts": "1591801753.059100",
        "user": "U015VUR5B6C",
        "text": "<@U015VUR5B6C> has joined the channel"
    },
    {
        "client_msg_id": "3fd4c8f2-0d79-4518-925d-16174716c4a7",
        "type": "message",
        "text": "Hi, I got a question. Is there a linter of choice to use with Cube JS?",
        "user": "U015VUR5B6C",
        "ts": "1591801832.059900",
        "team": "TC0C1HURK",
        "user_team": "TC0C1HURK",
        "source_team": "TC0C1HURK",
        "user_profile": {
            "avatar_hash": "g9ec7993c6d7",
            "image_72": "https:\/\/secure.gravatar.com\/avatar\/9ec7993c6d7a16fc73ecdae9719d1eea.jpg?s=72&d=https%3A%2F%2Fa.slack-edge.com%2Fdf10d%2Fimg%2Favatars%2Fava_0019-72.png",
            "first_name": "",
            "real_name": "Eduardo",
            "display_name": "Eduardo",
            "team": "TC0C1HURK",
            "name": "marcosnarvaez2010",
            "is_restricted": false,
            "is_ultra_restricted": false
        },
        "blocks": [
            {
                "type": "rich_text",
                "block_id": "DOoPn",
                "elements": [
                    {
                        "type": "rich_text_section",
                        "elements": [
                            {
                                "type": "text",
                                "text": "Hi, I got a question. Is there a linter of choice to use with Cube JS?"
                            }
                        ]
                    }
                ]
            }
        ],
        "thread_ts": "1591801832.059900",
        "reply_count": 1,
        "reply_users_count": 1,
        "latest_reply": "1591802003.060000",
        "reply_users": [
            "U013J5CRRDW"
        ],
        "replies": [
            {
                "user": "U013J5CRRDW",
                "ts": "1591802003.060000"
            }
        ],
        "subscribed": false
    },
    {
        "client_msg_id": "2200db7f-de2c-4607-b1d6-8345a97a3728",
        "type": "message",
        "text": "hey! we’re using `eslint`",
        "user": "U013J5CRRDW",
        "ts": "1591802003.060000",
        "team": "TC0C1HURK",
        "user_team": "TC0C1HURK",
        "source_team": "TC0C1HURK",
        "user_profile": {
            "avatar_hash": "759b4f7ce0bf",
            "image_72": "https:\/\/avatars.slack-edge.com\/2020-06-23\/1224215237280_759b4f7ce0bf4b291721_72.jpg",
            "first_name": "Alex",
            "real_name": "Alex Vasilev",
            "display_name": "Alex Vasilev",
            "team": "TC0C1HURK",
            "name": "vaspiring",
            "is_restricted": false,
            "is_ultra_restricted": false
        },
        "blocks": [
            {
                "type": "rich_text",
                "block_id": "gtU2+",
                "elements": [
                    {
                        "type": "rich_text_section",
                        "elements": [
                            {
                                "type": "text",
                                "text": "hey! we’re using "
                            },
                            {
                                "type": "text",
                                "text": "eslint",
                                "style": {
                                    "code": true
                                }
                            }
                        ]
                    }
                ]
            }
        ],
        "thread_ts": "1591801832.059900",
        "parent_user_id": "U015VUR5B6C"
    },
    {
        "type": "message",
        "subtype": "channel_join",
        "ts": "1591806953.060300",
        "user": "U015JVADQDP",
        "text": "<@U015JVADQDP> has joined the channel"
    },
    {
        "client_msg_id": "29e4be16-5600-4176-9421-74c14b77d17a",
        "type": "message",
        "text": "Hey <@U015U1DLAJC>! Cube.js lacks driver for monetdb. You can contribute one using <https:\/\/github.com\/cube-js\/cube.js\/blob\/master\/CONTRIBUTING.md#implementing-driver>!",
        "user": "UC19HAUAK",
        "ts": "1591807172.060400",
        "team": "TC0C1HURK",
        "user_team": "TC0C1HURK",
        "source_team": "TC0C1HURK",
        "user_profile": {
            "avatar_hash": "066a042e018c",
            "image_72": "https:\/\/avatars.slack-edge.com\/2019-12-07\/866588520998_066a042e018ca831a195_72.png",
            "first_name": "Pavel",
            "real_name": "Pavel Tiunov",
            "display_name": "pavel",
            "team": "TC0C1HURK",
            "name": "pavel",
            "is_restricted": false,
            "is_ultra_restricted": false
        },
        "attachments": [
            {
                "service_name": "GitHub",
                "title": "cube-js\/cube.js",
                "title_link": "https:\/\/github.com\/cube-js\/cube.js\/blob\/master\/CONTRIBUTING.md#implementing-driver",
                "text": ":bar_chart: Cube.js - Open Source Analytics Framework. Contribute to cube-js\/cube.js development by creating an account on GitHub.",
                "fallback": "GitHub: cube-js\/cube.js",
                "from_url": "https:\/\/github.com\/cube-js\/cube.js\/blob\/master\/CONTRIBUTING.md#implementing-driver",
                "thumb_url": "https:\/\/repository-images.githubusercontent.com\/149026292\/33deb000-42b4-11ea-8f24-e112f465ddf1",
                "thumb_width": 658,
                "thumb_height": 250,
                "service_icon": "https:\/\/a.slack-edge.com\/80588\/img\/unfurl_icons\/github.png",
                "id": 1,
                "original_url": "https:\/\/github.com\/cube-js\/cube.js\/blob\/master\/CONTRIBUTING.md#implementing-driver"
            }
        ],
        "blocks": [
            {
                "type": "rich_text",
                "block_id": "ecWRh",
                "elements": [
                    {
                        "type": "rich_text_section",
                        "elements": [
                            {
                                "type": "text",
                                "text": "Hey "
                            },
                            {
                                "type": "user",
                                "user_id": "U015U1DLAJC"
                            },
                            {
                                "type": "text",
                                "text": "! Cube.js lacks driver for monetdb. You can contribute one using "
                            },
                            {
                                "type": "link",
                                "url": "https:\/\/github.com\/cube-js\/cube.js\/blob\/master\/CONTRIBUTING.md#implementing-driver"
                            },
                            {
                                "type": "text",
                                "text": "!"
                            }
                        ]
                    }
                ]
            }
        ],
        "thread_ts": "1591800391.058600",
        "parent_user_id": "U015U1DLAJC"
    },
    {
        "client_msg_id": "e10e3935-5a11-445c-8a59-88a7443b7a2a",
        "type": "message",
        "text": "Hey <@U0133HWAWTG>! Great questions\n1. Nope. There's separate option for it: <https:\/\/cube.dev\/docs\/deployment#production-mode-redis-pool>\n2. Yes. It's about simultaneously processed queries.\n3. There're different queues for pre-aggregations and data fetching: please see: <https:\/\/cube.dev\/docs\/@cubejs-backend-server-core#options-reference-orchestrator-options>\n4. You should have enough pool connections to handle desired concurrency including bursts.",
        "user": "UC19HAUAK",
        "ts": "1591807423.062000",
        "team": "TC0C1HURK",
        "user_team": "TC0C1HURK",
        "source_team": "TC0C1HURK",
        "user_profile": {
            "avatar_hash": "066a042e018c",
            "image_72": "https:\/\/avatars.slack-edge.com\/2019-12-07\/866588520998_066a042e018ca831a195_72.png",
            "first_name": "Pavel",
            "real_name": "Pavel Tiunov",
            "display_name": "pavel",
            "team": "TC0C1HURK",
            "name": "pavel",
            "is_restricted": false,
            "is_ultra_restricted": false
        },
        "blocks": [
            {
                "type": "rich_text",
                "block_id": "LsC",
                "elements": [
                    {
                        "type": "rich_text_section",
                        "elements": [
                            {
                                "type": "text",
                                "text": "Hey "
                            },
                            {
                                "type": "user",
                                "user_id": "U0133HWAWTG"
                            },
                            {
                                "type": "text",
                                "text": "! Great questions\n1. Nope. There's separate option for it: "
                            },
                            {
                                "type": "link",
                                "url": "https:\/\/cube.dev\/docs\/deployment#production-mode-redis-pool"
                            },
                            {
                                "type": "text",
                                "text": "\n2. Yes. It's about simultaneously processed queries.\n3. There're different queues for pre-aggregations and data fetching: please see: "
                            },
                            {
                                "type": "link",
                                "url": "https:\/\/cube.dev\/docs\/@cubejs-backend-server-core#options-reference-orchestrator-options"
                            },
                            {
                                "type": "text",
                                "text": "\n4. You should have enough pool connections to handle desired concurrency including bursts."
                            }
                        ]
                    }
                ]
            }
        ],
        "thread_ts": "1591744063.056500",
        "parent_user_id": "U0133HWAWTG"
    },
    {
        "client_msg_id": "e30baadd-3fb4-4afc-8cfa-1376311efbb2",
        "type": "message",
        "text": "Hi!\nI want to know if we can pre-aggregate dimensions on cubejs?",
        "user": "U01441PSMAS",
        "ts": "1591813387.064800",
        "team": "TC0C1HURK",
        "user_team": "TC0C1HURK",
        "source_team": "TC0C1HURK",
        "user_profile": {
            "avatar_hash": "g58fa91424dc",
            "image_72": "https:\/\/secure.gravatar.com\/avatar\/58fa91424dc8da8f72cbdf157d1e2cf7.jpg?s=72&d=https%3A%2F%2Fa.slack-edge.com%2Fdf10d%2Fimg%2Favatars%2Fava_0002-72.png",
            "first_name": "",
            "real_name": "Rodolfo Andino",
            "display_name": "Rodolfo Andino",
            "team": "TC0C1HURK",
            "name": "aandino186",
            "is_restricted": false,
            "is_ultra_restricted": false
        },
        "blocks": [
            {
                "type": "rich_text",
                "block_id": "DDd",
                "elements": [
                    {
                        "type": "rich_text_section",
                        "elements": [
                            {
                                "type": "text",
                                "text": "Hi!\nI want to know if we can pre-aggregate dimensions on cubejs?"
                            }
                        ]
                    }
                ]
            }
        ],
        "thread_ts": "1591813387.064800",
        "reply_count": 1,
        "reply_users_count": 1,
        "latest_reply": "1591832181.068500",
        "reply_users": [
            "UC19HAUAK"
        ],
        "replies": [
            {
                "user": "UC19HAUAK",
                "ts": "1591832181.068500"
            }
        ],
        "subscribed": false
    },
    {
        "client_msg_id": "9d30b718-74ea-4eab-9a6d-9d0e5b20414b",
        "type": "message",
        "text": "I'm currently in the process of making one, however having issues establishing a connection, is there example code of how to do a custom db implementation?",
        "user": "U015U1DLAJC",
        "ts": "1591814077.064900",
        "team": "TC0C1HURK",
        "user_team": "TC0C1HURK",
        "source_team": "TC0C1HURK",
        "user_profile": {
            "avatar_hash": "g09d7bf1ca23",
            "image_72": "https:\/\/secure.gravatar.com\/avatar\/09d7bf1ca235012cefc6ef02694e8271.jpg?s=72&d=https%3A%2F%2Fa.slack-edge.com%2Fdf10d%2Fimg%2Favatars%2Fava_0018-72.png",
            "first_name": "",
            "real_name": "Yasko C.",
            "display_name": "Yasko C.",
            "team": "TC0C1HURK",
            "name": "jasmincufurovic",
            "is_restricted": false,
            "is_ultra_restricted": false
        },
        "blocks": [
            {
                "type": "rich_text",
                "block_id": "1og",
                "elements": [
                    {
                        "type": "rich_text_section",
                        "elements": [
                            {
                                "type": "text",
                                "text": "I'm currently in the process of making one, however having issues establishing a connection, is there example code of how to do a custom db implementation?"
                            }
                        ]
                    }
                ]
            }
        ],
        "thread_ts": "1591800391.058600",
        "parent_user_id": "U015U1DLAJC"
    },
    {
        "type": "message",
        "subtype": "channel_join",
        "ts": "1591817694.065300",
        "user": "U0156QRS5RQ",
        "text": "<@U0156QRS5RQ> has joined the channel"
    },
    {
        "client_msg_id": "0d52a568-7210-4169-b609-1d45c17df94a",
        "type": "message",
        "text": "Hello everyone.",
        "user": "U0156QRS5RQ",
        "ts": "1591817764.065600",
        "team": "TC0C1HURK",
        "user_team": "TC0C1HURK",
        "source_team": "TC0C1HURK",
        "user_profile": {
            "avatar_hash": "g47cdbc4cbd0",
            "image_72": "https:\/\/secure.gravatar.com\/avatar\/47cdbc4cbd098ac1d6bb5c01fe759d9d.jpg?s=72&d=https%3A%2F%2Fa.slack-edge.com%2Fdf10d%2Fimg%2Favatars%2Fava_0008-72.png",
            "first_name": "",
            "real_name": "Jake",
            "display_name": "Jake",
            "team": "TC0C1HURK",
            "name": "jake910",
            "is_restricted": false,
            "is_ultra_restricted": false
        },
        "blocks": [
            {
                "type": "rich_text",
                "block_id": "8m8Zm",
                "elements": [
                    {
                        "type": "rich_text_section",
                        "elements": [
                            {
                                "type": "text",
                                "text": "Hello everyone."
                            }
                        ]
                    }
                ]
            }
        ],
        "reactions": [
            {
                "name": "wave",
                "users": [
                    "UC1HAFW4E",
                    "U015JVADQDP",
                    "U012XU8LGCT",
                    "UC19HAUAK"
                ],
                "count": 4
            }
        ]
    },
    {
        "type": "message",
        "subtype": "channel_join",
        "ts": "1591827494.066300",
        "user": "U0157B6GAUT",
        "text": "<@U0157B6GAUT> has joined the channel"
    },
    {
        "type": "message",
        "text": "I'm trying to deploy to a custom domain on API Gateway, with a path of \"cube\".  Is there any way to set the expected base-path in cubejs to get this to work?\n\nRequests work fine if I use the stage uri provided by the API Gateway stage, but cubejs is seeing the base-path once I try to access from the custom domain.\n\nSee snippet for the 404 page.",
        "files": [
            {
                "id": "F015KSLPJ7K",
                "created": 1591832062,
                "timestamp": 1591832062,
                "name": "Untitled",
                "title": "Untitled",
                "mimetype": "text\/plain",
                "filetype": "html",
                "pretty_type": "HTML",
                "user": "UVBF2V337",
                "editable": true,
                "size": 149,
                "mode": "snippet",
                "is_external": false,
                "external_type": "",
                "is_public": true,
                "public_url_shared": false,
                "display_as_bot": false,
                "username": "",
                "url_private": "https:\/\/files.slack.com\/files-pri\/TC0C1HURK-F015KSLPJ7K\/untitled?t=xoxe-408409606869-1300049925941-1294691254950-5e5ba619551397a2daf3223fc6c48b4a",
                "url_private_download": "https:\/\/files.slack.com\/files-pri\/TC0C1HURK-F015KSLPJ7K\/download\/untitled?t=xoxe-408409606869-1300049925941-1294691254950-5e5ba619551397a2daf3223fc6c48b4a",
                "permalink": "https:\/\/cube-js.slack.com\/files\/UVBF2V337\/F015KSLPJ7K\/untitled",
                "permalink_public": "https:\/\/slack-files.com\/TC0C1HURK-F015KSLPJ7K-14bc3693a3",
                "edit_link": "https:\/\/cube-js.slack.com\/files\/UVBF2V337\/F015KSLPJ7K\/untitled\/edit",
                "is_starred": false,
                "has_rich_preview": false
            }
        ],
        "upload": true,
        "blocks": [
            {
                "type": "rich_text",
                "block_id": "ExFN",
                "elements": [
                    {
                        "type": "rich_text_section",
                        "elements": [
                            {
                                "type": "text",
                                "text": "I'm trying to deploy to a custom domain on API Gateway, with a path of \"cube\".  Is there any way to set the expected base-path in cubejs to get this to work?\n\nRequests work fine if I use the stage uri provided by the API Gateway stage, but cubejs is seeing the base-path once I try to access from the custom domain.\n\nSee snippet for the 404 page."
                            }
                        ]
                    }
                ]
            }
        ],
        "user": "UVBF2V337",
        "display_as_bot": false,
        "ts": "1591832063.068100",
        "client_msg_id": "15525357-b10f-47cd-adbc-f1cd87b35333",
        "thread_ts": "1591832063.068100",
        "reply_count": 11,
        "reply_users_count": 2,
        "latest_reply": "1591885047.074800",
        "reply_users": [
            "UC19HAUAK",
            "UVBF2V337"
        ],
        "replies": [
            {
                "user": "UC19HAUAK",
                "ts": "1591835046.068700"
            },
            {
                "user": "UVBF2V337",
                "ts": "1591835238.069200"
            },
            {
                "user": "UVBF2V337",
                "ts": "1591835271.069400"
            },
            {
                "user": "UC19HAUAK",
                "ts": "1591835691.069600"
            },
            {
                "user": "UVBF2V337",
                "ts": "1591836544.069800"
            },
            {
                "user": "UVBF2V337",
                "ts": "1591836558.070000"
            },
            {
                "user": "UVBF2V337",
                "ts": "1591836581.070400"
            },
            {
                "user": "UVBF2V337",
                "ts": "1591836604.070600"
            },
            {
                "user": "UVBF2V337",
                "ts": "1591836640.070800"
            },
            {
                "user": "UC19HAUAK",
                "ts": "1591836878.071000"
            },
            {
                "user": "UVBF2V337",
                "ts": "1591885047.074800"
            }
        ],
        "subscribed": false
    },
    {
        "client_msg_id": "3d098e97-5c39-4ffd-b00d-3307cc8a9c8b",
        "type": "message",
        "text": "Hey <@U01441PSMAS>! Yep. It's rollup without measures: <https:\/\/cube.dev\/docs\/pre-aggregations#rollup>",
        "user": "UC19HAUAK",
        "ts": "1591832181.068500",
        "team": "TC0C1HURK",
        "user_team": "TC0C1HURK",
        "source_team": "TC0C1HURK",
        "user_profile": {
            "avatar_hash": "066a042e018c",
            "image_72": "https:\/\/avatars.slack-edge.com\/2019-12-07\/866588520998_066a042e018ca831a195_72.png",
            "first_name": "Pavel",
            "real_name": "Pavel Tiunov",
            "display_name": "pavel",
            "team": "TC0C1HURK",
            "name": "pavel",
            "is_restricted": false,
            "is_ultra_restricted": false
        },
        "blocks": [
            {
                "type": "rich_text",
                "block_id": "8op0\/",
                "elements": [
                    {
                        "type": "rich_text_section",
                        "elements": [
                            {
                                "type": "text",
                                "text": "Hey "
                            },
                            {
                                "type": "user",
                                "user_id": "U01441PSMAS"
                            },
                            {
                                "type": "text",
                                "text": "! Yep. It's rollup without measures: "
                            },
                            {
                                "type": "link",
                                "url": "https:\/\/cube.dev\/docs\/pre-aggregations#rollup"
                            }
                        ]
                    }
                ]
            }
        ],
        "thread_ts": "1591813387.064800",
        "parent_user_id": "U01441PSMAS"
    },
    {
        "client_msg_id": "71f9f7da-3b5f-4d44-8605-a68fbd2672c8",
        "type": "message",
        "text": "Hey <@UVBF2V337>! Are you using serverless deployment?",
        "user": "UC19HAUAK",
        "ts": "1591835046.068700",
        "team": "TC0C1HURK",
        "user_team": "TC0C1HURK",
        "source_team": "TC0C1HURK",
        "user_profile": {
            "avatar_hash": "066a042e018c",
            "image_72": "https:\/\/avatars.slack-edge.com\/2019-12-07\/866588520998_066a042e018ca831a195_72.png",
            "first_name": "Pavel",
            "real_name": "Pavel Tiunov",
            "display_name": "pavel",
            "team": "TC0C1HURK",
            "name": "pavel",
            "is_restricted": false,
            "is_ultra_restricted": false
        },
        "blocks": [
            {
                "type": "rich_text",
                "block_id": "b0Q",
                "elements": [
                    {
                        "type": "rich_text_section",
                        "elements": [
                            {
                                "type": "text",
                                "text": "Hey "
                            },
                            {
                                "type": "user",
                                "user_id": "UVBF2V337"
                            },
                            {
                                "type": "text",
                                "text": "! Are you using serverless deployment?"
                            }
                        ]
                    }
                ]
            }
        ],
        "thread_ts": "1591832063.068100",
        "parent_user_id": "UVBF2V337"
    },
    {
        "client_msg_id": "cb256a6e-73df-460f-a3dd-3ffc7dc5fe3d",
        "type": "message",
        "text": "<@U015U1DLAJC> Basically every driver implementation in <https:\/\/github.com\/cube-js\/cube.js\/tree\/master\/packages>. We don't have any working example for JDBC though.",
        "user": "UC19HAUAK",
        "ts": "1591835164.068900",
        "team": "TC0C1HURK",
        "user_team": "TC0C1HURK",
        "source_team": "TC0C1HURK",
        "user_profile": {
            "avatar_hash": "066a042e018c",
            "image_72": "https:\/\/avatars.slack-edge.com\/2019-12-07\/866588520998_066a042e018ca831a195_72.png",
            "first_name": "Pavel",
            "real_name": "Pavel Tiunov",
            "display_name": "pavel",
            "team": "TC0C1HURK",
            "name": "pavel",
            "is_restricted": false,
            "is_ultra_restricted": false
        },
        "attachments": [
            {
                "service_name": "GitHub",
                "title": "cube-js\/cube.js",
                "title_link": "https:\/\/github.com\/cube-js\/cube.js\/tree\/master\/packages",
                "text": ":bar_chart: Cube.js - Open Source Analytics Framework. Contribute to cube-js\/cube.js development by creating an account on GitHub.",
                "fallback": "GitHub: cube-js\/cube.js",
                "from_url": "https:\/\/github.com\/cube-js\/cube.js\/tree\/master\/packages",
                "thumb_url": "https:\/\/repository-images.githubusercontent.com\/149026292\/33deb000-42b4-11ea-8f24-e112f465ddf1",
                "thumb_width": 658,
                "thumb_height": 250,
                "service_icon": "https:\/\/a.slack-edge.com\/80588\/img\/unfurl_icons\/github.png",
                "id": 1,
                "original_url": "https:\/\/github.com\/cube-js\/cube.js\/tree\/master\/packages"
            }
        ],
        "blocks": [
            {
                "type": "rich_text",
                "block_id": "AVr",
                "elements": [
                    {
                        "type": "rich_text_section",
                        "elements": [
                            {
                                "type": "user",
                                "user_id": "U015U1DLAJC"
                            },
                            {
                                "type": "text",
                                "text": " Basically every driver implementation in "
                            },
                            {
                                "type": "link",
                                "url": "https:\/\/github.com\/cube-js\/cube.js\/tree\/master\/packages"
                            },
                            {
                                "type": "text",
                                "text": ". We don't have any working example for JDBC though."
                            }
                        ]
                    }
                ]
            }
        ],
        "thread_ts": "1591800391.058600",
        "parent_user_id": "U015U1DLAJC"
    },
    {
        "client_msg_id": "7660b4b2-b38e-4fe2-8780-ba1b94d52026",
        "type": "message",
        "text": "I am",
        "user": "UVBF2V337",
        "ts": "1591835238.069200",
        "team": "TC0C1HURK",
        "user_team": "TC0C1HURK",
        "source_team": "TC0C1HURK",
        "user_profile": {
            "avatar_hash": "gea496cd6731",
            "image_72": "https:\/\/secure.gravatar.com\/avatar\/ea496cd67318b2db9b0ad4b458cff2f1.jpg?s=72&d=https%3A%2F%2Fa.slack-edge.com%2Fdf10d%2Fimg%2Favatars%2Fava_0018-72.png",
            "first_name": "",
            "real_name": "Justin Smith",
            "display_name": "Justin Smith",
            "team": "TC0C1HURK",
            "name": "justin.smith",
            "is_restricted": false,
            "is_ultra_restricted": false
        },
        "blocks": [
            {
                "type": "rich_text",
                "block_id": "F\/\/",
                "elements": [
                    {
                        "type": "rich_text_section",
                        "elements": [
                            {
                                "type": "text",
                                "text": "I am"
                            }
                        ]
                    }
                ]
            }
        ],
        "thread_ts": "1591832063.068100",
        "parent_user_id": "UVBF2V337"
    },
    {
        "client_msg_id": "ecd34dc8-94dc-42bd-b958-69b306bc38a0",
        "type": "message",
        "text": "It works perfectly, except when I want to access it from the custom domain path",
        "user": "UVBF2V337",
        "ts": "1591835271.069400",
        "team": "TC0C1HURK",
        "user_team": "TC0C1HURK",
        "source_team": "TC0C1HURK",
        "user_profile": {
            "avatar_hash": "gea496cd6731",
            "image_72": "https:\/\/secure.gravatar.com\/avatar\/ea496cd67318b2db9b0ad4b458cff2f1.jpg?s=72&d=https%3A%2F%2Fa.slack-edge.com%2Fdf10d%2Fimg%2Favatars%2Fava_0018-72.png",
            "first_name": "",
            "real_name": "Justin Smith",
            "display_name": "Justin Smith",
            "team": "TC0C1HURK",
            "name": "justin.smith",
            "is_restricted": false,
            "is_ultra_restricted": false
        },
        "blocks": [
            {
                "type": "rich_text",
                "block_id": "+Fu",
                "elements": [
                    {
                        "type": "rich_text_section",
                        "elements": [
                            {
                                "type": "text",
                                "text": "It works perfectly, except when I want to access it from the custom domain path"
                            }
                        ]
                    }
                ]
            }
        ],
        "thread_ts": "1591832063.068100",
        "parent_user_id": "UVBF2V337"
    },
    {
        "client_msg_id": "86432290-0603-4b85-9d37-7f1b7f2cce8c",
        "type": "message",
        "text": "<@UVBF2V337> Could you please share your `cube.js` file what's exact path you're trying to access?",
        "user": "UC19HAUAK",
        "ts": "1591835691.069600",
        "team": "TC0C1HURK",
        "user_team": "TC0C1HURK",
        "source_team": "TC0C1HURK",
        "user_profile": {
            "avatar_hash": "066a042e018c",
            "image_72": "https:\/\/avatars.slack-edge.com\/2019-12-07\/866588520998_066a042e018ca831a195_72.png",
            "first_name": "Pavel",
            "real_name": "Pavel Tiunov",
            "display_name": "pavel",
            "team": "TC0C1HURK",
            "name": "pavel",
            "is_restricted": false,
            "is_ultra_restricted": false
        },
        "blocks": [
            {
                "type": "rich_text",
                "block_id": "aDuq",
                "elements": [
                    {
                        "type": "rich_text_section",
                        "elements": [
                            {
                                "type": "user",
                                "user_id": "UVBF2V337"
                            },
                            {
                                "type": "text",
                                "text": " Could you please share your "
                            },
                            {
                                "type": "text",
                                "text": "cube.js",
                                "style": {
                                    "code": true
                                }
                            },
                            {
                                "type": "text",
                                "text": " file what's exact path you're trying to access?"
                            }
                        ]
                    }
                ]
            }
        ],
        "thread_ts": "1591832063.068100",
        "parent_user_id": "UVBF2V337"
    },
    {
        "client_msg_id": "6286a256-de46-49aa-aab9-0b53822cc1fb",
        "type": "message",
        "text": "It is the default file from the cli generator",
        "user": "UVBF2V337",
        "ts": "1591836544.069800",
        "team": "TC0C1HURK",
        "user_team": "TC0C1HURK",
        "source_team": "TC0C1HURK",
        "user_profile": {
            "avatar_hash": "gea496cd6731",
            "image_72": "https:\/\/secure.gravatar.com\/avatar\/ea496cd67318b2db9b0ad4b458cff2f1.jpg?s=72&d=https%3A%2F%2Fa.slack-edge.com%2Fdf10d%2Fimg%2Favatars%2Fava_0018-72.png",
            "first_name": "",
            "real_name": "Justin Smith",
            "display_name": "Justin Smith",
            "team": "TC0C1HURK",
            "name": "justin.smith",
            "is_restricted": false,
            "is_ultra_restricted": false
        },
        "blocks": [
            {
                "type": "rich_text",
                "block_id": "Ok6l2",
                "elements": [
                    {
                        "type": "rich_text_section",
                        "elements": [
                            {
                                "type": "text",
                                "text": "It is the default file from the cli generator"
                            }
                        ]
                    }
                ]
            }
        ],
        "thread_ts": "1591832063.068100",
        "parent_user_id": "UVBF2V337"
    },
    {
        "type": "message",
        "text": "",
        "files": [
            {
                "id": "F0157AUFW10",
                "created": 1591836557,
                "timestamp": 1591836557,
                "name": "Untitled",
                "title": "Untitled",
                "mimetype": "text\/plain",
                "filetype": "javascript",
                "pretty_type": "JavaScript\/JSON",
                "user": "UVBF2V337",
                "editable": true,
                "size": 56,
                "mode": "snippet",
                "is_external": false,
                "external_type": "",
                "is_public": true,
                "public_url_shared": false,
                "display_as_bot": false,
                "username": "",
                "url_private": "https:\/\/files.slack.com\/files-pri\/TC0C1HURK-F0157AUFW10\/untitled?t=xoxe-408409606869-1300049925941-1294691254950-5e5ba619551397a2daf3223fc6c48b4a",
                "url_private_download": "https:\/\/files.slack.com\/files-pri\/TC0C1HURK-F0157AUFW10\/download\/untitled?t=xoxe-408409606869-1300049925941-1294691254950-5e5ba619551397a2daf3223fc6c48b4a",
                "permalink": "https:\/\/cube-js.slack.com\/files\/UVBF2V337\/F0157AUFW10\/untitled",
                "permalink_public": "https:\/\/slack-files.com\/TC0C1HURK-F0157AUFW10-c2b2ed9ae2",
                "edit_link": "https:\/\/cube-js.slack.com\/files\/UVBF2V337\/F0157AUFW10\/untitled\/edit",
                "is_starred": false,
                "has_rich_preview": false
            }
        ],
        "upload": true,
        "user": "UVBF2V337",
        "display_as_bot": false,
        "ts": "1591836558.070000",
        "client_msg_id": "36938aaa-8a9a-4109-888a-72121af8d565",
        "thread_ts": "1591832063.068100",
        "parent_user_id": "UVBF2V337"
    },
    {
        "client_msg_id": "6c2740e1-c309-4d55-9d95-62984bcfac3b",
        "type": "message",
        "text": "And this happens when I access the \"\/\" path",
        "user": "UVBF2V337",
        "ts": "1591836581.070400",
        "team": "TC0C1HURK",
        "user_team": "TC0C1HURK",
        "source_team": "TC0C1HURK",
        "user_profile": {
            "avatar_hash": "gea496cd6731",
            "image_72": "https:\/\/secure.gravatar.com\/avatar\/ea496cd67318b2db9b0ad4b458cff2f1.jpg?s=72&d=https%3A%2F%2Fa.slack-edge.com%2Fdf10d%2Fimg%2Favatars%2Fava_0018-72.png",
            "first_name": "",
            "real_name": "Justin Smith",
            "display_name": "Justin Smith",
            "team": "TC0C1HURK",
            "name": "justin.smith",
            "is_restricted": false,
            "is_ultra_restricted": false
        },
        "blocks": [
            {
                "type": "rich_text",
                "block_id": "cpWR",
                "elements": [
                    {
                        "type": "rich_text_section",
                        "elements": [
                            {
                                "type": "text",
                                "text": "And this happens when I access the \"\/\" path"
                            }
                        ]
                    }
                ]
            }
        ],
        "thread_ts": "1591832063.068100",
        "parent_user_id": "UVBF2V337"
    },
    {
        "client_msg_id": "e1868089-9de8-454b-8aa0-c223abd14f67",
        "type": "message",
        "text": "if I access\n\nhttps:\/\/&lt;api_gateway_stage&gt;\/dev\/\n\nI get the CubeJS is running in production page",
        "user": "UVBF2V337",
        "ts": "1591836604.070600",
        "team": "TC0C1HURK",
        "user_team": "TC0C1HURK",
        "source_team": "TC0C1HURK",
        "user_profile": {
            "avatar_hash": "gea496cd6731",
            "image_72": "https:\/\/secure.gravatar.com\/avatar\/ea496cd67318b2db9b0ad4b458cff2f1.jpg?s=72&d=https%3A%2F%2Fa.slack-edge.com%2Fdf10d%2Fimg%2Favatars%2Fava_0018-72.png",
            "first_name": "",
            "real_name": "Justin Smith",
            "display_name": "Justin Smith",
            "team": "TC0C1HURK",
            "name": "justin.smith",
            "is_restricted": false,
            "is_ultra_restricted": false
        },
        "blocks": [
            {
                "type": "rich_text",
                "block_id": "ab+",
                "elements": [
                    {
                        "type": "rich_text_section",
                        "elements": [
                            {
                                "type": "text",
                                "text": "if I access\n\nhttps:\/\/<api_gateway_stage>\/dev\/\n\nI get the CubeJS is running in production page"
                            }
                        ]
                    }
                ]
            }
        ],
        "thread_ts": "1591832063.068100",
        "parent_user_id": "UVBF2V337"
    },
    {
        "client_msg_id": "ce42f03c-63ab-405d-be44-d1012f9df94e",
        "type": "message",
        "text": "I wouldnt mind send you a PM with the links if that is ok?",
        "user": "UVBF2V337",
        "ts": "1591836640.070800",
        "team": "TC0C1HURK",
        "user_team": "TC0C1HURK",
        "source_team": "TC0C1HURK",
        "user_profile": {
            "avatar_hash": "gea496cd6731",
            "image_72": "https:\/\/secure.gravatar.com\/avatar\/ea496cd67318b2db9b0ad4b458cff2f1.jpg?s=72&d=https%3A%2F%2Fa.slack-edge.com%2Fdf10d%2Fimg%2Favatars%2Fava_0018-72.png",
            "first_name": "",
            "real_name": "Justin Smith",
            "display_name": "Justin Smith",
            "team": "TC0C1HURK",
            "name": "justin.smith",
            "is_restricted": false,
            "is_ultra_restricted": false
        },
        "blocks": [
            {
                "type": "rich_text",
                "block_id": "m0l=M",
                "elements": [
                    {
                        "type": "rich_text_section",
                        "elements": [
                            {
                                "type": "text",
                                "text": "I wouldnt mind send you a PM with the links if that is ok?"
                            }
                        ]
                    }
                ]
            }
        ],
        "thread_ts": "1591832063.068100",
        "parent_user_id": "UVBF2V337"
    },
    {
        "client_msg_id": "69e80242-1dcf-4a12-b5d8-c9651a0f121b",
        "type": "message",
        "text": "<@UVBF2V337> Yep. Sure!",
        "user": "UC19HAUAK",
        "ts": "1591836878.071000",
        "team": "TC0C1HURK",
        "user_team": "TC0C1HURK",
        "source_team": "TC0C1HURK",
        "user_profile": {
            "avatar_hash": "066a042e018c",
            "image_72": "https:\/\/avatars.slack-edge.com\/2019-12-07\/866588520998_066a042e018ca831a195_72.png",
            "first_name": "Pavel",
            "real_name": "Pavel Tiunov",
            "display_name": "pavel",
            "team": "TC0C1HURK",
            "name": "pavel",
            "is_restricted": false,
            "is_ultra_restricted": false
        },
        "blocks": [
            {
                "type": "rich_text",
                "block_id": "SaZ39",
                "elements": [
                    {
                        "type": "rich_text_section",
                        "elements": [
                            {
                                "type": "user",
                                "user_id": "UVBF2V337"
                            },
                            {
                                "type": "text",
                                "text": " Yep. Sure!"
                            }
                        ]
                    }
                ]
            }
        ],
        "thread_ts": "1591832063.068100",
        "parent_user_id": "UVBF2V337"
    },
    {
        "type": "message",
        "subtype": "channel_join",
        "ts": "1591844072.071300",
        "user": "U0150ND2GKY",
        "text": "<@U0150ND2GKY> has joined the channel"
    },
    {
        "type": "message",
        "subtype": "channel_join",
        "ts": "1591850278.071500",
        "user": "U015XCH00QY",
        "text": "<@U015XCH00QY> has joined the channel"
    }
]