[
    {
        "type": "message",
        "subtype": "channel_join",
        "ts": "1583686715.175800",
        "user": "UURJZ8Y9X",
        "text": "<@UURJZ8Y9X> has joined the channel"
    },
    {
        "client_msg_id": "e52a7a6c-7600-4ee3-aef3-45ea00f86d7a",
        "type": "message",
        "text": "<@UC19HAUAK> - How is this done, actually? I'm not able to get it.",
        "user": "UM3QHLT71",
        "ts": "1583732560.175900",
        "team": "TC0C1HURK",
        "user_team": "TC0C1HURK",
        "source_team": "TC0C1HURK",
        "user_profile": {
            "avatar_hash": "gf0c4e31ad2a",
            "image_72": "https:\/\/secure.gravatar.com\/avatar\/cf0c4e31ad2ab024bacd079c7dca3b4b.jpg?s=72&d=https%3A%2F%2Fa.slack-edge.com%2Fdf10d%2Fimg%2Favatars%2Fava_0001-72.png",
            "first_name": "",
            "real_name": "Sandeep",
            "display_name": "Sandeep",
            "team": "TC0C1HURK",
            "name": "sandeepravi.bits",
            "is_restricted": false,
            "is_ultra_restricted": false
        },
        "edited": {
            "user": "UM3QHLT71",
            "ts": "1583732569.000000"
        },
        "blocks": [
            {
                "type": "rich_text",
                "block_id": "zvHA",
                "elements": [
                    {
                        "type": "rich_text_section",
                        "elements": [
                            {
                                "type": "user",
                                "user_id": "UC19HAUAK"
                            },
                            {
                                "type": "text",
                                "text": " - How is this done, actually? I'm not able to get it."
                            }
                        ]
                    }
                ]
            }
        ],
        "thread_ts": "1583300214.136400",
        "parent_user_id": "UM3QHLT71"
    }
]