[
    {
        "type": "message",
        "subtype": "channel_join",
        "ts": "1578560129.019100",
        "user": "USEQ85Y4C",
        "text": "<@USEQ85Y4C> has joined the channel"
    },
    {
        "client_msg_id": "c3a68850-501c-4861-a6d1-a5ce615a9b6c",
        "type": "message",
        "text": "From the documentation <https:\/\/cube.dev\/docs\/@cubejs-backend-server-core#options-reference-query-transformer>\n```queryTransformer: (query, { authInfo }) =&gt; {\n    const user = authInfo.u;\n    if (user.filterByRegion) {\n      query.filters.push({\n        dimension: 'Regions.id',\n        operator: 'equals',\n        values: [user.regionId]\n      })\n    }\n    return query;\n  }```\nWhile the interface of queryTransformer is defined as\n```queryTransformer?: () =&gt; (query: any, context: any) =&gt; any;```\nI get a TS error because of the type mismatch.\nDoing the following\n```queryTransformer: () =&gt; (query, { authInfo }) =&gt; {}```\nI get this error message:\n```{\n  \"error\": \"TypeError: Cannot read property 'joins' of null\"\n}```\nWhat’s the problem here?",
        "user": "URQNVJPGF",
        "ts": "1578574062.021600",
        "team": "TC0C1HURK",
        "user_team": "TC0C1HURK",
        "source_team": "TC0C1HURK",
        "user_profile": {
            "avatar_hash": "gd769b0262dc",
            "image_72": "https:\/\/secure.gravatar.com\/avatar\/d769b0262dceb304570c6c2e45402bf1.jpg?s=72&d=https%3A%2F%2Fa.slack-edge.com%2Fdf10d%2Fimg%2Favatars%2Fava_0006-72.png",
            "first_name": "",
            "real_name": "Erald Totraku",
            "display_name": "Erald Totraku",
            "team": "TC0C1HURK",
            "name": "erald.totraku",
            "is_restricted": false,
            "is_ultra_restricted": false
        },
        "blocks": [
            {
                "type": "rich_text",
                "block_id": "XWZI",
                "elements": [
                    {
                        "type": "rich_text_section",
                        "elements": [
                            {
                                "type": "text",
                                "text": "From the documentation "
                            },
                            {
                                "type": "link",
                                "url": "https:\/\/cube.dev\/docs\/@cubejs-backend-server-core#options-reference-query-transformer"
                            },
                            {
                                "type": "text",
                                "text": "\n"
                            }
                        ]
                    },
                    {
                        "type": "rich_text_preformatted",
                        "elements": [
                            {
                                "type": "text",
                                "text": "queryTransformer: (query, { authInfo }) => {\n    const user = authInfo.u;\n    if (user.filterByRegion) {\n      query.filters.push({\n        dimension: 'Regions.id',\n        operator: 'equals',\n        values: [user.regionId]\n      })\n    }\n    return query;\n  }"
                            }
                        ]
                    },
                    {
                        "type": "rich_text_section",
                        "elements": [
                            {
                                "type": "text",
                                "text": "While the interface of queryTransformer is defined as\n"
                            }
                        ]
                    },
                    {
                        "type": "rich_text_preformatted",
                        "elements": [
                            {
                                "type": "text",
                                "text": "queryTransformer?: () => (query: any, context: any) => any;"
                            }
                        ]
                    },
                    {
                        "type": "rich_text_section",
                        "elements": [
                            {
                                "type": "text",
                                "text": "I get a TS error because of the type mismatch.\nDoing the following\n"
                            }
                        ]
                    },
                    {
                        "type": "rich_text_preformatted",
                        "elements": [
                            {
                                "type": "text",
                                "text": "queryTransformer: () => (query, { authInfo }) => {}"
                            }
                        ]
                    },
                    {
                        "type": "rich_text_section",
                        "elements": [
                            {
                                "type": "text",
                                "text": "I get this error message:\n"
                            }
                        ]
                    },
                    {
                        "type": "rich_text_preformatted",
                        "elements": [
                            {
                                "type": "text",
                                "text": "{\n  \"error\": \"TypeError: Cannot read property 'joins' of null\"\n}"
                            }
                        ]
                    },
                    {
                        "type": "rich_text_section",
                        "elements": [
                            {
                                "type": "text",
                                "text": "What’s the problem here?"
                            }
                        ]
                    }
                ]
            }
        ],
        "thread_ts": "1578574062.021600",
        "reply_count": 16,
        "reply_users_count": 3,
        "latest_reply": "1578597079.034600",
        "reply_users": [
            "URS6PE0MQ",
            "URQNVJPGF",
            "UC19HAUAK"
        ],
        "replies": [
            {
                "user": "URS6PE0MQ",
                "ts": "1578574777.022200"
            },
            {
                "user": "URS6PE0MQ",
                "ts": "1578574819.022400"
            },
            {
                "user": "URQNVJPGF",
                "ts": "1578575441.022600"
            },
            {
                "user": "URQNVJPGF",
                "ts": "1578575550.022800"
            },
            {
                "user": "URQNVJPGF",
                "ts": "1578575572.023000"
            },
            {
                "user": "URS6PE0MQ",
                "ts": "1578575960.023300"
            },
            {
                "user": "URS6PE0MQ",
                "ts": "1578575968.023500"
            },
            {
                "user": "UC19HAUAK",
                "ts": "1578590312.031400"
            },
            {
                "user": "URQNVJPGF",
                "ts": "1578593359.032600"
            },
            {
                "user": "URQNVJPGF",
                "ts": "1578593397.032800"
            },
            {
                "user": "URQNVJPGF",
                "ts": "1578593488.033100"
            },
            {
                "user": "UC19HAUAK",
                "ts": "1578594811.033500"
            },
            {
                "user": "UC19HAUAK",
                "ts": "1578596978.033800"
            },
            {
                "user": "URS6PE0MQ",
                "ts": "1578597021.034000"
            },
            {
                "user": "URS6PE0MQ",
                "ts": "1578597031.034200"
            },
            {
                "user": "UC19HAUAK",
                "ts": "1578597079.034600"
            }
        ],
        "subscribed": false
    },
    {
        "client_msg_id": "4fd3767e-b119-4271-973b-d9c4076ef059",
        "type": "message",
        "text": "<@UC19HAUAK> Hi pavel, Is there a way to generate a public api for cubejs? Where I could query it like in the explore page but no client or frontend side. Just a bunch of json data.",
        "user": "UQVGN8Y57",
        "ts": "1578574207.021900",
        "team": "TC0C1HURK",
        "user_team": "TC0C1HURK",
        "source_team": "TC0C1HURK",
        "user_profile": {
            "avatar_hash": "gc23fd6b1e1e",
            "image_72": "https:\/\/secure.gravatar.com\/avatar\/c23fd6b1e1ebe1321063fcdc37d29c04.jpg?s=72&d=https%3A%2F%2Fa.slack-edge.com%2Fdf10d%2Fimg%2Favatars%2Fava_0022-72.png",
            "first_name": "",
            "real_name": "nthdev",
            "display_name": "nthdev",
            "team": "TC0C1HURK",
            "name": "pbartocillo",
            "is_restricted": false,
            "is_ultra_restricted": false
        },
        "blocks": [
            {
                "type": "rich_text",
                "block_id": "eiU",
                "elements": [
                    {
                        "type": "rich_text_section",
                        "elements": [
                            {
                                "type": "user",
                                "user_id": "UC19HAUAK"
                            },
                            {
                                "type": "text",
                                "text": " Hi pavel, Is there a way to generate a public api for cubejs? Where I could query it like in the explore page but no client or frontend side. Just a bunch of json data."
                            }
                        ]
                    }
                ]
            }
        ],
        "thread_ts": "1575005075.466600",
        "parent_user_id": "UQVGN8Y57"
    },
    {
        "client_msg_id": "d0633866-b825-4c4d-be21-fd8b4d32a50e",
        "type": "message",
        "text": "Is your `query` object valid?",
        "user": "URS6PE0MQ",
        "ts": "1578574777.022200",
        "team": "TC0C1HURK",
        "user_team": "TC0C1HURK",
        "source_team": "TC0C1HURK",
        "user_profile": {
            "avatar_hash": "8b785edfd62c",
            "image_72": "https:\/\/avatars.slack-edge.com\/2020-01-03\/893039497744_8b785edfd62ce08d2761_72.png",
            "first_name": "",
            "real_name": "Hassan Khan",
            "display_name": "Hassan Khan",
            "team": "TC0C1HURK",
            "name": "contact_cubejs",
            "is_restricted": false,
            "is_ultra_restricted": false
        },
        "blocks": [
            {
                "type": "rich_text",
                "block_id": "Z89",
                "elements": [
                    {
                        "type": "rich_text_section",
                        "elements": [
                            {
                                "type": "text",
                                "text": "Is your "
                            },
                            {
                                "type": "text",
                                "text": "query",
                                "style": {
                                    "code": true
                                }
                            },
                            {
                                "type": "text",
                                "text": " object valid?"
                            }
                        ]
                    }
                ]
            }
        ],
        "thread_ts": "1578574062.021600",
        "parent_user_id": "URQNVJPGF"
    },
    {
        "client_msg_id": "0dd37852-9169-440b-9062-2ef94c5c76c9",
        "type": "message",
        "text": "The types are not generated from the source, so there's a good chance they may be incorrect",
        "user": "URS6PE0MQ",
        "ts": "1578574819.022400",
        "team": "TC0C1HURK",
        "user_team": "TC0C1HURK",
        "source_team": "TC0C1HURK",
        "user_profile": {
            "avatar_hash": "8b785edfd62c",
            "image_72": "https:\/\/avatars.slack-edge.com\/2020-01-03\/893039497744_8b785edfd62ce08d2761_72.png",
            "first_name": "",
            "real_name": "Hassan Khan",
            "display_name": "Hassan Khan",
            "team": "TC0C1HURK",
            "name": "contact_cubejs",
            "is_restricted": false,
            "is_ultra_restricted": false
        },
        "blocks": [
            {
                "type": "rich_text",
                "block_id": "LQt",
                "elements": [
                    {
                        "type": "rich_text_section",
                        "elements": [
                            {
                                "type": "text",
                                "text": "The types are not generated from the source, so there's a good chance they may be incorrect"
                            }
                        ]
                    }
                ]
            }
        ],
        "thread_ts": "1578574062.021600",
        "parent_user_id": "URQNVJPGF"
    },
    {
        "client_msg_id": "7b717dcc-d2bf-48cd-a65c-f132fa70ac36",
        "type": "message",
        "text": "The query object is valid because it works if I `\/\/ @ts-ignore`  the\n```CubejsServerCore.create(cubeOptions).initApp(app);```",
        "user": "URQNVJPGF",
        "ts": "1578575441.022600",
        "team": "TC0C1HURK",
        "user_team": "TC0C1HURK",
        "source_team": "TC0C1HURK",
        "user_profile": {
            "avatar_hash": "gd769b0262dc",
            "image_72": "https:\/\/secure.gravatar.com\/avatar\/d769b0262dceb304570c6c2e45402bf1.jpg?s=72&d=https%3A%2F%2Fa.slack-edge.com%2Fdf10d%2Fimg%2Favatars%2Fava_0006-72.png",
            "first_name": "",
            "real_name": "Erald Totraku",
            "display_name": "Erald Totraku",
            "team": "TC0C1HURK",
            "name": "erald.totraku",
            "is_restricted": false,
            "is_ultra_restricted": false
        },
        "blocks": [
            {
                "type": "rich_text",
                "block_id": "lAw",
                "elements": [
                    {
                        "type": "rich_text_section",
                        "elements": [
                            {
                                "type": "text",
                                "text": "The query object is valid because it works if I "
                            },
                            {
                                "type": "text",
                                "text": "\/\/ @ts-ignore",
                                "style": {
                                    "code": true
                                }
                            },
                            {
                                "type": "text",
                                "text": "  the\n"
                            }
                        ]
                    },
                    {
                        "type": "rich_text_preformatted",
                        "elements": [
                            {
                                "type": "text",
                                "text": "CubejsServerCore.create(cubeOptions).initApp(app);"
                            }
                        ]
                    }
                ]
            }
        ],
        "thread_ts": "1578574062.021600",
        "parent_user_id": "URQNVJPGF"
    },
    {
        "client_msg_id": "3f8b4b41-4406-47ef-aac8-65483f932d53",
        "type": "message",
        "text": "the type of queryTransformer is obviously incorrect, if you follow the interface definition, actually that’s my question",
        "user": "URQNVJPGF",
        "ts": "1578575550.022800",
        "team": "TC0C1HURK",
        "user_team": "TC0C1HURK",
        "source_team": "TC0C1HURK",
        "user_profile": {
            "avatar_hash": "gd769b0262dc",
            "image_72": "https:\/\/secure.gravatar.com\/avatar\/d769b0262dceb304570c6c2e45402bf1.jpg?s=72&d=https%3A%2F%2Fa.slack-edge.com%2Fdf10d%2Fimg%2Favatars%2Fava_0006-72.png",
            "first_name": "",
            "real_name": "Erald Totraku",
            "display_name": "Erald Totraku",
            "team": "TC0C1HURK",
            "name": "erald.totraku",
            "is_restricted": false,
            "is_ultra_restricted": false
        },
        "edited": {
            "user": "URQNVJPGF",
            "ts": "1578575588.000000"
        },
        "blocks": [
            {
                "type": "rich_text",
                "block_id": "d9I",
                "elements": [
                    {
                        "type": "rich_text_section",
                        "elements": [
                            {
                                "type": "text",
                                "text": "the type of queryTransformer is obviously incorrect, if you follow the interface definition, actually that’s my question"
                            }
                        ]
                    }
                ]
            }
        ],
        "thread_ts": "1578574062.021600",
        "parent_user_id": "URQNVJPGF"
    },
    {
        "client_msg_id": "e1c0eb14-f95e-4dc9-b5ac-3cc9e7d8f2e6",
        "type": "message",
        "text": "while this snippet\n```queryTransformer: (query, { authInfo }) =&gt; {\n    const user = authInfo.u;\n    if (user.filterByRegion) {\n      query.filters.push({\n        dimension: 'Regions.id',\n        operator: 'equals',\n        values: [user.regionId]\n      })\n    }\n    return query;\n  }```\ndoes not follow the interface definition",
        "user": "URQNVJPGF",
        "ts": "1578575572.023000",
        "team": "TC0C1HURK",
        "user_team": "TC0C1HURK",
        "source_team": "TC0C1HURK",
        "user_profile": {
            "avatar_hash": "gd769b0262dc",
            "image_72": "https:\/\/secure.gravatar.com\/avatar\/d769b0262dceb304570c6c2e45402bf1.jpg?s=72&d=https%3A%2F%2Fa.slack-edge.com%2Fdf10d%2Fimg%2Favatars%2Fava_0006-72.png",
            "first_name": "",
            "real_name": "Erald Totraku",
            "display_name": "Erald Totraku",
            "team": "TC0C1HURK",
            "name": "erald.totraku",
            "is_restricted": false,
            "is_ultra_restricted": false
        },
        "blocks": [
            {
                "type": "rich_text",
                "block_id": "qwdvo",
                "elements": [
                    {
                        "type": "rich_text_section",
                        "elements": [
                            {
                                "type": "text",
                                "text": "while this snippet\n"
                            }
                        ]
                    },
                    {
                        "type": "rich_text_preformatted",
                        "elements": [
                            {
                                "type": "text",
                                "text": "queryTransformer: (query, { authInfo }) => {\n    const user = authInfo.u;\n    if (user.filterByRegion) {\n      query.filters.push({\n        dimension: 'Regions.id',\n        operator: 'equals',\n        values: [user.regionId]\n      })\n    }\n    return query;\n  }"
                            }
                        ]
                    },
                    {
                        "type": "rich_text_section",
                        "elements": [
                            {
                                "type": "text",
                                "text": "does not follow the interface definition"
                            }
                        ]
                    }
                ]
            }
        ],
        "thread_ts": "1578574062.021600",
        "parent_user_id": "URQNVJPGF"
    },
    {
        "client_msg_id": "5e0da8ca-794e-48c1-a21f-09dbfef054e6",
        "type": "message",
        "text": "ahh I apologise, I misunderstood your question",
        "user": "URS6PE0MQ",
        "ts": "1578575960.023300",
        "team": "TC0C1HURK",
        "user_team": "TC0C1HURK",
        "source_team": "TC0C1HURK",
        "user_profile": {
            "avatar_hash": "8b785edfd62c",
            "image_72": "https:\/\/avatars.slack-edge.com\/2020-01-03\/893039497744_8b785edfd62ce08d2761_72.png",
            "first_name": "",
            "real_name": "Hassan Khan",
            "display_name": "Hassan Khan",
            "team": "TC0C1HURK",
            "name": "contact_cubejs",
            "is_restricted": false,
            "is_ultra_restricted": false
        },
        "blocks": [
            {
                "type": "rich_text",
                "block_id": "=aNTT",
                "elements": [
                    {
                        "type": "rich_text_section",
                        "elements": [
                            {
                                "type": "text",
                                "text": "ahh I apologise, I misunderstood your question"
                            }
                        ]
                    }
                ]
            }
        ],
        "thread_ts": "1578574062.021600",
        "parent_user_id": "URQNVJPGF"
    },
    {
        "client_msg_id": "ddca5ed9-6a71-4209-8e47-bbcc7dbcb9d1",
        "type": "message",
        "text": "It does indeed seem like the types are incorrect",
        "user": "URS6PE0MQ",
        "ts": "1578575968.023500",
        "team": "TC0C1HURK",
        "user_team": "TC0C1HURK",
        "source_team": "TC0C1HURK",
        "user_profile": {
            "avatar_hash": "8b785edfd62c",
            "image_72": "https:\/\/avatars.slack-edge.com\/2020-01-03\/893039497744_8b785edfd62ce08d2761_72.png",
            "first_name": "",
            "real_name": "Hassan Khan",
            "display_name": "Hassan Khan",
            "team": "TC0C1HURK",
            "name": "contact_cubejs",
            "is_restricted": false,
            "is_ultra_restricted": false
        },
        "blocks": [
            {
                "type": "rich_text",
                "block_id": "ege4d",
                "elements": [
                    {
                        "type": "rich_text_section",
                        "elements": [
                            {
                                "type": "text",
                                "text": "It does indeed seem like the types are incorrect"
                            }
                        ]
                    }
                ]
            }
        ],
        "thread_ts": "1578574062.021600",
        "parent_user_id": "URQNVJPGF"
    },
    {
        "client_msg_id": "49391c5f-2757-4c43-a457-fb8cd9721430",
        "type": "message",
        "text": "Thanks <@UC19HAUAK>, and how should I use a countDistinct measure with segments and pre aggregations? I need to add dimensionReferences to the rollout? I thought segments inside pre aggregations only add a boolean to the table for each segment.",
        "user": "UR0RYDR8C",
        "ts": "1578581236.023700",
        "team": "TC0C1HURK",
        "user_team": "TC0C1HURK",
        "source_team": "TC0C1HURK",
        "user_profile": {
            "avatar_hash": "gffe7f951d16",
            "image_72": "https:\/\/secure.gravatar.com\/avatar\/ffe7f951d16adc2547cf6958226e242e.jpg?s=72&d=https%3A%2F%2Fa.slack-edge.com%2Fdf10d%2Fimg%2Favatars%2Fava_0022-72.png",
            "first_name": "",
            "real_name": "Nicolás Risso",
            "display_name": "Nicolás Risso",
            "team": "TC0C1HURK",
            "name": "nicolas",
            "is_restricted": false,
            "is_ultra_restricted": false
        },
        "blocks": [
            {
                "type": "rich_text",
                "block_id": "4Iu",
                "elements": [
                    {
                        "type": "rich_text_section",
                        "elements": [
                            {
                                "type": "text",
                                "text": "Thanks "
                            },
                            {
                                "type": "user",
                                "user_id": "UC19HAUAK"
                            },
                            {
                                "type": "text",
                                "text": ", and how should I use a countDistinct measure with segments and pre aggregations? I need to add dimensionReferences to the rollout? I thought segments inside pre aggregations only add a boolean to the table for each segment."
                            }
                        ]
                    }
                ]
            }
        ],
        "thread_ts": "1578496065.012800",
        "parent_user_id": "UR0RYDR8C"
    },
    {
        "client_msg_id": "0c38044e-d011-441e-bc02-cc6e0d4d9bfd",
        "type": "message",
        "text": "Another quick question <@UC19HAUAK>: Can I create a dynamic number of cubes schemas? for from an api response create N cubes?",
        "user": "UR0RYDR8C",
        "ts": "1578582833.023900",
        "team": "TC0C1HURK",
        "user_team": "TC0C1HURK",
        "source_team": "TC0C1HURK",
        "user_profile": {
            "avatar_hash": "gffe7f951d16",
            "image_72": "https:\/\/secure.gravatar.com\/avatar\/ffe7f951d16adc2547cf6958226e242e.jpg?s=72&d=https%3A%2F%2Fa.slack-edge.com%2Fdf10d%2Fimg%2Favatars%2Fava_0022-72.png",
            "first_name": "",
            "real_name": "Nicolás Risso",
            "display_name": "Nicolás Risso",
            "team": "TC0C1HURK",
            "name": "nicolas",
            "is_restricted": false,
            "is_ultra_restricted": false
        },
        "blocks": [
            {
                "type": "rich_text",
                "block_id": "Qte",
                "elements": [
                    {
                        "type": "rich_text_section",
                        "elements": [
                            {
                                "type": "text",
                                "text": "Another quick question "
                            },
                            {
                                "type": "user",
                                "user_id": "UC19HAUAK"
                            },
                            {
                                "type": "text",
                                "text": ": Can I create a dynamic number of cubes schemas? for from an api response create N cubes?"
                            }
                        ]
                    }
                ]
            }
        ],
        "thread_ts": "1578496065.012800",
        "parent_user_id": "UR0RYDR8C"
    },
    {
        "client_msg_id": "d2b6b044-4d9e-4a84-8c3b-1582fadc2482",
        "type": "message",
        "text": "<@UR0RYDR8C> You should define rollup per each combination of segments you want to track in case of not additive measures.",
        "user": "UC19HAUAK",
        "ts": "1578588370.024100",
        "team": "TC0C1HURK",
        "user_team": "TC0C1HURK",
        "source_team": "TC0C1HURK",
        "user_profile": {
            "avatar_hash": "066a042e018c",
            "image_72": "https:\/\/avatars.slack-edge.com\/2019-12-07\/866588520998_066a042e018ca831a195_72.png",
            "first_name": "Pavel",
            "real_name": "Pavel Tiunov",
            "display_name": "pavel",
            "team": "TC0C1HURK",
            "name": "pavel",
            "is_restricted": false,
            "is_ultra_restricted": false
        },
        "blocks": [
            {
                "type": "rich_text",
                "block_id": "QBu\/j",
                "elements": [
                    {
                        "type": "rich_text_section",
                        "elements": [
                            {
                                "type": "user",
                                "user_id": "UR0RYDR8C"
                            },
                            {
                                "type": "text",
                                "text": " You should define rollup per each combination of segments you want to track in case of not additive measures."
                            }
                        ]
                    }
                ]
            }
        ],
        "thread_ts": "1578496065.012800",
        "parent_user_id": "UR0RYDR8C"
    },
    {
        "client_msg_id": "65c4e74f-5d10-419b-942c-ee9ddd55f064",
        "type": "message",
        "text": "<@UR0RYDR8C> Yep. <https:\/\/cube.dev\/docs\/schema-generation#top> <https:\/\/cube.dev\/docs\/schema-execution-environment#async-module>",
        "user": "UC19HAUAK",
        "ts": "1578588401.024300",
        "team": "TC0C1HURK",
        "user_team": "TC0C1HURK",
        "source_team": "TC0C1HURK",
        "user_profile": {
            "avatar_hash": "066a042e018c",
            "image_72": "https:\/\/avatars.slack-edge.com\/2019-12-07\/866588520998_066a042e018ca831a195_72.png",
            "first_name": "Pavel",
            "real_name": "Pavel Tiunov",
            "display_name": "pavel",
            "team": "TC0C1HURK",
            "name": "pavel",
            "is_restricted": false,
            "is_ultra_restricted": false
        },
        "edited": {
            "user": "UC19HAUAK",
            "ts": "1578588411.000000"
        },
        "blocks": [
            {
                "type": "rich_text",
                "block_id": "2JeX",
                "elements": [
                    {
                        "type": "rich_text_section",
                        "elements": [
                            {
                                "type": "user",
                                "user_id": "UR0RYDR8C"
                            },
                            {
                                "type": "text",
                                "text": " Yep. "
                            },
                            {
                                "type": "link",
                                "url": "https:\/\/cube.dev\/docs\/schema-generation#top"
                            },
                            {
                                "type": "text",
                                "text": " "
                            },
                            {
                                "type": "link",
                                "url": "https:\/\/cube.dev\/docs\/schema-execution-environment#async-module"
                            }
                        ]
                    }
                ]
            }
        ],
        "thread_ts": "1578496065.012800",
        "parent_user_id": "UR0RYDR8C"
    },
    {
        "client_msg_id": "b5b712d1-e6b4-430e-99e3-908ae0fd77f3",
        "type": "message",
        "text": "Hi all, when defining a schema I have a where clause that limits the number of rows that we will _initially_ be loading into the cube from Athena. eg:\n```SELECT *\nFROM metricsarchive.metrics\nWHERE timestamp &lt; '&lt;one week ago&gt;'```\nIt will often be the case that the user wants more than one week of data, ie. we would want to change the value in the WHERE clause to get more rows, say, when a button is clicked.\n\nSince this query is declared in the `sql` property of the schema, i'm not sure how to go about changing it and loading more data into the cube **dynamically during runtime**.\n\nIt seems like every example I've seen loads all data into the cube at once, which is suboptimal for us since we have lots of rows.",
        "user": "USE3AUW8Y",
        "ts": "1578589302.031300",
        "team": "TC0C1HURK",
        "user_team": "TC0C1HURK",
        "source_team": "TC0C1HURK",
        "user_profile": {
            "avatar_hash": "25c1842db27a",
            "image_72": "https:\/\/avatars.slack-edge.com\/2020-01-09\/902193776470_25c1842db27a59511089_72.png",
            "first_name": "Laura",
            "real_name": "Laura Alkhoury",
            "display_name": "Laura Alkhoury",
            "team": "TC0C1HURK",
            "name": "laura.alkhoury",
            "is_restricted": false,
            "is_ultra_restricted": false
        },
        "blocks": [
            {
                "type": "rich_text",
                "block_id": "S8h",
                "elements": [
                    {
                        "type": "rich_text_section",
                        "elements": [
                            {
                                "type": "text",
                                "text": "Hi all, when defining a schema I have a where clause that limits the number of rows that we will "
                            },
                            {
                                "type": "text",
                                "text": "initially",
                                "style": {
                                    "italic": true
                                }
                            },
                            {
                                "type": "text",
                                "text": " be loading into the cube from Athena. eg:\n"
                            }
                        ]
                    },
                    {
                        "type": "rich_text_preformatted",
                        "elements": [
                            {
                                "type": "text",
                                "text": "SELECT *\nFROM metricsarchive.metrics\nWHERE timestamp < '<one week ago>'"
                            }
                        ]
                    },
                    {
                        "type": "rich_text_section",
                        "elements": [
                            {
                                "type": "text",
                                "text": "\nIt will often be the case that the user wants more than one week of data, ie. we would want to change the value in the WHERE clause to get more rows, say, when a button is clicked.\n\nSince this query is declared in the "
                            },
                            {
                                "type": "text",
                                "text": "sql",
                                "style": {
                                    "code": true
                                }
                            },
                            {
                                "type": "text",
                                "text": " property of the schema, i'm not sure how to go about changing it and loading more data into the cube *"
                            },
                            {
                                "type": "text",
                                "text": "dynamically during runtime",
                                "style": {
                                    "bold": true
                                }
                            },
                            {
                                "type": "text",
                                "text": "*.\n\nIt seems like every example I've seen loads all data into the cube at once, which is suboptimal for us since we have lots of rows."
                            }
                        ]
                    }
                ]
            }
        ],
        "thread_ts": "1578589302.031300",
        "reply_count": 18,
        "reply_users_count": 3,
        "latest_reply": "1579010890.106600",
        "reply_users": [
            "URS6PE0MQ",
            "UC19HAUAK",
            "USE3AUW8Y"
        ],
        "replies": [
            {
                "user": "URS6PE0MQ",
                "ts": "1578590429.031600"
            },
            {
                "user": "URS6PE0MQ",
                "ts": "1578590466.031800"
            },
            {
                "user": "UC19HAUAK",
                "ts": "1578591178.032000"
            },
            {
                "user": "USE3AUW8Y",
                "ts": "1578593790.033300"
            },
            {
                "user": "USE3AUW8Y",
                "ts": "1579010288.103700"
            },
            {
                "user": "URS6PE0MQ",
                "ts": "1579010336.104000"
            },
            {
                "user": "URS6PE0MQ",
                "ts": "1579010375.104200"
            },
            {
                "user": "USE3AUW8Y",
                "ts": "1579010385.104400"
            },
            {
                "user": "URS6PE0MQ",
                "ts": "1579010393.104600"
            },
            {
                "user": "URS6PE0MQ",
                "ts": "1579010404.104800"
            },
            {
                "user": "URS6PE0MQ",
                "ts": "1579010412.105000"
            },
            {
                "user": "USE3AUW8Y",
                "ts": "1579010438.105200"
            },
            {
                "user": "USE3AUW8Y",
                "ts": "1579010569.105400"
            },
            {
                "user": "URS6PE0MQ",
                "ts": "1579010626.105800"
            },
            {
                "user": "USE3AUW8Y",
                "ts": "1579010641.106000"
            },
            {
                "user": "URS6PE0MQ",
                "ts": "1579010793.106200"
            },
            {
                "user": "URS6PE0MQ",
                "ts": "1579010887.106400"
            },
            {
                "user": "URS6PE0MQ",
                "ts": "1579010890.106600"
            }
        ],
        "subscribed": false
    },
    {
        "client_msg_id": "f3b4dbe1-868f-48e9-b87e-451f7c647545",
        "type": "message",
        "text": "Hey <@URQNVJPGF>! Such error usually is due to you reference not existing members\/cubes.",
        "user": "UC19HAUAK",
        "ts": "1578590312.031400",
        "team": "TC0C1HURK",
        "user_team": "TC0C1HURK",
        "source_team": "TC0C1HURK",
        "user_profile": {
            "avatar_hash": "066a042e018c",
            "image_72": "https:\/\/avatars.slack-edge.com\/2019-12-07\/866588520998_066a042e018ca831a195_72.png",
            "first_name": "Pavel",
            "real_name": "Pavel Tiunov",
            "display_name": "pavel",
            "team": "TC0C1HURK",
            "name": "pavel",
            "is_restricted": false,
            "is_ultra_restricted": false
        },
        "blocks": [
            {
                "type": "rich_text",
                "block_id": "Q+KZn",
                "elements": [
                    {
                        "type": "rich_text_section",
                        "elements": [
                            {
                                "type": "text",
                                "text": "Hey "
                            },
                            {
                                "type": "user",
                                "user_id": "URQNVJPGF"
                            },
                            {
                                "type": "text",
                                "text": "! Such error usually is due to you reference not existing members\/cubes."
                            }
                        ]
                    }
                ]
            }
        ],
        "thread_ts": "1578574062.021600",
        "parent_user_id": "URQNVJPGF"
    },
    {
        "client_msg_id": "9c9acf67-112f-44ec-b29d-3a93a9985da3",
        "type": "message",
        "text": "I got around this by specifying the `timestamp` in my query from the frontend",
        "user": "URS6PE0MQ",
        "ts": "1578590429.031600",
        "team": "TC0C1HURK",
        "user_team": "TC0C1HURK",
        "source_team": "TC0C1HURK",
        "user_profile": {
            "avatar_hash": "8b785edfd62c",
            "image_72": "https:\/\/avatars.slack-edge.com\/2020-01-03\/893039497744_8b785edfd62ce08d2761_72.png",
            "first_name": "",
            "real_name": "Hassan Khan",
            "display_name": "Hassan Khan",
            "team": "TC0C1HURK",
            "name": "contact_cubejs",
            "is_restricted": false,
            "is_ultra_restricted": false
        },
        "blocks": [
            {
                "type": "rich_text",
                "block_id": "yTvE",
                "elements": [
                    {
                        "type": "rich_text_section",
                        "elements": [
                            {
                                "type": "text",
                                "text": "I got around this by specifying the "
                            },
                            {
                                "type": "text",
                                "text": "timestamp",
                                "style": {
                                    "code": true
                                }
                            },
                            {
                                "type": "text",
                                "text": " in my query from the frontend"
                            }
                        ]
                    }
                ]
            }
        ],
        "thread_ts": "1578589302.031300",
        "parent_user_id": "USE3AUW8Y"
    },
    {
        "client_msg_id": "66ba6bfe-4f4b-440e-96ff-5f7bf6a74399",
        "type": "message",
        "text": "Not sure if there's any other way to dynamically change the dataset during runtime, <@UC19HAUAK> might know better though",
        "user": "URS6PE0MQ",
        "ts": "1578590466.031800",
        "team": "TC0C1HURK",
        "user_team": "TC0C1HURK",
        "source_team": "TC0C1HURK",
        "user_profile": {
            "avatar_hash": "8b785edfd62c",
            "image_72": "https:\/\/avatars.slack-edge.com\/2020-01-03\/893039497744_8b785edfd62ce08d2761_72.png",
            "first_name": "",
            "real_name": "Hassan Khan",
            "display_name": "Hassan Khan",
            "team": "TC0C1HURK",
            "name": "contact_cubejs",
            "is_restricted": false,
            "is_ultra_restricted": false
        },
        "blocks": [
            {
                "type": "rich_text",
                "block_id": "FYVrg",
                "elements": [
                    {
                        "type": "rich_text_section",
                        "elements": [
                            {
                                "type": "text",
                                "text": "Not sure if there's any other way to dynamically change the dataset during runtime, "
                            },
                            {
                                "type": "user",
                                "user_id": "UC19HAUAK"
                            },
                            {
                                "type": "text",
                                "text": " might know better though"
                            }
                        ]
                    }
                ]
            }
        ],
        "thread_ts": "1578589302.031300",
        "parent_user_id": "USE3AUW8Y"
    },
    {
        "client_msg_id": "6986d6b9-debb-4bdd-a236-6b8bd7f5051e",
        "type": "message",
        "text": "Hey <@USE3AUW8Y>! Great question! Actually cube.js doesn't load any data somewhere. It just issues queries directly to DB. You can check issued SQL in playground or logs. When query is issued filters are applied on top of your cube SQL. Most of modern databases have filter pushdown optimizations which allow to reduce dataset scanned based on provided filters values. In some cases such as Athena partitioning you need to provide hint for DB explicitly using `FILTER_PARAMS`: <https:\/\/cube.dev\/docs\/cube#context-variables-filter-params>.",
        "user": "UC19HAUAK",
        "ts": "1578591178.032000",
        "team": "TC0C1HURK",
        "user_team": "TC0C1HURK",
        "source_team": "TC0C1HURK",
        "user_profile": {
            "avatar_hash": "066a042e018c",
            "image_72": "https:\/\/avatars.slack-edge.com\/2019-12-07\/866588520998_066a042e018ca831a195_72.png",
            "first_name": "Pavel",
            "real_name": "Pavel Tiunov",
            "display_name": "pavel",
            "team": "TC0C1HURK",
            "name": "pavel",
            "is_restricted": false,
            "is_ultra_restricted": false
        },
        "blocks": [
            {
                "type": "rich_text",
                "block_id": "KMjwQ",
                "elements": [
                    {
                        "type": "rich_text_section",
                        "elements": [
                            {
                                "type": "text",
                                "text": "Hey "
                            },
                            {
                                "type": "user",
                                "user_id": "USE3AUW8Y"
                            },
                            {
                                "type": "text",
                                "text": "! Great question! Actually cube.js doesn't load any data somewhere. It just issues queries directly to DB. You can check issued SQL in playground or logs. When query is issued filters are applied on top of your cube SQL. Most of modern databases have filter pushdown optimizations which allow to reduce dataset scanned based on provided filters values. In some cases such as Athena partitioning you need to provide hint for DB explicitly using "
                            },
                            {
                                "type": "text",
                                "text": "FILTER_PARAMS",
                                "style": {
                                    "code": true
                                }
                            },
                            {
                                "type": "text",
                                "text": ": "
                            },
                            {
                                "type": "link",
                                "url": "https:\/\/cube.dev\/docs\/cube#context-variables-filter-params"
                            },
                            {
                                "type": "text",
                                "text": "."
                            }
                        ]
                    }
                ]
            }
        ],
        "thread_ts": "1578589302.031300",
        "parent_user_id": "USE3AUW8Y"
    },
    {
        "client_msg_id": "f2eb4de9-e126-4dd9-88c4-bde5de2ddee6",
        "type": "message",
        "text": "<@UQVGN8Y57> Like REST API docs?",
        "user": "UC19HAUAK",
        "ts": "1578592800.032400",
        "team": "TC0C1HURK",
        "user_team": "TC0C1HURK",
        "source_team": "TC0C1HURK",
        "user_profile": {
            "avatar_hash": "066a042e018c",
            "image_72": "https:\/\/avatars.slack-edge.com\/2019-12-07\/866588520998_066a042e018ca831a195_72.png",
            "first_name": "Pavel",
            "real_name": "Pavel Tiunov",
            "display_name": "pavel",
            "team": "TC0C1HURK",
            "name": "pavel",
            "is_restricted": false,
            "is_ultra_restricted": false
        },
        "blocks": [
            {
                "type": "rich_text",
                "block_id": "41H",
                "elements": [
                    {
                        "type": "rich_text_section",
                        "elements": [
                            {
                                "type": "user",
                                "user_id": "UQVGN8Y57"
                            },
                            {
                                "type": "text",
                                "text": " Like REST API docs?"
                            }
                        ]
                    }
                ]
            }
        ],
        "thread_ts": "1575005075.466600",
        "parent_user_id": "UQVGN8Y57"
    },
    {
        "client_msg_id": "268c21e2-116d-4b1c-900e-4682c75d5482",
        "type": "message",
        "text": "<@UC19HAUAK> thanks for the answer!",
        "user": "URQNVJPGF",
        "ts": "1578593359.032600",
        "team": "TC0C1HURK",
        "user_team": "TC0C1HURK",
        "source_team": "TC0C1HURK",
        "user_profile": {
            "avatar_hash": "gd769b0262dc",
            "image_72": "https:\/\/secure.gravatar.com\/avatar\/d769b0262dceb304570c6c2e45402bf1.jpg?s=72&d=https%3A%2F%2Fa.slack-edge.com%2Fdf10d%2Fimg%2Favatars%2Fava_0006-72.png",
            "first_name": "",
            "real_name": "Erald Totraku",
            "display_name": "Erald Totraku",
            "team": "TC0C1HURK",
            "name": "erald.totraku",
            "is_restricted": false,
            "is_ultra_restricted": false
        },
        "blocks": [
            {
                "type": "rich_text",
                "block_id": "sWy",
                "elements": [
                    {
                        "type": "rich_text_section",
                        "elements": [
                            {
                                "type": "user",
                                "user_id": "UC19HAUAK"
                            },
                            {
                                "type": "text",
                                "text": " thanks for the answer!"
                            }
                        ]
                    }
                ]
            }
        ],
        "thread_ts": "1578574062.021600",
        "parent_user_id": "URQNVJPGF"
    },
    {
        "client_msg_id": "5d50460c-c6c3-4dc0-9742-727194fe705f",
        "type": "message",
        "text": "But why is queryTransformer used like this:\n```queryTransformer: (query, { authInfo }) =&gt; {\n    const user = authInfo.u;\n    if (user.filterByRegion) {\n      query.filters.push({\n        dimension: 'Regions.id',\n        operator: 'equals',\n        values: [user.regionId]\n      })\n    }\n    return query;\n  }```\n when the interface defines it like this\n```queryTransformer?: () =&gt; (query: any, context: any) =&gt; any;```\n",
        "user": "URQNVJPGF",
        "ts": "1578593397.032800",
        "team": "TC0C1HURK",
        "user_team": "TC0C1HURK",
        "source_team": "TC0C1HURK",
        "user_profile": {
            "avatar_hash": "gd769b0262dc",
            "image_72": "https:\/\/secure.gravatar.com\/avatar\/d769b0262dceb304570c6c2e45402bf1.jpg?s=72&d=https%3A%2F%2Fa.slack-edge.com%2Fdf10d%2Fimg%2Favatars%2Fava_0006-72.png",
            "first_name": "",
            "real_name": "Erald Totraku",
            "display_name": "Erald Totraku",
            "team": "TC0C1HURK",
            "name": "erald.totraku",
            "is_restricted": false,
            "is_ultra_restricted": false
        },
        "edited": {
            "user": "URQNVJPGF",
            "ts": "1578593417.000000"
        },
        "blocks": [
            {
                "type": "rich_text",
                "block_id": "DHyM",
                "elements": [
                    {
                        "type": "rich_text_section",
                        "elements": [
                            {
                                "type": "text",
                                "text": "But why is queryTransformer used like this:\n"
                            }
                        ]
                    },
                    {
                        "type": "rich_text_preformatted",
                        "elements": [
                            {
                                "type": "text",
                                "text": "queryTransformer: (query, { authInfo }) => {\n    const user = authInfo.u;\n    if (user.filterByRegion) {\n      query.filters.push({\n        dimension: 'Regions.id',\n        operator: 'equals',\n        values: [user.regionId]\n      })\n    }\n    return query;\n  }"
                            }
                        ]
                    },
                    {
                        "type": "rich_text_section",
                        "elements": [
                            {
                                "type": "text",
                                "text": " when the interface defines it like this\n"
                            }
                        ]
                    },
                    {
                        "type": "rich_text_preformatted",
                        "elements": [
                            {
                                "type": "text",
                                "text": "queryTransformer?: () => (query: any, context: any) => any;"
                            }
                        ]
                    },
                    {
                        "type": "rich_text_section",
                        "elements": []
                    }
                ]
            }
        ],
        "thread_ts": "1578574062.021600",
        "parent_user_id": "URQNVJPGF"
    },
    {
        "client_msg_id": "e40acecf-77fb-4bb5-90d0-fec1636e5561",
        "type": "message",
        "text": "does this mean that queryTransformer takes a function as input `() =&gt; (query: any, context: any)`  and returns `any` ?",
        "user": "URQNVJPGF",
        "ts": "1578593488.033100",
        "team": "TC0C1HURK",
        "user_team": "TC0C1HURK",
        "source_team": "TC0C1HURK",
        "user_profile": {
            "avatar_hash": "gd769b0262dc",
            "image_72": "https:\/\/secure.gravatar.com\/avatar\/d769b0262dceb304570c6c2e45402bf1.jpg?s=72&d=https%3A%2F%2Fa.slack-edge.com%2Fdf10d%2Fimg%2Favatars%2Fava_0006-72.png",
            "first_name": "",
            "real_name": "Erald Totraku",
            "display_name": "Erald Totraku",
            "team": "TC0C1HURK",
            "name": "erald.totraku",
            "is_restricted": false,
            "is_ultra_restricted": false
        },
        "blocks": [
            {
                "type": "rich_text",
                "block_id": "wYm",
                "elements": [
                    {
                        "type": "rich_text_section",
                        "elements": [
                            {
                                "type": "text",
                                "text": "does this mean that queryTransformer takes a function as input "
                            },
                            {
                                "type": "text",
                                "text": "() => (query: any, context: any)",
                                "style": {
                                    "code": true
                                }
                            },
                            {
                                "type": "text",
                                "text": "  and returns "
                            },
                            {
                                "type": "text",
                                "text": "any",
                                "style": {
                                    "code": true
                                }
                            },
                            {
                                "type": "text",
                                "text": " ?"
                            }
                        ]
                    }
                ]
            }
        ],
        "thread_ts": "1578574062.021600",
        "parent_user_id": "URQNVJPGF"
    },
    {
        "client_msg_id": "259a1062-9457-40bc-82db-402a64650d75",
        "type": "message",
        "text": "Thanks guys!! Will give it a try",
        "user": "USE3AUW8Y",
        "ts": "1578593790.033300",
        "team": "TC0C1HURK",
        "user_team": "TC0C1HURK",
        "source_team": "TC0C1HURK",
        "user_profile": {
            "avatar_hash": "25c1842db27a",
            "image_72": "https:\/\/avatars.slack-edge.com\/2020-01-09\/902193776470_25c1842db27a59511089_72.png",
            "first_name": "Laura",
            "real_name": "Laura Alkhoury",
            "display_name": "Laura Alkhoury",
            "team": "TC0C1HURK",
            "name": "laura.alkhoury",
            "is_restricted": false,
            "is_ultra_restricted": false
        },
        "blocks": [
            {
                "type": "rich_text",
                "block_id": "cCcfB",
                "elements": [
                    {
                        "type": "rich_text_section",
                        "elements": [
                            {
                                "type": "text",
                                "text": "Thanks guys!! Will give it a try"
                            }
                        ]
                    }
                ]
            }
        ],
        "thread_ts": "1578589302.031300",
        "parent_user_id": "USE3AUW8Y",
        "reactions": [
            {
                "name": "raised_hands",
                "users": [
                    "UC19HAUAK",
                    "URS6PE0MQ"
                ],
                "count": 2
            }
        ]
    },
    {
        "client_msg_id": "471ae89b-a93a-4882-b62d-9ae06553c6c2",
        "type": "message",
        "text": "<@URQNVJPGF> Yep. This type seems incorrect to me.",
        "user": "UC19HAUAK",
        "ts": "1578594811.033500",
        "team": "TC0C1HURK",
        "user_team": "TC0C1HURK",
        "source_team": "TC0C1HURK",
        "user_profile": {
            "avatar_hash": "066a042e018c",
            "image_72": "https:\/\/avatars.slack-edge.com\/2019-12-07\/866588520998_066a042e018ca831a195_72.png",
            "first_name": "Pavel",
            "real_name": "Pavel Tiunov",
            "display_name": "pavel",
            "team": "TC0C1HURK",
            "name": "pavel",
            "is_restricted": false,
            "is_ultra_restricted": false
        },
        "blocks": [
            {
                "type": "rich_text",
                "block_id": "VRMb9",
                "elements": [
                    {
                        "type": "rich_text_section",
                        "elements": [
                            {
                                "type": "user",
                                "user_id": "URQNVJPGF"
                            },
                            {
                                "type": "text",
                                "text": " Yep. This type seems incorrect to me."
                            }
                        ]
                    }
                ]
            }
        ],
        "thread_ts": "1578574062.021600",
        "parent_user_id": "URQNVJPGF"
    },
    {
        "client_msg_id": "dd4cd3dc-17dc-4411-8e5a-909725aca5f5",
        "type": "message",
        "text": "<@URS6PE0MQ> Should it be `(query: any, context: any) =&gt; any` instead? `() =&gt;`  seems like a typo.",
        "user": "UC19HAUAK",
        "ts": "1578596978.033800",
        "team": "TC0C1HURK",
        "user_team": "TC0C1HURK",
        "source_team": "TC0C1HURK",
        "user_profile": {
            "avatar_hash": "066a042e018c",
            "image_72": "https:\/\/avatars.slack-edge.com\/2019-12-07\/866588520998_066a042e018ca831a195_72.png",
            "first_name": "Pavel",
            "real_name": "Pavel Tiunov",
            "display_name": "pavel",
            "team": "TC0C1HURK",
            "name": "pavel",
            "is_restricted": false,
            "is_ultra_restricted": false
        },
        "blocks": [
            {
                "type": "rich_text",
                "block_id": "LNwTF",
                "elements": [
                    {
                        "type": "rich_text_section",
                        "elements": [
                            {
                                "type": "user",
                                "user_id": "URS6PE0MQ"
                            },
                            {
                                "type": "text",
                                "text": " Should it be "
                            },
                            {
                                "type": "text",
                                "text": "(query: any, context: any) => any",
                                "style": {
                                    "code": true
                                }
                            },
                            {
                                "type": "text",
                                "text": " instead? "
                            },
                            {
                                "type": "text",
                                "text": "() =>",
                                "style": {
                                    "code": true
                                }
                            },
                            {
                                "type": "text",
                                "text": "  seems like a typo."
                            }
                        ]
                    }
                ]
            }
        ],
        "thread_ts": "1578574062.021600",
        "parent_user_id": "URQNVJPGF"
    },
    {
        "client_msg_id": "bf7b6abc-f21e-43a3-9e8a-e5b27f171c41",
        "type": "message",
        "text": "<@UC19HAUAK> it should indeed, definitely a typo",
        "user": "URS6PE0MQ",
        "ts": "1578597021.034000",
        "team": "TC0C1HURK",
        "user_team": "TC0C1HURK",
        "source_team": "TC0C1HURK",
        "user_profile": {
            "avatar_hash": "8b785edfd62c",
            "image_72": "https:\/\/avatars.slack-edge.com\/2020-01-03\/893039497744_8b785edfd62ce08d2761_72.png",
            "first_name": "",
            "real_name": "Hassan Khan",
            "display_name": "Hassan Khan",
            "team": "TC0C1HURK",
            "name": "contact_cubejs",
            "is_restricted": false,
            "is_ultra_restricted": false
        },
        "blocks": [
            {
                "type": "rich_text",
                "block_id": "VHiOx",
                "elements": [
                    {
                        "type": "rich_text_section",
                        "elements": [
                            {
                                "type": "user",
                                "user_id": "UC19HAUAK"
                            },
                            {
                                "type": "text",
                                "text": " it should indeed, definitely a typo"
                            }
                        ]
                    }
                ]
            }
        ],
        "thread_ts": "1578574062.021600",
        "parent_user_id": "URQNVJPGF"
    },
    {
        "client_msg_id": "82ebff1e-397b-4121-b56e-1de3aaa7ddbe",
        "type": "message",
        "text": "i can make a PR later if you'd like?",
        "user": "URS6PE0MQ",
        "ts": "1578597031.034200",
        "team": "TC0C1HURK",
        "user_team": "TC0C1HURK",
        "source_team": "TC0C1HURK",
        "user_profile": {
            "avatar_hash": "8b785edfd62c",
            "image_72": "https:\/\/avatars.slack-edge.com\/2020-01-03\/893039497744_8b785edfd62ce08d2761_72.png",
            "first_name": "",
            "real_name": "Hassan Khan",
            "display_name": "Hassan Khan",
            "team": "TC0C1HURK",
            "name": "contact_cubejs",
            "is_restricted": false,
            "is_ultra_restricted": false
        },
        "blocks": [
            {
                "type": "rich_text",
                "block_id": "0XS",
                "elements": [
                    {
                        "type": "rich_text_section",
                        "elements": [
                            {
                                "type": "text",
                                "text": "i can make a PR later if you'd like?"
                            }
                        ]
                    }
                ]
            }
        ],
        "thread_ts": "1578574062.021600",
        "parent_user_id": "URQNVJPGF"
    },
    {
        "type": "message",
        "subtype": "channel_join",
        "ts": "1578597067.034400",
        "user": "USHS8SNHM",
        "text": "<@USHS8SNHM> has joined the channel"
    },
    {
        "client_msg_id": "6ba6a62c-3602-475a-8655-38bcb4278af5",
        "type": "message",
        "text": "<@URS6PE0MQ> Yep. That'd great! Thanks!",
        "user": "UC19HAUAK",
        "ts": "1578597079.034600",
        "team": "TC0C1HURK",
        "user_team": "TC0C1HURK",
        "source_team": "TC0C1HURK",
        "user_profile": {
            "avatar_hash": "066a042e018c",
            "image_72": "https:\/\/avatars.slack-edge.com\/2019-12-07\/866588520998_066a042e018ca831a195_72.png",
            "first_name": "Pavel",
            "real_name": "Pavel Tiunov",
            "display_name": "pavel",
            "team": "TC0C1HURK",
            "name": "pavel",
            "is_restricted": false,
            "is_ultra_restricted": false
        },
        "blocks": [
            {
                "type": "rich_text",
                "block_id": "8r8",
                "elements": [
                    {
                        "type": "rich_text_section",
                        "elements": [
                            {
                                "type": "user",
                                "user_id": "URS6PE0MQ"
                            },
                            {
                                "type": "text",
                                "text": " Yep. That'd great! Thanks!"
                            }
                        ]
                    }
                ]
            }
        ],
        "thread_ts": "1578574062.021600",
        "parent_user_id": "URQNVJPGF"
    },
    {
        "type": "message",
        "subtype": "channel_join",
        "ts": "1578606976.034800",
        "user": "USG2AM893",
        "text": "<@USG2AM893> has joined the channel"
    },
    {
        "client_msg_id": "b5ad652a-b5fe-4c82-bc12-194491a693a0",
        "type": "message",
        "text": "Is there a way to get access to the query’s timezone context so it can be used when attempting to work with functions such as `day_of_week` ?   I need to segment message events based on their timestamp into `Monday, Tuesday, Wednesday…` etc. via  case statement, but as you can imagine they are highly susceptible the timezone you’re asking the query from.",
        "user": "UQHJXP9D0",
        "ts": "1578621203.037200",
        "team": "TC0C1HURK",
        "user_team": "TC0C1HURK",
        "source_team": "TC0C1HURK",
        "user_profile": {
            "avatar_hash": "g170fdf63963",
            "image_72": "https:\/\/secure.gravatar.com\/avatar\/170fdf63963c811262a9add882baf9f3.jpg?s=72&d=https%3A%2F%2Fa.slack-edge.com%2Fdf10d%2Fimg%2Favatars%2Fava_0018-72.png",
            "first_name": "",
            "real_name": "David Vins",
            "display_name": "David Vins",
            "team": "TC0C1HURK",
            "name": "david.vins",
            "is_restricted": false,
            "is_ultra_restricted": false
        },
        "blocks": [
            {
                "type": "rich_text",
                "block_id": "m\/rhZ",
                "elements": [
                    {
                        "type": "rich_text_section",
                        "elements": [
                            {
                                "type": "text",
                                "text": "Is there a way to get access to the query’s timezone context so it can be used when attempting to work with functions such as "
                            },
                            {
                                "type": "text",
                                "text": "day_of_week",
                                "style": {
                                    "code": true
                                }
                            },
                            {
                                "type": "text",
                                "text": " ?   I need to segment message events based on their timestamp into "
                            },
                            {
                                "type": "text",
                                "text": "Monday, Tuesday, Wednesday…",
                                "style": {
                                    "code": true
                                }
                            },
                            {
                                "type": "text",
                                "text": " etc. via  case statement, but as you can imagine they are highly susceptible the timezone you’re asking the query from."
                            }
                        ]
                    }
                ]
            }
        ],
        "thread_ts": "1578621203.037200",
        "reply_count": 3,
        "reply_users_count": 2,
        "latest_reply": "1578712272.058800",
        "reply_users": [
            "UQHJXP9D0",
            "UC19HAUAK"
        ],
        "replies": [
            {
                "user": "UQHJXP9D0",
                "ts": "1578621254.037300"
            },
            {
                "user": "UC19HAUAK",
                "ts": "1578685452.055800"
            },
            {
                "user": "UQHJXP9D0",
                "ts": "1578712272.058800"
            }
        ],
        "subscribed": false
    },
    {
        "client_msg_id": "8e0e1923-012b-4939-8178-d2e978b2a586",
        "type": "message",
        "text": "Here’s where I’m trying to build a dimension Day Of Week:\n```   timestamp_iso8601: {\n      sql: `from_iso8601_timestamp(timestamp_iso8601)`,\n      type: `time`\n\t\t},\n\t\t\n\t\ttimestamp: {\n      sql: `timestamp`,\n      type: `time`\n    },\n\n    dayofweek: {\n      title: `Day Of Week`,\n      type: `string`,\n      case: {\n        when: [\n            { sql: `day_of_week(${CUBE}.timestamp) = 1`, label: `Monday` },\n            { sql: `day_of_week(${CUBE}.timestamp) = 2`, label: `Tuesday` },\n            { sql: `day_of_week(${CUBE}.timestamp) = 3`, label: `Wednesday` },\n            { sql: `day_of_week(${CUBE}.timestamp) = 4`, label: `Thursday` },\n            { sql: `day_of_week(${CUBE}.timestamp) = 5`, label: `Friday` },\n            { sql: `day_of_week(${CUBE}.timestamp) = 6`, label: `Saturday` },\n            { sql: `day_of_week(${CUBE}.timestamp) = 7`, label: `Sunday` }\n        ],\n        else: { label: `Unknown` }\n      }\n    },```",
        "user": "UQHJXP9D0",
        "ts": "1578621254.037300",
        "team": "TC0C1HURK",
        "user_team": "TC0C1HURK",
        "source_team": "TC0C1HURK",
        "user_profile": {
            "avatar_hash": "g170fdf63963",
            "image_72": "https:\/\/secure.gravatar.com\/avatar\/170fdf63963c811262a9add882baf9f3.jpg?s=72&d=https%3A%2F%2Fa.slack-edge.com%2Fdf10d%2Fimg%2Favatars%2Fava_0018-72.png",
            "first_name": "",
            "real_name": "David Vins",
            "display_name": "David Vins",
            "team": "TC0C1HURK",
            "name": "david.vins",
            "is_restricted": false,
            "is_ultra_restricted": false
        },
        "blocks": [
            {
                "type": "rich_text",
                "block_id": "jI9A2",
                "elements": [
                    {
                        "type": "rich_text_section",
                        "elements": [
                            {
                                "type": "text",
                                "text": "Here’s where I’m trying to build a dimension Day Of Week:\n"
                            }
                        ]
                    },
                    {
                        "type": "rich_text_preformatted",
                        "elements": [
                            {
                                "type": "text",
                                "text": "   timestamp_iso8601: {\n      sql: `from_iso8601_timestamp(timestamp_iso8601)`,\n      type: `time`\n\t\t},\n\t\t\n\t\ttimestamp: {\n      sql: `timestamp`,\n      type: `time`\n    },\n\n    dayofweek: {\n      title: `Day Of Week`,\n      type: `string`,\n      case: {\n        when: [\n            { sql: `day_of_week(${CUBE}.timestamp) = 1`, label: `Monday` },\n            { sql: `day_of_week(${CUBE}.timestamp) = 2`, label: `Tuesday` },\n            { sql: `day_of_week(${CUBE}.timestamp) = 3`, label: `Wednesday` },\n            { sql: `day_of_week(${CUBE}.timestamp) = 4`, label: `Thursday` },\n            { sql: `day_of_week(${CUBE}.timestamp) = 5`, label: `Friday` },\n            { sql: `day_of_week(${CUBE}.timestamp) = 6`, label: `Saturday` },\n            { sql: `day_of_week(${CUBE}.timestamp) = 7`, label: `Sunday` }\n        ],\n        else: { label: `Unknown` }\n      }\n    },"
                            }
                        ]
                    }
                ]
            }
        ],
        "thread_ts": "1578621203.037200",
        "parent_user_id": "UQHJXP9D0"
    },
    {
        "client_msg_id": "49a1b5ad-5fd0-4dd1-bc8f-4b79dc956f89",
        "type": "message",
        "text": "Hi, need help.\nI face \"continue wait\" issue , while fetching API. How we can fix it? I tried to increase \"continueWaitTimeout\" value (default 5), but it won't works.",
        "user": "UQCC0K0SF",
        "ts": "1578628086.038600",
        "team": "TC0C1HURK",
        "user_team": "TC0C1HURK",
        "source_team": "TC0C1HURK",
        "user_profile": {
            "avatar_hash": "g347758f2238",
            "image_72": "https:\/\/secure.gravatar.com\/avatar\/347758f223862a55a70d457da42d8ad5.jpg?s=72&d=https%3A%2F%2Fa.slack-edge.com%2Fdf10d%2Fimg%2Favatars%2Fava_0006-72.png",
            "first_name": "",
            "real_name": "Anant Sabale",
            "display_name": "Anant Sabale",
            "team": "TC0C1HURK",
            "name": "anantsabale143",
            "is_restricted": false,
            "is_ultra_restricted": false
        },
        "edited": {
            "user": "UQCC0K0SF",
            "ts": "1578628195.000000"
        },
        "blocks": [
            {
                "type": "rich_text",
                "block_id": "X1x",
                "elements": [
                    {
                        "type": "rich_text_section",
                        "elements": [
                            {
                                "type": "text",
                                "text": "Hi, need help.\nI face \"continue wait\" issue , while fetching API. How we can fix it? I tried to increase \"continueWaitTimeout\" value (default 5), but it won't works."
                            }
                        ]
                    }
                ]
            }
        ],
        "thread_ts": "1578628086.038600",
        "reply_count": 1,
        "reply_users_count": 1,
        "latest_reply": "1578683836.053600",
        "reply_users": [
            "UC19HAUAK"
        ],
        "replies": [
            {
                "user": "UC19HAUAK",
                "ts": "1578683836.053600"
            }
        ],
        "subscribed": false
    },
    {
        "type": "message",
        "text": "",
        "files": [
            {
                "id": "FSGNUB5R6",
                "created": 1578628196,
                "timestamp": 1578628196,
                "name": "image.png",
                "title": "image.png",
                "mimetype": "image\/png",
                "filetype": "png",
                "pretty_type": "PNG",
                "user": "UQCC0K0SF",
                "editable": false,
                "size": 33821,
                "mode": "hosted",
                "is_external": false,
                "external_type": "",
                "is_public": true,
                "public_url_shared": false,
                "display_as_bot": false,
                "username": "",
                "url_private": "https:\/\/files.slack.com\/files-pri\/TC0C1HURK-FSGNUB5R6\/image.png?t=xoxe-408409606869-1300049925941-1294691254950-5e5ba619551397a2daf3223fc6c48b4a",
                "url_private_download": "https:\/\/files.slack.com\/files-pri\/TC0C1HURK-FSGNUB5R6\/download\/image.png?t=xoxe-408409606869-1300049925941-1294691254950-5e5ba619551397a2daf3223fc6c48b4a",
                "thumb_64": "https:\/\/files.slack.com\/files-tmb\/TC0C1HURK-FSGNUB5R6-a1d714c18c\/image_64.png?t=xoxe-408409606869-1300049925941-1294691254950-5e5ba619551397a2daf3223fc6c48b4a",
                "thumb_80": "https:\/\/files.slack.com\/files-tmb\/TC0C1HURK-FSGNUB5R6-a1d714c18c\/image_80.png?t=xoxe-408409606869-1300049925941-1294691254950-5e5ba619551397a2daf3223fc6c48b4a",
                "thumb_360": "https:\/\/files.slack.com\/files-tmb\/TC0C1HURK-FSGNUB5R6-a1d714c18c\/image_360.png?t=xoxe-408409606869-1300049925941-1294691254950-5e5ba619551397a2daf3223fc6c48b4a",
                "thumb_360_w": 360,
                "thumb_360_h": 72,
                "thumb_480": "https:\/\/files.slack.com\/files-tmb\/TC0C1HURK-FSGNUB5R6-a1d714c18c\/image_480.png?t=xoxe-408409606869-1300049925941-1294691254950-5e5ba619551397a2daf3223fc6c48b4a",
                "thumb_480_w": 480,
                "thumb_480_h": 96,
                "thumb_160": "https:\/\/files.slack.com\/files-tmb\/TC0C1HURK-FSGNUB5R6-a1d714c18c\/image_160.png?t=xoxe-408409606869-1300049925941-1294691254950-5e5ba619551397a2daf3223fc6c48b4a",
                "thumb_720": "https:\/\/files.slack.com\/files-tmb\/TC0C1HURK-FSGNUB5R6-a1d714c18c\/image_720.png?t=xoxe-408409606869-1300049925941-1294691254950-5e5ba619551397a2daf3223fc6c48b4a",
                "thumb_720_w": 720,
                "thumb_720_h": 143,
                "thumb_800": "https:\/\/files.slack.com\/files-tmb\/TC0C1HURK-FSGNUB5R6-a1d714c18c\/image_800.png?t=xoxe-408409606869-1300049925941-1294691254950-5e5ba619551397a2daf3223fc6c48b4a",
                "thumb_800_w": 800,
                "thumb_800_h": 159,
                "thumb_960": "https:\/\/files.slack.com\/files-tmb\/TC0C1HURK-FSGNUB5R6-a1d714c18c\/image_960.png?t=xoxe-408409606869-1300049925941-1294691254950-5e5ba619551397a2daf3223fc6c48b4a",
                "thumb_960_w": 960,
                "thumb_960_h": 191,
                "thumb_1024": "https:\/\/files.slack.com\/files-tmb\/TC0C1HURK-FSGNUB5R6-a1d714c18c\/image_1024.png?t=xoxe-408409606869-1300049925941-1294691254950-5e5ba619551397a2daf3223fc6c48b4a",
                "thumb_1024_w": 1024,
                "thumb_1024_h": 204,
                "image_exif_rotation": 1,
                "original_w": 1206,
                "original_h": 240,
                "thumb_tiny": "AwAJADDQ3j1H50u4eq\/nVY9aKrlJuWdwPQg0cntUUH3z9KnpMobj2pcUtFID\/9k=",
                "permalink": "https:\/\/cube-js.slack.com\/files\/UQCC0K0SF\/FSGNUB5R6\/image.png",
                "permalink_public": "https:\/\/slack-files.com\/TC0C1HURK-FSGNUB5R6-9ec176dda7",
                "is_starred": false,
                "has_rich_preview": false
            }
        ],
        "upload": true,
        "user": "UQCC0K0SF",
        "display_as_bot": false,
        "ts": "1578628200.038800",
        "client_msg_id": "e8497f3c-16cf-4b56-816a-647047da6921"
    },
    {
        "client_msg_id": "6898326e-392e-4810-b5ae-e6579394058e",
        "type": "message",
        "text": "Yes like rest api.",
        "user": "UQVGN8Y57",
        "ts": "1578629488.039100",
        "team": "TC0C1HURK",
        "user_team": "TC0C1HURK",
        "source_team": "TC0C1HURK",
        "user_profile": {
            "avatar_hash": "gc23fd6b1e1e",
            "image_72": "https:\/\/secure.gravatar.com\/avatar\/c23fd6b1e1ebe1321063fcdc37d29c04.jpg?s=72&d=https%3A%2F%2Fa.slack-edge.com%2Fdf10d%2Fimg%2Favatars%2Fava_0022-72.png",
            "first_name": "",
            "real_name": "nthdev",
            "display_name": "nthdev",
            "team": "TC0C1HURK",
            "name": "pbartocillo",
            "is_restricted": false,
            "is_ultra_restricted": false
        },
        "blocks": [
            {
                "type": "rich_text",
                "block_id": "n06",
                "elements": [
                    {
                        "type": "rich_text_section",
                        "elements": [
                            {
                                "type": "text",
                                "text": "Yes like rest api."
                            }
                        ]
                    }
                ]
            }
        ],
        "thread_ts": "1575005075.466600",
        "parent_user_id": "UQVGN8Y57"
    },
    {
        "client_msg_id": "8c9a6526-38db-4d58-935b-2b7de96b2c76",
        "type": "message",
        "text": "but not docs",
        "user": "UQVGN8Y57",
        "ts": "1578629491.039300",
        "team": "TC0C1HURK",
        "user_team": "TC0C1HURK",
        "source_team": "TC0C1HURK",
        "user_profile": {
            "avatar_hash": "gc23fd6b1e1e",
            "image_72": "https:\/\/secure.gravatar.com\/avatar\/c23fd6b1e1ebe1321063fcdc37d29c04.jpg?s=72&d=https%3A%2F%2Fa.slack-edge.com%2Fdf10d%2Fimg%2Favatars%2Fava_0022-72.png",
            "first_name": "",
            "real_name": "nthdev",
            "display_name": "nthdev",
            "team": "TC0C1HURK",
            "name": "pbartocillo",
            "is_restricted": false,
            "is_ultra_restricted": false
        },
        "blocks": [
            {
                "type": "rich_text",
                "block_id": "ZCk",
                "elements": [
                    {
                        "type": "rich_text_section",
                        "elements": [
                            {
                                "type": "text",
                                "text": "but not docs"
                            }
                        ]
                    }
                ]
            }
        ],
        "thread_ts": "1575005075.466600",
        "parent_user_id": "UQVGN8Y57"
    },
    {
        "client_msg_id": "9daba2a0-b45a-4cee-b61a-5856685f161a",
        "type": "message",
        "text": "I mean I need a way to serve data as json to other 3rd party apps.",
        "user": "UQVGN8Y57",
        "ts": "1578629515.039500",
        "team": "TC0C1HURK",
        "user_team": "TC0C1HURK",
        "source_team": "TC0C1HURK",
        "user_profile": {
            "avatar_hash": "gc23fd6b1e1e",
            "image_72": "https:\/\/secure.gravatar.com\/avatar\/c23fd6b1e1ebe1321063fcdc37d29c04.jpg?s=72&d=https%3A%2F%2Fa.slack-edge.com%2Fdf10d%2Fimg%2Favatars%2Fava_0022-72.png",
            "first_name": "",
            "real_name": "nthdev",
            "display_name": "nthdev",
            "team": "TC0C1HURK",
            "name": "pbartocillo",
            "is_restricted": false,
            "is_ultra_restricted": false
        },
        "blocks": [
            {
                "type": "rich_text",
                "block_id": "X2s3s",
                "elements": [
                    {
                        "type": "rich_text_section",
                        "elements": [
                            {
                                "type": "text",
                                "text": "I mean I need a way to serve data as json to other 3rd party apps."
                            }
                        ]
                    }
                ]
            }
        ],
        "thread_ts": "1575005075.466600",
        "parent_user_id": "UQVGN8Y57"
    },
    {
        "client_msg_id": "a71794c6-4409-4e42-a2ea-04a6a8794e69",
        "type": "message",
        "text": "the data should be like how i query it in the explore page where i pass a params for measures, event, dimension, etc.",
        "user": "UQVGN8Y57",
        "ts": "1578629583.039700",
        "team": "TC0C1HURK",
        "user_team": "TC0C1HURK",
        "source_team": "TC0C1HURK",
        "user_profile": {
            "avatar_hash": "gc23fd6b1e1e",
            "image_72": "https:\/\/secure.gravatar.com\/avatar\/c23fd6b1e1ebe1321063fcdc37d29c04.jpg?s=72&d=https%3A%2F%2Fa.slack-edge.com%2Fdf10d%2Fimg%2Favatars%2Fava_0022-72.png",
            "first_name": "",
            "real_name": "nthdev",
            "display_name": "nthdev",
            "team": "TC0C1HURK",
            "name": "pbartocillo",
            "is_restricted": false,
            "is_ultra_restricted": false
        },
        "blocks": [
            {
                "type": "rich_text",
                "block_id": "xOt",
                "elements": [
                    {
                        "type": "rich_text_section",
                        "elements": [
                            {
                                "type": "text",
                                "text": "the data should be like how i query it in the explore page where i pass a params for measures, event, dimension, etc."
                            }
                        ]
                    }
                ]
            }
        ],
        "thread_ts": "1575005075.466600",
        "parent_user_id": "UQVGN8Y57"
    },
    {
        "client_msg_id": "757b5d76-38f6-46d9-9898-eee12f457a5c",
        "type": "message",
        "text": "<@UC19HAUAK> can you please share an example for the above suggestion(double interval).",
        "user": "UNS4PKYAK",
        "ts": "1578636048.039900",
        "team": "TC0C1HURK",
        "user_team": "TC0C1HURK",
        "source_team": "TC0C1HURK",
        "user_profile": {
            "avatar_hash": "664213ef9cf5",
            "image_72": "https:\/\/avatars.slack-edge.com\/2019-10-17\/800974914790_664213ef9cf5f85d3637_72.jpg",
            "first_name": "chintesh",
            "real_name": "chintesh kumar",
            "display_name": "chintesh kumar",
            "team": "TC0C1HURK",
            "name": "chintesh_kumar",
            "is_restricted": false,
            "is_ultra_restricted": false
        },
        "edited": {
            "user": "UNS4PKYAK",
            "ts": "1578636069.000000"
        },
        "blocks": [
            {
                "type": "rich_text",
                "block_id": "8unDD",
                "elements": [
                    {
                        "type": "rich_text_section",
                        "elements": [
                            {
                                "type": "user",
                                "user_id": "UC19HAUAK"
                            },
                            {
                                "type": "text",
                                "text": " can you please share an example for the above suggestion(double interval)."
                            }
                        ]
                    }
                ]
            }
        ],
        "thread_ts": "1578307186.113300",
        "parent_user_id": "UNS4PKYAK"
    },
    {
        "client_msg_id": "2f268ab8-3409-420f-8847-dcff187b5334",
        "type": "message",
        "text": "Hi all  I  am having react native UI that UI is running on port number 3000 and I worked on cube js seperately Now I created a dashboard app in cube js that is seperated project that is also running on default port number 3000 now I want to include these two project Once I started My react native project these dashboard app also need to started Can anyone please give some idea how to do this one????",
        "user": "USE61H70W",
        "ts": "1578642148.044700",
        "team": "TC0C1HURK",
        "user_team": "TC0C1HURK",
        "source_team": "TC0C1HURK",
        "user_profile": {
            "avatar_hash": "gbf4b925f943",
            "image_72": "https:\/\/secure.gravatar.com\/avatar\/bf4b925f9435c3dae47393e1a961511f.jpg?s=72&d=https%3A%2F%2Fa.slack-edge.com%2Fdf10d%2Fimg%2Favatars%2Fava_0021-72.png",
            "first_name": "",
            "real_name": "harinishree",
            "display_name": "harinishree",
            "team": "TC0C1HURK",
            "name": "harinishree.muniraj01",
            "is_restricted": false,
            "is_ultra_restricted": false
        },
        "blocks": [
            {
                "type": "rich_text",
                "block_id": "XH4Z5",
                "elements": [
                    {
                        "type": "rich_text_section",
                        "elements": [
                            {
                                "type": "text",
                                "text": "Hi all  I  am having react native UI that UI is running on port number 3000 and I worked on cube js seperately Now I created a dashboard app in cube js that is seperated project that is also running on default port number 3000 now I want to include these two project Once I started My react native project these dashboard app also need to started Can anyone please give some idea how to do this one????"
                            }
                        ]
                    }
                ]
            }
        ],
        "thread_ts": "1578642148.044700",
        "reply_count": 1,
        "reply_users_count": 1,
        "latest_reply": "1578685511.056000",
        "reply_users": [
            "UC19HAUAK"
        ],
        "replies": [
            {
                "user": "UC19HAUAK",
                "ts": "1578685511.056000"
            }
        ],
        "subscribed": false
    }
]