[
    {
        "client_msg_id": "936c2ccf-09dc-4258-8c06-32a56602e513",
        "type": "message",
        "text": "Where can I add the \"renewQuery: true\" in react client, so it would always apply?",
        "user": "US55KHYAZ",
        "ts": "1579686882.081100",
        "team": "TC0C1HURK",
        "user_team": "TC0C1HURK",
        "source_team": "TC0C1HURK",
        "user_profile": {
            "avatar_hash": "g6422406279a",
            "image_72": "https:\/\/secure.gravatar.com\/avatar\/6422406279a0f3cdbba786857be0cc82.jpg?s=72&d=https%3A%2F%2Fa.slack-edge.com%2Fdf10d%2Fimg%2Favatars%2Fava_0011-72.png",
            "first_name": "",
            "real_name": "Heiki",
            "display_name": "Heiki",
            "team": "TC0C1HURK",
            "name": "heiki.laaniste",
            "is_restricted": false,
            "is_ultra_restricted": false
        },
        "blocks": [
            {
                "type": "rich_text",
                "block_id": "cLI",
                "elements": [
                    {
                        "type": "rich_text_section",
                        "elements": [
                            {
                                "type": "text",
                                "text": "Where can I add the \"renewQuery: true\" in react client, so it would always apply?"
                            }
                        ]
                    }
                ]
            }
        ],
        "thread_ts": "1579686882.081100",
        "reply_count": 2,
        "reply_users_count": 2,
        "latest_reply": "1579866732.128300",
        "reply_users": [
            "UC19HAUAK",
            "US55KHYAZ"
        ],
        "replies": [
            {
                "user": "UC19HAUAK",
                "ts": "1579746759.097600"
            },
            {
                "user": "US55KHYAZ",
                "ts": "1579866732.128300"
            }
        ],
        "subscribed": false
    },
    {
        "client_msg_id": "a11b7cf5-3025-45a4-8a9f-16d732d4c8be",
        "type": "message",
        "text": "it's a prop of the query prop",
        "user": "USS4332GL",
        "ts": "1579686989.081400",
        "team": "TC0C1HURK",
        "user_team": "TC0C1HURK",
        "source_team": "TC0C1HURK",
        "user_profile": {
            "avatar_hash": "g55ae3463ba8",
            "image_72": "https:\/\/secure.gravatar.com\/avatar\/55ae3463ba89c45d569d7b46a6c7f777.jpg?s=72&d=https%3A%2F%2Fa.slack-edge.com%2Fdf10d%2Fimg%2Favatars%2Fava_0020-72.png",
            "first_name": "",
            "real_name": "Sebastian",
            "display_name": "",
            "team": "TC0C1HURK",
            "name": "deadlockgb",
            "is_restricted": false,
            "is_ultra_restricted": false
        },
        "blocks": [
            {
                "type": "rich_text",
                "block_id": "=Hl\/P",
                "elements": [
                    {
                        "type": "rich_text_section",
                        "elements": [
                            {
                                "type": "text",
                                "text": "it's a prop of the query prop"
                            }
                        ]
                    }
                ]
            }
        ]
    },
    {
        "client_msg_id": "1854cfa2-1a14-4661-9d8e-57392195d6db",
        "type": "message",
        "text": "<https:\/\/cube.dev\/docs\/@cubejs-client-react#query-builder-example>",
        "user": "USS4332GL",
        "ts": "1579687060.081600",
        "team": "TC0C1HURK",
        "user_team": "TC0C1HURK",
        "source_team": "TC0C1HURK",
        "user_profile": {
            "avatar_hash": "g55ae3463ba8",
            "image_72": "https:\/\/secure.gravatar.com\/avatar\/55ae3463ba89c45d569d7b46a6c7f777.jpg?s=72&d=https%3A%2F%2Fa.slack-edge.com%2Fdf10d%2Fimg%2Favatars%2Fava_0020-72.png",
            "first_name": "",
            "real_name": "Sebastian",
            "display_name": "",
            "team": "TC0C1HURK",
            "name": "deadlockgb",
            "is_restricted": false,
            "is_ultra_restricted": false
        },
        "blocks": [
            {
                "type": "rich_text",
                "block_id": "KNChz",
                "elements": [
                    {
                        "type": "rich_text_section",
                        "elements": [
                            {
                                "type": "link",
                                "url": "https:\/\/cube.dev\/docs\/@cubejs-client-react#query-builder-example"
                            }
                        ]
                    }
                ]
            }
        ]
    },
    {
        "client_msg_id": "e9297139-6cfb-4fbb-a382-388c22d41c75",
        "type": "message",
        "text": "add it as a prop in the same hirarchie like timeDimensions",
        "user": "USS4332GL",
        "ts": "1579687078.082100",
        "team": "TC0C1HURK",
        "user_team": "TC0C1HURK",
        "source_team": "TC0C1HURK",
        "user_profile": {
            "avatar_hash": "g55ae3463ba8",
            "image_72": "https:\/\/secure.gravatar.com\/avatar\/55ae3463ba89c45d569d7b46a6c7f777.jpg?s=72&d=https%3A%2F%2Fa.slack-edge.com%2Fdf10d%2Fimg%2Favatars%2Fava_0020-72.png",
            "first_name": "",
            "real_name": "Sebastian",
            "display_name": "",
            "team": "TC0C1HURK",
            "name": "deadlockgb",
            "is_restricted": false,
            "is_ultra_restricted": false
        },
        "blocks": [
            {
                "type": "rich_text",
                "block_id": "wyoER",
                "elements": [
                    {
                        "type": "rich_text_section",
                        "elements": [
                            {
                                "type": "text",
                                "text": "add it as a prop in the same hirarchie like timeDimensions"
                            }
                        ]
                    }
                ]
            }
        ]
    },
    {
        "client_msg_id": "192dfb09-3b2b-4c24-9ecc-76a1342daf47",
        "type": "message",
        "text": "That's interesting. Can you be a little more specific? I'm new to react.",
        "user": "US55KHYAZ",
        "ts": "1579689163.082900",
        "team": "TC0C1HURK",
        "user_team": "TC0C1HURK",
        "source_team": "TC0C1HURK",
        "user_profile": {
            "avatar_hash": "g6422406279a",
            "image_72": "https:\/\/secure.gravatar.com\/avatar\/6422406279a0f3cdbba786857be0cc82.jpg?s=72&d=https%3A%2F%2Fa.slack-edge.com%2Fdf10d%2Fimg%2Favatars%2Fava_0011-72.png",
            "first_name": "",
            "real_name": "Heiki",
            "display_name": "Heiki",
            "team": "TC0C1HURK",
            "name": "heiki.laaniste",
            "is_restricted": false,
            "is_ultra_restricted": false
        },
        "blocks": [
            {
                "type": "rich_text",
                "block_id": "xJSw",
                "elements": [
                    {
                        "type": "rich_text_section",
                        "elements": [
                            {
                                "type": "text",
                                "text": "That's interesting. Can you be a little more specific? I'm new to react."
                            }
                        ]
                    }
                ]
            }
        ]
    },
    {
        "client_msg_id": "b6ca9f6d-5041-489f-8bfc-268178e14a86",
        "type": "message",
        "text": "you would shpe the query like that",
        "user": "USS4332GL",
        "ts": "1579689209.083300",
        "team": "TC0C1HURK",
        "user_team": "TC0C1HURK",
        "source_team": "TC0C1HURK",
        "user_profile": {
            "avatar_hash": "g55ae3463ba8",
            "image_72": "https:\/\/secure.gravatar.com\/avatar\/55ae3463ba89c45d569d7b46a6c7f777.jpg?s=72&d=https%3A%2F%2Fa.slack-edge.com%2Fdf10d%2Fimg%2Favatars%2Fava_0020-72.png",
            "first_name": "",
            "real_name": "Sebastian",
            "display_name": "",
            "team": "TC0C1HURK",
            "name": "deadlockgb",
            "is_restricted": false,
            "is_ultra_restricted": false
        },
        "blocks": [
            {
                "type": "rich_text",
                "block_id": "tHQmY",
                "elements": [
                    {
                        "type": "rich_text_section",
                        "elements": [
                            {
                                "type": "text",
                                "text": "you would shpe the query like that"
                            }
                        ]
                    }
                ]
            }
        ]
    },
    {
        "type": "message",
        "text": "",
        "files": [
            {
                "id": "FSNHPN3GR",
                "created": 1579689258,
                "timestamp": 1579689258,
                "name": "Unbenannt",
                "title": "Unbenannt",
                "mimetype": "text\/plain",
                "filetype": "jsx",
                "pretty_type": "JSX",
                "user": "USS4332GL",
                "editable": true,
                "size": 1506,
                "mode": "snippet",
                "is_external": false,
                "external_type": "",
                "is_public": true,
                "public_url_shared": false,
                "display_as_bot": false,
                "username": "",
                "url_private": "https:\/\/files.slack.com\/files-pri\/TC0C1HURK-FSNHPN3GR\/unbenannt?t=xoxe-408409606869-1300049925941-1294691254950-5e5ba619551397a2daf3223fc6c48b4a",
                "url_private_download": "https:\/\/files.slack.com\/files-pri\/TC0C1HURK-FSNHPN3GR\/download\/unbenannt?t=xoxe-408409606869-1300049925941-1294691254950-5e5ba619551397a2daf3223fc6c48b4a",
                "permalink": "https:\/\/cube-js.slack.com\/files\/USS4332GL\/FSNHPN3GR\/unbenannt",
                "permalink_public": "https:\/\/slack-files.com\/TC0C1HURK-FSNHPN3GR-ebb957ea9c",
                "edit_link": "https:\/\/cube-js.slack.com\/files\/USS4332GL\/FSNHPN3GR\/unbenannt\/edit",
                "is_starred": false,
                "has_rich_preview": false
            }
        ],
        "upload": true,
        "user": "USS4332GL",
        "display_as_bot": false,
        "ts": "1579689261.083400",
        "client_msg_id": "3b9ce50f-b231-418b-b59a-6cd5663784d7"
    },
    {
        "client_msg_id": "9b9a3620-c1f6-44d8-b930-79f539d19a47",
        "type": "message",
        "text": "you can see it o line 24 <@US55KHYAZ>",
        "user": "USS4332GL",
        "ts": "1579689395.083900",
        "team": "TC0C1HURK",
        "user_team": "TC0C1HURK",
        "source_team": "TC0C1HURK",
        "user_profile": {
            "avatar_hash": "g55ae3463ba8",
            "image_72": "https:\/\/secure.gravatar.com\/avatar\/55ae3463ba89c45d569d7b46a6c7f777.jpg?s=72&d=https%3A%2F%2Fa.slack-edge.com%2Fdf10d%2Fimg%2Favatars%2Fava_0020-72.png",
            "first_name": "",
            "real_name": "Sebastian",
            "display_name": "",
            "team": "TC0C1HURK",
            "name": "deadlockgb",
            "is_restricted": false,
            "is_ultra_restricted": false
        },
        "blocks": [
            {
                "type": "rich_text",
                "block_id": "B+Hni",
                "elements": [
                    {
                        "type": "rich_text_section",
                        "elements": [
                            {
                                "type": "text",
                                "text": "you can see it o line 24 "
                            },
                            {
                                "type": "user",
                                "user_id": "US55KHYAZ"
                            }
                        ]
                    }
                ]
            }
        ]
    },
    {
        "client_msg_id": "2f5b0623-79cc-4d0a-b4a2-cdff0ac326c0",
        "type": "message",
        "text": "It's more complicated than that.\nMy App.js looks like this:",
        "user": "US55KHYAZ",
        "ts": "1579690993.084300",
        "team": "TC0C1HURK",
        "user_team": "TC0C1HURK",
        "source_team": "TC0C1HURK",
        "user_profile": {
            "avatar_hash": "g6422406279a",
            "image_72": "https:\/\/secure.gravatar.com\/avatar\/6422406279a0f3cdbba786857be0cc82.jpg?s=72&d=https%3A%2F%2Fa.slack-edge.com%2Fdf10d%2Fimg%2Favatars%2Fava_0011-72.png",
            "first_name": "",
            "real_name": "Heiki",
            "display_name": "Heiki",
            "team": "TC0C1HURK",
            "name": "heiki.laaniste",
            "is_restricted": false,
            "is_ultra_restricted": false
        },
        "blocks": [
            {
                "type": "rich_text",
                "block_id": "0=L",
                "elements": [
                    {
                        "type": "rich_text_section",
                        "elements": [
                            {
                                "type": "text",
                                "text": "It's more complicated than that.\nMy App.js looks like this:"
                            }
                        ]
                    }
                ]
            }
        ]
    },
    {
        "type": "message",
        "text": "",
        "files": [
            {
                "id": "FSYQP5UNR",
                "created": 1579691054,
                "timestamp": 1579691054,
                "name": "App.js",
                "title": "App.js",
                "mimetype": "text\/plain",
                "filetype": "javascript",
                "pretty_type": "JavaScript\/JSON",
                "user": "US55KHYAZ",
                "editable": true,
                "size": 1993,
                "mode": "snippet",
                "is_external": false,
                "external_type": "",
                "is_public": true,
                "public_url_shared": false,
                "display_as_bot": false,
                "username": "",
                "url_private": "https:\/\/files.slack.com\/files-pri\/TC0C1HURK-FSYQP5UNR\/app.js?t=xoxe-408409606869-1300049925941-1294691254950-5e5ba619551397a2daf3223fc6c48b4a",
                "url_private_download": "https:\/\/files.slack.com\/files-pri\/TC0C1HURK-FSYQP5UNR\/download\/app.js?t=xoxe-408409606869-1300049925941-1294691254950-5e5ba619551397a2daf3223fc6c48b4a",
                "permalink": "https:\/\/cube-js.slack.com\/files\/US55KHYAZ\/FSYQP5UNR\/app.js",
                "permalink_public": "https:\/\/slack-files.com\/TC0C1HURK-FSYQP5UNR-38f9c9705d",
                "edit_link": "https:\/\/cube-js.slack.com\/files\/US55KHYAZ\/FSYQP5UNR\/app.js\/edit",
                "is_starred": false,
                "has_rich_preview": false
            }
        ],
        "upload": true,
        "user": "US55KHYAZ",
        "display_as_bot": false,
        "ts": "1579691056.084400",
        "client_msg_id": "e3fa1cae-5b34-4047-ba91-a1274e2cecb2"
    },
    {
        "client_msg_id": "290e56ea-d833-417a-9748-56588e022f55",
        "type": "message",
        "text": "As per this guide:\n<https:\/\/react-dashboard.cube.dev\/authentication-and-graph-ql-api>",
        "user": "US55KHYAZ",
        "ts": "1579691074.084800",
        "team": "TC0C1HURK",
        "user_team": "TC0C1HURK",
        "source_team": "TC0C1HURK",
        "user_profile": {
            "avatar_hash": "g6422406279a",
            "image_72": "https:\/\/secure.gravatar.com\/avatar\/6422406279a0f3cdbba786857be0cc82.jpg?s=72&d=https%3A%2F%2Fa.slack-edge.com%2Fdf10d%2Fimg%2Favatars%2Fava_0011-72.png",
            "first_name": "",
            "real_name": "Heiki",
            "display_name": "Heiki",
            "team": "TC0C1HURK",
            "name": "heiki.laaniste",
            "is_restricted": false,
            "is_ultra_restricted": false
        },
        "attachments": [
            {
                "title": "Authentication and GraphQL API",
                "title_link": "https:\/\/react-dashboard.cube.dev\/authentication-and-graph-ql-api",
                "text": "Now we have a basic version of our app, which uses local storage to save charts on the dashboard. It is handy for development and…",
                "fallback": "Authentication and GraphQL API",
                "image_url": "https:\/\/react-dashboard.cube.dev\/logos\/icon.png",
                "from_url": "https:\/\/react-dashboard.cube.dev\/authentication-and-graph-ql-api",
                "image_width": 250,
                "image_height": 250,
                "image_bytes": 48874,
                "service_icon": "https:\/\/react-dashboard.cube.dev\/icons\/icon-48x48.png?v=16380c9963f943e0a0053ad8cfd0e8f2",
                "service_name": "react-dashboard.cube.dev",
                "id": 1,
                "original_url": "https:\/\/react-dashboard.cube.dev\/authentication-and-graph-ql-api"
            }
        ],
        "blocks": [
            {
                "type": "rich_text",
                "block_id": "x8e3",
                "elements": [
                    {
                        "type": "rich_text_section",
                        "elements": [
                            {
                                "type": "text",
                                "text": "As per this guide:\n"
                            },
                            {
                                "type": "link",
                                "url": "https:\/\/react-dashboard.cube.dev\/authentication-and-graph-ql-api"
                            }
                        ]
                    }
                ]
            }
        ]
    },
    {
        "client_msg_id": "6a024ca6-6e9b-467f-b929-741522425870",
        "type": "message",
        "text": "That's true, but when I disable `scheduledRefresh`  in the Inventory cube, the error for the Pipeline cube also disappeared",
        "user": "URS6PE0MQ",
        "ts": "1579691918.085500",
        "team": "TC0C1HURK",
        "user_team": "TC0C1HURK",
        "source_team": "TC0C1HURK",
        "user_profile": {
            "avatar_hash": "8b785edfd62c",
            "image_72": "https:\/\/avatars.slack-edge.com\/2020-01-03\/893039497744_8b785edfd62ce08d2761_72.png",
            "first_name": "",
            "real_name": "Hassan Khan",
            "display_name": "Hassan Khan",
            "team": "TC0C1HURK",
            "name": "contact_cubejs",
            "is_restricted": false,
            "is_ultra_restricted": false
        },
        "blocks": [
            {
                "type": "rich_text",
                "block_id": "kuy",
                "elements": [
                    {
                        "type": "rich_text_section",
                        "elements": [
                            {
                                "type": "text",
                                "text": "That's true, but when I disable "
                            },
                            {
                                "type": "text",
                                "text": "scheduledRefresh",
                                "style": {
                                    "code": true
                                }
                            },
                            {
                                "type": "text",
                                "text": "  in the Inventory cube, the error for the Pipeline cube also disappeared"
                            }
                        ]
                    }
                ]
            }
        ],
        "thread_ts": "1579649893.071400",
        "parent_user_id": "URS6PE0MQ"
    },
    {
        "type": "message",
        "subtype": "channel_join",
        "ts": "1579693747.085800",
        "user": "USL2PGEAW",
        "text": "<@USL2PGEAW> has joined the channel"
    },
    {
        "client_msg_id": "bd9104da-2064-47c8-a490-ef9189f01d26",
        "type": "message",
        "text": "Hi, does anyone know how to set an empty password in the .env file for mysql?",
        "user": "USL2PGEAW",
        "ts": "1579693787.086300",
        "team": "TC0C1HURK",
        "user_team": "TC0C1HURK",
        "source_team": "TC0C1HURK",
        "user_profile": {
            "avatar_hash": "ga3bc8dc508d",
            "image_72": "https:\/\/secure.gravatar.com\/avatar\/a3bc8dc508da81e052d5b5382069da49.jpg?s=72&d=https%3A%2F%2Fa.slack-edge.com%2Fdf10d%2Fimg%2Favatars%2Fava_0010-72.png",
            "first_name": "",
            "real_name": "Nino Arsov",
            "display_name": "Nino Arsov",
            "team": "TC0C1HURK",
            "name": "nino.arsov",
            "is_restricted": false,
            "is_ultra_restricted": false
        },
        "blocks": [
            {
                "type": "rich_text",
                "block_id": "qvt",
                "elements": [
                    {
                        "type": "rich_text_section",
                        "elements": [
                            {
                                "type": "text",
                                "text": "Hi, does anyone know how to set an empty password in the .env file for mysql?"
                            }
                        ]
                    }
                ]
            }
        ]
    },
    {
        "client_msg_id": "b9ca98bf-a2b0-42ef-9449-4789a22927d9",
        "type": "message",
        "text": "like this?CUBEJS_DB_HOST=localhost\nCUBEJS_DB_NAME=NBA\nCUBEJS_DB_USER=root\nCUBEJS_DB_PASS=",
        "user": "USL2PGEAW",
        "ts": "1579693822.086600",
        "team": "TC0C1HURK",
        "user_team": "TC0C1HURK",
        "source_team": "TC0C1HURK",
        "user_profile": {
            "avatar_hash": "ga3bc8dc508d",
            "image_72": "https:\/\/secure.gravatar.com\/avatar\/a3bc8dc508da81e052d5b5382069da49.jpg?s=72&d=https%3A%2F%2Fa.slack-edge.com%2Fdf10d%2Fimg%2Favatars%2Fava_0010-72.png",
            "first_name": "",
            "real_name": "Nino Arsov",
            "display_name": "Nino Arsov",
            "team": "TC0C1HURK",
            "name": "nino.arsov",
            "is_restricted": false,
            "is_ultra_restricted": false
        },
        "blocks": [
            {
                "type": "rich_text",
                "block_id": "qeG",
                "elements": [
                    {
                        "type": "rich_text_section",
                        "elements": [
                            {
                                "type": "text",
                                "text": "like this?CUBEJS_DB_HOST=localhost\nCUBEJS_DB_NAME=NBA\nCUBEJS_DB_USER=root\nCUBEJS_DB_PASS="
                            }
                        ]
                    }
                ]
            }
        ],
        "thread_ts": "1579693822.086600",
        "reply_count": 11,
        "reply_users_count": 5,
        "latest_reply": "1579781521.102200",
        "reply_users": [
            "URS6PE0MQ",
            "USL2PGEAW",
            "US55KHYAZ",
            "USGF5A9QR",
            "UC19HAUAK"
        ],
        "replies": [
            {
                "user": "URS6PE0MQ",
                "ts": "1579693841.086700"
            },
            {
                "user": "USL2PGEAW",
                "ts": "1579693958.087000"
            },
            {
                "user": "USL2PGEAW",
                "ts": "1579693960.087200"
            },
            {
                "user": "USL2PGEAW",
                "ts": "1579694007.087400"
            },
            {
                "user": "URS6PE0MQ",
                "ts": "1579694068.087600"
            },
            {
                "user": "URS6PE0MQ",
                "ts": "1579694077.087800"
            },
            {
                "user": "US55KHYAZ",
                "ts": "1579694141.088000"
            },
            {
                "user": "USL2PGEAW",
                "ts": "1579694456.088400"
            },
            {
                "user": "USGF5A9QR",
                "ts": "1579703657.091100"
            },
            {
                "user": "UC19HAUAK",
                "ts": "1579711490.095400"
            },
            {
                "user": "USL2PGEAW",
                "ts": "1579781521.102200"
            }
        ],
        "subscribed": false
    },
    {
        "client_msg_id": "a940ebcd-cdca-4c6a-b675-9c09ded60479",
        "type": "message",
        "text": "Have you tried `CUBEJS_DB_PASS=\"\"` ?",
        "user": "URS6PE0MQ",
        "ts": "1579693841.086700",
        "team": "TC0C1HURK",
        "user_team": "TC0C1HURK",
        "source_team": "TC0C1HURK",
        "user_profile": {
            "avatar_hash": "8b785edfd62c",
            "image_72": "https:\/\/avatars.slack-edge.com\/2020-01-03\/893039497744_8b785edfd62ce08d2761_72.png",
            "first_name": "",
            "real_name": "Hassan Khan",
            "display_name": "Hassan Khan",
            "team": "TC0C1HURK",
            "name": "contact_cubejs",
            "is_restricted": false,
            "is_ultra_restricted": false
        },
        "edited": {
            "user": "URS6PE0MQ",
            "ts": "1579693851.000000"
        },
        "blocks": [
            {
                "type": "rich_text",
                "block_id": "EG6",
                "elements": [
                    {
                        "type": "rich_text_section",
                        "elements": [
                            {
                                "type": "text",
                                "text": "Have you tried "
                            },
                            {
                                "type": "text",
                                "text": "CUBEJS_DB_PASS=\"\"",
                                "style": {
                                    "code": true
                                }
                            },
                            {
                                "type": "text",
                                "text": " ?"
                            }
                        ]
                    }
                ]
            }
        ],
        "thread_ts": "1579693822.086600",
        "parent_user_id": "USL2PGEAW"
    },
    {
        "client_msg_id": "c03b3f5e-7cf6-4d87-b786-6e2a2108ee29",
        "type": "message",
        "text": "oh, i tried single quotes",
        "user": "USL2PGEAW",
        "ts": "1579693958.087000",
        "team": "TC0C1HURK",
        "user_team": "TC0C1HURK",
        "source_team": "TC0C1HURK",
        "user_profile": {
            "avatar_hash": "ga3bc8dc508d",
            "image_72": "https:\/\/secure.gravatar.com\/avatar\/a3bc8dc508da81e052d5b5382069da49.jpg?s=72&d=https%3A%2F%2Fa.slack-edge.com%2Fdf10d%2Fimg%2Favatars%2Fava_0010-72.png",
            "first_name": "",
            "real_name": "Nino Arsov",
            "display_name": "Nino Arsov",
            "team": "TC0C1HURK",
            "name": "nino.arsov",
            "is_restricted": false,
            "is_ultra_restricted": false
        },
        "blocks": [
            {
                "type": "rich_text",
                "block_id": "8NU5U",
                "elements": [
                    {
                        "type": "rich_text_section",
                        "elements": [
                            {
                                "type": "text",
                                "text": "oh, i tried single quotes"
                            }
                        ]
                    }
                ]
            }
        ],
        "thread_ts": "1579693822.086600",
        "parent_user_id": "USL2PGEAW"
    },
    {
        "client_msg_id": "fd5c1cc6-fe2f-4177-87ec-bbd8fa387c3a",
        "type": "message",
        "text": "let me see",
        "user": "USL2PGEAW",
        "ts": "1579693960.087200",
        "team": "TC0C1HURK",
        "user_team": "TC0C1HURK",
        "source_team": "TC0C1HURK",
        "user_profile": {
            "avatar_hash": "ga3bc8dc508d",
            "image_72": "https:\/\/secure.gravatar.com\/avatar\/a3bc8dc508da81e052d5b5382069da49.jpg?s=72&d=https%3A%2F%2Fa.slack-edge.com%2Fdf10d%2Fimg%2Favatars%2Fava_0010-72.png",
            "first_name": "",
            "real_name": "Nino Arsov",
            "display_name": "Nino Arsov",
            "team": "TC0C1HURK",
            "name": "nino.arsov",
            "is_restricted": false,
            "is_ultra_restricted": false
        },
        "blocks": [
            {
                "type": "rich_text",
                "block_id": "fNoib",
                "elements": [
                    {
                        "type": "rich_text_section",
                        "elements": [
                            {
                                "type": "text",
                                "text": "let me see"
                            }
                        ]
                    }
                ]
            }
        ],
        "thread_ts": "1579693822.086600",
        "parent_user_id": "USL2PGEAW"
    },
    {
        "client_msg_id": "0f197102-7f97-4958-ba9c-8d3bc3f6ef45",
        "type": "message",
        "text": "doesn't work :disappointed:",
        "user": "USL2PGEAW",
        "ts": "1579694007.087400",
        "team": "TC0C1HURK",
        "user_team": "TC0C1HURK",
        "source_team": "TC0C1HURK",
        "user_profile": {
            "avatar_hash": "ga3bc8dc508d",
            "image_72": "https:\/\/secure.gravatar.com\/avatar\/a3bc8dc508da81e052d5b5382069da49.jpg?s=72&d=https%3A%2F%2Fa.slack-edge.com%2Fdf10d%2Fimg%2Favatars%2Fava_0010-72.png",
            "first_name": "",
            "real_name": "Nino Arsov",
            "display_name": "Nino Arsov",
            "team": "TC0C1HURK",
            "name": "nino.arsov",
            "is_restricted": false,
            "is_ultra_restricted": false
        },
        "blocks": [
            {
                "type": "rich_text",
                "block_id": "JD5dj",
                "elements": [
                    {
                        "type": "rich_text_section",
                        "elements": [
                            {
                                "type": "text",
                                "text": "doesn't work "
                            },
                            {
                                "type": "emoji",
                                "name": "disappointed"
                            }
                        ]
                    }
                ]
            }
        ],
        "thread_ts": "1579693822.086600",
        "parent_user_id": "USL2PGEAW"
    },
    {
        "client_msg_id": "defe2d55-3812-4378-ada2-6904e9aef4e3",
        "type": "message",
        "text": "hmm then i'm not sure, sorry",
        "user": "URS6PE0MQ",
        "ts": "1579694068.087600",
        "team": "TC0C1HURK",
        "user_team": "TC0C1HURK",
        "source_team": "TC0C1HURK",
        "user_profile": {
            "avatar_hash": "8b785edfd62c",
            "image_72": "https:\/\/avatars.slack-edge.com\/2020-01-03\/893039497744_8b785edfd62ce08d2761_72.png",
            "first_name": "",
            "real_name": "Hassan Khan",
            "display_name": "Hassan Khan",
            "team": "TC0C1HURK",
            "name": "contact_cubejs",
            "is_restricted": false,
            "is_ultra_restricted": false
        },
        "blocks": [
            {
                "type": "rich_text",
                "block_id": "khw3",
                "elements": [
                    {
                        "type": "rich_text_section",
                        "elements": [
                            {
                                "type": "text",
                                "text": "hmm then i'm not sure, sorry"
                            }
                        ]
                    }
                ]
            }
        ],
        "thread_ts": "1579693822.086600",
        "parent_user_id": "USL2PGEAW"
    },
    {
        "client_msg_id": "0ca6014a-76d9-432d-bab8-c9a6593a7cd7",
        "type": "message",
        "text": "<@UC19HAUAK> might be able to advise you",
        "user": "URS6PE0MQ",
        "ts": "1579694077.087800",
        "team": "TC0C1HURK",
        "user_team": "TC0C1HURK",
        "source_team": "TC0C1HURK",
        "user_profile": {
            "avatar_hash": "8b785edfd62c",
            "image_72": "https:\/\/avatars.slack-edge.com\/2020-01-03\/893039497744_8b785edfd62ce08d2761_72.png",
            "first_name": "",
            "real_name": "Hassan Khan",
            "display_name": "Hassan Khan",
            "team": "TC0C1HURK",
            "name": "contact_cubejs",
            "is_restricted": false,
            "is_ultra_restricted": false
        },
        "blocks": [
            {
                "type": "rich_text",
                "block_id": "HKZm",
                "elements": [
                    {
                        "type": "rich_text_section",
                        "elements": [
                            {
                                "type": "user",
                                "user_id": "UC19HAUAK"
                            },
                            {
                                "type": "text",
                                "text": " might be able to advise you"
                            }
                        ]
                    }
                ]
            }
        ],
        "thread_ts": "1579693822.086600",
        "parent_user_id": "USL2PGEAW"
    },
    {
        "client_msg_id": "60f53708-ef34-4c9b-93c9-90418331132d",
        "type": "message",
        "text": "Why not have a password?",
        "user": "US55KHYAZ",
        "ts": "1579694141.088000",
        "team": "TC0C1HURK",
        "user_team": "TC0C1HURK",
        "source_team": "TC0C1HURK",
        "user_profile": {
            "avatar_hash": "g6422406279a",
            "image_72": "https:\/\/secure.gravatar.com\/avatar\/6422406279a0f3cdbba786857be0cc82.jpg?s=72&d=https%3A%2F%2Fa.slack-edge.com%2Fdf10d%2Fimg%2Favatars%2Fava_0011-72.png",
            "first_name": "",
            "real_name": "Heiki",
            "display_name": "Heiki",
            "team": "TC0C1HURK",
            "name": "heiki.laaniste",
            "is_restricted": false,
            "is_ultra_restricted": false
        },
        "blocks": [
            {
                "type": "rich_text",
                "block_id": "zA=H+",
                "elements": [
                    {
                        "type": "rich_text_section",
                        "elements": [
                            {
                                "type": "text",
                                "text": "Why not have a password?"
                            }
                        ]
                    }
                ]
            }
        ],
        "thread_ts": "1579693822.086600",
        "parent_user_id": "USL2PGEAW",
        "reactions": [
            {
                "name": "+1",
                "users": [
                    "URS6PE0MQ",
                    "USL2PGEAW"
                ],
                "count": 2
            }
        ]
    },
    {
        "client_msg_id": "d5d52d5c-e7fa-483d-8552-d2ff487a3d96",
        "type": "message",
        "text": "yeah, ill simply set one",
        "user": "USL2PGEAW",
        "ts": "1579694456.088400",
        "team": "TC0C1HURK",
        "user_team": "TC0C1HURK",
        "source_team": "TC0C1HURK",
        "user_profile": {
            "avatar_hash": "ga3bc8dc508d",
            "image_72": "https:\/\/secure.gravatar.com\/avatar\/a3bc8dc508da81e052d5b5382069da49.jpg?s=72&d=https%3A%2F%2Fa.slack-edge.com%2Fdf10d%2Fimg%2Favatars%2Fava_0010-72.png",
            "first_name": "",
            "real_name": "Nino Arsov",
            "display_name": "Nino Arsov",
            "team": "TC0C1HURK",
            "name": "nino.arsov",
            "is_restricted": false,
            "is_ultra_restricted": false
        },
        "blocks": [
            {
                "type": "rich_text",
                "block_id": "1ohW",
                "elements": [
                    {
                        "type": "rich_text_section",
                        "elements": [
                            {
                                "type": "text",
                                "text": "yeah, ill simply set one"
                            }
                        ]
                    }
                ]
            }
        ],
        "thread_ts": "1579693822.086600",
        "parent_user_id": "USL2PGEAW"
    },
    {
        "type": "message",
        "subtype": "channel_join",
        "ts": "1579695490.088700",
        "user": "USYT4CEP7",
        "text": "<@USYT4CEP7> has joined the channel"
    },
    {
        "client_msg_id": "c8a290fc-1f81-44a2-b301-10f5e48e9c73",
        "type": "message",
        "text": "Hi, how can we trigger on click event on the different types of graphs that we have in cube.js? Any help would be appreciated.",
        "user": "USYT4CEP7",
        "ts": "1579695578.089500",
        "team": "TC0C1HURK",
        "user_team": "TC0C1HURK",
        "source_team": "TC0C1HURK",
        "user_profile": {
            "avatar_hash": "g7b4bf0cfc7e",
            "image_72": "https:\/\/secure.gravatar.com\/avatar\/7b4bf0cfc7e3b90a99949546e4e6bebe.jpg?s=72&d=https%3A%2F%2Fa.slack-edge.com%2Fdf10d%2Fimg%2Favatars%2Fava_0023-72.png",
            "first_name": "",
            "real_name": "Souptik Chatterjee",
            "display_name": "Souptik Chatterjee",
            "team": "TC0C1HURK",
            "name": "souptik.chatterjee7",
            "is_restricted": false,
            "is_ultra_restricted": false
        },
        "blocks": [
            {
                "type": "rich_text",
                "block_id": "fh1C",
                "elements": [
                    {
                        "type": "rich_text_section",
                        "elements": [
                            {
                                "type": "text",
                                "text": "Hi, how can we trigger on click event on the different types of graphs that we have in cube.js? Any help would be appreciated."
                            }
                        ]
                    }
                ]
            }
        ],
        "thread_ts": "1579695578.089500",
        "reply_count": 2,
        "reply_users_count": 2,
        "latest_reply": "1579759946.098300",
        "reply_users": [
            "UC19HAUAK",
            "USYT4CEP7"
        ],
        "replies": [
            {
                "user": "UC19HAUAK",
                "ts": "1579718945.096400"
            },
            {
                "user": "USYT4CEP7",
                "ts": "1579759946.098300"
            }
        ],
        "subscribed": false
    },
    {
        "client_msg_id": "55d705e8-72f6-4946-bcfc-f68e31af5ce6",
        "type": "message",
        "text": "<@US55KHYAZ> in that case I can not help :S",
        "user": "USS4332GL",
        "ts": "1579696520.089800",
        "team": "TC0C1HURK",
        "user_team": "TC0C1HURK",
        "source_team": "TC0C1HURK",
        "user_profile": {
            "avatar_hash": "g55ae3463ba8",
            "image_72": "https:\/\/secure.gravatar.com\/avatar\/55ae3463ba89c45d569d7b46a6c7f777.jpg?s=72&d=https%3A%2F%2Fa.slack-edge.com%2Fdf10d%2Fimg%2Favatars%2Fava_0020-72.png",
            "first_name": "",
            "real_name": "Sebastian",
            "display_name": "",
            "team": "TC0C1HURK",
            "name": "deadlockgb",
            "is_restricted": false,
            "is_ultra_restricted": false
        },
        "blocks": [
            {
                "type": "rich_text",
                "block_id": "H\/DtP",
                "elements": [
                    {
                        "type": "rich_text_section",
                        "elements": [
                            {
                                "type": "user",
                                "user_id": "US55KHYAZ"
                            },
                            {
                                "type": "text",
                                "text": " in that case I can not help :S"
                            }
                        ]
                    }
                ]
            }
        ]
    },
    {
        "client_msg_id": "9ceb7e9f-f8fe-446c-81c7-9d62cacd3179",
        "type": "message",
        "text": "Thanks <@UC19HAUAK>. Just to confirm:\nI'm including the `ticketCount`  measure, the `customerid` dimension, the `orderdt` timeDimension (with month granularity), and the `z` segment in my query, so the `customersales`  preAggregation should be used, right? (because those are all the references that define the `customersales` rollup).\nAnd if I add a filter for the `customerid`  dimension with `equals` operator, the preAggregation will still be used? (or not?)",
        "user": "UQGF0N4FM",
        "ts": "1579701491.090600",
        "team": "TC0C1HURK",
        "user_team": "TC0C1HURK",
        "source_team": "TC0C1HURK",
        "user_profile": {
            "avatar_hash": "gd93d5cb3986",
            "image_72": "https:\/\/secure.gravatar.com\/avatar\/d93d5cb39864821e725b066eab825e6a.jpg?s=72&d=https%3A%2F%2Fa.slack-edge.com%2Fdf10d%2Fimg%2Favatars%2Fava_0014-72.png",
            "first_name": "Vicente",
            "real_name": "Vicente Fuenzalida Marin",
            "display_name": "vicente",
            "team": "TC0C1HURK",
            "name": "vicente",
            "is_restricted": false,
            "is_ultra_restricted": false
        },
        "blocks": [
            {
                "type": "rich_text",
                "block_id": "tV7f",
                "elements": [
                    {
                        "type": "rich_text_section",
                        "elements": [
                            {
                                "type": "text",
                                "text": "Thanks "
                            },
                            {
                                "type": "user",
                                "user_id": "UC19HAUAK"
                            },
                            {
                                "type": "text",
                                "text": ". Just to confirm:\nI'm including the "
                            },
                            {
                                "type": "text",
                                "text": "ticketCount",
                                "style": {
                                    "code": true
                                }
                            },
                            {
                                "type": "text",
                                "text": "  measure, the "
                            },
                            {
                                "type": "text",
                                "text": "customerid",
                                "style": {
                                    "code": true
                                }
                            },
                            {
                                "type": "text",
                                "text": " dimension, the "
                            },
                            {
                                "type": "text",
                                "text": "orderdt",
                                "style": {
                                    "code": true
                                }
                            },
                            {
                                "type": "text",
                                "text": " timeDimension (with month granularity), and the "
                            },
                            {
                                "type": "text",
                                "text": "z",
                                "style": {
                                    "code": true
                                }
                            },
                            {
                                "type": "text",
                                "text": " segment in my query, so the "
                            },
                            {
                                "type": "text",
                                "text": "customersales",
                                "style": {
                                    "code": true
                                }
                            },
                            {
                                "type": "text",
                                "text": "  preAggregation should be used, right? (because those are all the references that define the "
                            },
                            {
                                "type": "text",
                                "text": "customersales",
                                "style": {
                                    "code": true
                                }
                            },
                            {
                                "type": "text",
                                "text": " rollup).\nAnd if I add a filter for the "
                            },
                            {
                                "type": "text",
                                "text": "customerid",
                                "style": {
                                    "code": true
                                }
                            },
                            {
                                "type": "text",
                                "text": "  dimension with "
                            },
                            {
                                "type": "text",
                                "text": "equals",
                                "style": {
                                    "code": true
                                }
                            },
                            {
                                "type": "text",
                                "text": " operator, the preAggregation will still be used? (or not?)"
                            }
                        ]
                    }
                ]
            }
        ],
        "thread_ts": "1579640121.061600",
        "parent_user_id": "UQGF0N4FM"
    },
    {
        "client_msg_id": "ef7f0a48-f2a8-4648-b412-df75cc6cd721",
        "type": "message",
        "text": "Thanks <@UC19HAUAK> - I checked and they're certainly different. I'm getting an `invalid token error` and I'm sure I'm using the correct one. the command I ran above was successful. Do you know what might cause that?",
        "user": "USE3AUW8Y",
        "ts": "1579703194.090900",
        "team": "TC0C1HURK",
        "user_team": "TC0C1HURK",
        "source_team": "TC0C1HURK",
        "user_profile": {
            "avatar_hash": "25c1842db27a",
            "image_72": "https:\/\/avatars.slack-edge.com\/2020-01-09\/902193776470_25c1842db27a59511089_72.png",
            "first_name": "Laura",
            "real_name": "Laura Alkhoury",
            "display_name": "Laura Alkhoury",
            "team": "TC0C1HURK",
            "name": "laura.alkhoury",
            "is_restricted": false,
            "is_ultra_restricted": false
        },
        "blocks": [
            {
                "type": "rich_text",
                "block_id": "H=1",
                "elements": [
                    {
                        "type": "rich_text_section",
                        "elements": [
                            {
                                "type": "text",
                                "text": "Thanks "
                            },
                            {
                                "type": "user",
                                "user_id": "UC19HAUAK"
                            },
                            {
                                "type": "text",
                                "text": " - I checked and they're certainly different. I'm getting an "
                            },
                            {
                                "type": "text",
                                "text": "invalid token error",
                                "style": {
                                    "code": true
                                }
                            },
                            {
                                "type": "text",
                                "text": " and I'm sure I'm using the correct one. the command I ran above was successful. Do you know what might cause that?"
                            }
                        ]
                    }
                ]
            }
        ],
        "thread_ts": "1579639084.055600",
        "parent_user_id": "USE3AUW8Y"
    },
    {
        "client_msg_id": "5c3963e5-7009-4a1f-b3b5-1d4ac0bfe67f",
        "type": "message",
        "text": "If you do not set your CUBEJS_DB_PASS variable at all it should work without a password. I have setup my dev instance like that.",
        "user": "USGF5A9QR",
        "ts": "1579703657.091100",
        "team": "TC0C1HURK",
        "user_team": "TC0C1HURK",
        "source_team": "TC0C1HURK",
        "user_profile": {
            "avatar_hash": "ga7c9198bd8e",
            "image_72": "https:\/\/secure.gravatar.com\/avatar\/a7c9198bd8eac4f64b6070c4740ab447.jpg?s=72&d=https%3A%2F%2Fa.slack-edge.com%2Fdf10d%2Fimg%2Favatars%2Fava_0002-72.png",
            "first_name": "",
            "real_name": "Veli-Matti Ojala",
            "display_name": "Veli-Matti Ojala",
            "team": "TC0C1HURK",
            "name": "veli-matti",
            "is_restricted": false,
            "is_ultra_restricted": false
        },
        "blocks": [
            {
                "type": "rich_text",
                "block_id": "foD",
                "elements": [
                    {
                        "type": "rich_text_section",
                        "elements": [
                            {
                                "type": "text",
                                "text": "If you do not set your CUBEJS_DB_PASS variable at all it should work without a password. I have setup my dev instance like that."
                            }
                        ]
                    }
                ]
            }
        ],
        "thread_ts": "1579693822.086600",
        "parent_user_id": "USL2PGEAW",
        "reactions": [
            {
                "name": "+1",
                "users": [
                    "UC19HAUAK"
                ],
                "count": 1
            }
        ]
    },
    {
        "client_msg_id": "DD6C70DD-47EF-46AF-A5A5-DE2B3AB059E5",
        "type": "message",
        "text": "<@UQGF0N4FM> Makes sense. I don’t see any segments in query you shared though.",
        "user": "UC19HAUAK",
        "ts": "1579711211.092200",
        "team": "TC0C1HURK",
        "user_team": "TC0C1HURK",
        "source_team": "TC0C1HURK",
        "user_profile": {
            "avatar_hash": "066a042e018c",
            "image_72": "https:\/\/avatars.slack-edge.com\/2019-12-07\/866588520998_066a042e018ca831a195_72.png",
            "first_name": "Pavel",
            "real_name": "Pavel Tiunov",
            "display_name": "pavel",
            "team": "TC0C1HURK",
            "name": "pavel",
            "is_restricted": false,
            "is_ultra_restricted": false
        },
        "blocks": [
            {
                "type": "rich_text",
                "block_id": "N+P",
                "elements": [
                    {
                        "type": "rich_text_section",
                        "elements": [
                            {
                                "type": "user",
                                "user_id": "UQGF0N4FM"
                            },
                            {
                                "type": "text",
                                "text": " Makes sense. I don’t see any segments in query you shared though."
                            }
                        ]
                    }
                ]
            }
        ],
        "thread_ts": "1579640121.061600",
        "parent_user_id": "UQGF0N4FM"
    },
    {
        "client_msg_id": "A8291417-9704-4B58-9BDE-2F6BC173D3D2",
        "type": "message",
        "text": "<@USE3AUW8Y> is this for development or production?",
        "user": "UC19HAUAK",
        "ts": "1579711317.093000",
        "team": "TC0C1HURK",
        "user_team": "TC0C1HURK",
        "source_team": "TC0C1HURK",
        "user_profile": {
            "avatar_hash": "066a042e018c",
            "image_72": "https:\/\/avatars.slack-edge.com\/2019-12-07\/866588520998_066a042e018ca831a195_72.png",
            "first_name": "Pavel",
            "real_name": "Pavel Tiunov",
            "display_name": "pavel",
            "team": "TC0C1HURK",
            "name": "pavel",
            "is_restricted": false,
            "is_ultra_restricted": false
        },
        "blocks": [
            {
                "type": "rich_text",
                "block_id": "Fgrk",
                "elements": [
                    {
                        "type": "rich_text_section",
                        "elements": [
                            {
                                "type": "user",
                                "user_id": "USE3AUW8Y"
                            },
                            {
                                "type": "text",
                                "text": " is this for development or production?"
                            }
                        ]
                    }
                ]
            }
        ],
        "thread_ts": "1579639084.055600",
        "parent_user_id": "USE3AUW8Y"
    },
    {
        "client_msg_id": "FCFB7CDE-CBCA-41FF-834E-8740C767BFD3",
        "type": "message",
        "text": "<@USS4332GL> you need to define driverFactory",
        "user": "UC19HAUAK",
        "ts": "1579711392.093700",
        "team": "TC0C1HURK",
        "user_team": "TC0C1HURK",
        "source_team": "TC0C1HURK",
        "user_profile": {
            "avatar_hash": "066a042e018c",
            "image_72": "https:\/\/avatars.slack-edge.com\/2019-12-07\/866588520998_066a042e018ca831a195_72.png",
            "first_name": "Pavel",
            "real_name": "Pavel Tiunov",
            "display_name": "pavel",
            "team": "TC0C1HURK",
            "name": "pavel",
            "is_restricted": false,
            "is_ultra_restricted": false
        },
        "blocks": [
            {
                "type": "rich_text",
                "block_id": "M+g",
                "elements": [
                    {
                        "type": "rich_text_section",
                        "elements": [
                            {
                                "type": "user",
                                "user_id": "USS4332GL"
                            },
                            {
                                "type": "text",
                                "text": " you need to define driverFactory"
                            }
                        ]
                    }
                ]
            }
        ],
        "thread_ts": "1579246989.008100",
        "parent_user_id": "USS4332GL"
    },
    {
        "client_msg_id": "022D57EA-D158-4A29-9DD6-54FFF59B9FB9",
        "type": "message",
        "text": "<@USL2PGEAW> <@USGF5A9QR> right. You can just drop this variable and it should work if it’s allowed to login without password.",
        "user": "UC19HAUAK",
        "ts": "1579711490.095400",
        "team": "TC0C1HURK",
        "user_team": "TC0C1HURK",
        "source_team": "TC0C1HURK",
        "user_profile": {
            "avatar_hash": "066a042e018c",
            "image_72": "https:\/\/avatars.slack-edge.com\/2019-12-07\/866588520998_066a042e018ca831a195_72.png",
            "first_name": "Pavel",
            "real_name": "Pavel Tiunov",
            "display_name": "pavel",
            "team": "TC0C1HURK",
            "name": "pavel",
            "is_restricted": false,
            "is_ultra_restricted": false
        },
        "blocks": [
            {
                "type": "rich_text",
                "block_id": "7h=",
                "elements": [
                    {
                        "type": "rich_text_section",
                        "elements": [
                            {
                                "type": "user",
                                "user_id": "USL2PGEAW"
                            },
                            {
                                "type": "text",
                                "text": " "
                            },
                            {
                                "type": "user",
                                "user_id": "USGF5A9QR"
                            },
                            {
                                "type": "text",
                                "text": " right. You can just drop this variable and it should work if it’s allowed to login without password."
                            }
                        ]
                    }
                ]
            }
        ],
        "thread_ts": "1579693822.086600",
        "parent_user_id": "USL2PGEAW"
    },
    {
        "type": "message",
        "subtype": "channel_join",
        "ts": "1579716397.096100",
        "user": "UT1MY1RGE",
        "text": "<@UT1MY1RGE> has joined the channel"
    },
    {
        "client_msg_id": "8c57c9bc-1c1e-4b0d-bbe8-51c70fb10454",
        "type": "message",
        "text": "<@UC19HAUAK> production",
        "user": "USE3AUW8Y",
        "ts": "1579716603.096200",
        "team": "TC0C1HURK",
        "user_team": "TC0C1HURK",
        "source_team": "TC0C1HURK",
        "user_profile": {
            "avatar_hash": "25c1842db27a",
            "image_72": "https:\/\/avatars.slack-edge.com\/2020-01-09\/902193776470_25c1842db27a59511089_72.png",
            "first_name": "Laura",
            "real_name": "Laura Alkhoury",
            "display_name": "Laura Alkhoury",
            "team": "TC0C1HURK",
            "name": "laura.alkhoury",
            "is_restricted": false,
            "is_ultra_restricted": false
        },
        "blocks": [
            {
                "type": "rich_text",
                "block_id": "uRK",
                "elements": [
                    {
                        "type": "rich_text_section",
                        "elements": [
                            {
                                "type": "user",
                                "user_id": "UC19HAUAK"
                            },
                            {
                                "type": "text",
                                "text": " production"
                            }
                        ]
                    }
                ]
            }
        ],
        "thread_ts": "1579639084.055600",
        "parent_user_id": "USE3AUW8Y"
    },
    {
        "client_msg_id": "221d9b59-b3ba-4c73-8355-ecb3d14dda19",
        "type": "message",
        "text": "Hey <@USYT4CEP7>! It's question related to specific charting library you use rather than to cube.js itself.",
        "user": "UC19HAUAK",
        "ts": "1579718945.096400",
        "team": "TC0C1HURK",
        "user_team": "TC0C1HURK",
        "source_team": "TC0C1HURK",
        "user_profile": {
            "avatar_hash": "066a042e018c",
            "image_72": "https:\/\/avatars.slack-edge.com\/2019-12-07\/866588520998_066a042e018ca831a195_72.png",
            "first_name": "Pavel",
            "real_name": "Pavel Tiunov",
            "display_name": "pavel",
            "team": "TC0C1HURK",
            "name": "pavel",
            "is_restricted": false,
            "is_ultra_restricted": false
        },
        "blocks": [
            {
                "type": "rich_text",
                "block_id": "IFBp",
                "elements": [
                    {
                        "type": "rich_text_section",
                        "elements": [
                            {
                                "type": "text",
                                "text": "Hey "
                            },
                            {
                                "type": "user",
                                "user_id": "USYT4CEP7"
                            },
                            {
                                "type": "text",
                                "text": "! It's question related to specific charting library you use rather than to cube.js itself."
                            }
                        ]
                    }
                ]
            }
        ],
        "thread_ts": "1579695578.089500",
        "parent_user_id": "USYT4CEP7"
    },
    {
        "client_msg_id": "8082dd33-1998-4de9-843f-2631ad0438f1",
        "type": "message",
        "text": "<@USE3AUW8Y> Do you use the same secret for prod or dev or is it different? You can use <https:\/\/jwt.io\/> to check tokens after it was generated to see if it's right or not.",
        "user": "UC19HAUAK",
        "ts": "1579719056.096600",
        "team": "TC0C1HURK",
        "user_team": "TC0C1HURK",
        "source_team": "TC0C1HURK",
        "user_profile": {
            "avatar_hash": "066a042e018c",
            "image_72": "https:\/\/avatars.slack-edge.com\/2019-12-07\/866588520998_066a042e018ca831a195_72.png",
            "first_name": "Pavel",
            "real_name": "Pavel Tiunov",
            "display_name": "pavel",
            "team": "TC0C1HURK",
            "name": "pavel",
            "is_restricted": false,
            "is_ultra_restricted": false
        },
        "attachments": [
            {
                "title": "JWT.IO",
                "title_link": "https:\/\/jwt.io\/",
                "text": "JSON Web Tokens are an open, industry standard RFC 7519 method for representing claims securely between two parties.",
                "fallback": "JWT.IO",
                "image_url": "http:\/\/jwt.io\/img\/twitter-card.png",
                "image_width": 500,
                "image_height": 250,
                "from_url": "https:\/\/jwt.io\/",
                "image_bytes": 16303,
                "service_icon": "https:\/\/jwt.io\/img\/favicon\/apple-icon-57x57.png",
                "service_name": "jwt.io",
                "id": 1,
                "original_url": "https:\/\/jwt.io\/"
            }
        ],
        "blocks": [
            {
                "type": "rich_text",
                "block_id": "9Z\/l",
                "elements": [
                    {
                        "type": "rich_text_section",
                        "elements": [
                            {
                                "type": "user",
                                "user_id": "USE3AUW8Y"
                            },
                            {
                                "type": "text",
                                "text": " Do you use the same secret for prod or dev or is it different? You can use "
                            },
                            {
                                "type": "link",
                                "url": "https:\/\/jwt.io\/"
                            },
                            {
                                "type": "text",
                                "text": " to check tokens after it was generated to see if it's right or not."
                            }
                        ]
                    }
                ]
            }
        ],
        "thread_ts": "1579639084.055600",
        "parent_user_id": "USE3AUW8Y"
    },
    {
        "client_msg_id": "c7d73dcf-b049-43df-848d-31316f7db64a",
        "type": "message",
        "text": "I believe the problem is with secret.",
        "user": "UC19HAUAK",
        "ts": "1579719078.096900",
        "team": "TC0C1HURK",
        "user_team": "TC0C1HURK",
        "source_team": "TC0C1HURK",
        "user_profile": {
            "avatar_hash": "066a042e018c",
            "image_72": "https:\/\/avatars.slack-edge.com\/2019-12-07\/866588520998_066a042e018ca831a195_72.png",
            "first_name": "Pavel",
            "real_name": "Pavel Tiunov",
            "display_name": "pavel",
            "team": "TC0C1HURK",
            "name": "pavel",
            "is_restricted": false,
            "is_ultra_restricted": false
        },
        "blocks": [
            {
                "type": "rich_text",
                "block_id": "d85",
                "elements": [
                    {
                        "type": "rich_text_section",
                        "elements": [
                            {
                                "type": "text",
                                "text": "I believe the problem is with secret."
                            }
                        ]
                    }
                ]
            }
        ],
        "thread_ts": "1579639084.055600",
        "parent_user_id": "USE3AUW8Y"
    },
    {
        "type": "message",
        "subtype": "channel_join",
        "ts": "1579721889.097300",
        "user": "USLT17EAE",
        "text": "<@USLT17EAE> has joined the channel"
    },
    {
        "type": "message",
        "subtype": "channel_join",
        "ts": "1579727242.097400",
        "user": "UT1FVR0EB",
        "text": "<@UT1FVR0EB> has joined the channel"
    },
    {
        "client_msg_id": "2331c3cc-d296-4b03-948a-1e17d07b97ee",
        "type": "message",
        "text": "<@US55KHYAZ> if you use template with `ChartRenderer` you can add it there:\n```const renderProps = useCubeQuery({ ...query, renewQuery: true });```\nAlso if you didn't have chance to update to 0.15 you probably should do so and this `renewQuery` in most cases isn't required anymore to achieve desired user experience.",
        "user": "UC19HAUAK",
        "ts": "1579746759.097600",
        "team": "TC0C1HURK",
        "user_team": "TC0C1HURK",
        "source_team": "TC0C1HURK",
        "user_profile": {
            "avatar_hash": "066a042e018c",
            "image_72": "https:\/\/avatars.slack-edge.com\/2019-12-07\/866588520998_066a042e018ca831a195_72.png",
            "first_name": "Pavel",
            "real_name": "Pavel Tiunov",
            "display_name": "pavel",
            "team": "TC0C1HURK",
            "name": "pavel",
            "is_restricted": false,
            "is_ultra_restricted": false
        },
        "blocks": [
            {
                "type": "rich_text",
                "block_id": "x2r",
                "elements": [
                    {
                        "type": "rich_text_section",
                        "elements": [
                            {
                                "type": "user",
                                "user_id": "US55KHYAZ"
                            },
                            {
                                "type": "text",
                                "text": " if you use template with "
                            },
                            {
                                "type": "text",
                                "text": "ChartRenderer",
                                "style": {
                                    "code": true
                                }
                            },
                            {
                                "type": "text",
                                "text": " you can add it there:\n"
                            }
                        ]
                    },
                    {
                        "type": "rich_text_preformatted",
                        "elements": [
                            {
                                "type": "text",
                                "text": "const renderProps = useCubeQuery({ ...query, renewQuery: true });"
                            }
                        ]
                    },
                    {
                        "type": "rich_text_section",
                        "elements": [
                            {
                                "type": "text",
                                "text": "Also if you didn't have chance to update to 0.15 you probably should do so and this "
                            },
                            {
                                "type": "text",
                                "text": "renewQuery",
                                "style": {
                                    "code": true
                                }
                            },
                            {
                                "type": "text",
                                "text": " in most cases isn't required anymore to achieve desired user experience."
                            }
                        ]
                    }
                ]
            }
        ],
        "thread_ts": "1579686882.081100",
        "parent_user_id": "US55KHYAZ"
    },
    {
        "type": "message",
        "subtype": "channel_join",
        "ts": "1579753011.097900",
        "user": "USNQT8R7D",
        "text": "<@USNQT8R7D> has joined the channel"
    },
    {
        "type": "message",
        "subtype": "channel_join",
        "ts": "1579757368.098100",
        "user": "USZSMDZQU",
        "text": "<@USZSMDZQU> has joined the channel"
    },
    {
        "client_msg_id": "ed549e22-255b-4f41-98c6-8937d954c6b2",
        "type": "message",
        "text": "Thanks for the  help. Understood the working now :slightly_smiling_face:",
        "user": "USYT4CEP7",
        "ts": "1579759946.098300",
        "team": "TC0C1HURK",
        "user_team": "TC0C1HURK",
        "source_team": "TC0C1HURK",
        "user_profile": {
            "avatar_hash": "g7b4bf0cfc7e",
            "image_72": "https:\/\/secure.gravatar.com\/avatar\/7b4bf0cfc7e3b90a99949546e4e6bebe.jpg?s=72&d=https%3A%2F%2Fa.slack-edge.com%2Fdf10d%2Fimg%2Favatars%2Fava_0023-72.png",
            "first_name": "",
            "real_name": "Souptik Chatterjee",
            "display_name": "Souptik Chatterjee",
            "team": "TC0C1HURK",
            "name": "souptik.chatterjee7",
            "is_restricted": false,
            "is_ultra_restricted": false
        },
        "blocks": [
            {
                "type": "rich_text",
                "block_id": "vL8m",
                "elements": [
                    {
                        "type": "rich_text_section",
                        "elements": [
                            {
                                "type": "text",
                                "text": "Thanks for the  help. Understood the working now "
                            },
                            {
                                "type": "emoji",
                                "name": "slightly_smiling_face"
                            }
                        ]
                    }
                ]
            }
        ],
        "thread_ts": "1579695578.089500",
        "parent_user_id": "USYT4CEP7",
        "reactions": [
            {
                "name": "raised_hands",
                "users": [
                    "UC19HAUAK"
                ],
                "count": 1
            }
        ]
    },
    {
        "type": "message",
        "subtype": "channel_join",
        "ts": "1579766065.098600",
        "user": "USML0LHNE",
        "text": "<@USML0LHNE> has joined the channel"
    },
    {
        "type": "message",
        "subtype": "channel_join",
        "ts": "1579766108.098700",
        "user": "USME20PJ7",
        "text": "<@USME20PJ7> has joined the channel"
    }
]