[
    {
        "type": "message",
        "subtype": "channel_join",
        "ts": "1596093395.258900",
        "user": "U017JQ70XST",
        "text": "<@U017JQ70XST> has joined the channel"
    },
    {
        "type": "message",
        "subtype": "channel_join",
        "ts": "1596097964.259100",
        "user": "U017ZLBNR1Q",
        "text": "<@U017ZLBNR1Q> has joined the channel"
    },
    {
        "type": "message",
        "subtype": "channel_join",
        "ts": "1596104463.259300",
        "user": "U01802EH9R9",
        "text": "<@U01802EH9R9> has joined the channel"
    },
    {
        "type": "message",
        "text": "Still the same error",
        "files": [
            {
                "id": "F017YK81M53",
                "created": 1596110379,
                "timestamp": 1596110379,
                "name": "Screen Shot 2020-07-30 at 7.58.53 AM.png",
                "title": "Screen Shot 2020-07-30 at 7.58.53 AM.png",
                "mimetype": "image\/png",
                "filetype": "png",
                "pretty_type": "PNG",
                "user": "U017P88UBJA",
                "editable": false,
                "size": 611135,
                "mode": "hosted",
                "is_external": false,
                "external_type": "",
                "is_public": true,
                "public_url_shared": false,
                "display_as_bot": false,
                "username": "",
                "url_private": "https:\/\/files.slack.com\/files-pri\/TC0C1HURK-F017YK81M53\/screen_shot_2020-07-30_at_7.58.53_am.png?t=xoxe-408409606869-1300049925941-1294691254950-5e5ba619551397a2daf3223fc6c48b4a",
                "url_private_download": "https:\/\/files.slack.com\/files-pri\/TC0C1HURK-F017YK81M53\/download\/screen_shot_2020-07-30_at_7.58.53_am.png?t=xoxe-408409606869-1300049925941-1294691254950-5e5ba619551397a2daf3223fc6c48b4a",
                "thumb_64": "https:\/\/files.slack.com\/files-tmb\/TC0C1HURK-F017YK81M53-0a366c4d84\/screen_shot_2020-07-30_at_7.58.53_am_64.png?t=xoxe-408409606869-1300049925941-1294691254950-5e5ba619551397a2daf3223fc6c48b4a",
                "thumb_80": "https:\/\/files.slack.com\/files-tmb\/TC0C1HURK-F017YK81M53-0a366c4d84\/screen_shot_2020-07-30_at_7.58.53_am_80.png?t=xoxe-408409606869-1300049925941-1294691254950-5e5ba619551397a2daf3223fc6c48b4a",
                "thumb_360": "https:\/\/files.slack.com\/files-tmb\/TC0C1HURK-F017YK81M53-0a366c4d84\/screen_shot_2020-07-30_at_7.58.53_am_360.png?t=xoxe-408409606869-1300049925941-1294691254950-5e5ba619551397a2daf3223fc6c48b4a",
                "thumb_360_w": 360,
                "thumb_360_h": 205,
                "thumb_480": "https:\/\/files.slack.com\/files-tmb\/TC0C1HURK-F017YK81M53-0a366c4d84\/screen_shot_2020-07-30_at_7.58.53_am_480.png?t=xoxe-408409606869-1300049925941-1294691254950-5e5ba619551397a2daf3223fc6c48b4a",
                "thumb_480_w": 480,
                "thumb_480_h": 273,
                "thumb_160": "https:\/\/files.slack.com\/files-tmb\/TC0C1HURK-F017YK81M53-0a366c4d84\/screen_shot_2020-07-30_at_7.58.53_am_160.png?t=xoxe-408409606869-1300049925941-1294691254950-5e5ba619551397a2daf3223fc6c48b4a",
                "thumb_720": "https:\/\/files.slack.com\/files-tmb\/TC0C1HURK-F017YK81M53-0a366c4d84\/screen_shot_2020-07-30_at_7.58.53_am_720.png?t=xoxe-408409606869-1300049925941-1294691254950-5e5ba619551397a2daf3223fc6c48b4a",
                "thumb_720_w": 720,
                "thumb_720_h": 410,
                "thumb_800": "https:\/\/files.slack.com\/files-tmb\/TC0C1HURK-F017YK81M53-0a366c4d84\/screen_shot_2020-07-30_at_7.58.53_am_800.png?t=xoxe-408409606869-1300049925941-1294691254950-5e5ba619551397a2daf3223fc6c48b4a",
                "thumb_800_w": 800,
                "thumb_800_h": 455,
                "thumb_960": "https:\/\/files.slack.com\/files-tmb\/TC0C1HURK-F017YK81M53-0a366c4d84\/screen_shot_2020-07-30_at_7.58.53_am_960.png?t=xoxe-408409606869-1300049925941-1294691254950-5e5ba619551397a2daf3223fc6c48b4a",
                "thumb_960_w": 960,
                "thumb_960_h": 546,
                "thumb_1024": "https:\/\/files.slack.com\/files-tmb\/TC0C1HURK-F017YK81M53-0a366c4d84\/screen_shot_2020-07-30_at_7.58.53_am_1024.png?t=xoxe-408409606869-1300049925941-1294691254950-5e5ba619551397a2daf3223fc6c48b4a",
                "thumb_1024_w": 1024,
                "thumb_1024_h": 583,
                "original_w": 1624,
                "original_h": 924,
                "thumb_tiny": "AwAbADDQOPegt9aOpIxSgDvQAZ+tLu9jRgUY+tAC5opMfWloAzrJ3aVgXJGxepq8OOpH50LEinKqAcY4pwA9KAE3e4oz7inYHoKMD0FABRSYHoKNo9BQB\/\/Z",
                "permalink": "https:\/\/cube-js.slack.com\/files\/U017P88UBJA\/F017YK81M53\/screen_shot_2020-07-30_at_7.58.53_am.png",
                "permalink_public": "https:\/\/slack-files.com\/TC0C1HURK-F017YK81M53-d765bb50f3",
                "is_starred": false,
                "has_rich_preview": false
            }
        ],
        "upload": false,
        "blocks": [
            {
                "type": "rich_text",
                "block_id": "Doyr",
                "elements": [
                    {
                        "type": "rich_text_section",
                        "elements": [
                            {
                                "type": "text",
                                "text": "Still the same error"
                            }
                        ]
                    }
                ]
            }
        ],
        "user": "U017P88UBJA",
        "display_as_bot": false,
        "ts": "1596110382.259400",
        "thread_ts": "1596032178.256400",
        "parent_user_id": "U017P88UBJA"
    },
    {
        "client_msg_id": "f5f8afd8-96e3-452b-aac1-bfccd499b222",
        "type": "message",
        "text": "Hi Alex,  I've just tried to get the queryTransformer running and I wanted to tell you that there seems to be an *error* in the *documentation* which cost me quite some time debugging. Maybe you can fix that.\nThe documentation says:",
        "user": "U01594YA83Z",
        "ts": "1596112968.259900",
        "team": "TC0C1HURK",
        "user_team": "TC0C1HURK",
        "source_team": "TC0C1HURK",
        "user_profile": {
            "avatar_hash": "gdc942bda718",
            "image_72": "https:\/\/secure.gravatar.com\/avatar\/dc942bda718c3dca1abe806033a18435.jpg?s=72&d=https%3A%2F%2Fa.slack-edge.com%2Fdf10d%2Fimg%2Favatars%2Fava_0024-72.png",
            "first_name": "",
            "real_name": "David Maier",
            "display_name": "David Maier",
            "team": "TC0C1HURK",
            "name": "office",
            "is_restricted": false,
            "is_ultra_restricted": false
        },
        "blocks": [
            {
                "type": "rich_text",
                "block_id": "fX0X",
                "elements": [
                    {
                        "type": "rich_text_section",
                        "elements": [
                            {
                                "type": "text",
                                "text": "Hi Alex,  I've just tried to get the queryTransformer running and I wanted to tell you that there seems to be an "
                            },
                            {
                                "type": "text",
                                "text": "error",
                                "style": {
                                    "bold": true
                                }
                            },
                            {
                                "type": "text",
                                "text": " in the "
                            },
                            {
                                "type": "text",
                                "text": "documentation ",
                                "style": {
                                    "bold": true
                                }
                            },
                            {
                                "type": "text",
                                "text": "which cost me quite some time debugging. Maybe you can fix that.\nThe documentation says:"
                            }
                        ]
                    }
                ]
            }
        ],
        "thread_ts": "1594982578.062300",
        "parent_user_id": "U01594YA83Z"
    },
    {
        "client_msg_id": "e6a12a4f-4f90-4056-afc9-c1616218654a",
        "type": "message",
        "text": "```query.filters.push({\n        member: 'Regions.id',\n        operator: 'equals',\n        values: [user.regionId]\n      })```\n",
        "user": "U01594YA83Z",
        "ts": "1596112975.260100",
        "team": "TC0C1HURK",
        "user_team": "TC0C1HURK",
        "source_team": "TC0C1HURK",
        "user_profile": {
            "avatar_hash": "gdc942bda718",
            "image_72": "https:\/\/secure.gravatar.com\/avatar\/dc942bda718c3dca1abe806033a18435.jpg?s=72&d=https%3A%2F%2Fa.slack-edge.com%2Fdf10d%2Fimg%2Favatars%2Fava_0024-72.png",
            "first_name": "",
            "real_name": "David Maier",
            "display_name": "David Maier",
            "team": "TC0C1HURK",
            "name": "office",
            "is_restricted": false,
            "is_ultra_restricted": false
        },
        "blocks": [
            {
                "type": "rich_text",
                "block_id": "lUHk",
                "elements": [
                    {
                        "type": "rich_text_preformatted",
                        "elements": [
                            {
                                "type": "text",
                                "text": "query.filters.push({\n        member: 'Regions.id',\n        operator: 'equals',\n        values: [user.regionId]\n      })"
                            }
                        ]
                    },
                    {
                        "type": "rich_text_section",
                        "elements": []
                    }
                ]
            }
        ],
        "thread_ts": "1594982578.062300",
        "parent_user_id": "U01594YA83Z"
    },
    {
        "client_msg_id": "29c40ea3-8cfc-4845-9229-4c1e1c95395a",
        "type": "message",
        "text": "but it is necessary that the object representing the filter contains the *dimension* field. Otherwise the server throws an exception.",
        "user": "U01594YA83Z",
        "ts": "1596113056.260300",
        "team": "TC0C1HURK",
        "user_team": "TC0C1HURK",
        "source_team": "TC0C1HURK",
        "user_profile": {
            "avatar_hash": "gdc942bda718",
            "image_72": "https:\/\/secure.gravatar.com\/avatar\/dc942bda718c3dca1abe806033a18435.jpg?s=72&d=https%3A%2F%2Fa.slack-edge.com%2Fdf10d%2Fimg%2Favatars%2Fava_0024-72.png",
            "first_name": "",
            "real_name": "David Maier",
            "display_name": "David Maier",
            "team": "TC0C1HURK",
            "name": "office",
            "is_restricted": false,
            "is_ultra_restricted": false
        },
        "blocks": [
            {
                "type": "rich_text",
                "block_id": "LkD",
                "elements": [
                    {
                        "type": "rich_text_section",
                        "elements": [
                            {
                                "type": "text",
                                "text": "but it is necessary that the object representing the filter contains the "
                            },
                            {
                                "type": "text",
                                "text": "dimension",
                                "style": {
                                    "bold": true
                                }
                            },
                            {
                                "type": "text",
                                "text": " field. Otherwise the server throws an exception."
                            }
                        ]
                    }
                ]
            }
        ],
        "thread_ts": "1594982578.062300",
        "parent_user_id": "U01594YA83Z"
    },
    {
        "client_msg_id": "4e848d83-4206-45f5-b8fb-2b2fbacdfbb8",
        "type": "message",
        "text": "TypeError: Cannot read property 'split' of undefined\n    at CubeEvaluator.isInstanceOfType (\/home\/david\/Documents\/atempo\/ava\/test\/cubeTest\/ava-reporting\/node_modules\/@cubejs-backend\/schema-compiler\/compiler\/CubeEvaluator.js:114:59)\n    at CubeEvaluator.isMeasure (\/home\/david\/Documents\/atempo\/ava\/test\/cubeTest\/ava-reporting\/node_modules\/@cubejs-backend\/schema-compiler\/compiler\/CubeEvaluator.js:68:17)\n    at \/home\/david\/Documents\/atempo\/ava\/test\/cubeTest\/ava-reporting\/node_modules\/@cubejs-backend\/schema-compiler\/adapter\/BaseQuery.js:84:30\n    at Array.map (&lt;anonymous&gt;)",
        "user": "U01594YA83Z",
        "ts": "1596113058.260500",
        "team": "TC0C1HURK",
        "user_team": "TC0C1HURK",
        "source_team": "TC0C1HURK",
        "user_profile": {
            "avatar_hash": "gdc942bda718",
            "image_72": "https:\/\/secure.gravatar.com\/avatar\/dc942bda718c3dca1abe806033a18435.jpg?s=72&d=https%3A%2F%2Fa.slack-edge.com%2Fdf10d%2Fimg%2Favatars%2Fava_0024-72.png",
            "first_name": "",
            "real_name": "David Maier",
            "display_name": "David Maier",
            "team": "TC0C1HURK",
            "name": "office",
            "is_restricted": false,
            "is_ultra_restricted": false
        },
        "blocks": [
            {
                "type": "rich_text",
                "block_id": "KVzhO",
                "elements": [
                    {
                        "type": "rich_text_section",
                        "elements": [
                            {
                                "type": "text",
                                "text": "TypeError: Cannot read property 'split' of undefined\n    at CubeEvaluator.isInstanceOfType (\/home\/david\/Documents\/atempo\/ava\/test\/cubeTest\/ava-reporting\/node_modules\/@cubejs-backend\/schema-compiler\/compiler\/CubeEvaluator.js:114:59)\n    at CubeEvaluator.isMeasure (\/home\/david\/Documents\/atempo\/ava\/test\/cubeTest\/ava-reporting\/node_modules\/@cubejs-backend\/schema-compiler\/compiler\/CubeEvaluator.js:68:17)\n    at \/home\/david\/Documents\/atempo\/ava\/test\/cubeTest\/ava-reporting\/node_modules\/@cubejs-backend\/schema-compiler\/adapter\/BaseQuery.js:84:30\n    at Array.map (<anonymous>)"
                            }
                        ]
                    }
                ]
            }
        ],
        "thread_ts": "1594982578.062300",
        "parent_user_id": "U01594YA83Z"
    },
    {
        "client_msg_id": "4d8ed437-7f91-442d-89ab-7b6388cfda88",
        "type": "message",
        "text": "So the query in the documentation should look like this I think:",
        "user": "U01594YA83Z",
        "ts": "1596113073.260700",
        "team": "TC0C1HURK",
        "user_team": "TC0C1HURK",
        "source_team": "TC0C1HURK",
        "user_profile": {
            "avatar_hash": "gdc942bda718",
            "image_72": "https:\/\/secure.gravatar.com\/avatar\/dc942bda718c3dca1abe806033a18435.jpg?s=72&d=https%3A%2F%2Fa.slack-edge.com%2Fdf10d%2Fimg%2Favatars%2Fava_0024-72.png",
            "first_name": "",
            "real_name": "David Maier",
            "display_name": "David Maier",
            "team": "TC0C1HURK",
            "name": "office",
            "is_restricted": false,
            "is_ultra_restricted": false
        },
        "blocks": [
            {
                "type": "rich_text",
                "block_id": "tKe",
                "elements": [
                    {
                        "type": "rich_text_section",
                        "elements": [
                            {
                                "type": "text",
                                "text": "So the query in the documentation should look like this I think:"
                            }
                        ]
                    }
                ]
            }
        ],
        "thread_ts": "1594982578.062300",
        "parent_user_id": "U01594YA83Z"
    },
    {
        "client_msg_id": "f147b033-f240-4340-a2e2-05d7a092c2df",
        "type": "message",
        "text": "```query.filters.push({\n        member: 'Regions.id',\n        operator: 'equals',\n        values: [user.regionId],\n        dimension: 'Regions.id'\n      })```\n",
        "user": "U01594YA83Z",
        "ts": "1596113082.260900",
        "team": "TC0C1HURK",
        "user_team": "TC0C1HURK",
        "source_team": "TC0C1HURK",
        "user_profile": {
            "avatar_hash": "gdc942bda718",
            "image_72": "https:\/\/secure.gravatar.com\/avatar\/dc942bda718c3dca1abe806033a18435.jpg?s=72&d=https%3A%2F%2Fa.slack-edge.com%2Fdf10d%2Fimg%2Favatars%2Fava_0024-72.png",
            "first_name": "",
            "real_name": "David Maier",
            "display_name": "David Maier",
            "team": "TC0C1HURK",
            "name": "office",
            "is_restricted": false,
            "is_ultra_restricted": false
        },
        "edited": {
            "user": "U01594YA83Z",
            "ts": "1596113127.000000"
        },
        "blocks": [
            {
                "type": "rich_text",
                "block_id": "at5ii",
                "elements": [
                    {
                        "type": "rich_text_preformatted",
                        "elements": [
                            {
                                "type": "text",
                                "text": "query.filters.push({\n        member: 'Regions.id',\n        operator: 'equals',\n        values: [user.regionId],\n        dimension: 'Regions.id'\n      })"
                            }
                        ]
                    },
                    {
                        "type": "rich_text_section",
                        "elements": []
                    }
                ]
            }
        ],
        "thread_ts": "1594982578.062300",
        "parent_user_id": "U01594YA83Z"
    },
    {
        "client_msg_id": "a7a4ee2f-fe1f-41c4-9bce-b696f29d5b3a",
        "type": "message",
        "text": "Thanks again for your help!",
        "user": "U01594YA83Z",
        "ts": "1596113138.261200",
        "team": "TC0C1HURK",
        "user_team": "TC0C1HURK",
        "source_team": "TC0C1HURK",
        "user_profile": {
            "avatar_hash": "gdc942bda718",
            "image_72": "https:\/\/secure.gravatar.com\/avatar\/dc942bda718c3dca1abe806033a18435.jpg?s=72&d=https%3A%2F%2Fa.slack-edge.com%2Fdf10d%2Fimg%2Favatars%2Fava_0024-72.png",
            "first_name": "",
            "real_name": "David Maier",
            "display_name": "David Maier",
            "team": "TC0C1HURK",
            "name": "office",
            "is_restricted": false,
            "is_ultra_restricted": false
        },
        "blocks": [
            {
                "type": "rich_text",
                "block_id": "YdpZo",
                "elements": [
                    {
                        "type": "rich_text_section",
                        "elements": [
                            {
                                "type": "text",
                                "text": "Thanks again for your help!"
                            }
                        ]
                    }
                ]
            }
        ],
        "thread_ts": "1594982578.062300",
        "parent_user_id": "U01594YA83Z"
    },
    {
        "type": "message",
        "subtype": "channel_join",
        "ts": "1596114059.261500",
        "user": "U017YNPEV0D",
        "text": "<@U017YNPEV0D> has joined the channel"
    },
    {
        "client_msg_id": "4316bd56-38ee-41ad-8577-87bcc1460328",
        "type": "message",
        "text": "<@U01594YA83Z> yeah, great point!",
        "user": "U013J5CRRDW",
        "ts": "1596115581.261600",
        "team": "TC0C1HURK",
        "user_team": "TC0C1HURK",
        "source_team": "TC0C1HURK",
        "user_profile": {
            "avatar_hash": "759b4f7ce0bf",
            "image_72": "https:\/\/avatars.slack-edge.com\/2020-06-23\/1224215237280_759b4f7ce0bf4b291721_72.jpg",
            "first_name": "Alex",
            "real_name": "Alex Vasilev",
            "display_name": "Alex Vasilev",
            "team": "TC0C1HURK",
            "name": "vaspiring",
            "is_restricted": false,
            "is_ultra_restricted": false
        },
        "blocks": [
            {
                "type": "rich_text",
                "block_id": "fZJ7f",
                "elements": [
                    {
                        "type": "rich_text_section",
                        "elements": [
                            {
                                "type": "user",
                                "user_id": "U01594YA83Z"
                            },
                            {
                                "type": "text",
                                "text": " yeah, great point!"
                            }
                        ]
                    }
                ]
            }
        ],
        "thread_ts": "1594982578.062300",
        "parent_user_id": "U01594YA83Z"
    },
    {
        "client_msg_id": "fd21ee5f-0083-45da-b9cc-408891dd9c24",
        "type": "message",
        "text": "Is there a reason why granularity is limited to a subset of what `date_trunc` supports? Quarterly grouping would be very useful",
        "user": "U016N98GY4Q",
        "ts": "1596122472.262400",
        "team": "TC0C1HURK",
        "user_team": "TC0C1HURK",
        "source_team": "TC0C1HURK",
        "user_profile": {
            "avatar_hash": "gf1ff71b5792",
            "image_72": "https:\/\/secure.gravatar.com\/avatar\/f1ff71b57924d5b27047e594f03d89d7.jpg?s=72&d=https%3A%2F%2Fa.slack-edge.com%2Fdf10d%2Fimg%2Favatars%2Fava_0007-72.png",
            "first_name": "Aslak",
            "real_name": "Aslak",
            "display_name": "Aslak",
            "team": "TC0C1HURK",
            "name": "aslak.mkadmi",
            "is_restricted": false,
            "is_ultra_restricted": false
        },
        "blocks": [
            {
                "type": "rich_text",
                "block_id": "JY5",
                "elements": [
                    {
                        "type": "rich_text_section",
                        "elements": [
                            {
                                "type": "text",
                                "text": "Is there a reason why granularity is limited to a subset of what "
                            },
                            {
                                "type": "text",
                                "text": "date_trunc",
                                "style": {
                                    "code": true
                                }
                            },
                            {
                                "type": "text",
                                "text": " supports? Quarterly grouping would be very useful"
                            }
                        ]
                    }
                ]
            }
        ],
        "thread_ts": "1596122472.262400",
        "reply_count": 3,
        "reply_users_count": 2,
        "latest_reply": "1596200462.265400",
        "reply_users": [
            "U013J5CRRDW",
            "U016N98GY4Q"
        ],
        "replies": [
            {
                "user": "U013J5CRRDW",
                "ts": "1596126175.262600"
            },
            {
                "user": "U016N98GY4Q",
                "ts": "1596199711.265200"
            },
            {
                "user": "U016N98GY4Q",
                "ts": "1596200462.265400"
            }
        ],
        "subscribed": false
    },
    {
        "client_msg_id": "1a0b7f43-b1ba-481b-b833-57bb0c093d72",
        "type": "message",
        "text": "hey! please vote here <https:\/\/github.com\/cube-js\/cube.js\/issues\/298>",
        "user": "U013J5CRRDW",
        "ts": "1596126175.262600",
        "team": "TC0C1HURK",
        "user_team": "TC0C1HURK",
        "source_team": "TC0C1HURK",
        "user_profile": {
            "avatar_hash": "759b4f7ce0bf",
            "image_72": "https:\/\/avatars.slack-edge.com\/2020-06-23\/1224215237280_759b4f7ce0bf4b291721_72.jpg",
            "first_name": "Alex",
            "real_name": "Alex Vasilev",
            "display_name": "Alex Vasilev",
            "team": "TC0C1HURK",
            "name": "vaspiring",
            "is_restricted": false,
            "is_ultra_restricted": false
        },
        "attachments": [
            {
                "service_name": "GitHub",
                "title": "Fiscal year support · Issue #298 · cube-js\/cube.js",
                "title_link": "https:\/\/github.com\/cube-js\/cube.js\/issues\/298",
                "text": "Fiscal year support. Fiscal year support in cube js. Currently \"this year\" means start from 1st January but sometime need fiscal year like 1st April 2019 - 31st March 2020.",
                "fallback": "GitHub: Fiscal year support · Issue #298 · cube-js\/cube.js",
                "from_url": "https:\/\/github.com\/cube-js\/cube.js\/issues\/298",
                "thumb_url": "https:\/\/repository-images.githubusercontent.com\/149026292\/33deb000-42b4-11ea-8f24-e112f465ddf1",
                "thumb_width": 658,
                "thumb_height": 250,
                "service_icon": "https:\/\/a.slack-edge.com\/80588\/img\/unfurl_icons\/github.png",
                "id": 1,
                "original_url": "https:\/\/github.com\/cube-js\/cube.js\/issues\/298"
            }
        ],
        "blocks": [
            {
                "type": "rich_text",
                "block_id": "M08",
                "elements": [
                    {
                        "type": "rich_text_section",
                        "elements": [
                            {
                                "type": "text",
                                "text": "hey! please vote here "
                            },
                            {
                                "type": "link",
                                "url": "https:\/\/github.com\/cube-js\/cube.js\/issues\/298"
                            }
                        ]
                    }
                ]
            }
        ],
        "thread_ts": "1596122472.262400",
        "parent_user_id": "U016N98GY4Q"
    },
    {
        "client_msg_id": "bb629e44-0d1d-49c6-bc2f-f59c5abb6fa3",
        "type": "message",
        "text": "Has anyone tried extending a cube with a different data source?",
        "user": "U0177Q777FW",
        "ts": "1596132029.263100",
        "team": "TC0C1HURK",
        "user_team": "TC0C1HURK",
        "source_team": "TC0C1HURK",
        "user_profile": {
            "avatar_hash": "ge5c3ead6995",
            "image_72": "https:\/\/secure.gravatar.com\/avatar\/e5c3ead6995df1951d8e81858aa9f528.jpg?s=72&d=https%3A%2F%2Fa.slack-edge.com%2Fdf10d%2Fimg%2Favatars%2Fava_0002-72.png",
            "first_name": "",
            "real_name": "josh",
            "display_name": "josh",
            "team": "TC0C1HURK",
            "name": "josh.w.chua",
            "is_restricted": false,
            "is_ultra_restricted": false
        },
        "blocks": [
            {
                "type": "rich_text",
                "block_id": "nSdz+",
                "elements": [
                    {
                        "type": "rich_text_section",
                        "elements": [
                            {
                                "type": "text",
                                "text": "Has anyone tried extending a cube with a different data source?"
                            }
                        ]
                    }
                ]
            }
        ]
    },
    {
        "client_msg_id": "33f4200d-e134-4357-a453-6e821292e097",
        "type": "message",
        "text": "<!here> The second issue of our newsletter is out today :tada:\nWe send it out monthly to keep you updated with all new features, releases, roadmap and content we publish. In case you are not subscribed yet, you can take a look at it here - <https:\/\/mailchi.mp\/cube.dev\/cubejs-july-monthly-newsletter>",
        "user": "UC1HAFW4E",
        "ts": "1596133480.263800",
        "team": "TC0C1HURK",
        "user_team": "TC0C1HURK",
        "source_team": "TC0C1HURK",
        "user_profile": {
            "avatar_hash": "ee7b69830a11",
            "image_72": "https:\/\/avatars.slack-edge.com\/2018-08-13\/414857329600_ee7b69830a119331e10e_72.jpg",
            "first_name": "Artyom",
            "real_name": "Artyom Keydunov",
            "display_name": "Artyom Keydunov",
            "team": "TC0C1HURK",
            "name": "artyom",
            "is_restricted": false,
            "is_ultra_restricted": false
        },
        "blocks": [
            {
                "type": "rich_text",
                "block_id": "juhQ",
                "elements": [
                    {
                        "type": "rich_text_section",
                        "elements": [
                            {
                                "type": "broadcast",
                                "range": "here"
                            },
                            {
                                "type": "text",
                                "text": " The second issue of our newsletter is out today "
                            },
                            {
                                "type": "emoji",
                                "name": "tada"
                            },
                            {
                                "type": "text",
                                "text": "\nWe send it out monthly to keep you updated with all new features, releases, roadmap and content we publish. In case you are not subscribed yet, you can take a look at it here - "
                            },
                            {
                                "type": "link",
                                "url": "https:\/\/mailchi.mp\/cube.dev\/cubejs-july-monthly-newsletter"
                            }
                        ]
                    }
                ]
            }
        ],
        "reactions": [
            {
                "name": "+1",
                "users": [
                    "U013J5CRRDW",
                    "U016DJBF9NE",
                    "U016YF0GANP",
                    "UC19HAUAK",
                    "USMM7QR7G"
                ],
                "count": 5
            },
            {
                "name": "tada",
                "users": [
                    "UQHJXP9D0",
                    "UC19HAUAK",
                    "U0172ELKEQM",
                    "USMM7QR7G",
                    "U013TK8TQKB"
                ],
                "count": 5
            }
        ]
    }
]