[
    {
        "type": "message",
        "subtype": "channel_join",
        "ts": "1578391338.128600",
        "user": "USE61H70W",
        "text": "<@USE61H70W> has joined the channel"
    },
    {
        "type": "message",
        "subtype": "channel_join",
        "ts": "1578392291.128800",
        "user": "US1P711C1",
        "text": "<@US1P711C1> has joined the channel"
    },
    {
        "type": "message",
        "subtype": "channel_join",
        "ts": "1578393411.129000",
        "user": "USE7692PQ",
        "text": "<@USE7692PQ> has joined the channel"
    },
    {
        "type": "message",
        "subtype": "channel_join",
        "ts": "1578407616.129200",
        "user": "USC8SN737",
        "text": "<@USC8SN737> has joined the channel"
    },
    {
        "client_msg_id": "b5c90216-6fa9-4745-9c8c-bc7b52c42f70",
        "type": "message",
        "text": "Are you creating your express server and passing it to initApp?  `app.get` inside the api-gateway is most likely server-core trying to setup the express routes and handlers.\n<https:\/\/cube.dev\/docs\/@cubejs-backend-server-core#create-options>",
        "user": "UQV98J5M1",
        "ts": "1578409085.129300",
        "team": "TC0C1HURK",
        "user_team": "TC0C1HURK",
        "source_team": "TC0C1HURK",
        "user_profile": {
            "avatar_hash": "117613ce265a",
            "image_72": "https:\/\/avatars.slack-edge.com\/2019-12-05\/862064587488_117613ce265a35836f93_72.jpg",
            "first_name": "",
            "real_name": "Will Hausman",
            "display_name": "Will Hausman",
            "team": "TC0C1HURK",
            "name": "will.hausman",
            "is_restricted": false,
            "is_ultra_restricted": false
        },
        "blocks": [
            {
                "type": "rich_text",
                "block_id": "aZz",
                "elements": [
                    {
                        "type": "rich_text_section",
                        "elements": [
                            {
                                "type": "text",
                                "text": "Are you creating your express server and passing it to initApp?  "
                            },
                            {
                                "type": "text",
                                "text": "app.get",
                                "style": {
                                    "code": true
                                }
                            },
                            {
                                "type": "text",
                                "text": " inside the api-gateway is most likely server-core trying to setup the express routes and handlers.\n"
                            },
                            {
                                "type": "link",
                                "url": "https:\/\/cube.dev\/docs\/@cubejs-backend-server-core#create-options"
                            }
                        ]
                    }
                ]
            }
        ],
        "thread_ts": "1578377769.128100",
        "parent_user_id": "USC9KPSKZ"
    },
    {
        "client_msg_id": "98c441c8-c0de-4c53-acc3-30c6440711d9",
        "type": "message",
        "text": "I'm having trouble with a query that has a filter with the `inDateRange` operator, and an array of dates in format \"YYYY-MM-DD\".\nI'm running this query against a cube with a pre-aggregation, and the query will only use the pre-aggregation if I remove the filter mentioned before.\nMy query looks like this:\n```{\n  \"limit\":10000,\n  \"offset\":0,\n  \"order\":{\n\n  },\n  \"renewQuery\":false,\n  \"measures\":[\n    \"OrderItems.averageTicket\"\n  ],\n  \"dimensions\":[\n    \"OrderItems.customerid\",\n    \"OrderItems.supervisorid\",\n    \"OrderItems.sellerid\",\n    \"OrderItems.userid\"\n  ],\n  \"filters\":[\n    {\n      \"dimension\":\"OrderItems.orderdt\",\n      \"operator\":\"inDateRange\",\n      \"values\":[\n        \"2020-01-01\",\n        \"2020-01-31\"\n      ]\n    },\n    {\n      \"dimension\":\"OrderItems.userid\",\n      \"operator\":\"equals\",\n      \"values\":[\n        \"11111\"\n      ]\n    }\n  ],\n  \"timeDimensions\":[\n    {\n      \"granularity\":\"month\",\n      \"dimension\":\"OrderItems.orderdt\"\n    }\n  ]\n}```\nAnd my pre-aggregation is the following:\n```averageTicketByMonth: {\n      type: `rollup`,\n      measureReferences: [CUBE.averageTicket],\n      dimensionReferences: [userid, sellerid, supervisorid, customerid],\n      timeDimensionReference: orderdt,\n      granularity: `month`,\n},```\nAny clues? I think it has to do something with the time dimension name (`OrderItems.orderdt`) because in the pre-aggregation table the date field is called `order_items__orderdt_month` but maybe its an issue related to the measure types (additive or not)...",
        "user": "UQGF0N4FM",
        "ts": "1578421382.131500",
        "team": "TC0C1HURK",
        "user_team": "TC0C1HURK",
        "source_team": "TC0C1HURK",
        "user_profile": {
            "avatar_hash": "gd93d5cb3986",
            "image_72": "https:\/\/secure.gravatar.com\/avatar\/d93d5cb39864821e725b066eab825e6a.jpg?s=72&d=https%3A%2F%2Fa.slack-edge.com%2Fdf10d%2Fimg%2Favatars%2Fava_0014-72.png",
            "first_name": "Vicente",
            "real_name": "Vicente Fuenzalida Marin",
            "display_name": "vicente",
            "team": "TC0C1HURK",
            "name": "vicente",
            "is_restricted": false,
            "is_ultra_restricted": false
        },
        "edited": {
            "user": "UQGF0N4FM",
            "ts": "1578421611.000000"
        },
        "blocks": [
            {
                "type": "rich_text",
                "block_id": "tZt",
                "elements": [
                    {
                        "type": "rich_text_section",
                        "elements": [
                            {
                                "type": "text",
                                "text": "I'm having trouble with a query that has a filter with the "
                            },
                            {
                                "type": "text",
                                "text": "inDateRange",
                                "style": {
                                    "code": true
                                }
                            },
                            {
                                "type": "text",
                                "text": " operator, and an array of dates in format \"YYYY-MM-DD\".\nI'm running this query against a cube with a pre-aggregation, and the query will only use the pre-aggregation if I remove the filter mentioned before.\nMy query looks like this:\n"
                            }
                        ]
                    },
                    {
                        "type": "rich_text_preformatted",
                        "elements": [
                            {
                                "type": "text",
                                "text": "{\n  \"limit\":10000,\n  \"offset\":0,\n  \"order\":{\n\n  },\n  \"renewQuery\":false,\n  \"measures\":[\n    \"OrderItems.averageTicket\"\n  ],\n  \"dimensions\":[\n    \"OrderItems.customerid\",\n    \"OrderItems.supervisorid\",\n    \"OrderItems.sellerid\",\n    \"OrderItems.userid\"\n  ],\n  \"filters\":[\n    {\n      \"dimension\":\"OrderItems.orderdt\",\n      \"operator\":\"inDateRange\",\n      \"values\":[\n        \"2020-01-01\",\n        \"2020-01-31\"\n      ]\n    },\n    {\n      \"dimension\":\"OrderItems.userid\",\n      \"operator\":\"equals\",\n      \"values\":[\n        \"11111\"\n      ]\n    }\n  ],\n  \"timeDimensions\":[\n    {\n      \"granularity\":\"month\",\n      \"dimension\":\"OrderItems.orderdt\"\n    }\n  ]\n}"
                            }
                        ]
                    },
                    {
                        "type": "rich_text_section",
                        "elements": [
                            {
                                "type": "text",
                                "text": "\nAnd my pre-aggregation is the following:\n"
                            }
                        ]
                    },
                    {
                        "type": "rich_text_preformatted",
                        "elements": [
                            {
                                "type": "text",
                                "text": "averageTicketByMonth: {\n      type: `rollup`,\n      measureReferences: [CUBE.averageTicket],\n      dimensionReferences: [userid, sellerid, supervisorid, customerid],\n      timeDimensionReference: orderdt,\n      granularity: `month`,\n},"
                            }
                        ]
                    },
                    {
                        "type": "rich_text_section",
                        "elements": [
                            {
                                "type": "text",
                                "text": "\nAny clues? I think it has to do something with the time dimension name ("
                            },
                            {
                                "type": "text",
                                "text": "OrderItems.orderdt",
                                "style": {
                                    "code": true
                                }
                            },
                            {
                                "type": "text",
                                "text": ") because in the pre-aggregation table the date field is called "
                            },
                            {
                                "type": "text",
                                "text": "order_items__orderdt_month",
                                "style": {
                                    "code": true
                                }
                            },
                            {
                                "type": "text",
                                "text": " but maybe its an issue related to the measure types (additive or not)..."
                            }
                        ]
                    }
                ]
            }
        ],
        "thread_ts": "1578421382.131500",
        "reply_count": 5,
        "reply_users_count": 2,
        "latest_reply": "1578516279.017500",
        "reply_users": [
            "UC1HAFW4E",
            "UQGF0N4FM"
        ],
        "replies": [
            {
                "user": "UC1HAFW4E",
                "ts": "1578421448.132800"
            },
            {
                "user": "UQGF0N4FM",
                "ts": "1578421639.133200"
            },
            {
                "user": "UC1HAFW4E",
                "ts": "1578421774.135600"
            },
            {
                "user": "UQGF0N4FM",
                "ts": "1578494414.006900"
            },
            {
                "user": "UC1HAFW4E",
                "ts": "1578516279.017500"
            }
        ],
        "subscribed": true,
        "last_read": "1578516279.017500"
    },
    {
        "client_msg_id": "950A0256-908C-42AF-ADE6-1EC2E29AD611",
        "type": "message",
        "text": "Hey <@UQGF0N4FM>, could you please share the JSON query and the pre-aggregation defition.",
        "user": "UC1HAFW4E",
        "ts": "1578421448.132800",
        "team": "TC0C1HURK",
        "user_team": "TC0C1HURK",
        "source_team": "TC0C1HURK",
        "user_profile": {
            "avatar_hash": "ee7b69830a11",
            "image_72": "https:\/\/avatars.slack-edge.com\/2018-08-13\/414857329600_ee7b69830a119331e10e_72.jpg",
            "first_name": "Artyom",
            "real_name": "Artyom Keydunov",
            "display_name": "Artyom Keydunov",
            "team": "TC0C1HURK",
            "name": "artyom",
            "is_restricted": false,
            "is_ultra_restricted": false
        },
        "edited": {
            "user": "UC1HAFW4E",
            "ts": "1578421461.000000"
        },
        "thread_ts": "1578421382.131500",
        "parent_user_id": "UQGF0N4FM",
        "reactions": [
            {
                "name": "wave",
                "users": [
                    "UQGF0N4FM"
                ],
                "count": 1
            }
        ]
    },
    {
        "client_msg_id": "5aa45aeb-d7ef-4df6-b5ba-1f1cfe1c43b1",
        "type": "message",
        "text": "Hi Artyom! I was just editing the message to add that :smile:",
        "user": "UQGF0N4FM",
        "ts": "1578421639.133200",
        "team": "TC0C1HURK",
        "user_team": "TC0C1HURK",
        "source_team": "TC0C1HURK",
        "user_profile": {
            "avatar_hash": "gd93d5cb3986",
            "image_72": "https:\/\/secure.gravatar.com\/avatar\/d93d5cb39864821e725b066eab825e6a.jpg?s=72&d=https%3A%2F%2Fa.slack-edge.com%2Fdf10d%2Fimg%2Favatars%2Fava_0014-72.png",
            "first_name": "Vicente",
            "real_name": "Vicente Fuenzalida Marin",
            "display_name": "vicente",
            "team": "TC0C1HURK",
            "name": "vicente",
            "is_restricted": false,
            "is_ultra_restricted": false
        },
        "blocks": [
            {
                "type": "rich_text",
                "block_id": "85\/sU",
                "elements": [
                    {
                        "type": "rich_text_section",
                        "elements": [
                            {
                                "type": "text",
                                "text": "Hi Artyom! I was just editing the message to add that "
                            },
                            {
                                "type": "emoji",
                                "name": "smile"
                            }
                        ]
                    }
                ]
            }
        ],
        "thread_ts": "1578421382.131500",
        "parent_user_id": "UQGF0N4FM"
    },
    {
        "client_msg_id": "8DFD5899-614B-46BF-969B-ED11E9216363",
        "type": "message",
        "text": "Got it now:blush: Could you try putting date range filter into timeDimensions property? It has ’dateRange’ field which you can pass alongside granularity. Please lmk if it works.",
        "user": "UC1HAFW4E",
        "ts": "1578421774.135600",
        "team": "TC0C1HURK",
        "user_team": "TC0C1HURK",
        "source_team": "TC0C1HURK",
        "user_profile": {
            "avatar_hash": "ee7b69830a11",
            "image_72": "https:\/\/avatars.slack-edge.com\/2018-08-13\/414857329600_ee7b69830a119331e10e_72.jpg",
            "first_name": "Artyom",
            "real_name": "Artyom Keydunov",
            "display_name": "Artyom Keydunov",
            "team": "TC0C1HURK",
            "name": "artyom",
            "is_restricted": false,
            "is_ultra_restricted": false
        },
        "edited": {
            "user": "UC1HAFW4E",
            "ts": "1578423096.000000"
        },
        "thread_ts": "1578421382.131500",
        "parent_user_id": "UQGF0N4FM"
    },
    {
        "client_msg_id": "e6ad1341-a040-4e89-95ac-784ade093154",
        "type": "message",
        "text": "Hi everyone, I'm having issues uploading preaggregations to postgres. The generated table name is too long for postgres (63 bytes max) is there any way to control this? <https:\/\/til.hashrocket.com\/posts\/8f87c65a0a-postgresqls-max-identifier-length-is-63-bytes>",
        "user": "UR0RYDR8C",
        "ts": "1578424930.137500",
        "team": "TC0C1HURK",
        "user_team": "TC0C1HURK",
        "source_team": "TC0C1HURK",
        "user_profile": {
            "avatar_hash": "gffe7f951d16",
            "image_72": "https:\/\/secure.gravatar.com\/avatar\/ffe7f951d16adc2547cf6958226e242e.jpg?s=72&d=https%3A%2F%2Fa.slack-edge.com%2Fdf10d%2Fimg%2Favatars%2Fava_0022-72.png",
            "first_name": "",
            "real_name": "Nicolás Risso",
            "display_name": "Nicolás Risso",
            "team": "TC0C1HURK",
            "name": "nicolas",
            "is_restricted": false,
            "is_ultra_restricted": false
        },
        "attachments": [
            {
                "title": "Today I Learned: PostgreSQL's Max Identifier Length Is 63 Bytes",
                "title_link": "https:\/\/til.hashrocket.com\/posts\/8f87c65a0a-postgresqls-max-identifier-length-is-63-bytes",
                "text": "In PostgreSQL, identifiers — table names, column names, constraint names,",
                "fallback": "Today I Learned: PostgreSQL's Max Identifier Length Is 63 Bytes",
                "image_url": "https:\/\/dys2hbvla0n8j.cloudfront.net\/assets\/sql_twitter_card.png",
                "from_url": "https:\/\/til.hashrocket.com\/posts\/8f87c65a0a-postgresqls-max-identifier-length-is-63-bytes",
                "image_width": 496,
                "image_height": 250,
                "image_bytes": 7844,
                "service_icon": "https:\/\/til.hashrocket.com\/favicon.ico",
                "service_name": "til.hashrocket.com",
                "id": 1,
                "original_url": "https:\/\/til.hashrocket.com\/posts\/8f87c65a0a-postgresqls-max-identifier-length-is-63-bytes"
            }
        ],
        "blocks": [
            {
                "type": "rich_text",
                "block_id": "w8D",
                "elements": [
                    {
                        "type": "rich_text_section",
                        "elements": [
                            {
                                "type": "text",
                                "text": "Hi everyone, I'm having issues uploading preaggregations to postgres. The generated table name is too long for postgres (63 bytes max) is there any way to control this? "
                            },
                            {
                                "type": "link",
                                "url": "https:\/\/til.hashrocket.com\/posts\/8f87c65a0a-postgresqls-max-identifier-length-is-63-bytes"
                            }
                        ]
                    }
                ]
            }
        ],
        "thread_ts": "1578424930.137500",
        "reply_count": 1,
        "reply_users_count": 1,
        "latest_reply": "1578518654.017700",
        "reply_users": [
            "UC1HAFW4E"
        ],
        "replies": [
            {
                "user": "UC1HAFW4E",
                "ts": "1578518654.017700"
            }
        ],
        "subscribed": true,
        "last_read": "1578518654.017700"
    },
    {
        "client_msg_id": "3FDFB65D-81D6-4036-B09F-862C30C46DA2",
        "type": "message",
        "text": "<@UNS4PKYAK> Ah. I see. If it’s comparison you can do either two requests or double interval and then split on client side.",
        "user": "UC19HAUAK",
        "ts": "1578430062.138900",
        "team": "TC0C1HURK",
        "user_team": "TC0C1HURK",
        "source_team": "TC0C1HURK",
        "user_profile": {
            "avatar_hash": "066a042e018c",
            "image_72": "https:\/\/avatars.slack-edge.com\/2019-12-07\/866588520998_066a042e018ca831a195_72.png",
            "first_name": "Pavel",
            "real_name": "Pavel Tiunov",
            "display_name": "pavel",
            "team": "TC0C1HURK",
            "name": "pavel",
            "is_restricted": false,
            "is_ultra_restricted": false
        },
        "blocks": [
            {
                "type": "rich_text",
                "block_id": "FRbY",
                "elements": [
                    {
                        "type": "rich_text_section",
                        "elements": [
                            {
                                "type": "user",
                                "user_id": "UNS4PKYAK"
                            },
                            {
                                "type": "text",
                                "text": " Ah. I see. If it’s comparison you can do either two requests or double interval and then split on client side."
                            }
                        ]
                    }
                ]
            }
        ],
        "thread_ts": "1578307186.113300",
        "parent_user_id": "UNS4PKYAK"
    },
    {
        "type": "message",
        "subtype": "channel_join",
        "ts": "1578466919.000200",
        "user": "USD0PSMLL",
        "text": "<@USD0PSMLL> has joined the channel"
    }
]