[
    {
        "client_msg_id": "ebd3193b-e582-4dde-ac76-dcca325a3881",
        "type": "message",
        "text": "Great, thanks Pavel!\nWe’ll give it a shot and see how that goes",
        "user": "U011N3FSZ0W",
        "ts": "1589218810.225300",
        "team": "TC0C1HURK",
        "user_team": "TC0C1HURK",
        "source_team": "TC0C1HURK",
        "user_profile": {
            "avatar_hash": "g190d9d0a9a4",
            "image_72": "https:\/\/secure.gravatar.com\/avatar\/190d9d0a9a4954a8d3effddb6bd33a35.jpg?s=72&d=https%3A%2F%2Fa.slack-edge.com%2Fdf10d%2Fimg%2Favatars%2Fava_0002-72.png",
            "first_name": "",
            "real_name": "James Nedila",
            "display_name": "James Nedila",
            "team": "TC0C1HURK",
            "name": "jn",
            "is_restricted": false,
            "is_ultra_restricted": false
        },
        "blocks": [
            {
                "type": "rich_text",
                "block_id": "p95r",
                "elements": [
                    {
                        "type": "rich_text_section",
                        "elements": [
                            {
                                "type": "text",
                                "text": "Great, thanks Pavel!\nWe’ll give it a shot and see how that goes"
                            }
                        ]
                    }
                ]
            }
        ],
        "thread_ts": "1588972684.211800",
        "parent_user_id": "U011N3FSZ0W",
        "reactions": [
            {
                "name": "raised_hands",
                "users": [
                    "UC19HAUAK"
                ],
                "count": 1
            }
        ]
    },
    {
        "type": "message",
        "subtype": "channel_join",
        "ts": "1589219138.225600",
        "user": "U013LRFGWTW",
        "text": "<@U013LRFGWTW> has joined the channel"
    },
    {
        "client_msg_id": "a50dce11-2883-474d-9aae-a04226e57979",
        "type": "message",
        "text": "I have setup cubejs with athena in serverless mode in aws.\n\nWhen I execute query using the REST API for the first time,\nI get `{\"error\":\"Continue wait\",\"stage\":{\"stage\":\"Executing query\",\"timeElapsed\":3026}}%` .\n\nThen, from the second time, it gives the correct result.\n\nIs there a way to fix this?",
        "user": "U013B49J43V",
        "ts": "1589220622.228600",
        "team": "TC0C1HURK",
        "user_team": "TC0C1HURK",
        "source_team": "TC0C1HURK",
        "user_profile": {
            "avatar_hash": "gfc78a07b457",
            "image_72": "https:\/\/secure.gravatar.com\/avatar\/fc78a07b4572ed91751f7c6f9a0ae05c.jpg?s=72&d=https%3A%2F%2Fa.slack-edge.com%2Fdf10d%2Fimg%2Favatars%2Fava_0018-72.png",
            "first_name": "",
            "real_name": "sabbiu",
            "display_name": "sabbiu",
            "team": "TC0C1HURK",
            "name": "ssabbiu",
            "is_restricted": false,
            "is_ultra_restricted": false
        },
        "blocks": [
            {
                "type": "rich_text",
                "block_id": "aa4a",
                "elements": [
                    {
                        "type": "rich_text_section",
                        "elements": [
                            {
                                "type": "text",
                                "text": "I have setup cubejs with athena in serverless mode in aws.\n\nWhen I execute query using the REST API for the first time,\nI get "
                            },
                            {
                                "type": "text",
                                "text": "{\"error\":\"Continue wait\",\"stage\":{\"stage\":\"Executing query\",\"timeElapsed\":3026}}%",
                                "style": {
                                    "code": true
                                }
                            },
                            {
                                "type": "text",
                                "text": " .\n\nThen, from the second time, it gives the correct result.\n\nIs there a way to fix this?"
                            }
                        ]
                    }
                ]
            }
        ],
        "thread_ts": "1589220622.228600",
        "reply_count": 3,
        "reply_users_count": 3,
        "latest_reply": "1589226570.230800",
        "reply_users": [
            "UQV98J5M1",
            "U012CP32EEB",
            "U013B49J43V"
        ],
        "replies": [
            {
                "user": "UQV98J5M1",
                "ts": "1589220882.228700"
            },
            {
                "user": "U012CP32EEB",
                "ts": "1589224700.230500"
            },
            {
                "user": "U013B49J43V",
                "ts": "1589226570.230800"
            }
        ],
        "subscribed": false
    },
    {
        "client_msg_id": "56c0f9e2-a49c-43c4-bbc8-4d21641b3d39",
        "type": "message",
        "text": "The query is taking too long.  <https:\/\/cube.dev\/docs\/rest-api#prerequisites-continue-wait>",
        "user": "UQV98J5M1",
        "ts": "1589220882.228700",
        "team": "TC0C1HURK",
        "user_team": "TC0C1HURK",
        "source_team": "TC0C1HURK",
        "user_profile": {
            "avatar_hash": "117613ce265a",
            "image_72": "https:\/\/avatars.slack-edge.com\/2019-12-05\/862064587488_117613ce265a35836f93_72.jpg",
            "first_name": "",
            "real_name": "Will Hausman",
            "display_name": "Will Hausman",
            "team": "TC0C1HURK",
            "name": "will.hausman",
            "is_restricted": false,
            "is_ultra_restricted": false
        },
        "blocks": [
            {
                "type": "rich_text",
                "block_id": "7K8E",
                "elements": [
                    {
                        "type": "rich_text_section",
                        "elements": [
                            {
                                "type": "text",
                                "text": "The query is taking too long.  "
                            },
                            {
                                "type": "link",
                                "url": "https:\/\/cube.dev\/docs\/rest-api#prerequisites-continue-wait"
                            }
                        ]
                    }
                ]
            }
        ],
        "thread_ts": "1589220622.228600",
        "parent_user_id": "U013B49J43V",
        "reactions": [
            {
                "name": "+1",
                "users": [
                    "U013B49J43V"
                ],
                "count": 1
            }
        ]
    },
    {
        "client_msg_id": "50CB536C-342B-4390-BAC4-94E10854A0ED",
        "type": "message",
        "text": "See <https:\/\/stackoverflow.com\/a\/60958566\/1603357|https:\/\/stackoverflow.com\/a\/60958566\/1603357> and try to make sure that your Lambda functions have internet access via NAT Gateway or PrivateLink for SNS",
        "user": "U012CP32EEB",
        "ts": "1589224700.230500",
        "team": "TC0C1HURK",
        "user_team": "TC0C1HURK",
        "source_team": "TC0C1HURK",
        "user_profile": {
            "avatar_hash": "g2e8dbd00857",
            "image_72": "https:\/\/secure.gravatar.com\/avatar\/2e8dbd0085704773a8a21d802a222bd1.jpg?s=72&d=https%3A%2F%2Fa.slack-edge.com%2Fdf10d%2Fimg%2Favatars%2Fava_0002-72.png",
            "first_name": "",
            "real_name": "TobiLG",
            "display_name": "TobiLG",
            "team": "TC0C1HURK",
            "name": "tobilg",
            "is_restricted": false,
            "is_ultra_restricted": false
        },
        "attachments": [
            {
                "service_name": "Stack Overflow",
                "title": "Error Continue wait issue on Cube.js backend",
                "title_link": "https:\/\/stackoverflow.com\/a\/60958566\/1603357",
                "text": "I'm having some trouble connecting to the cube.js backend on AWS serverless and executing the \/cubejs-api\/v1\/load request in the frontend dashboard. I keep getting {\"error\":\"Continue wait\"} instead...",
                "fallback": "Stack Overflow: Error Continue wait issue on Cube.js backend",
                "thumb_url": "https:\/\/cdn.sstatic.net\/Sites\/stackoverflow\/Img\/apple-touch-icon@2.png?v=73d79a89bded",
                "from_url": "https:\/\/stackoverflow.com\/a\/60958566\/1603357",
                "thumb_width": 316,
                "thumb_height": 316,
                "service_icon": "https:\/\/cdn.sstatic.net\/Sites\/stackoverflow\/Img\/apple-touch-icon.png?v=c78bd457575a",
                "id": 1,
                "original_url": "https:\/\/stackoverflow.com\/a\/60958566\/1603357"
            }
        ],
        "blocks": [
            {
                "type": "rich_text",
                "block_id": "nNWl",
                "elements": [
                    {
                        "type": "rich_text_section",
                        "elements": [
                            {
                                "type": "text",
                                "text": "See "
                            },
                            {
                                "type": "link",
                                "url": "https:\/\/stackoverflow.com\/a\/60958566\/1603357",
                                "text": "https:\/\/stackoverflow.com\/a\/60958566\/1603357"
                            },
                            {
                                "type": "text",
                                "text": " and try to make sure that your Lambda functions have internet access via NAT Gateway or PrivateLink for SNS"
                            }
                        ]
                    }
                ]
            }
        ],
        "thread_ts": "1589220622.228600",
        "parent_user_id": "U013B49J43V"
    },
    {
        "client_msg_id": "e2327ae2-10e1-447a-ad13-22544e92f6c6",
        "type": "message",
        "text": "<@U012CP32EEB>, My lambda function do have internet access. It is just that, when I run new query for the first time, it generates aforementioned error. Running it for second time and onward generates no error.",
        "user": "U013B49J43V",
        "ts": "1589226570.230800",
        "team": "TC0C1HURK",
        "user_team": "TC0C1HURK",
        "source_team": "TC0C1HURK",
        "user_profile": {
            "avatar_hash": "gfc78a07b457",
            "image_72": "https:\/\/secure.gravatar.com\/avatar\/fc78a07b4572ed91751f7c6f9a0ae05c.jpg?s=72&d=https%3A%2F%2Fa.slack-edge.com%2Fdf10d%2Fimg%2Favatars%2Fava_0018-72.png",
            "first_name": "",
            "real_name": "sabbiu",
            "display_name": "sabbiu",
            "team": "TC0C1HURK",
            "name": "ssabbiu",
            "is_restricted": false,
            "is_ultra_restricted": false
        },
        "blocks": [
            {
                "type": "rich_text",
                "block_id": "lHm",
                "elements": [
                    {
                        "type": "rich_text_section",
                        "elements": [
                            {
                                "type": "user",
                                "user_id": "U012CP32EEB"
                            },
                            {
                                "type": "text",
                                "text": ", My lambda function do have internet access. It is just that, when I run new query for the first time, it generates aforementioned error. Running it for second time and onward generates no error."
                            }
                        ]
                    }
                ]
            }
        ],
        "thread_ts": "1589220622.228600",
        "parent_user_id": "U013B49J43V"
    },
    {
        "client_msg_id": "76fab633-4832-4696-b9fd-b2b976af80f4",
        "type": "message",
        "text": "Hey <@UC19HAUAK>, hope is all well. Is there any way to pass a `$path` to a pre agg query?",
        "user": "U011VDYM6BG",
        "ts": "1589227113.231600",
        "team": "TC0C1HURK",
        "user_team": "TC0C1HURK",
        "source_team": "TC0C1HURK",
        "user_profile": {
            "avatar_hash": "g535fae7bf68",
            "image_72": "https:\/\/secure.gravatar.com\/avatar\/535fae7bf68a3d8ccf85f481970c5b80.jpg?s=72&d=https%3A%2F%2Fa.slack-edge.com%2Fdf10d%2Fimg%2Favatars%2Fava_0003-72.png",
            "first_name": "",
            "real_name": "Adriano",
            "display_name": "Adriano",
            "team": "TC0C1HURK",
            "name": "adriano.carmezim",
            "is_restricted": false,
            "is_ultra_restricted": false
        },
        "blocks": [
            {
                "type": "rich_text",
                "block_id": "S8NMS",
                "elements": [
                    {
                        "type": "rich_text_section",
                        "elements": [
                            {
                                "type": "text",
                                "text": "Hey "
                            },
                            {
                                "type": "user",
                                "user_id": "UC19HAUAK"
                            },
                            {
                                "type": "text",
                                "text": ", hope is all well. Is there any way to pass a "
                            },
                            {
                                "type": "text",
                                "text": "$path",
                                "style": {
                                    "code": true
                                }
                            },
                            {
                                "type": "text",
                                "text": " to a pre agg query?"
                            }
                        ]
                    }
                ]
            }
        ],
        "thread_ts": "1589227113.231600",
        "reply_count": 1,
        "reply_users_count": 1,
        "latest_reply": "1589233233.232400",
        "reply_users": [
            "UC19HAUAK"
        ],
        "replies": [
            {
                "user": "UC19HAUAK",
                "ts": "1589233233.232400"
            }
        ],
        "subscribed": false
    },
    {
        "type": "message",
        "subtype": "channel_join",
        "ts": "1589227337.231800",
        "user": "U01388AD3RC",
        "text": "<@U01388AD3RC> has joined the channel"
    },
    {
        "type": "message",
        "subtype": "channel_join",
        "ts": "1589227823.232100",
        "user": "U013TK8TQKB",
        "text": "<@U013TK8TQKB> has joined the channel"
    },
    {
        "type": "message",
        "subtype": "channel_join",
        "ts": "1589231106.232300",
        "user": "U0130C61F0F",
        "text": "<@U0130C61F0F> has joined the channel"
    },
    {
        "client_msg_id": "0e193204-0020-4644-a93e-e2ccd4e019b3",
        "type": "message",
        "text": "Hey <@U011VDYM6BG>! What do you mean by `$path`?",
        "user": "UC19HAUAK",
        "ts": "1589233233.232400",
        "team": "TC0C1HURK",
        "user_team": "TC0C1HURK",
        "source_team": "TC0C1HURK",
        "user_profile": {
            "avatar_hash": "066a042e018c",
            "image_72": "https:\/\/avatars.slack-edge.com\/2019-12-07\/866588520998_066a042e018ca831a195_72.png",
            "first_name": "Pavel",
            "real_name": "Pavel Tiunov",
            "display_name": "pavel",
            "team": "TC0C1HURK",
            "name": "pavel",
            "is_restricted": false,
            "is_ultra_restricted": false
        },
        "blocks": [
            {
                "type": "rich_text",
                "block_id": "rsX0",
                "elements": [
                    {
                        "type": "rich_text_section",
                        "elements": [
                            {
                                "type": "text",
                                "text": "Hey "
                            },
                            {
                                "type": "user",
                                "user_id": "U011VDYM6BG"
                            },
                            {
                                "type": "text",
                                "text": "! What do you mean by "
                            },
                            {
                                "type": "text",
                                "text": "$path",
                                "style": {
                                    "code": true
                                }
                            },
                            {
                                "type": "text",
                                "text": "?"
                            }
                        ]
                    }
                ]
            }
        ],
        "thread_ts": "1589227113.231600",
        "parent_user_id": "U011VDYM6BG"
    },
    {
        "type": "message",
        "subtype": "channel_join",
        "ts": "1589243529.232700",
        "user": "U013U2VTKS5",
        "text": "<@U013U2VTKS5> has joined the channel"
    },
    {
        "type": "message",
        "subtype": "channel_join",
        "ts": "1589257370.233000",
        "user": "U013E9J3LDT",
        "text": "<@U013E9J3LDT> has joined the channel"
    }
]