[
    {
        "client_msg_id": "15a07ebe-6d7d-4ee3-8c5f-2cd2fccc0333",
        "type": "message",
        "text": "Thanks <@UC19HAUAK> for now, whats the best way to achieve the quarterly dimension in cubejs?",
        "user": "U011CC0D1JT",
        "ts": "1587023938.364400",
        "team": "TC0C1HURK",
        "user_team": "TC0C1HURK",
        "source_team": "TC0C1HURK",
        "user_profile": {
            "avatar_hash": "gc96b0b79b5c",
            "image_72": "https:\/\/secure.gravatar.com\/avatar\/c96b0b79b5cf22dd7b8e1aa8a7c3aeab.jpg?s=72&d=https%3A%2F%2Fa.slack-edge.com%2Fdf10d%2Fimg%2Favatars%2Fava_0002-72.png",
            "first_name": "Robby",
            "real_name": "Robby Duay",
            "display_name": "",
            "team": "TC0C1HURK",
            "name": "robby",
            "is_restricted": false,
            "is_ultra_restricted": false
        },
        "blocks": [
            {
                "type": "rich_text",
                "block_id": "Zw4",
                "elements": [
                    {
                        "type": "rich_text_section",
                        "elements": [
                            {
                                "type": "text",
                                "text": "Thanks "
                            },
                            {
                                "type": "user",
                                "user_id": "UC19HAUAK"
                            },
                            {
                                "type": "text",
                                "text": " for now, whats the best way to achieve the quarterly dimension in cubejs?"
                            }
                        ]
                    }
                ]
            }
        ],
        "thread_ts": "1586955362.349000",
        "parent_user_id": "U011CC0D1JT"
    },
    {
        "client_msg_id": "80b7f0a8-0a52-4d17-ae51-3d5ed5029859",
        "type": "message",
        "text": "Hey Guys Just like Grouping in Time dimension `days, weeks, months`  How can we achieve this grouping on  `number dimension`  for example there is a dimension `Age`  and I need data on grouping of `1-10` , `10 -20`, `20-30` and so on how can I achieve this result. One option is to create measures for all possible grouping but I am looking for any dynamic solution. Thanks",
        "user": "UNH5WL410",
        "ts": "1587033197.368700",
        "team": "TC0C1HURK",
        "user_team": "TC0C1HURK",
        "source_team": "TC0C1HURK",
        "user_profile": {
            "avatar_hash": "g5924d6e935e",
            "image_72": "https:\/\/secure.gravatar.com\/avatar\/5924d6e935e42363152bb93c0dc4f7ce.jpg?s=72&d=https%3A%2F%2Fa.slack-edge.com%2Fdf10d%2Fimg%2Favatars%2Fava_0016-72.png",
            "first_name": "Rizwan",
            "real_name": "Rizwan Haider",
            "display_name": "Rizwan Haider",
            "team": "TC0C1HURK",
            "name": "rizwan.seing",
            "is_restricted": false,
            "is_ultra_restricted": false
        },
        "edited": {
            "user": "UNH5WL410",
            "ts": "1587033231.000000"
        },
        "blocks": [
            {
                "type": "rich_text",
                "block_id": "OZ03C",
                "elements": [
                    {
                        "type": "rich_text_section",
                        "elements": [
                            {
                                "type": "text",
                                "text": "Hey Guys Just like Grouping in Time dimension"
                            },
                            {
                                "type": "text",
                                "text": " days, weeks, months",
                                "style": {
                                    "code": true
                                }
                            },
                            {
                                "type": "text",
                                "text": "  How can we achieve this grouping on "
                            },
                            {
                                "type": "text",
                                "text": " number dimension",
                                "style": {
                                    "code": true
                                }
                            },
                            {
                                "type": "text",
                                "text": "  for example there is a dimension "
                            },
                            {
                                "type": "text",
                                "text": "Age",
                                "style": {
                                    "code": true
                                }
                            },
                            {
                                "type": "text",
                                "text": "  and I need data on grouping of "
                            },
                            {
                                "type": "text",
                                "text": "1-10",
                                "style": {
                                    "code": true
                                }
                            },
                            {
                                "type": "text",
                                "text": " , "
                            },
                            {
                                "type": "text",
                                "text": "10 -20",
                                "style": {
                                    "code": true
                                }
                            },
                            {
                                "type": "text",
                                "text": ", "
                            },
                            {
                                "type": "text",
                                "text": "20-30",
                                "style": {
                                    "code": true
                                }
                            },
                            {
                                "type": "text",
                                "text": " and so on how can I achieve this result. One option is to create measures for all possible grouping but I am looking for any dynamic solution. Thanks"
                            }
                        ]
                    }
                ]
            }
        ],
        "thread_ts": "1587033197.368700",
        "reply_count": 2,
        "reply_users_count": 2,
        "latest_reply": "1587233644.402700",
        "reply_users": [
            "UC19HAUAK",
            "UNH5WL410"
        ],
        "replies": [
            {
                "user": "UC19HAUAK",
                "ts": "1587063673.379100"
            },
            {
                "user": "UNH5WL410",
                "ts": "1587233644.402700"
            }
        ],
        "subscribed": false
    },
    {
        "client_msg_id": "d95ded21-72bd-49db-b100-84ee9247e280",
        "type": "message",
        "text": "Great stuff, <@U010G2XD2F5>! I'll have a look. :slightly_smiling_face:",
        "user": "USR25CNHZ",
        "ts": "1587046229.368900",
        "team": "TC0C1HURK",
        "user_team": "TC0C1HURK",
        "source_team": "TC0C1HURK",
        "user_profile": {
            "avatar_hash": "c216d5cb526d",
            "image_72": "https:\/\/avatars.slack-edge.com\/2020-01-24\/920548842080_c216d5cb526d0ec4b246_72.jpg",
            "first_name": "Carlos",
            "real_name": "Carlos Gonçalves",
            "display_name": "Carlos Gonçalves",
            "team": "TC0C1HURK",
            "name": "carlos.goncalves",
            "is_restricted": false,
            "is_ultra_restricted": false
        },
        "blocks": [
            {
                "type": "rich_text",
                "block_id": "1+L",
                "elements": [
                    {
                        "type": "rich_text_section",
                        "elements": [
                            {
                                "type": "text",
                                "text": "Great stuff, "
                            },
                            {
                                "type": "user",
                                "user_id": "U010G2XD2F5"
                            },
                            {
                                "type": "text",
                                "text": "! I'll have a look. "
                            },
                            {
                                "type": "emoji",
                                "name": "slightly_smiling_face"
                            }
                        ]
                    }
                ]
            }
        ],
        "thread_ts": "1585329849.059400",
        "parent_user_id": "USR0LTS9J"
    },
    {
        "type": "message",
        "subtype": "channel_join",
        "ts": "1587047580.369200",
        "user": "U011Z628WV9",
        "text": "<@U011Z628WV9> has joined the channel"
    },
    {
        "type": "message",
        "subtype": "channel_join",
        "ts": "1587049187.369400",
        "user": "U011SA2DWKY",
        "text": "<@U011SA2DWKY> has joined the channel"
    },
    {
        "client_msg_id": "5ef5050c-9046-4a41-81cf-040e51d7e48d",
        "type": "message",
        "text": "Hi @ here",
        "user": "U011SA2DWKY",
        "ts": "1587049203.369600",
        "team": "TC0C1HURK",
        "user_team": "TC0C1HURK",
        "source_team": "TC0C1HURK",
        "user_profile": {
            "avatar_hash": "gc16aae5fe6e",
            "image_72": "https:\/\/secure.gravatar.com\/avatar\/c16aae5fe6e532e04c789425bed6ed4e.jpg?s=72&d=https%3A%2F%2Fa.slack-edge.com%2Fdf10d%2Fimg%2Favatars%2Fava_0016-72.png",
            "first_name": "",
            "real_name": "datawrker",
            "display_name": "datawrker",
            "team": "TC0C1HURK",
            "name": "sireesha",
            "is_restricted": false,
            "is_ultra_restricted": false
        },
        "blocks": [
            {
                "type": "rich_text",
                "block_id": "ElWtf",
                "elements": [
                    {
                        "type": "rich_text_section",
                        "elements": [
                            {
                                "type": "text",
                                "text": "Hi @ here"
                            }
                        ]
                    }
                ]
            }
        ]
    },
    {
        "client_msg_id": "bb1b5da9-0bde-499e-8b83-2f23a21e198a",
        "type": "message",
        "text": "I have a column containing user_id in my data table, and I send it in the token payload. It is included in the where clause of my select command in cube file. I expect the data to be filtered based on the user_id. However, when the user id is not passed in the token, I see that all the rows are being returned. This potentially jeopardizes multi-tenancy. Please let me know if this is a known issue.",
        "user": "U011SA2DWKY",
        "ts": "1587049334.371900",
        "team": "TC0C1HURK",
        "user_team": "TC0C1HURK",
        "source_team": "TC0C1HURK",
        "user_profile": {
            "avatar_hash": "gc16aae5fe6e",
            "image_72": "https:\/\/secure.gravatar.com\/avatar\/c16aae5fe6e532e04c789425bed6ed4e.jpg?s=72&d=https%3A%2F%2Fa.slack-edge.com%2Fdf10d%2Fimg%2Favatars%2Fava_0016-72.png",
            "first_name": "",
            "real_name": "datawrker",
            "display_name": "datawrker",
            "team": "TC0C1HURK",
            "name": "sireesha",
            "is_restricted": false,
            "is_ultra_restricted": false
        },
        "blocks": [
            {
                "type": "rich_text",
                "block_id": "oq2sk",
                "elements": [
                    {
                        "type": "rich_text_section",
                        "elements": [
                            {
                                "type": "text",
                                "text": "I have a column containing user_id in my data table, and I send it in the token payload. It is included in the where clause of my select command in cube file. I expect the data to be filtered based on the user_id. However, when the user id is not passed in the token, I see that all the rows are being returned. This potentially jeopardizes multi-tenancy. Please let me know if this is a known issue."
                            }
                        ]
                    }
                ]
            }
        ],
        "thread_ts": "1587049334.371900",
        "reply_count": 4,
        "reply_users_count": 2,
        "latest_reply": "1587124608.389100",
        "reply_users": [
            "UC19HAUAK",
            "U011SA2DWKY"
        ],
        "replies": [
            {
                "user": "UC19HAUAK",
                "ts": "1587063803.379700"
            },
            {
                "user": "U011SA2DWKY",
                "ts": "1587068664.382500"
            },
            {
                "user": "U011SA2DWKY",
                "ts": "1587070036.383000"
            },
            {
                "user": "U011SA2DWKY",
                "ts": "1587124608.389100"
            }
        ],
        "subscribed": false
    },
    {
        "type": "message",
        "subtype": "channel_join",
        "ts": "1587060997.372400",
        "user": "U011JTAENTH",
        "text": "<@U011JTAENTH> has joined the channel"
    },
    {
        "client_msg_id": "214bfd18-7251-48eb-979e-725c3a2edb98",
        "type": "message",
        "text": ":wave: Hello! First of all, thanks for this great project! It's been really nice to use so far. :pray: Quick question: is it possible to change the format of datetime values returned via the REST api to always include a timezone indicator? I am trying to ensure that our frontend code can treat all dates it receives uniformly, and this would be helpful. Thanks!",
        "user": "U011JTAENTH",
        "ts": "1587062797.377800",
        "team": "TC0C1HURK",
        "user_team": "TC0C1HURK",
        "source_team": "TC0C1HURK",
        "user_profile": {
            "avatar_hash": "g311954dd5c0",
            "image_72": "https:\/\/secure.gravatar.com\/avatar\/311954dd5c0feb0a53b32f401f5a7eeb.jpg?s=72&d=https%3A%2F%2Fa.slack-edge.com%2Fdf10d%2Fimg%2Favatars%2Fava_0002-72.png",
            "first_name": "",
            "real_name": "Jeff Palmer",
            "display_name": "Jeff Palmer",
            "team": "TC0C1HURK",
            "name": "jeffrey.palmer",
            "is_restricted": false,
            "is_ultra_restricted": false
        },
        "blocks": [
            {
                "type": "rich_text",
                "block_id": "KTp",
                "elements": [
                    {
                        "type": "rich_text_section",
                        "elements": [
                            {
                                "type": "emoji",
                                "name": "wave"
                            },
                            {
                                "type": "text",
                                "text": " Hello! First of all, thanks for this great project! It's been really nice to use so far. "
                            },
                            {
                                "type": "emoji",
                                "name": "pray"
                            },
                            {
                                "type": "text",
                                "text": " Quick question: is it possible to change the format of datetime values returned via the REST api to always include a timezone indicator? I am trying to ensure that our frontend code can treat all dates it receives uniformly, and this would be helpful. Thanks!"
                            }
                        ]
                    }
                ]
            }
        ],
        "thread_ts": "1587062797.377800",
        "reply_count": 5,
        "reply_users_count": 2,
        "latest_reply": "1587066204.382300",
        "reply_users": [
            "UC19HAUAK",
            "U011JTAENTH"
        ],
        "replies": [
            {
                "user": "UC19HAUAK",
                "ts": "1587063966.381400"
            },
            {
                "user": "U011JTAENTH",
                "ts": "1587064229.381600"
            },
            {
                "user": "U011JTAENTH",
                "ts": "1587064278.381800"
            },
            {
                "user": "U011JTAENTH",
                "ts": "1587064447.382000"
            },
            {
                "user": "UC19HAUAK",
                "ts": "1587066204.382300"
            }
        ],
        "subscribed": false
    },
    {
        "client_msg_id": "8EBDC4DC-85D8-4598-B1F6-03F7D7D2D147",
        "type": "message",
        "text": "Hey <@UNH5WL410> ! You can use <https:\/\/cube.dev\/docs\/dimensions#parameters-case|https:\/\/cube.dev\/docs\/dimensions#parameters-case> to generate those. Or logic in SQL to do this completely dynamically.",
        "user": "UC19HAUAK",
        "ts": "1587063673.379100",
        "team": "TC0C1HURK",
        "user_team": "TC0C1HURK",
        "source_team": "TC0C1HURK",
        "user_profile": {
            "avatar_hash": "066a042e018c",
            "image_72": "https:\/\/avatars.slack-edge.com\/2019-12-07\/866588520998_066a042e018ca831a195_72.png",
            "first_name": "Pavel",
            "real_name": "Pavel Tiunov",
            "display_name": "pavel",
            "team": "TC0C1HURK",
            "name": "pavel",
            "is_restricted": false,
            "is_ultra_restricted": false
        },
        "blocks": [
            {
                "type": "rich_text",
                "block_id": "VZuv",
                "elements": [
                    {
                        "type": "rich_text_section",
                        "elements": [
                            {
                                "type": "text",
                                "text": "Hey "
                            },
                            {
                                "type": "user",
                                "user_id": "UNH5WL410"
                            },
                            {
                                "type": "text",
                                "text": " ! You can use "
                            },
                            {
                                "type": "link",
                                "url": "https:\/\/cube.dev\/docs\/dimensions#parameters-case",
                                "text": "https:\/\/cube.dev\/docs\/dimensions#parameters-case"
                            },
                            {
                                "type": "text",
                                "text": " to generate those. Or logic in SQL to do this completely dynamically."
                            }
                        ]
                    }
                ]
            }
        ],
        "thread_ts": "1587033197.368700",
        "parent_user_id": "UNH5WL410"
    },
    {
        "client_msg_id": "FC41B39D-F231-4E6A-BCDF-14B64FC726F9",
        "type": "message",
        "text": "Hey <@U011SA2DWKY> ! Is it in dev mode? ",
        "user": "UC19HAUAK",
        "ts": "1587063803.379700",
        "team": "TC0C1HURK",
        "user_team": "TC0C1HURK",
        "source_team": "TC0C1HURK",
        "user_profile": {
            "avatar_hash": "066a042e018c",
            "image_72": "https:\/\/avatars.slack-edge.com\/2019-12-07\/866588520998_066a042e018ca831a195_72.png",
            "first_name": "Pavel",
            "real_name": "Pavel Tiunov",
            "display_name": "pavel",
            "team": "TC0C1HURK",
            "name": "pavel",
            "is_restricted": false,
            "is_ultra_restricted": false
        },
        "blocks": [
            {
                "type": "rich_text",
                "block_id": "lPwp",
                "elements": [
                    {
                        "type": "rich_text_section",
                        "elements": [
                            {
                                "type": "text",
                                "text": "Hey "
                            },
                            {
                                "type": "user",
                                "user_id": "U011SA2DWKY"
                            },
                            {
                                "type": "text",
                                "text": " ! Is it in dev mode? "
                            }
                        ]
                    }
                ]
            }
        ],
        "thread_ts": "1587049334.371900",
        "parent_user_id": "U011SA2DWKY"
    },
    {
        "client_msg_id": "3F682F7B-D6F8-4892-A33B-359985FB420C",
        "type": "message",
        "text": "Hey <@U011JTAENTH> ! Cube.js always returns dates as local datetime in requested time zone. It’s why it doesn’t contain time zone.",
        "user": "UC19HAUAK",
        "ts": "1587063966.381400",
        "team": "TC0C1HURK",
        "user_team": "TC0C1HURK",
        "source_team": "TC0C1HURK",
        "user_profile": {
            "avatar_hash": "066a042e018c",
            "image_72": "https:\/\/avatars.slack-edge.com\/2019-12-07\/866588520998_066a042e018ca831a195_72.png",
            "first_name": "Pavel",
            "real_name": "Pavel Tiunov",
            "display_name": "pavel",
            "team": "TC0C1HURK",
            "name": "pavel",
            "is_restricted": false,
            "is_ultra_restricted": false
        },
        "blocks": [
            {
                "type": "rich_text",
                "block_id": "k7lS",
                "elements": [
                    {
                        "type": "rich_text_section",
                        "elements": [
                            {
                                "type": "text",
                                "text": "Hey "
                            },
                            {
                                "type": "user",
                                "user_id": "U011JTAENTH"
                            },
                            {
                                "type": "text",
                                "text": " ! Cube.js always returns dates as local datetime in requested time zone. It’s why it doesn’t contain time zone."
                            }
                        ]
                    }
                ]
            }
        ],
        "thread_ts": "1587062797.377800",
        "parent_user_id": "U011JTAENTH"
    },
    {
        "client_msg_id": "731d7f2c-57c7-4416-a377-c57ef875e736",
        "type": "message",
        "text": "okay, so if i make sure to use the `convertTz` function and always use a timezone indicator in my queries, i should be good?",
        "user": "U011JTAENTH",
        "ts": "1587064229.381600",
        "team": "TC0C1HURK",
        "user_team": "TC0C1HURK",
        "source_team": "TC0C1HURK",
        "user_profile": {
            "avatar_hash": "g311954dd5c0",
            "image_72": "https:\/\/secure.gravatar.com\/avatar\/311954dd5c0feb0a53b32f401f5a7eeb.jpg?s=72&d=https%3A%2F%2Fa.slack-edge.com%2Fdf10d%2Fimg%2Favatars%2Fava_0002-72.png",
            "first_name": "",
            "real_name": "Jeff Palmer",
            "display_name": "Jeff Palmer",
            "team": "TC0C1HURK",
            "name": "jeffrey.palmer",
            "is_restricted": false,
            "is_ultra_restricted": false
        },
        "blocks": [
            {
                "type": "rich_text",
                "block_id": "6TI58",
                "elements": [
                    {
                        "type": "rich_text_section",
                        "elements": [
                            {
                                "type": "text",
                                "text": "okay, so if i make sure to use the "
                            },
                            {
                                "type": "text",
                                "text": "convertTz",
                                "style": {
                                    "code": true
                                }
                            },
                            {
                                "type": "text",
                                "text": " function and always use a timezone indicator in my queries, i should be good?"
                            }
                        ]
                    }
                ]
            }
        ],
        "thread_ts": "1587062797.377800",
        "parent_user_id": "U011JTAENTH"
    },
    {
        "client_msg_id": "90ed68ed-d30b-48a8-a54a-0b2c51256d52",
        "type": "message",
        "text": "thanks!",
        "user": "U011JTAENTH",
        "ts": "1587064278.381800",
        "team": "TC0C1HURK",
        "user_team": "TC0C1HURK",
        "source_team": "TC0C1HURK",
        "user_profile": {
            "avatar_hash": "g311954dd5c0",
            "image_72": "https:\/\/secure.gravatar.com\/avatar\/311954dd5c0feb0a53b32f401f5a7eeb.jpg?s=72&d=https%3A%2F%2Fa.slack-edge.com%2Fdf10d%2Fimg%2Favatars%2Fava_0002-72.png",
            "first_name": "",
            "real_name": "Jeff Palmer",
            "display_name": "Jeff Palmer",
            "team": "TC0C1HURK",
            "name": "jeffrey.palmer",
            "is_restricted": false,
            "is_ultra_restricted": false
        },
        "blocks": [
            {
                "type": "rich_text",
                "block_id": "HZm0",
                "elements": [
                    {
                        "type": "rich_text_section",
                        "elements": [
                            {
                                "type": "text",
                                "text": "thanks!"
                            }
                        ]
                    }
                ]
            }
        ],
        "thread_ts": "1587062797.377800",
        "parent_user_id": "U011JTAENTH"
    },
    {
        "client_msg_id": "dfcaba5b-b277-4bb4-8a1b-02d3178f1dbb",
        "type": "message",
        "text": "is there a way to set a default timezone for all queries when creating the js client? i didn't see an obvious way to do that.",
        "user": "U011JTAENTH",
        "ts": "1587064447.382000",
        "team": "TC0C1HURK",
        "user_team": "TC0C1HURK",
        "source_team": "TC0C1HURK",
        "user_profile": {
            "avatar_hash": "g311954dd5c0",
            "image_72": "https:\/\/secure.gravatar.com\/avatar\/311954dd5c0feb0a53b32f401f5a7eeb.jpg?s=72&d=https%3A%2F%2Fa.slack-edge.com%2Fdf10d%2Fimg%2Favatars%2Fava_0002-72.png",
            "first_name": "",
            "real_name": "Jeff Palmer",
            "display_name": "Jeff Palmer",
            "team": "TC0C1HURK",
            "name": "jeffrey.palmer",
            "is_restricted": false,
            "is_ultra_restricted": false
        },
        "blocks": [
            {
                "type": "rich_text",
                "block_id": "tUF7",
                "elements": [
                    {
                        "type": "rich_text_section",
                        "elements": [
                            {
                                "type": "text",
                                "text": "is there a way to set a default timezone for all queries when creating the js client? i didn't see an obvious way to do that."
                            }
                        ]
                    }
                ]
            }
        ],
        "thread_ts": "1587062797.377800",
        "parent_user_id": "U011JTAENTH"
    },
    {
        "client_msg_id": "0b7648c8-e9c7-4d24-8339-293d7a51c523",
        "type": "message",
        "text": "<@U011JTAENTH> As soon as you use timestamps in time dimensions you should be good <https:\/\/cube.dev\/docs\/types-and-formats#dimensions-types-time>. There's no default timezone option. Makes sense to create an issue on Github for this one.",
        "user": "UC19HAUAK",
        "ts": "1587066204.382300",
        "team": "TC0C1HURK",
        "user_team": "TC0C1HURK",
        "source_team": "TC0C1HURK",
        "user_profile": {
            "avatar_hash": "066a042e018c",
            "image_72": "https:\/\/avatars.slack-edge.com\/2019-12-07\/866588520998_066a042e018ca831a195_72.png",
            "first_name": "Pavel",
            "real_name": "Pavel Tiunov",
            "display_name": "pavel",
            "team": "TC0C1HURK",
            "name": "pavel",
            "is_restricted": false,
            "is_ultra_restricted": false
        },
        "blocks": [
            {
                "type": "rich_text",
                "block_id": "ZmkZ",
                "elements": [
                    {
                        "type": "rich_text_section",
                        "elements": [
                            {
                                "type": "user",
                                "user_id": "U011JTAENTH"
                            },
                            {
                                "type": "text",
                                "text": " As soon as you use timestamps in time dimensions you should be good "
                            },
                            {
                                "type": "link",
                                "url": "https:\/\/cube.dev\/docs\/types-and-formats#dimensions-types-time"
                            },
                            {
                                "type": "text",
                                "text": ". There's no default timezone option. Makes sense to create an issue on Github for this one."
                            }
                        ]
                    }
                ]
            }
        ],
        "thread_ts": "1587062797.377800",
        "parent_user_id": "U011JTAENTH",
        "reactions": [
            {
                "name": "+1",
                "users": [
                    "U011JTAENTH"
                ],
                "count": 1
            }
        ]
    },
    {
        "client_msg_id": "059bae6d-4895-46bb-9655-59bd23d98f14",
        "type": "message",
        "text": "Just used the default settings. Haven't turned it to production.",
        "user": "U011SA2DWKY",
        "ts": "1587068664.382500",
        "team": "TC0C1HURK",
        "user_team": "TC0C1HURK",
        "source_team": "TC0C1HURK",
        "user_profile": {
            "avatar_hash": "gc16aae5fe6e",
            "image_72": "https:\/\/secure.gravatar.com\/avatar\/c16aae5fe6e532e04c789425bed6ed4e.jpg?s=72&d=https%3A%2F%2Fa.slack-edge.com%2Fdf10d%2Fimg%2Favatars%2Fava_0016-72.png",
            "first_name": "",
            "real_name": "datawrker",
            "display_name": "datawrker",
            "team": "TC0C1HURK",
            "name": "sireesha",
            "is_restricted": false,
            "is_ultra_restricted": false
        },
        "blocks": [
            {
                "type": "rich_text",
                "block_id": "coZZ",
                "elements": [
                    {
                        "type": "rich_text_section",
                        "elements": [
                            {
                                "type": "text",
                                "text": "Just used the default settings. Haven't turned it to production."
                            }
                        ]
                    }
                ]
            }
        ],
        "thread_ts": "1587049334.371900",
        "parent_user_id": "U011SA2DWKY"
    },
    {
        "client_msg_id": "dad24931-aac2-4b51-a88c-fb3254aafd4f",
        "type": "message",
        "text": "<@UC19HAUAK> we are using temporary tokens (accesskey and secrete accesskey). Even after changing credentials we are still getting the same error. Connection looks fine if I use permanent accesskey\/secrete-accesskey",
        "user": "U0113R3DVDG",
        "ts": "1587070036.382800",
        "team": "TC0C1HURK",
        "user_team": "TC0C1HURK",
        "source_team": "TC0C1HURK",
        "user_profile": {
            "avatar_hash": "g13b55d6562b",
            "image_72": "https:\/\/secure.gravatar.com\/avatar\/13b55d6562b23cceb414fed3537563de.jpg?s=72&d=https%3A%2F%2Fa.slack-edge.com%2Fdf10d%2Fimg%2Favatars%2Fava_0011-72.png",
            "first_name": "",
            "real_name": "Sridhar Jakkula",
            "display_name": "Sridhar Jakkula",
            "team": "TC0C1HURK",
            "name": "sridhar.jakkula",
            "is_restricted": false,
            "is_ultra_restricted": false
        },
        "blocks": [
            {
                "type": "rich_text",
                "block_id": "0i6S",
                "elements": [
                    {
                        "type": "rich_text_section",
                        "elements": [
                            {
                                "type": "user",
                                "user_id": "UC19HAUAK"
                            },
                            {
                                "type": "text",
                                "text": " we are using temporary tokens (accesskey and secrete accesskey). Even after changing credentials we are still getting the same error. Connection looks fine if I use permanent accesskey\/secrete-accesskey"
                            }
                        ]
                    }
                ]
            }
        ],
        "thread_ts": "1586013572.171100",
        "parent_user_id": "U0113R3DVDG"
    },
    {
        "client_msg_id": "cc6f7fe1-a309-48c4-8fe9-8bfc1d03be0e",
        "type": "message",
        "text": "The user id is being passed in the user section of token and am using user_context in SQL query in the cube.",
        "user": "U011SA2DWKY",
        "ts": "1587070036.383000",
        "team": "TC0C1HURK",
        "user_team": "TC0C1HURK",
        "source_team": "TC0C1HURK",
        "user_profile": {
            "avatar_hash": "gc16aae5fe6e",
            "image_72": "https:\/\/secure.gravatar.com\/avatar\/c16aae5fe6e532e04c789425bed6ed4e.jpg?s=72&d=https%3A%2F%2Fa.slack-edge.com%2Fdf10d%2Fimg%2Favatars%2Fava_0016-72.png",
            "first_name": "",
            "real_name": "datawrker",
            "display_name": "datawrker",
            "team": "TC0C1HURK",
            "name": "sireesha",
            "is_restricted": false,
            "is_ultra_restricted": false
        },
        "blocks": [
            {
                "type": "rich_text",
                "block_id": "S8R53",
                "elements": [
                    {
                        "type": "rich_text_section",
                        "elements": [
                            {
                                "type": "text",
                                "text": "The user id is being passed in the user section of token and am using user_context in SQL query in the cube."
                            }
                        ]
                    }
                ]
            }
        ],
        "thread_ts": "1587049334.371900",
        "parent_user_id": "U011SA2DWKY"
    },
    {
        "type": "message",
        "subtype": "channel_join",
        "ts": "1587070087.383300",
        "user": "U012077JE11",
        "text": "<@U012077JE11> has joined the channel"
    },
    {
        "client_msg_id": "3583ac58-1830-47f7-a0c3-fd5000fc068b",
        "type": "message",
        "text": "<@U0113R3DVDG> Gotcha. You should use machine auth then instead. Do not provide credentials through env.",
        "user": "UC19HAUAK",
        "ts": "1587070087.383400",
        "team": "TC0C1HURK",
        "user_team": "TC0C1HURK",
        "source_team": "TC0C1HURK",
        "user_profile": {
            "avatar_hash": "066a042e018c",
            "image_72": "https:\/\/avatars.slack-edge.com\/2019-12-07\/866588520998_066a042e018ca831a195_72.png",
            "first_name": "Pavel",
            "real_name": "Pavel Tiunov",
            "display_name": "pavel",
            "team": "TC0C1HURK",
            "name": "pavel",
            "is_restricted": false,
            "is_ultra_restricted": false
        },
        "blocks": [
            {
                "type": "rich_text",
                "block_id": "+XEQ",
                "elements": [
                    {
                        "type": "rich_text_section",
                        "elements": [
                            {
                                "type": "user",
                                "user_id": "U0113R3DVDG"
                            },
                            {
                                "type": "text",
                                "text": " Gotcha. You should use machine auth then instead. Do not provide credentials through env."
                            }
                        ]
                    }
                ]
            }
        ],
        "thread_ts": "1586013572.171100",
        "parent_user_id": "U0113R3DVDG"
    },
    {
        "type": "message",
        "text": "Hello everyone, thanks for your great work.\nI was just wondering that how the home page animation was created on cube.js website. Please refer to the screenshot below:",
        "files": [
            {
                "id": "F012CKW6KH7",
                "created": 1587070457,
                "timestamp": 1587070457,
                "name": "image.png",
                "title": "image.png",
                "mimetype": "image\/png",
                "filetype": "png",
                "pretty_type": "PNG",
                "user": "U012077JE11",
                "editable": false,
                "size": 81147,
                "mode": "hosted",
                "is_external": false,
                "external_type": "",
                "is_public": true,
                "public_url_shared": false,
                "display_as_bot": false,
                "username": "",
                "url_private": "https:\/\/files.slack.com\/files-pri\/TC0C1HURK-F012CKW6KH7\/image.png?t=xoxe-408409606869-1300049925941-1294691254950-5e5ba619551397a2daf3223fc6c48b4a",
                "url_private_download": "https:\/\/files.slack.com\/files-pri\/TC0C1HURK-F012CKW6KH7\/download\/image.png?t=xoxe-408409606869-1300049925941-1294691254950-5e5ba619551397a2daf3223fc6c48b4a",
                "thumb_64": "https:\/\/files.slack.com\/files-tmb\/TC0C1HURK-F012CKW6KH7-8e1ed6634a\/image_64.png?t=xoxe-408409606869-1300049925941-1294691254950-5e5ba619551397a2daf3223fc6c48b4a",
                "thumb_80": "https:\/\/files.slack.com\/files-tmb\/TC0C1HURK-F012CKW6KH7-8e1ed6634a\/image_80.png?t=xoxe-408409606869-1300049925941-1294691254950-5e5ba619551397a2daf3223fc6c48b4a",
                "thumb_360": "https:\/\/files.slack.com\/files-tmb\/TC0C1HURK-F012CKW6KH7-8e1ed6634a\/image_360.png?t=xoxe-408409606869-1300049925941-1294691254950-5e5ba619551397a2daf3223fc6c48b4a",
                "thumb_360_w": 360,
                "thumb_360_h": 232,
                "thumb_480": "https:\/\/files.slack.com\/files-tmb\/TC0C1HURK-F012CKW6KH7-8e1ed6634a\/image_480.png?t=xoxe-408409606869-1300049925941-1294691254950-5e5ba619551397a2daf3223fc6c48b4a",
                "thumb_480_w": 480,
                "thumb_480_h": 310,
                "thumb_160": "https:\/\/files.slack.com\/files-tmb\/TC0C1HURK-F012CKW6KH7-8e1ed6634a\/image_160.png?t=xoxe-408409606869-1300049925941-1294691254950-5e5ba619551397a2daf3223fc6c48b4a",
                "thumb_720": "https:\/\/files.slack.com\/files-tmb\/TC0C1HURK-F012CKW6KH7-8e1ed6634a\/image_720.png?t=xoxe-408409606869-1300049925941-1294691254950-5e5ba619551397a2daf3223fc6c48b4a",
                "thumb_720_w": 720,
                "thumb_720_h": 465,
                "thumb_800": "https:\/\/files.slack.com\/files-tmb\/TC0C1HURK-F012CKW6KH7-8e1ed6634a\/image_800.png?t=xoxe-408409606869-1300049925941-1294691254950-5e5ba619551397a2daf3223fc6c48b4a",
                "thumb_800_w": 800,
                "thumb_800_h": 517,
                "thumb_960": "https:\/\/files.slack.com\/files-tmb\/TC0C1HURK-F012CKW6KH7-8e1ed6634a\/image_960.png?t=xoxe-408409606869-1300049925941-1294691254950-5e5ba619551397a2daf3223fc6c48b4a",
                "thumb_960_w": 960,
                "thumb_960_h": 620,
                "thumb_1024": "https:\/\/files.slack.com\/files-tmb\/TC0C1HURK-F012CKW6KH7-8e1ed6634a\/image_1024.png?t=xoxe-408409606869-1300049925941-1294691254950-5e5ba619551397a2daf3223fc6c48b4a",
                "thumb_1024_w": 1024,
                "thumb_1024_h": 661,
                "original_w": 1039,
                "original_h": 671,
                "thumb_tiny": "AwAeADDTpM0tB9qADNFRTOUiLLgt71HbSSOCJMZHpTsOxZzRTdnOadSEB6VDOz7diA5I6jtU1JigBFGUAbnjmgIF4UU7migYmaWjFFAj\/9k=",
                "permalink": "https:\/\/cube-js.slack.com\/files\/U012077JE11\/F012CKW6KH7\/image.png",
                "permalink_public": "https:\/\/slack-files.com\/TC0C1HURK-F012CKW6KH7-b6f4d06d1c",
                "is_starred": false,
                "has_rich_preview": false
            }
        ],
        "upload": true,
        "blocks": [
            {
                "type": "rich_text",
                "block_id": "FF2",
                "elements": [
                    {
                        "type": "rich_text_section",
                        "elements": [
                            {
                                "type": "text",
                                "text": "Hello everyone, thanks for your great work.\nI was just wondering that how the home page animation was created on cube.js website. Please refer to the screenshot below:"
                            }
                        ]
                    }
                ]
            }
        ],
        "user": "U012077JE11",
        "display_as_bot": false,
        "ts": "1587070459.386100",
        "client_msg_id": "01561b68-64e1-4e6b-bac6-2dc156c4f420",
        "thread_ts": "1587070459.386100",
        "reply_count": 2,
        "reply_users_count": 2,
        "latest_reply": "1587246354.407500",
        "reply_users": [
            "UC19HAUAK",
            "U012077JE11"
        ],
        "replies": [
            {
                "user": "UC19HAUAK",
                "ts": "1587153551.391000"
            },
            {
                "user": "U012077JE11",
                "ts": "1587246354.407500"
            }
        ],
        "subscribed": false
    },
    {
        "client_msg_id": "92ecfb1e-cd2d-4889-9943-650bda54b819",
        "type": "message",
        "text": "Thanks <@UC19HAUAK>. Is there any pointer, either example or document,  to use Machine auth ?",
        "user": "U0113R3DVDG",
        "ts": "1587070970.386400",
        "team": "TC0C1HURK",
        "user_team": "TC0C1HURK",
        "source_team": "TC0C1HURK",
        "user_profile": {
            "avatar_hash": "g13b55d6562b",
            "image_72": "https:\/\/secure.gravatar.com\/avatar\/13b55d6562b23cceb414fed3537563de.jpg?s=72&d=https%3A%2F%2Fa.slack-edge.com%2Fdf10d%2Fimg%2Favatars%2Fava_0011-72.png",
            "first_name": "",
            "real_name": "Sridhar Jakkula",
            "display_name": "Sridhar Jakkula",
            "team": "TC0C1HURK",
            "name": "sridhar.jakkula",
            "is_restricted": false,
            "is_ultra_restricted": false
        },
        "blocks": [
            {
                "type": "rich_text",
                "block_id": "Hiw",
                "elements": [
                    {
                        "type": "rich_text_section",
                        "elements": [
                            {
                                "type": "text",
                                "text": "Thanks "
                            },
                            {
                                "type": "user",
                                "user_id": "UC19HAUAK"
                            },
                            {
                                "type": "text",
                                "text": ". Is there any pointer, either example or document,  to use Machine auth ?"
                            }
                        ]
                    }
                ]
            }
        ],
        "thread_ts": "1586013572.171100",
        "parent_user_id": "U0113R3DVDG"
    },
    {
        "client_msg_id": "893006e4-5b39-40ae-bbe3-f2da32d4640b",
        "type": "message",
        "text": "Hi when exporting preaggregation to mysql I got the following error. Using Cloud SQL.\n\nError: Error: ER_WARN_DATA_OUT_OF_RANGE: Out of range value for column 'orders_pre_agg__total_price' at row 40\n\nUsing postgresql also gives similar error.",
        "user": "URG2GJK71",
        "ts": "1587073532.387800",
        "team": "TC0C1HURK",
        "user_team": "TC0C1HURK",
        "source_team": "TC0C1HURK",
        "user_profile": {
            "avatar_hash": "g532572ba5cb",
            "image_72": "https:\/\/secure.gravatar.com\/avatar\/532572ba5cb474d3c05f03a7ddf286fa.jpg?s=72&d=https%3A%2F%2Fa.slack-edge.com%2Fdf10d%2Fimg%2Favatars%2Fava_0006-72.png",
            "first_name": "",
            "real_name": "Birkoff",
            "display_name": "",
            "team": "TC0C1HURK",
            "name": "hayaza_slack",
            "is_restricted": false,
            "is_ultra_restricted": false
        },
        "blocks": [
            {
                "type": "rich_text",
                "block_id": "CHQ",
                "elements": [
                    {
                        "type": "rich_text_section",
                        "elements": [
                            {
                                "type": "text",
                                "text": "Hi when exporting preaggregation to mysql I got the following error. Using Cloud SQL.\n\nError: Error: ER_WARN_DATA_OUT_OF_RANGE: Out of range value for column 'orders_pre_agg__total_price' at row 40\n\nUsing postgresql also gives similar error."
                            }
                        ]
                    }
                ]
            }
        ],
        "thread_ts": "1587073532.387800",
        "reply_count": 12,
        "reply_users_count": 3,
        "latest_reply": "1587241454.407100",
        "reply_users": [
            "U012077JE11",
            "URG2GJK71",
            "UC19HAUAK"
        ],
        "replies": [
            {
                "user": "U012077JE11",
                "ts": "1587074132.387900"
            },
            {
                "user": "URG2GJK71",
                "ts": "1587074525.388100"
            },
            {
                "user": "U012077JE11",
                "ts": "1587150325.390700"
            },
            {
                "user": "U012077JE11",
                "ts": "1587234798.403100"
            },
            {
                "user": "U012077JE11",
                "ts": "1587234799.403300"
            },
            {
                "user": "URG2GJK71",
                "ts": "1587239010.404600"
            },
            {
                "user": "UC19HAUAK",
                "ts": "1587239066.404800"
            },
            {
                "user": "URG2GJK71",
                "ts": "1587240737.406300"
            },
            {
                "user": "UC19HAUAK",
                "ts": "1587241049.406500"
            },
            {
                "user": "UC19HAUAK",
                "ts": "1587241064.406700"
            },
            {
                "user": "URG2GJK71",
                "ts": "1587241384.406900"
            },
            {
                "user": "UC19HAUAK",
                "ts": "1587241454.407100"
            }
        ],
        "subscribed": false
    },
    {
        "client_msg_id": "74b2259b-91cb-41cc-8db9-9c8668bbd94c",
        "type": "message",
        "text": "seems like a database related error. can you please check the data type of orders_pre_agg__total_price",
        "user": "U012077JE11",
        "ts": "1587074132.387900",
        "team": "TC0C1HURK",
        "user_team": "TC0C1HURK",
        "source_team": "TC0C1HURK",
        "user_profile": {
            "avatar_hash": "gc019d49e2cc",
            "image_72": "https:\/\/secure.gravatar.com\/avatar\/c019d49e2cce9007de1af3a2083655e8.jpg?s=72&d=https%3A%2F%2Fa.slack-edge.com%2Fdf10d%2Fimg%2Favatars%2Fava_0013-72.png",
            "first_name": "",
            "real_name": "Rafay",
            "display_name": "Rafay",
            "team": "TC0C1HURK",
            "name": "rafayawan",
            "is_restricted": false,
            "is_ultra_restricted": false
        },
        "blocks": [
            {
                "type": "rich_text",
                "block_id": "xuLW",
                "elements": [
                    {
                        "type": "rich_text_section",
                        "elements": [
                            {
                                "type": "text",
                                "text": "seems like a database related error. can you please check the data type of orders_pre_agg__total_price"
                            }
                        ]
                    }
                ]
            }
        ],
        "thread_ts": "1587073532.387800",
        "parent_user_id": "URG2GJK71"
    },
    {
        "client_msg_id": "aa48f6cd-194f-4ae1-a74a-eadd65271741",
        "type": "message",
        "text": "The preagg table hasnt been created in the external db mysql, but its created in bigquery. I assume its saved in the bigquery before exported to mysql.",
        "user": "URG2GJK71",
        "ts": "1587074525.388100",
        "team": "TC0C1HURK",
        "user_team": "TC0C1HURK",
        "source_team": "TC0C1HURK",
        "user_profile": {
            "avatar_hash": "g532572ba5cb",
            "image_72": "https:\/\/secure.gravatar.com\/avatar\/532572ba5cb474d3c05f03a7ddf286fa.jpg?s=72&d=https%3A%2F%2Fa.slack-edge.com%2Fdf10d%2Fimg%2Favatars%2Fava_0006-72.png",
            "first_name": "",
            "real_name": "Birkoff",
            "display_name": "",
            "team": "TC0C1HURK",
            "name": "hayaza_slack",
            "is_restricted": false,
            "is_ultra_restricted": false
        },
        "blocks": [
            {
                "type": "rich_text",
                "block_id": "AH+7A",
                "elements": [
                    {
                        "type": "rich_text_section",
                        "elements": [
                            {
                                "type": "text",
                                "text": "The preagg table hasnt been created in the external db mysql, but its created in bigquery. I assume its saved in the bigquery before exported to mysql."
                            }
                        ]
                    }
                ]
            }
        ],
        "thread_ts": "1587073532.387800",
        "parent_user_id": "URG2GJK71"
    }
]