[
    {
        "client_msg_id": "f8f6808a-d945-4730-8f75-e9e8c8e8040d",
        "type": "message",
        "text": "Thanks a lot !",
        "user": "UQK8YMABU",
        "ts": "1578304138.108900",
        "team": "TC0C1HURK",
        "user_team": "TC0C1HURK",
        "source_team": "TC0C1HURK",
        "user_profile": {
            "avatar_hash": "be01b881eee5",
            "image_72": "https:\/\/avatars.slack-edge.com\/2019-11-25\/848100971952_be01b881eee541d89671_72.jpg",
            "first_name": "",
            "real_name": "Girou Maxime",
            "display_name": "Girou Maxime",
            "team": "TC0C1HURK",
            "name": "maxime.girou",
            "is_restricted": false,
            "is_ultra_restricted": false
        },
        "blocks": [
            {
                "type": "rich_text",
                "block_id": "HsU",
                "elements": [
                    {
                        "type": "rich_text_section",
                        "elements": [
                            {
                                "type": "text",
                                "text": "Thanks a lot !"
                            }
                        ]
                    }
                ]
            }
        ],
        "thread_ts": "1578046832.101900",
        "parent_user_id": "UQK8YMABU"
    },
    {
        "client_msg_id": "99b8dad7-2433-46b3-863f-06914fbbaf6c",
        "type": "message",
        "text": "<@UC19HAUAK> Can I get data from function or stored procedure in *Sql Server* for  data schema?\nlike: `select * from function_in_sql(param1,param2)`",
        "user": "URT1V5350",
        "ts": "1578306326.109200",
        "team": "TC0C1HURK",
        "user_team": "TC0C1HURK",
        "source_team": "TC0C1HURK",
        "user_profile": {
            "avatar_hash": "g0d012a61a31",
            "image_72": "https:\/\/secure.gravatar.com\/avatar\/0d012a61a3125503c5d804a917bf793a.jpg?s=72&d=https%3A%2F%2Fa.slack-edge.com%2Fdf10d%2Fimg%2Favatars%2Fava_0019-72.png",
            "first_name": "",
            "real_name": "giangdh",
            "display_name": "giangdh",
            "team": "TC0C1HURK",
            "name": "mrgiang17",
            "is_restricted": false,
            "is_ultra_restricted": false
        },
        "edited": {
            "user": "URT1V5350",
            "ts": "1578309560.000000"
        },
        "blocks": [
            {
                "type": "rich_text",
                "block_id": "H4hrU",
                "elements": [
                    {
                        "type": "rich_text_section",
                        "elements": [
                            {
                                "type": "user",
                                "user_id": "UC19HAUAK"
                            },
                            {
                                "type": "text",
                                "text": " Can I get data from function or stored procedure in "
                            },
                            {
                                "type": "text",
                                "text": "Sql Server ",
                                "style": {
                                    "bold": true
                                }
                            },
                            {
                                "type": "text",
                                "text": "for "
                            },
                            {
                                "type": "text",
                                "text": " ",
                                "style": {
                                    "bold": true
                                }
                            },
                            {
                                "type": "text",
                                "text": "data schema?\nlike: "
                            },
                            {
                                "type": "text",
                                "text": "select * from function_in_sql(param1,param2)",
                                "style": {
                                    "code": true
                                }
                            }
                        ]
                    }
                ]
            }
        ],
        "thread_ts": "1578306326.109200",
        "reply_count": 1,
        "reply_users_count": 1,
        "latest_reply": "1578316420.115700",
        "reply_users": [
            "UC19HAUAK"
        ],
        "replies": [
            {
                "user": "UC19HAUAK",
                "ts": "1578316420.115700"
            }
        ],
        "subscribed": false
    },
    {
        "client_msg_id": "9bcbf488-4353-44ae-8a8e-2090daa82f2f",
        "type": "message",
        "text": "<@UC19HAUAK> Hello Pavel,\n\nHope you are doing well.\n\nI have a query regarding cube-Js. Below is the scenario:\n\nI want to show the comparison\/Grouped chart on dataset for eg: i have data for last week &amp; current week than in that case i want to render both data on same chart(Multiple\/Grouped dataset chartjs).\nso is there any option in cubeJs to achieve this.\n\nlooking for your reply.\n\nHave a great day ahead.\n\nThanks",
        "user": "UNS4PKYAK",
        "ts": "1578307186.113300",
        "team": "TC0C1HURK",
        "user_team": "TC0C1HURK",
        "source_team": "TC0C1HURK",
        "user_profile": {
            "avatar_hash": "664213ef9cf5",
            "image_72": "https:\/\/avatars.slack-edge.com\/2019-10-17\/800974914790_664213ef9cf5f85d3637_72.jpg",
            "first_name": "chintesh",
            "real_name": "chintesh kumar",
            "display_name": "chintesh kumar",
            "team": "TC0C1HURK",
            "name": "chintesh_kumar",
            "is_restricted": false,
            "is_ultra_restricted": false
        },
        "edited": {
            "user": "UNS4PKYAK",
            "ts": "1578308497.000000"
        },
        "blocks": [
            {
                "type": "rich_text",
                "block_id": "NPZ",
                "elements": [
                    {
                        "type": "rich_text_section",
                        "elements": [
                            {
                                "type": "user",
                                "user_id": "UC19HAUAK"
                            },
                            {
                                "type": "text",
                                "text": " Hello Pavel,\n\nHope you are doing well.\n\nI have a query regarding cube-Js. Below is the scenario:\n\nI want to show the comparison\/Grouped chart on dataset for eg: i have data for last week & current week than in that case i want to render both data on same chart(Multiple\/Grouped dataset chartjs).\nso is there any option in cubeJs to achieve this.\n\nlooking for your reply.\n\nHave a great day ahead.\n\nThanks"
                            }
                        ]
                    }
                ]
            }
        ],
        "thread_ts": "1578307186.113300",
        "reply_count": 22,
        "reply_users_count": 2,
        "latest_reply": "1591962495.085500",
        "reply_users": [
            "UC19HAUAK",
            "UNS4PKYAK"
        ],
        "replies": [
            {
                "user": "UC19HAUAK",
                "ts": "1578316717.118800"
            },
            {
                "user": "UNS4PKYAK",
                "ts": "1578379611.128300"
            },
            {
                "user": "UC19HAUAK",
                "ts": "1578430062.138900"
            },
            {
                "user": "UNS4PKYAK",
                "ts": "1578555163.018800"
            },
            {
                "user": "UNS4PKYAK",
                "ts": "1578636048.039900"
            },
            {
                "user": "UNS4PKYAK",
                "ts": "1578893494.073600"
            },
            {
                "user": "UC19HAUAK",
                "ts": "1578936375.098800"
            },
            {
                "user": "UC19HAUAK",
                "ts": "1581051878.382000"
            },
            {
                "user": "UNS4PKYAK",
                "ts": "1582010787.141500"
            },
            {
                "user": "UNS4PKYAK",
                "ts": "1582011081.142600"
            },
            {
                "user": "UNS4PKYAK",
                "ts": "1582086413.165100"
            },
            {
                "user": "UC19HAUAK",
                "ts": "1582088531.165700"
            },
            {
                "user": "UNS4PKYAK",
                "ts": "1582088568.165900"
            },
            {
                "user": "UNS4PKYAK",
                "ts": "1582088577.166100"
            },
            {
                "user": "UNS4PKYAK",
                "ts": "1582098061.167100"
            },
            {
                "user": "UNS4PKYAK",
                "ts": "1582115331.168800"
            },
            {
                "user": "UNS4PKYAK",
                "ts": "1582172185.187300"
            },
            {
                "user": "UC19HAUAK",
                "ts": "1582172331.187500"
            },
            {
                "user": "UNS4PKYAK",
                "ts": "1582172387.187700"
            },
            {
                "user": "UC19HAUAK",
                "ts": "1582172514.187900"
            },
            {
                "user": "UNS4PKYAK",
                "ts": "1582172539.188100"
            },
            {
                "user": "UNS4PKYAK",
                "ts": "1591962495.085500"
            }
        ],
        "subscribed": false
    },
    {
        "type": "message",
        "subtype": "channel_join",
        "ts": "1578307397.113500",
        "user": "USC9KPSKZ",
        "text": "<@USC9KPSKZ> has joined the channel"
    },
    {
        "type": "message",
        "subtype": "channel_join",
        "ts": "1578307698.113700",
        "user": "URXL86PRQ",
        "text": "<@URXL86PRQ> has joined the channel"
    },
    {
        "type": "message",
        "text": "Can we do this with CubeJs",
        "files": [
            {
                "id": "FRXLE95EE",
                "created": 1578308048,
                "timestamp": 1578308048,
                "name": "Screenshot from 2020-01-06 16-23-25.png",
                "title": "Screenshot from 2020-01-06 16-23-25.png",
                "mimetype": "image\/png",
                "filetype": "png",
                "pretty_type": "PNG",
                "user": "UNS4PKYAK",
                "editable": false,
                "size": 8949,
                "mode": "hosted",
                "is_external": false,
                "external_type": "",
                "is_public": true,
                "public_url_shared": false,
                "display_as_bot": false,
                "username": "",
                "url_private": "https:\/\/files.slack.com\/files-pri\/TC0C1HURK-FRXLE95EE\/screenshot_from_2020-01-06_16-23-25.png?t=xoxe-408409606869-1300049925941-1294691254950-5e5ba619551397a2daf3223fc6c48b4a",
                "url_private_download": "https:\/\/files.slack.com\/files-pri\/TC0C1HURK-FRXLE95EE\/download\/screenshot_from_2020-01-06_16-23-25.png?t=xoxe-408409606869-1300049925941-1294691254950-5e5ba619551397a2daf3223fc6c48b4a",
                "thumb_64": "https:\/\/files.slack.com\/files-tmb\/TC0C1HURK-FRXLE95EE-df170c78ad\/screenshot_from_2020-01-06_16-23-25_64.png?t=xoxe-408409606869-1300049925941-1294691254950-5e5ba619551397a2daf3223fc6c48b4a",
                "thumb_80": "https:\/\/files.slack.com\/files-tmb\/TC0C1HURK-FRXLE95EE-df170c78ad\/screenshot_from_2020-01-06_16-23-25_80.png?t=xoxe-408409606869-1300049925941-1294691254950-5e5ba619551397a2daf3223fc6c48b4a",
                "thumb_360": "https:\/\/files.slack.com\/files-tmb\/TC0C1HURK-FRXLE95EE-df170c78ad\/screenshot_from_2020-01-06_16-23-25_360.png?t=xoxe-408409606869-1300049925941-1294691254950-5e5ba619551397a2daf3223fc6c48b4a",
                "thumb_360_w": 360,
                "thumb_360_h": 113,
                "thumb_480": "https:\/\/files.slack.com\/files-tmb\/TC0C1HURK-FRXLE95EE-df170c78ad\/screenshot_from_2020-01-06_16-23-25_480.png?t=xoxe-408409606869-1300049925941-1294691254950-5e5ba619551397a2daf3223fc6c48b4a",
                "thumb_480_w": 480,
                "thumb_480_h": 151,
                "thumb_160": "https:\/\/files.slack.com\/files-tmb\/TC0C1HURK-FRXLE95EE-df170c78ad\/screenshot_from_2020-01-06_16-23-25_160.png?t=xoxe-408409606869-1300049925941-1294691254950-5e5ba619551397a2daf3223fc6c48b4a",
                "thumb_720": "https:\/\/files.slack.com\/files-tmb\/TC0C1HURK-FRXLE95EE-df170c78ad\/screenshot_from_2020-01-06_16-23-25_720.png?t=xoxe-408409606869-1300049925941-1294691254950-5e5ba619551397a2daf3223fc6c48b4a",
                "thumb_720_w": 720,
                "thumb_720_h": 227,
                "thumb_800": "https:\/\/files.slack.com\/files-tmb\/TC0C1HURK-FRXLE95EE-df170c78ad\/screenshot_from_2020-01-06_16-23-25_800.png?t=xoxe-408409606869-1300049925941-1294691254950-5e5ba619551397a2daf3223fc6c48b4a",
                "thumb_800_w": 800,
                "thumb_800_h": 252,
                "thumb_960": "https:\/\/files.slack.com\/files-tmb\/TC0C1HURK-FRXLE95EE-df170c78ad\/screenshot_from_2020-01-06_16-23-25_960.png?t=xoxe-408409606869-1300049925941-1294691254950-5e5ba619551397a2daf3223fc6c48b4a",
                "thumb_960_w": 960,
                "thumb_960_h": 302,
                "thumb_1024": "https:\/\/files.slack.com\/files-tmb\/TC0C1HURK-FRXLE95EE-df170c78ad\/screenshot_from_2020-01-06_16-23-25_1024.png?t=xoxe-408409606869-1300049925941-1294691254950-5e5ba619551397a2daf3223fc6c48b4a",
                "thumb_1024_w": 1024,
                "thumb_1024_h": 322,
                "image_exif_rotation": 1,
                "original_w": 1103,
                "original_h": 347,
                "thumb_tiny": "AwAPADDTpKWmNv3DbjHfNADqKYRJvyCu3HSm+XJ5u4v8uTxTAFJ+1MM8bRxU1QQxOjlnYMSMVPQxI\/\/Z",
                "permalink": "https:\/\/cube-js.slack.com\/files\/UNS4PKYAK\/FRXLE95EE\/screenshot_from_2020-01-06_16-23-25.png",
                "permalink_public": "https:\/\/slack-files.com\/TC0C1HURK-FRXLE95EE-3063a27df2",
                "is_starred": false,
                "has_rich_preview": false
            }
        ],
        "upload": true,
        "blocks": [
            {
                "type": "rich_text",
                "block_id": "R+nMm",
                "elements": [
                    {
                        "type": "rich_text_section",
                        "elements": [
                            {
                                "type": "text",
                                "text": "Can we do this with CubeJs"
                            }
                        ]
                    }
                ]
            }
        ],
        "user": "UNS4PKYAK",
        "display_as_bot": false,
        "ts": "1578308051.113800",
        "client_msg_id": "5d51142d-5b72-40be-8455-20a618930320",
        "thread_ts": "1578308051.113800",
        "reply_count": 16,
        "reply_users_count": 3,
        "latest_reply": "1592210717.118900",
        "reply_users": [
            "UQK8YMABU",
            "UNS4PKYAK",
            "UC19HAUAK"
        ],
        "replies": [
            {
                "user": "UQK8YMABU",
                "ts": "1578321947.119500"
            },
            {
                "user": "UQK8YMABU",
                "ts": "1578322510.119700"
            },
            {
                "user": "UNS4PKYAK",
                "ts": "1583311115.137400"
            },
            {
                "user": "UC19HAUAK",
                "ts": "1583355199.145300"
            },
            {
                "user": "UNS4PKYAK",
                "ts": "1583383068.149000"
            },
            {
                "user": "UC19HAUAK",
                "ts": "1583383406.150000"
            },
            {
                "user": "UNS4PKYAK",
                "ts": "1583383455.150500"
            },
            {
                "user": "UC19HAUAK",
                "ts": "1583383493.150700"
            },
            {
                "user": "UNS4PKYAK",
                "ts": "1583383525.150900"
            },
            {
                "user": "UC19HAUAK",
                "ts": "1583383821.151100"
            },
            {
                "user": "UNS4PKYAK",
                "ts": "1583383889.151300"
            },
            {
                "user": "UNS4PKYAK",
                "ts": "1584524638.306500"
            },
            {
                "user": "UNS4PKYAK",
                "ts": "1589173342.221600"
            },
            {
                "user": "UNS4PKYAK",
                "ts": "1589173915.221800"
            },
            {
                "user": "UNS4PKYAK",
                "ts": "1589173949.222000"
            },
            {
                "user": "UNS4PKYAK",
                "ts": "1592210717.118900"
            }
        ],
        "subscribed": false
    },
    {
        "client_msg_id": "ee18097e-e87e-4150-a9e7-50e452d43592",
        "type": "message",
        "text": "<@UC19HAUAK> can someone help me in this issue.",
        "user": "UNS4PKYAK",
        "ts": "1578310723.114800",
        "team": "TC0C1HURK",
        "user_team": "TC0C1HURK",
        "source_team": "TC0C1HURK",
        "user_profile": {
            "avatar_hash": "664213ef9cf5",
            "image_72": "https:\/\/avatars.slack-edge.com\/2019-10-17\/800974914790_664213ef9cf5f85d3637_72.jpg",
            "first_name": "chintesh",
            "real_name": "chintesh kumar",
            "display_name": "chintesh kumar",
            "team": "TC0C1HURK",
            "name": "chintesh_kumar",
            "is_restricted": false,
            "is_ultra_restricted": false
        },
        "blocks": [
            {
                "type": "rich_text",
                "block_id": "7Lsc\/",
                "elements": [
                    {
                        "type": "rich_text_section",
                        "elements": [
                            {
                                "type": "user",
                                "user_id": "UC19HAUAK"
                            },
                            {
                                "type": "text",
                                "text": " can someone help me in this issue."
                            }
                        ]
                    }
                ]
            }
        ]
    },
    {
        "type": "message",
        "subtype": "channel_join",
        "ts": "1578314832.115000",
        "user": "US0A3QCCR",
        "text": "<@US0A3QCCR> has joined the channel"
    },
    {
        "client_msg_id": "CAFE3316-8D42-4598-801C-0314686EF838",
        "type": "message",
        "text": "Hey <@URT1V5350> ! Yep. Just put this sql in cube.",
        "user": "UC19HAUAK",
        "ts": "1578316420.115700",
        "team": "TC0C1HURK",
        "user_team": "TC0C1HURK",
        "source_team": "TC0C1HURK",
        "user_profile": {
            "avatar_hash": "066a042e018c",
            "image_72": "https:\/\/avatars.slack-edge.com\/2019-12-07\/866588520998_066a042e018ca831a195_72.png",
            "first_name": "Pavel",
            "real_name": "Pavel Tiunov",
            "display_name": "pavel",
            "team": "TC0C1HURK",
            "name": "pavel",
            "is_restricted": false,
            "is_ultra_restricted": false
        },
        "blocks": [
            {
                "type": "rich_text",
                "block_id": "H7es",
                "elements": [
                    {
                        "type": "rich_text_section",
                        "elements": [
                            {
                                "type": "text",
                                "text": "Hey "
                            },
                            {
                                "type": "user",
                                "user_id": "URT1V5350"
                            },
                            {
                                "type": "text",
                                "text": " ! Yep. Just put this sql in cube."
                            }
                        ]
                    }
                ]
            }
        ],
        "thread_ts": "1578306326.109200",
        "parent_user_id": "URT1V5350",
        "reactions": [
            {
                "name": "+1",
                "users": [
                    "URT1V5350"
                ],
                "count": 1
            }
        ]
    },
    {
        "client_msg_id": "DBE02F12-09FA-4A82-9149-8E57FABC54FF",
        "type": "message",
        "text": "Hey <@UNS4PKYAK> ! This is the question for specific charting library you use. From cube.js perspective it’s the same data fetched for stacked bar or line chart. Please check docs of charting library you use. ",
        "user": "UC19HAUAK",
        "ts": "1578316717.118800",
        "team": "TC0C1HURK",
        "user_team": "TC0C1HURK",
        "source_team": "TC0C1HURK",
        "user_profile": {
            "avatar_hash": "066a042e018c",
            "image_72": "https:\/\/avatars.slack-edge.com\/2019-12-07\/866588520998_066a042e018ca831a195_72.png",
            "first_name": "Pavel",
            "real_name": "Pavel Tiunov",
            "display_name": "pavel",
            "team": "TC0C1HURK",
            "name": "pavel",
            "is_restricted": false,
            "is_ultra_restricted": false
        },
        "blocks": [
            {
                "type": "rich_text",
                "block_id": "ckW2y",
                "elements": [
                    {
                        "type": "rich_text_section",
                        "elements": [
                            {
                                "type": "text",
                                "text": "Hey "
                            },
                            {
                                "type": "user",
                                "user_id": "UNS4PKYAK"
                            },
                            {
                                "type": "text",
                                "text": " ! This is the question for specific charting library you use. From cube.js perspective it’s the same data fetched "
                            },
                            {
                                "type": "text",
                                "text": "for "
                            },
                            {
                                "type": "text",
                                "text": "stacked bar or line chart. Please check docs of charting library you use. "
                            }
                        ]
                    }
                ]
            }
        ],
        "thread_ts": "1578307186.113300",
        "parent_user_id": "UNS4PKYAK"
    },
    {
        "client_msg_id": "9c62fe48-68a7-4f00-8f78-a88ec7ec4bdf",
        "type": "message",
        "text": ":grinning: Thanks <@UC19HAUAK> for the update - I had 0.13.8 and had the mentioned issue, now resolved",
        "user": "US0A3QCCR",
        "ts": "1578318179.119000",
        "team": "TC0C1HURK",
        "user_team": "TC0C1HURK",
        "source_team": "TC0C1HURK",
        "user_profile": {
            "avatar_hash": "gf7b3915a94d",
            "image_72": "https:\/\/secure.gravatar.com\/avatar\/f7b3915a94dc2069a79b47f9849307a5.jpg?s=72&d=https%3A%2F%2Fa.slack-edge.com%2Fdf10d%2Fimg%2Favatars%2Fava_0019-72.png",
            "first_name": "",
            "real_name": "Jaques Viljoen",
            "display_name": "Jaques Viljoen",
            "team": "TC0C1HURK",
            "name": "jaques.viljoen",
            "is_restricted": false,
            "is_ultra_restricted": false
        },
        "blocks": [
            {
                "type": "rich_text",
                "block_id": "ffx",
                "elements": [
                    {
                        "type": "rich_text_section",
                        "elements": [
                            {
                                "type": "emoji",
                                "name": "grinning"
                            },
                            {
                                "type": "text",
                                "text": " Thanks "
                            },
                            {
                                "type": "user",
                                "user_id": "UC19HAUAK"
                            },
                            {
                                "type": "text",
                                "text": " for the update - I had 0.13.8 and had the mentioned issue, now resolved"
                            }
                        ]
                    }
                ]
            }
        ],
        "thread_ts": "1577940767.078900",
        "parent_user_id": "URT1V5350",
        "reactions": [
            {
                "name": "raised_hands",
                "users": [
                    "UC19HAUAK"
                ],
                "count": 1
            }
        ]
    },
    {
        "type": "message",
        "subtype": "channel_join",
        "ts": "1578320454.119400",
        "user": "URXSH6H42",
        "text": "<@URXSH6H42> has joined the channel"
    },
    {
        "client_msg_id": "5f12855e-f152-4efb-8350-0fce1fa5f460",
        "type": "message",
        "text": "Hi, i ran into the same situation. Before sending my data to the chart component. I map it (the data) as it will fit on the chart component",
        "user": "UQK8YMABU",
        "ts": "1578321947.119500",
        "team": "TC0C1HURK",
        "user_team": "TC0C1HURK",
        "source_team": "TC0C1HURK",
        "user_profile": {
            "avatar_hash": "be01b881eee5",
            "image_72": "https:\/\/avatars.slack-edge.com\/2019-11-25\/848100971952_be01b881eee541d89671_72.jpg",
            "first_name": "",
            "real_name": "Girou Maxime",
            "display_name": "Girou Maxime",
            "team": "TC0C1HURK",
            "name": "maxime.girou",
            "is_restricted": false,
            "is_ultra_restricted": false
        },
        "edited": {
            "user": "UQK8YMABU",
            "ts": "1578322988.000000"
        },
        "blocks": [
            {
                "type": "rich_text",
                "block_id": "Rc92H",
                "elements": [
                    {
                        "type": "rich_text_section",
                        "elements": [
                            {
                                "type": "text",
                                "text": "Hi, i ran into the same situation. Before sending my data to the chart component. I map it (the data) as it will fit on the chart component"
                            }
                        ]
                    }
                ]
            }
        ],
        "thread_ts": "1578308051.113800",
        "parent_user_id": "UNS4PKYAK"
    },
    {
        "type": "message",
        "text": "in my case mu chart look more than below. but the thing is just to map your data",
        "files": [
            {
                "id": "FSCTQCJTY",
                "created": 1578322508,
                "timestamp": 1578322508,
                "name": "image.png",
                "title": "image.png",
                "mimetype": "image\/png",
                "filetype": "png",
                "pretty_type": "PNG",
                "user": "UQK8YMABU",
                "editable": false,
                "size": 39028,
                "mode": "hosted",
                "is_external": false,
                "external_type": "",
                "is_public": true,
                "public_url_shared": false,
                "display_as_bot": false,
                "username": "",
                "url_private": "https:\/\/files.slack.com\/files-pri\/TC0C1HURK-FSCTQCJTY\/image.png?t=xoxe-408409606869-1300049925941-1294691254950-5e5ba619551397a2daf3223fc6c48b4a",
                "url_private_download": "https:\/\/files.slack.com\/files-pri\/TC0C1HURK-FSCTQCJTY\/download\/image.png?t=xoxe-408409606869-1300049925941-1294691254950-5e5ba619551397a2daf3223fc6c48b4a",
                "thumb_64": "https:\/\/files.slack.com\/files-tmb\/TC0C1HURK-FSCTQCJTY-1e3c38bcec\/image_64.png?t=xoxe-408409606869-1300049925941-1294691254950-5e5ba619551397a2daf3223fc6c48b4a",
                "thumb_80": "https:\/\/files.slack.com\/files-tmb\/TC0C1HURK-FSCTQCJTY-1e3c38bcec\/image_80.png?t=xoxe-408409606869-1300049925941-1294691254950-5e5ba619551397a2daf3223fc6c48b4a",
                "thumb_360": "https:\/\/files.slack.com\/files-tmb\/TC0C1HURK-FSCTQCJTY-1e3c38bcec\/image_360.png?t=xoxe-408409606869-1300049925941-1294691254950-5e5ba619551397a2daf3223fc6c48b4a",
                "thumb_360_w": 360,
                "thumb_360_h": 152,
                "thumb_480": "https:\/\/files.slack.com\/files-tmb\/TC0C1HURK-FSCTQCJTY-1e3c38bcec\/image_480.png?t=xoxe-408409606869-1300049925941-1294691254950-5e5ba619551397a2daf3223fc6c48b4a",
                "thumb_480_w": 480,
                "thumb_480_h": 202,
                "thumb_160": "https:\/\/files.slack.com\/files-tmb\/TC0C1HURK-FSCTQCJTY-1e3c38bcec\/image_160.png?t=xoxe-408409606869-1300049925941-1294691254950-5e5ba619551397a2daf3223fc6c48b4a",
                "thumb_720": "https:\/\/files.slack.com\/files-tmb\/TC0C1HURK-FSCTQCJTY-1e3c38bcec\/image_720.png?t=xoxe-408409606869-1300049925941-1294691254950-5e5ba619551397a2daf3223fc6c48b4a",
                "thumb_720_w": 720,
                "thumb_720_h": 304,
                "image_exif_rotation": 1,
                "original_w": 723,
                "original_h": 305,
                "thumb_tiny": "AwAUADDToqNpB2o80UBckoqPzBigSDBoC5JR3qISfMfSjzPmFArj2AA4ApvboKc\/Sm9qBgOvQUenSgdaQdqAFPXoKcFBHQU09TTx0FAH\/9k=",
                "permalink": "https:\/\/cube-js.slack.com\/files\/UQK8YMABU\/FSCTQCJTY\/image.png",
                "permalink_public": "https:\/\/slack-files.com\/TC0C1HURK-FSCTQCJTY-0dfbccc694",
                "is_starred": false,
                "has_rich_preview": false
            }
        ],
        "upload": true,
        "blocks": [
            {
                "type": "rich_text",
                "block_id": "fsm",
                "elements": [
                    {
                        "type": "rich_text_section",
                        "elements": [
                            {
                                "type": "text",
                                "text": "in my case mu chart look more than below. but the thing is just to map your data"
                            }
                        ]
                    }
                ]
            }
        ],
        "user": "UQK8YMABU",
        "display_as_bot": false,
        "ts": "1578322510.119700",
        "client_msg_id": "4205f857-64e6-4e6e-afa3-3a762f2f68bd",
        "thread_ts": "1578308051.113800",
        "parent_user_id": "UNS4PKYAK"
    },
    {
        "type": "message",
        "subtype": "channel_join",
        "ts": "1578347930.120300",
        "user": "USBBZ6PEU",
        "text": "<@USBBZ6PEU> has joined the channel"
    },
    {
        "client_msg_id": "6d1a7860-f97a-47cf-aa4d-704871d0482a",
        "type": "message",
        "text": "Any plans for a DynamoDB driver? We have select data (reference data) that is stored in DynamoDB that we would like to join in to our Athena queries.",
        "user": "UQHJXP9D0",
        "ts": "1578348381.121900",
        "team": "TC0C1HURK",
        "user_team": "TC0C1HURK",
        "source_team": "TC0C1HURK",
        "user_profile": {
            "avatar_hash": "g170fdf63963",
            "image_72": "https:\/\/secure.gravatar.com\/avatar\/170fdf63963c811262a9add882baf9f3.jpg?s=72&d=https%3A%2F%2Fa.slack-edge.com%2Fdf10d%2Fimg%2Favatars%2Fava_0018-72.png",
            "first_name": "",
            "real_name": "David Vins",
            "display_name": "David Vins",
            "team": "TC0C1HURK",
            "name": "david.vins",
            "is_restricted": false,
            "is_ultra_restricted": false
        },
        "blocks": [
            {
                "type": "rich_text",
                "block_id": "WPvAP",
                "elements": [
                    {
                        "type": "rich_text_section",
                        "elements": [
                            {
                                "type": "text",
                                "text": "Any plans for a DynamoDB driver? We have select data (reference data) that is stored in DynamoDB that we would like to join in to our Athena queries."
                            }
                        ]
                    }
                ]
            }
        ]
    },
    {
        "client_msg_id": "47da3633-3f0f-444a-9669-891d3fd82fc8",
        "type": "message",
        "text": "<@UQHJXP9D0> Not sure there is a way to do SQL queries on a DynamoDB table without either (1) exporting the dataset to S3 and using Athena or (2) using a third-party connector from here: <https:\/\/aws.amazon.com\/dynamodb\/community\/#drivers-connectors>",
        "user": "URS6PE0MQ",
        "ts": "1578349002.124000",
        "team": "TC0C1HURK",
        "user_team": "TC0C1HURK",
        "source_team": "TC0C1HURK",
        "user_profile": {
            "avatar_hash": "8b785edfd62c",
            "image_72": "https:\/\/avatars.slack-edge.com\/2020-01-03\/893039497744_8b785edfd62ce08d2761_72.png",
            "first_name": "",
            "real_name": "Hassan Khan",
            "display_name": "Hassan Khan",
            "team": "TC0C1HURK",
            "name": "contact_cubejs",
            "is_restricted": false,
            "is_ultra_restricted": false
        },
        "blocks": [
            {
                "type": "rich_text",
                "block_id": "2W1",
                "elements": [
                    {
                        "type": "rich_text_section",
                        "elements": [
                            {
                                "type": "user",
                                "user_id": "UQHJXP9D0"
                            },
                            {
                                "type": "text",
                                "text": " Not sure there is a way to do SQL queries on a DynamoDB table without either (1) exporting the dataset to S3 and using Athena or (2) using a third-party connector from here: "
                            },
                            {
                                "type": "link",
                                "url": "https:\/\/aws.amazon.com\/dynamodb\/community\/#drivers-connectors"
                            }
                        ]
                    }
                ]
            }
        ]
    },
    {
        "client_msg_id": "245b0ec3-222f-4a3d-ac17-ff3dd0303c42",
        "type": "message",
        "text": "Ok. So to be clear (and I haven’t done anything to investigate) your driver model is predicated on SQL dialect support.",
        "user": "UQHJXP9D0",
        "ts": "1578349856.125100",
        "team": "TC0C1HURK",
        "user_team": "TC0C1HURK",
        "source_team": "TC0C1HURK",
        "user_profile": {
            "avatar_hash": "g170fdf63963",
            "image_72": "https:\/\/secure.gravatar.com\/avatar\/170fdf63963c811262a9add882baf9f3.jpg?s=72&d=https%3A%2F%2Fa.slack-edge.com%2Fdf10d%2Fimg%2Favatars%2Fava_0018-72.png",
            "first_name": "",
            "real_name": "David Vins",
            "display_name": "David Vins",
            "team": "TC0C1HURK",
            "name": "david.vins",
            "is_restricted": false,
            "is_ultra_restricted": false
        },
        "blocks": [
            {
                "type": "rich_text",
                "block_id": "R7ZLw",
                "elements": [
                    {
                        "type": "rich_text_section",
                        "elements": [
                            {
                                "type": "text",
                                "text": "Ok. So to be clear (and I haven’t done anything to investigate) your driver model is predicated on SQL dialect support."
                            }
                        ]
                    }
                ]
            }
        ],
        "thread_ts": "1578349856.125100",
        "reply_count": 3,
        "reply_users_count": 2,
        "latest_reply": "1578355889.125900",
        "reply_users": [
            "UC1HAFW4E",
            "UQHJXP9D0"
        ],
        "replies": [
            {
                "user": "UC1HAFW4E",
                "ts": "1578354799.125300"
            },
            {
                "user": "UQHJXP9D0",
                "ts": "1578354880.125700"
            },
            {
                "user": "UC1HAFW4E",
                "ts": "1578355889.125900"
            }
        ],
        "subscribed": true,
        "last_read": "1578355889.125900"
    },
    {
        "client_msg_id": "cf0ea997-9f32-4e7b-a3e8-bb5c6fbca17d",
        "type": "message",
        "text": "Correct. Cube.js could be consider a ROLAP (Relation OLAP) server, which means It generates a SQL query based on the data schema and the incoming JSON query. Thus, it needs SQL interface to the datasource.",
        "user": "UC1HAFW4E",
        "ts": "1578354799.125300",
        "team": "TC0C1HURK",
        "user_team": "TC0C1HURK",
        "source_team": "TC0C1HURK",
        "user_profile": {
            "avatar_hash": "ee7b69830a11",
            "image_72": "https:\/\/avatars.slack-edge.com\/2018-08-13\/414857329600_ee7b69830a119331e10e_72.jpg",
            "first_name": "Artyom",
            "real_name": "Artyom Keydunov",
            "display_name": "Artyom Keydunov",
            "team": "TC0C1HURK",
            "name": "artyom",
            "is_restricted": false,
            "is_ultra_restricted": false
        },
        "edited": {
            "user": "UC1HAFW4E",
            "ts": "1578354814.000000"
        },
        "blocks": [
            {
                "type": "rich_text",
                "block_id": "DdA",
                "elements": [
                    {
                        "type": "rich_text_section",
                        "elements": [
                            {
                                "type": "text",
                                "text": "Correct. Cube.js could be consider a ROLAP (Relation OLAP) server, which means It generates a SQL query based on the data schema and the incoming JSON query. Thus, it needs SQL interface to the datasource."
                            }
                        ]
                    }
                ]
            }
        ],
        "thread_ts": "1578349856.125100",
        "parent_user_id": "UQHJXP9D0",
        "reactions": [
            {
                "name": "+1",
                "users": [
                    "UQHJXP9D0"
                ],
                "count": 1
            }
        ]
    },
    {
        "client_msg_id": "6b902e25-98f0-46d6-8114-c7f7049c45f6",
        "type": "message",
        "text": "Thanks. I see there’s a JDBC driver of some sorts, but couldn’t find anything in the documentation for configuring it?",
        "user": "UQHJXP9D0",
        "ts": "1578354880.125700",
        "team": "TC0C1HURK",
        "user_team": "TC0C1HURK",
        "source_team": "TC0C1HURK",
        "user_profile": {
            "avatar_hash": "g170fdf63963",
            "image_72": "https:\/\/secure.gravatar.com\/avatar\/170fdf63963c811262a9add882baf9f3.jpg?s=72&d=https%3A%2F%2Fa.slack-edge.com%2Fdf10d%2Fimg%2Favatars%2Fava_0018-72.png",
            "first_name": "",
            "real_name": "David Vins",
            "display_name": "David Vins",
            "team": "TC0C1HURK",
            "name": "david.vins",
            "is_restricted": false,
            "is_ultra_restricted": false
        },
        "blocks": [
            {
                "type": "rich_text",
                "block_id": "09ru",
                "elements": [
                    {
                        "type": "rich_text_section",
                        "elements": [
                            {
                                "type": "text",
                                "text": "Thanks. I see there’s a JDBC driver of some sorts, but couldn’t find anything in the documentation for configuring it?"
                            }
                        ]
                    }
                ]
            }
        ],
        "thread_ts": "1578349856.125100",
        "parent_user_id": "UQHJXP9D0"
    },
    {
        "client_msg_id": "e1886704-34e9-4453-9de2-4ad186cadd2d",
        "type": "message",
        "text": "Sadly, there are no docs for it yet. But you can look an the source code here. <https:\/\/github.com\/cube-js\/cube.js\/blob\/master\/packages\/cubejs-jdbc-driver\/driver\/JDBCDriver.js>. There are few key env variables needs to be set: `CUBEJS_DB_TYPE`, `CUBEJS_JDBC_URL`, `CUBEJS_JDBC_DRIVER`.",
        "user": "UC1HAFW4E",
        "ts": "1578355889.125900",
        "team": "TC0C1HURK",
        "user_team": "TC0C1HURK",
        "source_team": "TC0C1HURK",
        "user_profile": {
            "avatar_hash": "ee7b69830a11",
            "image_72": "https:\/\/avatars.slack-edge.com\/2018-08-13\/414857329600_ee7b69830a119331e10e_72.jpg",
            "first_name": "Artyom",
            "real_name": "Artyom Keydunov",
            "display_name": "Artyom Keydunov",
            "team": "TC0C1HURK",
            "name": "artyom",
            "is_restricted": false,
            "is_ultra_restricted": false
        },
        "edited": {
            "user": "UC1HAFW4E",
            "ts": "1578355900.000000"
        },
        "attachments": [
            {
                "service_name": "GitHub",
                "title": "cube-js\/cube.js",
                "title_link": "https:\/\/github.com\/cube-js\/cube.js\/blob\/master\/packages\/cubejs-jdbc-driver\/driver\/JDBCDriver.js",
                "text": ":bar_chart: Cube.js - Open Source Analytics Framework. Contribute to cube-js\/cube.js development by creating an account on GitHub.",
                "fallback": "GitHub: cube-js\/cube.js",
                "from_url": "https:\/\/github.com\/cube-js\/cube.js\/blob\/master\/packages\/cubejs-jdbc-driver\/driver\/JDBCDriver.js",
                "thumb_url": "https:\/\/repository-images.githubusercontent.com\/149026292\/c98f3300-2337-11ea-9eb6-c1af698d9c7d",
                "thumb_width": 500,
                "thumb_height": 250,
                "service_icon": "https:\/\/a.slack-edge.com\/80588\/img\/unfurl_icons\/github.png",
                "id": 1,
                "original_url": "https:\/\/github.com\/cube-js\/cube.js\/blob\/master\/packages\/cubejs-jdbc-driver\/driver\/JDBCDriver.js"
            }
        ],
        "blocks": [
            {
                "type": "rich_text",
                "block_id": "gVr",
                "elements": [
                    {
                        "type": "rich_text_section",
                        "elements": [
                            {
                                "type": "text",
                                "text": "Sadly, there are no docs for it yet. But you can look an the source code here. "
                            },
                            {
                                "type": "link",
                                "url": "https:\/\/github.com\/cube-js\/cube.js\/blob\/master\/packages\/cubejs-jdbc-driver\/driver\/JDBCDriver.js"
                            },
                            {
                                "type": "text",
                                "text": ". There are few key env variables needs to be set: "
                            },
                            {
                                "type": "text",
                                "text": "CUBEJS_DB_TYPE",
                                "style": {
                                    "code": true
                                }
                            },
                            {
                                "type": "text",
                                "text": ", "
                            },
                            {
                                "type": "text",
                                "text": "CUBEJS_JDBC_URL",
                                "style": {
                                    "code": true
                                }
                            },
                            {
                                "type": "text",
                                "text": ", "
                            },
                            {
                                "type": "text",
                                "text": "CUBEJS_JDBC_DRIVER",
                                "style": {
                                    "code": true
                                }
                            },
                            {
                                "type": "text",
                                "text": "."
                            }
                        ]
                    }
                ]
            }
        ],
        "thread_ts": "1578349856.125100",
        "parent_user_id": "UQHJXP9D0"
    },
    {
        "client_msg_id": "48759e5b-c851-4fcc-bdcc-d30efefd9748",
        "type": "message",
        "text": "Hey, hope you guys are fine. We are getting some error regarding the cube.js server. Please have a look\n```\n(node:8935) UnhandledPromiseRejectionWarning: TypeError: app.get is not a function\n    at ApiGateway.initApp (\/home\/dxuser\/cubejs-learn\/mycubeapp\/node_modules\/@cubejs-backend\/api-gateway\/index.js:225:9)\n    at CubejsServerCore.initApp (\/home\/dxuser\/cubejs-learn\/mycubeapp\/node_modules\/@cubejs-backend\/server-core\/core\/index.js:229:16)\n    at Object.&lt;anonymous&gt; (\/home\/dxuser\/cubejs-learn\/mycubeapp\/index.js:18:6)\n    at Module._compile (internal\/modules\/cjs\/loader.js:777:30)\n    at Object.Module._extensions..js (internal\/modules\/cjs\/loader.js:788:10)\n    at Module.load (internal\/modules\/cjs\/loader.js:643:32)\n    at Function.Module._load (internal\/modules\/cjs\/loader.js:556:12)\n    at Function.Module.runMain (internal\/modules\/cjs\/loader.js:840:10)\n    at internal\/main\/run_main_module.js:17:11\n(node:8935) UnhandledPromiseRejectionWarning: Unhandled promise rejection. This error originated either by throwing inside of an async function without a catch block, or by rejecting a promise which was not handled with .catch(). (rejection id: 1)\n(node:8935) [DEP0018] DeprecationWarning: Unhandled promise rejections are deprecated. In the future, promise rejections that are not handled will terminate the Node.js process with a non-zero exit code.```\nWhen we tried to configure express app using `@cubejs-backend\/server-core`  we are getting the above error.Please let me know, does any one have any idea how to resolve it?",
        "user": "USC9KPSKZ",
        "ts": "1578377769.128100",
        "team": "TC0C1HURK",
        "user_team": "TC0C1HURK",
        "source_team": "TC0C1HURK",
        "user_profile": {
            "avatar_hash": "g2298032f476",
            "image_72": "https:\/\/secure.gravatar.com\/avatar\/2298032f476de574c362f373f1aae3e8.jpg?s=72&d=https%3A%2F%2Fa.slack-edge.com%2Fdf10d%2Fimg%2Favatars%2Fava_0002-72.png",
            "first_name": "",
            "real_name": "Mohamed Rashiq",
            "display_name": "Mohamed Rashiq",
            "team": "TC0C1HURK",
            "name": "rashiq",
            "is_restricted": false,
            "is_ultra_restricted": false
        },
        "edited": {
            "user": "USC9KPSKZ",
            "ts": "1578377929.000000"
        },
        "blocks": [
            {
                "type": "rich_text",
                "block_id": "Lda",
                "elements": [
                    {
                        "type": "rich_text_section",
                        "elements": [
                            {
                                "type": "text",
                                "text": "Hey, hope you guys are fine. We are getting some error regarding the cube.js server. Please have a look\n"
                            }
                        ]
                    },
                    {
                        "type": "rich_text_preformatted",
                        "elements": [
                            {
                                "type": "text",
                                "text": "\n(node:8935) UnhandledPromiseRejectionWarning: TypeError: app.get is not a function\n    at ApiGateway.initApp (\/home\/dxuser\/cubejs-learn\/mycubeapp\/node_modules\/@cubejs-backend\/api-gateway\/index.js:225:9)\n    at CubejsServerCore.initApp (\/home\/dxuser\/cubejs-learn\/mycubeapp\/node_modules\/@cubejs-backend\/server-core\/core\/index.js:229:16)\n    at Object.<anonymous> (\/home\/dxuser\/cubejs-learn\/mycubeapp\/index.js:18:6)\n    at Module._compile (internal\/modules\/cjs\/loader.js:777:30)\n    at Object.Module._extensions..js (internal\/modules\/cjs\/loader.js:788:10)\n    at Module.load (internal\/modules\/cjs\/loader.js:643:32)\n    at Function.Module._load (internal\/modules\/cjs\/loader.js:556:12)\n    at Function.Module.runMain (internal\/modules\/cjs\/loader.js:840:10)\n    at internal\/main\/run_main_module.js:17:11\n(node:8935) UnhandledPromiseRejectionWarning: Unhandled promise rejection. This error originated either by throwing inside of an async function without a catch block, or by rejecting a promise which was not handled with .catch(). (rejection id: 1)\n(node:8935) [DEP0018] DeprecationWarning: Unhandled promise rejections are deprecated. In the future, promise rejections that are not handled will terminate the Node.js process with a non-zero exit code."
                            }
                        ]
                    },
                    {
                        "type": "rich_text_section",
                        "elements": [
                            {
                                "type": "text",
                                "text": "\nWhen we tried to configure express app using "
                            },
                            {
                                "type": "text",
                                "text": "@cubejs-backend\/server-core",
                                "style": {
                                    "code": true
                                }
                            },
                            {
                                "type": "text",
                                "text": "  we are getting the above error.Please let me know, does any one have any idea how to resolve it?"
                            }
                        ]
                    }
                ]
            }
        ],
        "thread_ts": "1578377769.128100",
        "reply_count": 2,
        "reply_users_count": 2,
        "latest_reply": "1578470509.000300",
        "reply_users": [
            "UQV98J5M1",
            "USC9KPSKZ"
        ],
        "replies": [
            {
                "user": "UQV98J5M1",
                "ts": "1578409085.129300"
            },
            {
                "user": "USC9KPSKZ",
                "ts": "1578470509.000300"
            }
        ],
        "subscribed": false
    },
    {
        "client_msg_id": "fcc33503-2f3c-449b-9061-c7f528889322",
        "type": "message",
        "text": "<@UC19HAUAK> My concern is to achieve above chart, should i need to hit cubejs endpoint twice for current week data and last week data than i will show both data on chart?",
        "user": "UNS4PKYAK",
        "ts": "1578379611.128300",
        "team": "TC0C1HURK",
        "user_team": "TC0C1HURK",
        "source_team": "TC0C1HURK",
        "user_profile": {
            "avatar_hash": "664213ef9cf5",
            "image_72": "https:\/\/avatars.slack-edge.com\/2019-10-17\/800974914790_664213ef9cf5f85d3637_72.jpg",
            "first_name": "chintesh",
            "real_name": "chintesh kumar",
            "display_name": "chintesh kumar",
            "team": "TC0C1HURK",
            "name": "chintesh_kumar",
            "is_restricted": false,
            "is_ultra_restricted": false
        },
        "blocks": [
            {
                "type": "rich_text",
                "block_id": "M=m",
                "elements": [
                    {
                        "type": "rich_text_section",
                        "elements": [
                            {
                                "type": "user",
                                "user_id": "UC19HAUAK"
                            },
                            {
                                "type": "text",
                                "text": " My concern is to achieve above chart, should i need to hit cubejs endpoint twice for current week data and last week data than i will show both data on chart?"
                            }
                        ]
                    }
                ]
            }
        ],
        "thread_ts": "1578307186.113300",
        "parent_user_id": "UNS4PKYAK"
    }
]