[
    {
        "type": "message",
        "subtype": "channel_join",
        "ts": "1588927585.198700",
        "user": "U0138FS5YUD",
        "text": "<@U0138FS5YUD> has joined the channel"
    },
    {
        "type": "message",
        "subtype": "channel_join",
        "ts": "1588940928.199000",
        "user": "U0133EQJ1L6",
        "text": "<@U0133EQJ1L6> has joined the channel"
    },
    {
        "type": "message",
        "subtype": "channel_join",
        "ts": "1588944276.199200",
        "user": "U0133HWAWTG",
        "text": "<@U0133HWAWTG> has joined the channel"
    },
    {
        "client_msg_id": "648cced5-bad5-41df-bc61-b0b17d365f02",
        "type": "message",
        "text": "Hi there :wave:!\nThank you so much for cube.js and the amazing support in all kind of resources!\n\nI am trying to use pre-aggregations for an analytics dashboard and I am wondering if it is possible to use measures of another cube in rollups.\n\nSomething like this:\n```cube('MyCube', \n\n...\n\npreAggregations:{\n    main: {\n      type: `rollup`,\n      measureReferences: [count,AnotherCube.count],\n      dimensionReferences: [YetAnotherCube.name],\n      timeDimensionReference: timestamp,\n      granularity: `hour`,\n      partitionGranularity: `week`,\n      refreshKey: {\n        every: `1 day`,\n        incremental: true,\n        updateWindow: `2 day`\n      }\n    }\n }```\nIn my tests, the generated preaggregations contain everything as expected. However, the preaggration is not used in queries that reference `AnotherCube.count` in a query like this one:\n\n```{\n  \"dimensions\": [\n    \"YetAnotherCube.name\"\n  ],\n  \"timeDimensions\": [\n    {\n      \"dimension\": \"MyCube.timestamp\",\n      \"dateRange\": \"Last quarter\"\n    }\n  ],\n  \"measures\": [\n    \"MyCube.count\",\n    \"AnotherCube.count\"\n  ],\n  \"filters\": []\n}```\nI am positive that I will be able to work around this problem by adding `AnotherCube.count` as a subquery dimension to `MyCube` and add a type: “sum” measure that makes the reference to `AnotherCube` implicit.\n\nThat said, I am still curious if what I am trying to do is conceptually wrong?",
        "user": "U0133HWAWTG",
        "ts": "1588947035.199400",
        "team": "TC0C1HURK",
        "user_team": "TC0C1HURK",
        "source_team": "TC0C1HURK",
        "user_profile": {
            "avatar_hash": "g367d58a7b7f",
            "image_72": "https:\/\/secure.gravatar.com\/avatar\/367d58a7b7fda66f74eeaa9f651947b2.jpg?s=72&d=https%3A%2F%2Fa.slack-edge.com%2Fdf10d%2Fimg%2Favatars%2Fava_0008-72.png",
            "first_name": "",
            "real_name": "Ulli",
            "display_name": "Ulli",
            "team": "TC0C1HURK",
            "name": "ulrich",
            "is_restricted": false,
            "is_ultra_restricted": false
        },
        "blocks": [
            {
                "type": "rich_text",
                "block_id": "bg+",
                "elements": [
                    {
                        "type": "rich_text_section",
                        "elements": [
                            {
                                "type": "text",
                                "text": "Hi there "
                            },
                            {
                                "type": "emoji",
                                "name": "wave"
                            },
                            {
                                "type": "text",
                                "text": "!\nThank you so much for cube.js and the amazing support in all kind of resources!\n\nI am trying to use pre-aggregations for an analytics dashboard and I am wondering if it is possible to use measures of another cube in rollups.\n\nSomething like this:\n"
                            }
                        ]
                    },
                    {
                        "type": "rich_text_preformatted",
                        "elements": [
                            {
                                "type": "text",
                                "text": "cube('MyCube', \n\n...\n\npreAggregations:{\n    main: {\n      type: `rollup`,\n      measureReferences: [count,AnotherCube.count],\n      dimensionReferences: [YetAnotherCube.name],\n      timeDimensionReference: timestamp,\n      granularity: `hour`,\n      partitionGranularity: `week`,\n      refreshKey: {\n        every: `1 day`,\n        incremental: true,\n        updateWindow: `2 day`\n      }\n    }\n }"
                            }
                        ]
                    },
                    {
                        "type": "rich_text_section",
                        "elements": [
                            {
                                "type": "text",
                                "text": "In my tests, the generated preaggregations contain everything as expected. However, the preaggration is not used in queries that reference "
                            },
                            {
                                "type": "text",
                                "text": "AnotherCube.count",
                                "style": {
                                    "code": true
                                }
                            },
                            {
                                "type": "text",
                                "text": " in a query like this one:\n\n"
                            }
                        ]
                    },
                    {
                        "type": "rich_text_preformatted",
                        "elements": [
                            {
                                "type": "text",
                                "text": "{\n  \"dimensions\": [\n    \"YetAnotherCube.name\"\n  ],\n  \"timeDimensions\": [\n    {\n      \"dimension\": \"MyCube.timestamp\",\n      \"dateRange\": \"Last quarter\"\n    }\n  ],\n  \"measures\": [\n    \"MyCube.count\",\n    \"AnotherCube.count\"\n  ],\n  \"filters\": []\n}"
                            }
                        ]
                    },
                    {
                        "type": "rich_text_section",
                        "elements": [
                            {
                                "type": "text",
                                "text": "\nI am positive that I will be able to work around this problem by adding "
                            },
                            {
                                "type": "text",
                                "text": "AnotherCube.count",
                                "style": {
                                    "code": true
                                }
                            },
                            {
                                "type": "text",
                                "text": " as a subquery dimension to "
                            },
                            {
                                "type": "text",
                                "text": "MyCube",
                                "style": {
                                    "code": true
                                }
                            },
                            {
                                "type": "text",
                                "text": " and add a type: “sum” measure that makes the reference to "
                            },
                            {
                                "type": "text",
                                "text": "AnotherCube",
                                "style": {
                                    "code": true
                                }
                            },
                            {
                                "type": "text",
                                "text": " implicit.\n\nThat said, I am still curious if what I am trying to do is conceptually wrong?"
                            }
                        ]
                    }
                ]
            }
        ],
        "thread_ts": "1588947035.199400",
        "reply_count": 4,
        "reply_users_count": 2,
        "latest_reply": "1589556118.294000",
        "reply_users": [
            "UC19HAUAK",
            "U0133HWAWTG"
        ],
        "replies": [
            {
                "user": "UC19HAUAK",
                "ts": "1588975366.212700"
            },
            {
                "user": "U0133HWAWTG",
                "ts": "1589016354.217600"
            },
            {
                "user": "U0133HWAWTG",
                "ts": "1589464812.278000"
            },
            {
                "user": "U0133HWAWTG",
                "ts": "1589556118.294000"
            }
        ],
        "subscribed": false
    },
    {
        "client_msg_id": "51e4e9b2-129d-4a4c-a8ef-3d5bc5f515b2",
        "type": "message",
        "text": "Is there a way to create a schema over the REST API?  I have CubeJs running in a container, and I'm trying to generate a new schema without using the react playground, is there anyway to achieve this without having to ssh in and generate the schema or use the react playground?",
        "user": "U011S0QJQ93",
        "ts": "1588948451.201300",
        "team": "TC0C1HURK",
        "user_team": "TC0C1HURK",
        "source_team": "TC0C1HURK",
        "user_profile": {
            "avatar_hash": "g133b09f2b22",
            "image_72": "https:\/\/secure.gravatar.com\/avatar\/133b09f2b22de0265f54e420e4aa1e9e.jpg?s=72&d=https%3A%2F%2Fa.slack-edge.com%2Fdf10d%2Fimg%2Favatars%2Fava_0000-72.png",
            "first_name": "",
            "real_name": "Devin Pinkston",
            "display_name": "Devin Pinkston",
            "team": "TC0C1HURK",
            "name": "pinkdevelops",
            "is_restricted": false,
            "is_ultra_restricted": false
        },
        "blocks": [
            {
                "type": "rich_text",
                "block_id": "Fra7",
                "elements": [
                    {
                        "type": "rich_text_section",
                        "elements": [
                            {
                                "type": "text",
                                "text": "Is there a way to create a schema over the REST API?  I have CubeJs running in a container, and I'm trying to generate a new schema without using the react playground, is there anyway to achieve this without having to ssh in and generate the schema or use the react playground?"
                            }
                        ]
                    }
                ]
            }
        ],
        "thread_ts": "1588948451.201300",
        "reply_count": 2,
        "reply_users_count": 2,
        "latest_reply": "1589378490.266600",
        "reply_users": [
            "UC19HAUAK",
            "U011S0QJQ93"
        ],
        "replies": [
            {
                "user": "UC19HAUAK",
                "ts": "1588975530.212900"
            },
            {
                "user": "U011S0QJQ93",
                "ts": "1589378490.266600"
            }
        ],
        "subscribed": false
    },
    {
        "type": "message",
        "subtype": "channel_join",
        "ts": "1588954606.201500",
        "user": "U0140HN1M8Q",
        "text": "<@U0140HN1M8Q> has joined the channel"
    },
    {
        "client_msg_id": "82deb285-edff-49bc-8d2a-a67a16508951",
        "type": "message",
        "text": "hello :slightly_smiling_face:",
        "user": "U0140HN1M8Q",
        "ts": "1588954730.201700",
        "team": "TC0C1HURK",
        "user_team": "TC0C1HURK",
        "source_team": "TC0C1HURK",
        "user_profile": {
            "avatar_hash": "g905ee0861af",
            "image_72": "https:\/\/secure.gravatar.com\/avatar\/905ee0861af3f873e7e3c0b14786e226.jpg?s=72&d=https%3A%2F%2Fa.slack-edge.com%2Fdf10d%2Fimg%2Favatars%2Fava_0000-72.png",
            "first_name": "",
            "real_name": "avalla",
            "display_name": "avalla",
            "team": "TC0C1HURK",
            "name": "valla.andrea",
            "is_restricted": false,
            "is_ultra_restricted": false
        },
        "blocks": [
            {
                "type": "rich_text",
                "block_id": "3p\/",
                "elements": [
                    {
                        "type": "rich_text_section",
                        "elements": [
                            {
                                "type": "text",
                                "text": "hello "
                            },
                            {
                                "type": "emoji",
                                "name": "slightly_smiling_face"
                            }
                        ]
                    }
                ]
            }
        ],
        "reactions": [
            {
                "name": "wave",
                "users": [
                    "UC19HAUAK"
                ],
                "count": 1
            }
        ]
    },
    {
        "client_msg_id": "041d62b3-77ac-40f5-a677-ac609eabbb52",
        "type": "message",
        "text": "I am also having a similar issue and not sure how to fix it, any help would be really appreciated",
        "user": "U012VKQN3MH",
        "ts": "1588958747.202200",
        "team": "TC0C1HURK",
        "user_team": "TC0C1HURK",
        "source_team": "TC0C1HURK",
        "user_profile": {
            "avatar_hash": "g41c54524f2d",
            "image_72": "https:\/\/secure.gravatar.com\/avatar\/41c54524f2dcfe18a33c744b15366a40.jpg?s=72&d=https%3A%2F%2Fa.slack-edge.com%2Fdf10d%2Fimg%2Favatars%2Fava_0024-72.png",
            "first_name": "",
            "real_name": "kishan",
            "display_name": "kishan",
            "team": "TC0C1HURK",
            "name": "kishan",
            "is_restricted": false,
            "is_ultra_restricted": false
        },
        "blocks": [
            {
                "type": "rich_text",
                "block_id": "HgGZ",
                "elements": [
                    {
                        "type": "rich_text_section",
                        "elements": [
                            {
                                "type": "text",
                                "text": "I am also having a similar issue and not sure how to fix it, any help would be really appreciated"
                            }
                        ]
                    }
                ]
            }
        ],
        "thread_ts": "1588916416.198000",
        "parent_user_id": "U012JH4GKUP"
    },
    {
        "client_msg_id": "496b72dc-187a-4e14-9160-a2102925d893",
        "type": "message",
        "text": "it works with fewer measures to create the aggregation table in mysql",
        "user": "U012VKQN3MH",
        "ts": "1588958777.202400",
        "team": "TC0C1HURK",
        "user_team": "TC0C1HURK",
        "source_team": "TC0C1HURK",
        "user_profile": {
            "avatar_hash": "g41c54524f2d",
            "image_72": "https:\/\/secure.gravatar.com\/avatar\/41c54524f2dcfe18a33c744b15366a40.jpg?s=72&d=https%3A%2F%2Fa.slack-edge.com%2Fdf10d%2Fimg%2Favatars%2Fava_0024-72.png",
            "first_name": "",
            "real_name": "kishan",
            "display_name": "kishan",
            "team": "TC0C1HURK",
            "name": "kishan",
            "is_restricted": false,
            "is_ultra_restricted": false
        },
        "blocks": [
            {
                "type": "rich_text",
                "block_id": "UKi",
                "elements": [
                    {
                        "type": "rich_text_section",
                        "elements": [
                            {
                                "type": "text",
                                "text": "it works with fewer measures to create the aggregation table in mysql"
                            }
                        ]
                    }
                ]
            }
        ],
        "thread_ts": "1588916416.198000",
        "parent_user_id": "U012JH4GKUP"
    },
    {
        "type": "message",
        "subtype": "channel_join",
        "ts": "1588958816.202700",
        "user": "U013B49J43V",
        "text": "<@U013B49J43V> has joined the channel"
    },
    {
        "client_msg_id": "db7ab693-38a6-4da6-8e19-d3dffb529805",
        "type": "message",
        "text": "Hi,\nI am unable to connect redis. I am using Amazon athena db.\n\nI am following this tutorial,\n<https:\/\/cube.dev\/docs\/deployment#serverless>\n\nWhile executing this in terminal,\n```curl -H \"Authorization: ###key\" -G --data-urlencode 'query={\"measures\":[\"table_name.count\"]}' <https:\/\/omgh16fsjh.execute-api.eu-central-1.amazonaws.com\/dev\/cubejs-api\/v1\/load>```\nI get this error,\n```ERROR\tUncaught Exception \t{\"errorType\":\"Error\",\"errorMessage\":\"Redis connection to <http:\/\/clustercubejs-analytics-redis-ro.eqnity.ng.0001.euc1.cache.amazonaws.com:6379|clustercubejs-analytics-redis-ro.eqnity.ng.0001.euc1.cache.amazonaws.com:6379> failed - getaddrinfo ENOTFOUND <http:\/\/clustercubejs-analytics-redis-ro.eqnity.ng.0001.euc1.cache.amazonaws.com|clustercubejs-analytics-redis-ro.eqnity.ng.0001.euc1.cache.amazonaws.com>\",\"code\":\"ENOTFOUND\",\"errno\":\"ENOTFOUND\",\"syscall\":\"getaddrinfo\",\"hostname\":\"<http:\/\/clustercubejs-analytics-redis-ro.eqnity.ng.0001.euc1.cache.amazonaws.com|clustercubejs-analytics-redis-ro.eqnity.ng.0001.euc1.cache.amazonaws.com>\",\"stack\":[\"Error: Redis connection to <http:\/\/clustercubejs-analytics-redis-ro.eqnity.ng.0001.euc1.cache.amazonaws.com:6379|clustercubejs-analytics-redis-ro.eqnity.ng.0001.euc1.cache.amazonaws.com:6379> failed - getaddrinfo ENOTFOUND <http:\/\/clustercubejs-analytics-redis-ro.eqnity.ng.0001.euc1.cache.amazonaws.com|clustercubejs-analytics-redis-ro.eqnity.ng.0001.euc1.cache.amazonaws.com>\",\"    at GetAddrInfoReqWrap.onlookup [as oncomplete] (dns.js:64:26)\"]}\n\nUnknown application error occurred\n\n\/bin\/sh: hostname: command not found```\nHow can I solve this.",
        "user": "U013B49J43V",
        "ts": "1588959127.205200",
        "team": "TC0C1HURK",
        "user_team": "TC0C1HURK",
        "source_team": "TC0C1HURK",
        "user_profile": {
            "avatar_hash": "gfc78a07b457",
            "image_72": "https:\/\/secure.gravatar.com\/avatar\/fc78a07b4572ed91751f7c6f9a0ae05c.jpg?s=72&d=https%3A%2F%2Fa.slack-edge.com%2Fdf10d%2Fimg%2Favatars%2Fava_0018-72.png",
            "first_name": "",
            "real_name": "sabbiu",
            "display_name": "sabbiu",
            "team": "TC0C1HURK",
            "name": "ssabbiu",
            "is_restricted": false,
            "is_ultra_restricted": false
        },
        "blocks": [
            {
                "type": "rich_text",
                "block_id": "jk2",
                "elements": [
                    {
                        "type": "rich_text_section",
                        "elements": [
                            {
                                "type": "text",
                                "text": "Hi,\nI am unable to connect redis. I am using Amazon athena db.\n\nI am following this tutorial,\n"
                            },
                            {
                                "type": "link",
                                "url": "https:\/\/cube.dev\/docs\/deployment#serverless"
                            },
                            {
                                "type": "text",
                                "text": "\n\nWhile executing this in terminal,\n"
                            }
                        ]
                    },
                    {
                        "type": "rich_text_preformatted",
                        "elements": [
                            {
                                "type": "text",
                                "text": "curl -H \"Authorization: ###key\" -G --data-urlencode 'query={\"measures\":[\"table_name.count\"]}' "
                            },
                            {
                                "type": "link",
                                "url": "https:\/\/omgh16fsjh.execute-api.eu-central-1.amazonaws.com\/dev\/cubejs-api\/v1\/load"
                            }
                        ]
                    },
                    {
                        "type": "rich_text_section",
                        "elements": [
                            {
                                "type": "text",
                                "text": "\nI get this error,\n"
                            }
                        ]
                    },
                    {
                        "type": "rich_text_preformatted",
                        "elements": [
                            {
                                "type": "text",
                                "text": "ERROR\tUncaught Exception \t{\"errorType\":\"Error\",\"errorMessage\":\"Redis connection to clustercubejs-analytics-redis-ro.eqnity.ng.0001.euc1.cache.amazonaws.com:6379 failed - getaddrinfo ENOTFOUND "
                            },
                            {
                                "type": "link",
                                "url": "http:\/\/clustercubejs-analytics-redis-ro.eqnity.ng.0001.euc1.cache.amazonaws.com",
                                "text": "clustercubejs-analytics-redis-ro.eqnity.ng.0001.euc1.cache.amazonaws.com"
                            },
                            {
                                "type": "text",
                                "text": "\",\"code\":\"ENOTFOUND\",\"errno\":\"ENOTFOUND\",\"syscall\":\"getaddrinfo\",\"hostname\":\""
                            },
                            {
                                "type": "link",
                                "url": "http:\/\/clustercubejs-analytics-redis-ro.eqnity.ng.0001.euc1.cache.amazonaws.com",
                                "text": "clustercubejs-analytics-redis-ro.eqnity.ng.0001.euc1.cache.amazonaws.com"
                            },
                            {
                                "type": "text",
                                "text": "\",\"stack\":[\"Error: Redis connection to clustercubejs-analytics-redis-ro.eqnity.ng.0001.euc1.cache.amazonaws.com:6379 failed - getaddrinfo ENOTFOUND "
                            },
                            {
                                "type": "link",
                                "url": "http:\/\/clustercubejs-analytics-redis-ro.eqnity.ng.0001.euc1.cache.amazonaws.com",
                                "text": "clustercubejs-analytics-redis-ro.eqnity.ng.0001.euc1.cache.amazonaws.com"
                            },
                            {
                                "type": "text",
                                "text": "\",\"    at GetAddrInfoReqWrap.onlookup [as oncomplete] (dns.js:64:26)\"]}\n\nUnknown application error occurred\n\n\/bin\/sh: hostname: command not found"
                            }
                        ]
                    },
                    {
                        "type": "rich_text_section",
                        "elements": [
                            {
                                "type": "text",
                                "text": "\nHow can I solve this."
                            }
                        ]
                    }
                ]
            }
        ],
        "thread_ts": "1588959127.205200",
        "reply_count": 7,
        "reply_users_count": 2,
        "latest_reply": "1589028478.219600",
        "reply_users": [
            "UC19HAUAK",
            "U013B49J43V"
        ],
        "replies": [
            {
                "user": "UC19HAUAK",
                "ts": "1588975729.213200"
            },
            {
                "user": "U013B49J43V",
                "ts": "1589006361.217400"
            },
            {
                "user": "U013B49J43V",
                "ts": "1589024948.218000"
            },
            {
                "user": "U013B49J43V",
                "ts": "1589027142.218200"
            },
            {
                "user": "U013B49J43V",
                "ts": "1589027245.218600"
            },
            {
                "user": "U013B49J43V",
                "ts": "1589027624.218800"
            },
            {
                "user": "U013B49J43V",
                "ts": "1589028478.219600"
            }
        ],
        "subscribed": false
    },
    {
        "client_msg_id": "181674df-c7bc-45c4-8f68-1e9ed419c1b4",
        "type": "message",
        "text": "I have a question about `timeDimensionReference` and pre-aggregations\n\nWe have a PrestoDB table that has `timestamp` and `day` columns available, but the `day`column is varchar and a partition key\nCurrently, our preagg is configured with `timeDimensionReference` as `timestamp`, and performance is not great… Cube is performing lots of `min\/max`queries through the full dataset, generally clogging things up.\nWe’ve tried switching that to `day`, but as `day` is a varchar, Cube has an error as it’s assuming a `timestamp with time zone` type\n\nChanging the type of the `day` column in the Presto table is not workable at this time\nSo my question: is there a way of using the `day` column  in the `timeDimensionReference` preagg config?\nCan we convert the value to a timestamp using `from_iso8601_timestamp()`, and have that somehow passed through to the actual query hitting Presto?",
        "user": "U011N3FSZ0W",
        "ts": "1588972684.211800",
        "team": "TC0C1HURK",
        "user_team": "TC0C1HURK",
        "source_team": "TC0C1HURK",
        "user_profile": {
            "avatar_hash": "g190d9d0a9a4",
            "image_72": "https:\/\/secure.gravatar.com\/avatar\/190d9d0a9a4954a8d3effddb6bd33a35.jpg?s=72&d=https%3A%2F%2Fa.slack-edge.com%2Fdf10d%2Fimg%2Favatars%2Fava_0002-72.png",
            "first_name": "",
            "real_name": "James Nedila",
            "display_name": "James Nedila",
            "team": "TC0C1HURK",
            "name": "jn",
            "is_restricted": false,
            "is_ultra_restricted": false
        },
        "blocks": [
            {
                "type": "rich_text",
                "block_id": "vG8",
                "elements": [
                    {
                        "type": "rich_text_section",
                        "elements": [
                            {
                                "type": "text",
                                "text": "I have a question about "
                            },
                            {
                                "type": "text",
                                "text": "timeDimensionReference",
                                "style": {
                                    "code": true
                                }
                            },
                            {
                                "type": "text",
                                "text": " and pre-aggregations\n\nWe have a PrestoDB table that has "
                            },
                            {
                                "type": "text",
                                "text": "timestamp",
                                "style": {
                                    "code": true
                                }
                            },
                            {
                                "type": "text",
                                "text": " and "
                            },
                            {
                                "type": "text",
                                "text": "day",
                                "style": {
                                    "code": true
                                }
                            },
                            {
                                "type": "text",
                                "text": " columns available, but the "
                            },
                            {
                                "type": "text",
                                "text": "day",
                                "style": {
                                    "code": true
                                }
                            },
                            {
                                "type": "text",
                                "text": "column is varchar and a partition key\nCurrently, our preagg is configured with "
                            },
                            {
                                "type": "text",
                                "text": "timeDimensionReference",
                                "style": {
                                    "code": true
                                }
                            },
                            {
                                "type": "text",
                                "text": " as "
                            },
                            {
                                "type": "text",
                                "text": "timestamp",
                                "style": {
                                    "code": true
                                }
                            },
                            {
                                "type": "text",
                                "text": ", and performance is not great… Cube is performing lots of "
                            },
                            {
                                "type": "text",
                                "text": "min\/max",
                                "style": {
                                    "code": true
                                }
                            },
                            {
                                "type": "text",
                                "text": "queries through the full dataset, generally clogging things up.\nWe’ve tried switching that to "
                            },
                            {
                                "type": "text",
                                "text": "day",
                                "style": {
                                    "code": true
                                }
                            },
                            {
                                "type": "text",
                                "text": ", but as "
                            },
                            {
                                "type": "text",
                                "text": "day",
                                "style": {
                                    "code": true
                                }
                            },
                            {
                                "type": "text",
                                "text": " is a varchar, Cube has an error as it’s assuming a "
                            },
                            {
                                "type": "text",
                                "text": "timestamp with time zone",
                                "style": {
                                    "code": true
                                }
                            },
                            {
                                "type": "text",
                                "text": " type\n\nChanging the type of the "
                            },
                            {
                                "type": "text",
                                "text": "day ",
                                "style": {
                                    "code": true
                                }
                            },
                            {
                                "type": "text",
                                "text": "column in the Presto table is not workable at this time\nSo my question: is there a way of using the "
                            },
                            {
                                "type": "text",
                                "text": "day ",
                                "style": {
                                    "code": true
                                }
                            },
                            {
                                "type": "text",
                                "text": "column  in the "
                            },
                            {
                                "type": "text",
                                "text": "timeDimensionReference",
                                "style": {
                                    "code": true
                                }
                            },
                            {
                                "type": "text",
                                "text": " preagg config?\nCan we convert the value to a timestamp using "
                            },
                            {
                                "type": "text",
                                "text": "from_iso8601_timestamp()",
                                "style": {
                                    "code": true
                                }
                            },
                            {
                                "type": "text",
                                "text": ", and have that somehow passed through to the actual query hitting Presto?"
                            }
                        ]
                    }
                ]
            }
        ],
        "thread_ts": "1588972684.211800",
        "reply_count": 4,
        "reply_users_count": 3,
        "latest_reply": "1589218810.225300",
        "reply_users": [
            "U011VDYM6BG",
            "UC19HAUAK",
            "U011N3FSZ0W"
        ],
        "replies": [
            {
                "user": "U011VDYM6BG",
                "ts": "1588973077.212000"
            },
            {
                "user": "UC19HAUAK",
                "ts": "1588975854.213600"
            },
            {
                "user": "UC19HAUAK",
                "ts": "1588975914.213800"
            },
            {
                "user": "U011N3FSZ0W",
                "ts": "1589218810.225300"
            }
        ],
        "subscribed": false,
        "reactions": [
            {
                "name": "+1",
                "users": [
                    "U011VDYM6BG"
                ],
                "count": 1
            }
        ]
    },
    {
        "client_msg_id": "5d4bb260-fcb5-4814-9987-bbb00eda4e42",
        "type": "message",
        "text": "following",
        "user": "U011VDYM6BG",
        "ts": "1588973077.212000",
        "team": "TC0C1HURK",
        "user_team": "TC0C1HURK",
        "source_team": "TC0C1HURK",
        "user_profile": {
            "avatar_hash": "g535fae7bf68",
            "image_72": "https:\/\/secure.gravatar.com\/avatar\/535fae7bf68a3d8ccf85f481970c5b80.jpg?s=72&d=https%3A%2F%2Fa.slack-edge.com%2Fdf10d%2Fimg%2Favatars%2Fava_0003-72.png",
            "first_name": "",
            "real_name": "Adriano",
            "display_name": "Adriano",
            "team": "TC0C1HURK",
            "name": "adriano.carmezim",
            "is_restricted": false,
            "is_ultra_restricted": false
        },
        "blocks": [
            {
                "type": "rich_text",
                "block_id": "U9On",
                "elements": [
                    {
                        "type": "rich_text_section",
                        "elements": [
                            {
                                "type": "text",
                                "text": "following"
                            }
                        ]
                    }
                ]
            }
        ],
        "thread_ts": "1588972684.211800",
        "parent_user_id": "U011N3FSZ0W"
    },
    {
        "client_msg_id": "beacb626-0f89-4fa0-b931-7e1ff4e142a3",
        "type": "message",
        "text": "Hey <@UNCSGGWAJ>! As of now there's no API for that in open source.",
        "user": "UC19HAUAK",
        "ts": "1588975260.212300",
        "team": "TC0C1HURK",
        "user_team": "TC0C1HURK",
        "source_team": "TC0C1HURK",
        "user_profile": {
            "avatar_hash": "066a042e018c",
            "image_72": "https:\/\/avatars.slack-edge.com\/2019-12-07\/866588520998_066a042e018ca831a195_72.png",
            "first_name": "Pavel",
            "real_name": "Pavel Tiunov",
            "display_name": "pavel",
            "team": "TC0C1HURK",
            "name": "pavel",
            "is_restricted": false,
            "is_ultra_restricted": false
        },
        "blocks": [
            {
                "type": "rich_text",
                "block_id": "zEa",
                "elements": [
                    {
                        "type": "rich_text_section",
                        "elements": [
                            {
                                "type": "text",
                                "text": "Hey "
                            },
                            {
                                "type": "user",
                                "user_id": "UNCSGGWAJ"
                            },
                            {
                                "type": "text",
                                "text": "! As of now there's no API for that in open source."
                            }
                        ]
                    }
                ]
            }
        ],
        "thread_ts": "1588915110.195000",
        "parent_user_id": "UNCSGGWAJ"
    },
    {
        "client_msg_id": "9abd71a2-8b02-444e-ab4f-e215af2fa409",
        "type": "message",
        "text": "<@U012JH4GKUP> <@U012VKQN3MH> What errors do you see?",
        "user": "UC19HAUAK",
        "ts": "1588975280.212500",
        "team": "TC0C1HURK",
        "user_team": "TC0C1HURK",
        "source_team": "TC0C1HURK",
        "user_profile": {
            "avatar_hash": "066a042e018c",
            "image_72": "https:\/\/avatars.slack-edge.com\/2019-12-07\/866588520998_066a042e018ca831a195_72.png",
            "first_name": "Pavel",
            "real_name": "Pavel Tiunov",
            "display_name": "pavel",
            "team": "TC0C1HURK",
            "name": "pavel",
            "is_restricted": false,
            "is_ultra_restricted": false
        },
        "blocks": [
            {
                "type": "rich_text",
                "block_id": "8HJJ",
                "elements": [
                    {
                        "type": "rich_text_section",
                        "elements": [
                            {
                                "type": "user",
                                "user_id": "U012JH4GKUP"
                            },
                            {
                                "type": "text",
                                "text": " "
                            },
                            {
                                "type": "user",
                                "user_id": "U012VKQN3MH"
                            },
                            {
                                "type": "text",
                                "text": " What errors do you see?"
                            }
                        ]
                    }
                ]
            }
        ],
        "thread_ts": "1588916416.198000",
        "parent_user_id": "U012JH4GKUP"
    },
    {
        "client_msg_id": "fb8a4dc2-0d88-42f7-8d9b-c73bc0b19cb3",
        "type": "message",
        "text": "Hey <@U0133HWAWTG>! Thanks for feedback! What type of relation between `MyCube` and `AnotherCube`?",
        "user": "UC19HAUAK",
        "ts": "1588975366.212700",
        "team": "TC0C1HURK",
        "user_team": "TC0C1HURK",
        "source_team": "TC0C1HURK",
        "user_profile": {
            "avatar_hash": "066a042e018c",
            "image_72": "https:\/\/avatars.slack-edge.com\/2019-12-07\/866588520998_066a042e018ca831a195_72.png",
            "first_name": "Pavel",
            "real_name": "Pavel Tiunov",
            "display_name": "pavel",
            "team": "TC0C1HURK",
            "name": "pavel",
            "is_restricted": false,
            "is_ultra_restricted": false
        },
        "blocks": [
            {
                "type": "rich_text",
                "block_id": "pIlhq",
                "elements": [
                    {
                        "type": "rich_text_section",
                        "elements": [
                            {
                                "type": "text",
                                "text": "Hey "
                            },
                            {
                                "type": "user",
                                "user_id": "U0133HWAWTG"
                            },
                            {
                                "type": "text",
                                "text": "! Thanks for feedback! What type of relation between "
                            },
                            {
                                "type": "text",
                                "text": "MyCube",
                                "style": {
                                    "code": true
                                }
                            },
                            {
                                "type": "text",
                                "text": " and "
                            },
                            {
                                "type": "text",
                                "text": "AnotherCube",
                                "style": {
                                    "code": true
                                }
                            },
                            {
                                "type": "text",
                                "text": "?"
                            }
                        ]
                    }
                ]
            }
        ],
        "thread_ts": "1588947035.199400",
        "parent_user_id": "U0133HWAWTG"
    },
    {
        "client_msg_id": "a99e2333-f150-49f1-861d-d74a2a6f7ce6",
        "type": "message",
        "text": "Hey <@U011S0QJQ93>! There's no such API as of now. The idea is basically to have schema as part of your container image as with other code you run.",
        "user": "UC19HAUAK",
        "ts": "1588975530.212900",
        "team": "TC0C1HURK",
        "user_team": "TC0C1HURK",
        "source_team": "TC0C1HURK",
        "user_profile": {
            "avatar_hash": "066a042e018c",
            "image_72": "https:\/\/avatars.slack-edge.com\/2019-12-07\/866588520998_066a042e018ca831a195_72.png",
            "first_name": "Pavel",
            "real_name": "Pavel Tiunov",
            "display_name": "pavel",
            "team": "TC0C1HURK",
            "name": "pavel",
            "is_restricted": false,
            "is_ultra_restricted": false
        },
        "blocks": [
            {
                "type": "rich_text",
                "block_id": "i\/R5N",
                "elements": [
                    {
                        "type": "rich_text_section",
                        "elements": [
                            {
                                "type": "text",
                                "text": "Hey "
                            },
                            {
                                "type": "user",
                                "user_id": "U011S0QJQ93"
                            },
                            {
                                "type": "text",
                                "text": "! There's no such API as of now. The idea is basically to have schema as part of your container image as with other code you run."
                            }
                        ]
                    }
                ]
            }
        ],
        "thread_ts": "1588948451.201300",
        "parent_user_id": "U011S0QJQ93"
    },
    {
        "client_msg_id": "e633649e-3568-48b4-ab2d-3f56fb34f6fa",
        "type": "message",
        "text": "Hey <@U013B49J43V>! Please see <https:\/\/stackoverflow.com\/questions\/60943814\/error-continue-wait-issue-on-cube-js-backend>. It may be related.",
        "user": "UC19HAUAK",
        "ts": "1588975729.213200",
        "team": "TC0C1HURK",
        "user_team": "TC0C1HURK",
        "source_team": "TC0C1HURK",
        "user_profile": {
            "avatar_hash": "066a042e018c",
            "image_72": "https:\/\/avatars.slack-edge.com\/2019-12-07\/866588520998_066a042e018ca831a195_72.png",
            "first_name": "Pavel",
            "real_name": "Pavel Tiunov",
            "display_name": "pavel",
            "team": "TC0C1HURK",
            "name": "pavel",
            "is_restricted": false,
            "is_ultra_restricted": false
        },
        "edited": {
            "user": "UC19HAUAK",
            "ts": "1588975741.000000"
        },
        "attachments": [
            {
                "service_name": "Stack Overflow",
                "title": "Error Continue wait issue on Cube.js backend",
                "title_link": "https:\/\/stackoverflow.com\/questions\/60943814\/error-continue-wait-issue-on-cube-js-backend",
                "text": "I'm having some trouble connecting to the cube.js backend on AWS serverless and executing the \/cubejs-api\/v1\/load request in the frontend dashboard. I keep getting {\"error\":\"Continue wait\"} instead...",
                "fallback": "Stack Overflow: Error Continue wait issue on Cube.js backend",
                "thumb_url": "https:\/\/cdn.sstatic.net\/Sites\/stackoverflow\/Img\/apple-touch-icon@2.png?v=73d79a89bded",
                "from_url": "https:\/\/stackoverflow.com\/questions\/60943814\/error-continue-wait-issue-on-cube-js-backend",
                "thumb_width": 316,
                "thumb_height": 316,
                "service_icon": "https:\/\/cdn.sstatic.net\/Sites\/stackoverflow\/Img\/apple-touch-icon.png?v=c78bd457575a",
                "id": 1,
                "original_url": "https:\/\/stackoverflow.com\/questions\/60943814\/error-continue-wait-issue-on-cube-js-backend"
            }
        ],
        "blocks": [
            {
                "type": "rich_text",
                "block_id": "yKKH6",
                "elements": [
                    {
                        "type": "rich_text_section",
                        "elements": [
                            {
                                "type": "text",
                                "text": "Hey "
                            },
                            {
                                "type": "user",
                                "user_id": "U013B49J43V"
                            },
                            {
                                "type": "text",
                                "text": "! Please see "
                            },
                            {
                                "type": "link",
                                "url": "https:\/\/stackoverflow.com\/questions\/60943814\/error-continue-wait-issue-on-cube-js-backend"
                            },
                            {
                                "type": "text",
                                "text": ". It may be related."
                            }
                        ]
                    }
                ]
            }
        ],
        "thread_ts": "1588959127.205200",
        "parent_user_id": "U013B49J43V",
        "reactions": [
            {
                "name": "+1",
                "users": [
                    "U013B49J43V"
                ],
                "count": 1
            }
        ]
    },
    {
        "client_msg_id": "5f9fa8d4-3fec-40b0-8e14-74a0a2ec4721",
        "type": "message",
        "text": "Hey <@U011N3FSZ0W>! Yep. You can basically parse this column: <https:\/\/cube.dev\/docs\/working-with-string-time-dimensions#top>",
        "user": "UC19HAUAK",
        "ts": "1588975854.213600",
        "team": "TC0C1HURK",
        "user_team": "TC0C1HURK",
        "source_team": "TC0C1HURK",
        "user_profile": {
            "avatar_hash": "066a042e018c",
            "image_72": "https:\/\/avatars.slack-edge.com\/2019-12-07\/866588520998_066a042e018ca831a195_72.png",
            "first_name": "Pavel",
            "real_name": "Pavel Tiunov",
            "display_name": "pavel",
            "team": "TC0C1HURK",
            "name": "pavel",
            "is_restricted": false,
            "is_ultra_restricted": false
        },
        "blocks": [
            {
                "type": "rich_text",
                "block_id": "r78lJ",
                "elements": [
                    {
                        "type": "rich_text_section",
                        "elements": [
                            {
                                "type": "text",
                                "text": "Hey "
                            },
                            {
                                "type": "user",
                                "user_id": "U011N3FSZ0W"
                            },
                            {
                                "type": "text",
                                "text": "! Yep. You can basically parse this column: "
                            },
                            {
                                "type": "link",
                                "url": "https:\/\/cube.dev\/docs\/working-with-string-time-dimensions#top"
                            }
                        ]
                    }
                ]
            }
        ],
        "thread_ts": "1588972684.211800",
        "parent_user_id": "U011N3FSZ0W",
        "reactions": [
            {
                "name": "+1",
                "users": [
                    "U011VDYM6BG"
                ],
                "count": 1
            }
        ]
    },
    {
        "client_msg_id": "cf6dbc80-11d5-4f9d-9f7c-82e254177d8c",
        "type": "message",
        "text": "Using something like `from_iso8601_date`: <https:\/\/prestodb.io\/docs\/current\/functions\/datetime.html>",
        "user": "UC19HAUAK",
        "ts": "1588975914.213800",
        "team": "TC0C1HURK",
        "user_team": "TC0C1HURK",
        "source_team": "TC0C1HURK",
        "user_profile": {
            "avatar_hash": "066a042e018c",
            "image_72": "https:\/\/avatars.slack-edge.com\/2019-12-07\/866588520998_066a042e018ca831a195_72.png",
            "first_name": "Pavel",
            "real_name": "Pavel Tiunov",
            "display_name": "pavel",
            "team": "TC0C1HURK",
            "name": "pavel",
            "is_restricted": false,
            "is_ultra_restricted": false
        },
        "blocks": [
            {
                "type": "rich_text",
                "block_id": "O+cj=",
                "elements": [
                    {
                        "type": "rich_text_section",
                        "elements": [
                            {
                                "type": "text",
                                "text": "Using something like "
                            },
                            {
                                "type": "text",
                                "text": "from_iso8601_date",
                                "style": {
                                    "code": true
                                }
                            },
                            {
                                "type": "text",
                                "text": ": "
                            },
                            {
                                "type": "link",
                                "url": "https:\/\/prestodb.io\/docs\/current\/functions\/datetime.html"
                            }
                        ]
                    }
                ]
            }
        ],
        "thread_ts": "1588972684.211800",
        "parent_user_id": "U011N3FSZ0W"
    },
    {
        "client_msg_id": "45e4d5b0-2846-452b-99f5-ee68f74e092b",
        "type": "message",
        "text": "we don’t see any errors but the aggregation table is not getting created but if we have few measures it is getting created, please guide…is there a way see the logs for creation of aggregation tables?",
        "user": "U012VKQN3MH",
        "ts": "1588979382.214000",
        "team": "TC0C1HURK",
        "user_team": "TC0C1HURK",
        "source_team": "TC0C1HURK",
        "user_profile": {
            "avatar_hash": "g41c54524f2d",
            "image_72": "https:\/\/secure.gravatar.com\/avatar\/41c54524f2dcfe18a33c744b15366a40.jpg?s=72&d=https%3A%2F%2Fa.slack-edge.com%2Fdf10d%2Fimg%2Favatars%2Fava_0024-72.png",
            "first_name": "",
            "real_name": "kishan",
            "display_name": "kishan",
            "team": "TC0C1HURK",
            "name": "kishan",
            "is_restricted": false,
            "is_ultra_restricted": false
        },
        "edited": {
            "user": "U012VKQN3MH",
            "ts": "1588979533.000000"
        },
        "blocks": [
            {
                "type": "rich_text",
                "block_id": "KQ0pI",
                "elements": [
                    {
                        "type": "rich_text_section",
                        "elements": [
                            {
                                "type": "text",
                                "text": "we don’t see any errors but the aggregation table is not getting created but if we have few measures it is getting created, please guide…is there a way see the logs for creation of aggregation tables?"
                            }
                        ]
                    }
                ]
            }
        ],
        "thread_ts": "1588916416.198000",
        "parent_user_id": "U012JH4GKUP"
    },
    {
        "client_msg_id": "ce44ce44-e267-4515-88d0-33a6ec1e9ecf",
        "type": "message",
        "text": "thank you for getting back <@UC19HAUAK>",
        "user": "U012VKQN3MH",
        "ts": "1588979396.214200",
        "team": "TC0C1HURK",
        "user_team": "TC0C1HURK",
        "source_team": "TC0C1HURK",
        "user_profile": {
            "avatar_hash": "g41c54524f2d",
            "image_72": "https:\/\/secure.gravatar.com\/avatar\/41c54524f2dcfe18a33c744b15366a40.jpg?s=72&d=https%3A%2F%2Fa.slack-edge.com%2Fdf10d%2Fimg%2Favatars%2Fava_0024-72.png",
            "first_name": "",
            "real_name": "kishan",
            "display_name": "kishan",
            "team": "TC0C1HURK",
            "name": "kishan",
            "is_restricted": false,
            "is_ultra_restricted": false
        },
        "blocks": [
            {
                "type": "rich_text",
                "block_id": "IaHS",
                "elements": [
                    {
                        "type": "rich_text_section",
                        "elements": [
                            {
                                "type": "text",
                                "text": "thank you for getting back "
                            },
                            {
                                "type": "user",
                                "user_id": "UC19HAUAK"
                            }
                        ]
                    }
                ]
            }
        ],
        "thread_ts": "1588916416.198000",
        "parent_user_id": "U012JH4GKUP"
    },
    {
        "client_msg_id": "e26be5d9-2578-46ac-90c9-681d62352387",
        "type": "message",
        "text": "Thank you <@UC19HAUAK>",
        "user": "UNCSGGWAJ",
        "ts": "1588980206.214700",
        "team": "TC0C1HURK",
        "user_team": "TC0C1HURK",
        "source_team": "TC0C1HURK",
        "user_profile": {
            "avatar_hash": "g13b4986ab86",
            "image_72": "https:\/\/secure.gravatar.com\/avatar\/413b4986ab86df86dcb7f4489354bfc5.jpg?s=72&d=https%3A%2F%2Fa.slack-edge.com%2Fdf10d%2Fimg%2Favatars%2Fava_0014-72.png",
            "first_name": "",
            "real_name": "juky",
            "display_name": "juky",
            "team": "TC0C1HURK",
            "name": "julian.chamale",
            "is_restricted": false,
            "is_ultra_restricted": false
        },
        "blocks": [
            {
                "type": "rich_text",
                "block_id": "fVWmP",
                "elements": [
                    {
                        "type": "rich_text_section",
                        "elements": [
                            {
                                "type": "text",
                                "text": "Thank you "
                            },
                            {
                                "type": "user",
                                "user_id": "UC19HAUAK"
                            }
                        ]
                    }
                ]
            }
        ],
        "thread_ts": "1588915110.195000",
        "parent_user_id": "UNCSGGWAJ"
    },
    {
        "client_msg_id": "af3c1091-9b79-4b1a-85fb-0d9f8c396608",
        "type": "message",
        "text": "I am working with preaggregation with Mysql as an external database. When my schema has \"avg\" type in one of the measures,  cubejs not creating the preaggregate table.",
        "user": "U012JH4GKUP",
        "ts": "1588998207.216700",
        "team": "TC0C1HURK",
        "user_team": "TC0C1HURK",
        "source_team": "TC0C1HURK",
        "user_profile": {
            "avatar_hash": "g374c7ae13c0",
            "image_72": "https:\/\/secure.gravatar.com\/avatar\/374c7ae13c0fb081362ea43b21bace3b.jpg?s=72&d=https%3A%2F%2Fa.slack-edge.com%2Fdf10d%2Fimg%2Favatars%2Fava_0026-72.png",
            "first_name": "",
            "real_name": "Ravi Natesan",
            "display_name": "Ravi Natesan",
            "team": "TC0C1HURK",
            "name": "geetha",
            "is_restricted": false,
            "is_ultra_restricted": false
        },
        "blocks": [
            {
                "type": "rich_text",
                "block_id": "cPd80",
                "elements": [
                    {
                        "type": "rich_text_section",
                        "elements": [
                            {
                                "type": "text",
                                "text": "I am working with preaggregation with Mysql as an external database. When my schema has \"avg\" type in one of the measures,  cubejs not creating the preaggregate table."
                            }
                        ]
                    }
                ]
            }
        ]
    },
    {
        "client_msg_id": "e5baf5af-f6a6-4a0e-becb-cff2d90f3d1f",
        "type": "message",
        "text": "```        appointmentsRatio: {\n            type: `avg`,\n            sql: `appointmentratio`\n        }```",
        "user": "U012JH4GKUP",
        "ts": "1588998258.216900",
        "team": "TC0C1HURK",
        "user_team": "TC0C1HURK",
        "source_team": "TC0C1HURK",
        "user_profile": {
            "avatar_hash": "g374c7ae13c0",
            "image_72": "https:\/\/secure.gravatar.com\/avatar\/374c7ae13c0fb081362ea43b21bace3b.jpg?s=72&d=https%3A%2F%2Fa.slack-edge.com%2Fdf10d%2Fimg%2Favatars%2Fava_0026-72.png",
            "first_name": "",
            "real_name": "Ravi Natesan",
            "display_name": "Ravi Natesan",
            "team": "TC0C1HURK",
            "name": "geetha",
            "is_restricted": false,
            "is_ultra_restricted": false
        },
        "blocks": [
            {
                "type": "rich_text",
                "block_id": "oRRt1",
                "elements": [
                    {
                        "type": "rich_text_preformatted",
                        "elements": [
                            {
                                "type": "text",
                                "text": "        appointmentsRatio: {\n            type: `avg`,\n            sql: `appointmentratio`\n        }"
                            }
                        ]
                    }
                ]
            }
        ]
    },
    {
        "client_msg_id": "4e7b6576-89bc-481b-a01a-9326dfeafbf7",
        "type": "message",
        "text": "Our source DB is Redshift.",
        "user": "U012JH4GKUP",
        "ts": "1588998332.217300",
        "team": "TC0C1HURK",
        "user_team": "TC0C1HURK",
        "source_team": "TC0C1HURK",
        "user_profile": {
            "avatar_hash": "g374c7ae13c0",
            "image_72": "https:\/\/secure.gravatar.com\/avatar\/374c7ae13c0fb081362ea43b21bace3b.jpg?s=72&d=https%3A%2F%2Fa.slack-edge.com%2Fdf10d%2Fimg%2Favatars%2Fava_0026-72.png",
            "first_name": "",
            "real_name": "Ravi Natesan",
            "display_name": "Ravi Natesan",
            "team": "TC0C1HURK",
            "name": "geetha",
            "is_restricted": false,
            "is_ultra_restricted": false
        },
        "blocks": [
            {
                "type": "rich_text",
                "block_id": "xlJy",
                "elements": [
                    {
                        "type": "rich_text_section",
                        "elements": [
                            {
                                "type": "text",
                                "text": "Our source DB is Redshift."
                            }
                        ]
                    }
                ]
            }
        ]
    },
    {
        "client_msg_id": "5d4c0173-316c-4710-af22-6c9d12212a91",
        "type": "message",
        "text": "Thanks. I have allowed  all ports to nat in vpc setup, and also redis shows its status as active.\nBut, when I run,\n```curl -H \"Authorization: jwt-token\" -G --data-urlencode 'query={\"measures\":[\"Ads.count\"]}' <https:\/\/omgh16fsjh.execute-api.eu-central-1.amazonaws.com\/dev\/cubejs-api\/v1\/load>```\nI get (in terminal),\n```{\"message\": \"Internal server error\"}%```\nThis is `cubejs` logs\n```2020-05-09 12:16:53.809 (+05:45)\t2a174188-3719-4dc0-bfa6-8af8417611c2\tERROR\tUncaught Exception \t{\"errorType\":\"Error\",\"errorMessage\":\"Redis connection to <http:\/\/clustercubejs-analytics-redis-ro.eqnity.ng.0001.euc1.cache.amazonaws.com:6379|clustercubejs-analytics-redis-ro.eqnity.ng.0001.euc1.cache.amazonaws.com:6379> failed - getaddrinfo ENOTFOUND <http:\/\/clustercubejs-analytics-redis-ro.eqnity.ng.0001.euc1.cache.amazonaws.com|clustercubejs-analytics-redis-ro.eqnity.ng.0001.euc1.cache.amazonaws.com>\",\"code\":\"ENOTFOUND\",\"errno\":\"ENOTFOUND\",\"syscall\":\"getaddrinfo\",\"hostname\":\"<http:\/\/clustercubejs-analytics-redis-ro.eqnity.ng.0001.euc1.cache.amazonaws.com|clustercubejs-analytics-redis-ro.eqnity.ng.0001.euc1.cache.amazonaws.com>\",\"stack\":[\"Error: Redis connection to <http:\/\/clustercubejs-analytics-redis-ro.eqnity.ng.0001.euc1.cache.amazonaws.com:6379|clustercubejs-analytics-redis-ro.eqnity.ng.0001.euc1.cache.amazonaws.com:6379> failed - getaddrinfo ENOTFOUND <http:\/\/clustercubejs-analytics-redis-ro.eqnity.ng.0001.euc1.cache.amazonaws.com|clustercubejs-analytics-redis-ro.eqnity.ng.0001.euc1.cache.amazonaws.com>\",\"    at GetAddrInfoReqWrap.onlookup [as oncomplete] (dns.js:64:26)\"]}\nEND RequestId: 2a174188-3719-4dc0-bfa6-8af8417611c2\nREPORT RequestId: 2a174188-3719-4dc0-bfa6-8af8417611c2\tDuration: 287.28 ms\tBilled Duration: 300 ms\tMemory Size: 1024 MB\tMax Memory Used: 155 MB\t\n\nUnknown application error occurred\n\n\/bin\/sh: hostname: command not found```\nAnd, there is no log shown in cubejsProcess\n\nIn which direction do you think I should move to fix this issue?",
        "user": "U013B49J43V",
        "ts": "1589006361.217400",
        "team": "TC0C1HURK",
        "user_team": "TC0C1HURK",
        "source_team": "TC0C1HURK",
        "user_profile": {
            "avatar_hash": "gfc78a07b457",
            "image_72": "https:\/\/secure.gravatar.com\/avatar\/fc78a07b4572ed91751f7c6f9a0ae05c.jpg?s=72&d=https%3A%2F%2Fa.slack-edge.com%2Fdf10d%2Fimg%2Favatars%2Fava_0018-72.png",
            "first_name": "",
            "real_name": "sabbiu",
            "display_name": "sabbiu",
            "team": "TC0C1HURK",
            "name": "ssabbiu",
            "is_restricted": false,
            "is_ultra_restricted": false
        },
        "blocks": [
            {
                "type": "rich_text",
                "block_id": "\/hU4",
                "elements": [
                    {
                        "type": "rich_text_section",
                        "elements": [
                            {
                                "type": "text",
                                "text": "Thanks. I have allowed  all ports to nat in vpc setup, and also redis shows its status as active.\nBut, when I run,\n"
                            }
                        ]
                    },
                    {
                        "type": "rich_text_preformatted",
                        "elements": [
                            {
                                "type": "text",
                                "text": "curl -H \"Authorization: jwt-token\" -G --data-urlencode 'query={\"measures\":[\"Ads.count\"]}' "
                            },
                            {
                                "type": "link",
                                "url": "https:\/\/omgh16fsjh.execute-api.eu-central-1.amazonaws.com\/dev\/cubejs-api\/v1\/load"
                            }
                        ]
                    },
                    {
                        "type": "rich_text_section",
                        "elements": [
                            {
                                "type": "text",
                                "text": "I get (in terminal),\n"
                            }
                        ]
                    },
                    {
                        "type": "rich_text_preformatted",
                        "elements": [
                            {
                                "type": "text",
                                "text": "{\"message\": \"Internal server error\"}%"
                            }
                        ]
                    },
                    {
                        "type": "rich_text_section",
                        "elements": [
                            {
                                "type": "text",
                                "text": "This is "
                            },
                            {
                                "type": "text",
                                "text": "cubejs",
                                "style": {
                                    "code": true
                                }
                            },
                            {
                                "type": "text",
                                "text": " logs\n"
                            }
                        ]
                    },
                    {
                        "type": "rich_text_preformatted",
                        "elements": [
                            {
                                "type": "text",
                                "text": "2020-05-09 12:16:53.809 (+05:45)\t2a174188-3719-4dc0-bfa6-8af8417611c2\tERROR\tUncaught Exception \t{\"errorType\":\"Error\",\"errorMessage\":\"Redis connection to clustercubejs-analytics-redis-ro.eqnity.ng.0001.euc1.cache.amazonaws.com:6379 failed - getaddrinfo ENOTFOUND "
                            },
                            {
                                "type": "link",
                                "url": "http:\/\/clustercubejs-analytics-redis-ro.eqnity.ng.0001.euc1.cache.amazonaws.com",
                                "text": "clustercubejs-analytics-redis-ro.eqnity.ng.0001.euc1.cache.amazonaws.com"
                            },
                            {
                                "type": "text",
                                "text": "\",\"code\":\"ENOTFOUND\",\"errno\":\"ENOTFOUND\",\"syscall\":\"getaddrinfo\",\"hostname\":\""
                            },
                            {
                                "type": "link",
                                "url": "http:\/\/clustercubejs-analytics-redis-ro.eqnity.ng.0001.euc1.cache.amazonaws.com",
                                "text": "clustercubejs-analytics-redis-ro.eqnity.ng.0001.euc1.cache.amazonaws.com"
                            },
                            {
                                "type": "text",
                                "text": "\",\"stack\":[\"Error: Redis connection to clustercubejs-analytics-redis-ro.eqnity.ng.0001.euc1.cache.amazonaws.com:6379 failed - getaddrinfo ENOTFOUND "
                            },
                            {
                                "type": "link",
                                "url": "http:\/\/clustercubejs-analytics-redis-ro.eqnity.ng.0001.euc1.cache.amazonaws.com",
                                "text": "clustercubejs-analytics-redis-ro.eqnity.ng.0001.euc1.cache.amazonaws.com"
                            },
                            {
                                "type": "text",
                                "text": "\",\"    at GetAddrInfoReqWrap.onlookup [as oncomplete] (dns.js:64:26)\"]}\nEND RequestId: 2a174188-3719-4dc0-bfa6-8af8417611c2\nREPORT RequestId: 2a174188-3719-4dc0-bfa6-8af8417611c2\tDuration: 287.28 ms\tBilled Duration: 300 ms\tMemory Size: 1024 MB\tMax Memory Used: 155 MB\t\n\nUnknown application error occurred\n\n\/bin\/sh: hostname: command not found"
                            }
                        ]
                    },
                    {
                        "type": "rich_text_section",
                        "elements": [
                            {
                                "type": "text",
                                "text": "And, there is no log shown in cubejsProcess\n\nIn which direction do you think I should move to fix this issue?"
                            }
                        ]
                    }
                ]
            }
        ],
        "thread_ts": "1588959127.205200",
        "parent_user_id": "U013B49J43V"
    }
]