[
    {
        "type": "message",
        "subtype": "channel_join",
        "ts": "1597219513.000400",
        "user": "U018W375DQU",
        "text": "<@U018W375DQU> has joined the channel"
    },
    {
        "client_msg_id": "33454845-8302-424f-9c72-9b031521e1b7",
        "type": "message",
        "text": "Could someone from the Cube.js team please look at the issue <https:\/\/github.com\/cube-js\/cube.js\/issues\/404#issuecomment-662386624>? This is a real showstopper for us regarding pre-aggregation...",
        "user": "U012CP32EEB",
        "ts": "1597221208.001300",
        "team": "TC0C1HURK",
        "user_team": "TC0C1HURK",
        "source_team": "TC0C1HURK",
        "user_profile": {
            "avatar_hash": "g2e8dbd00857",
            "image_72": "https:\/\/secure.gravatar.com\/avatar\/2e8dbd0085704773a8a21d802a222bd1.jpg?s=72&d=https%3A%2F%2Fa.slack-edge.com%2Fdf10d%2Fimg%2Favatars%2Fava_0002-72.png",
            "first_name": "",
            "real_name": "TobiLG",
            "display_name": "TobiLG",
            "team": "TC0C1HURK",
            "name": "tobilg",
            "is_restricted": false,
            "is_ultra_restricted": false
        },
        "attachments": [
            {
                "service_name": "GitHub",
                "title": "Athena pre-aggregation: \"Error: Queries of this type are not supported\" when refreshKey.incremental: true · Issue #404 · cube-js\/cube.js",
                "title_link": "https:\/\/github.com\/cube-js\/cube.js\/issues\/404#issuecomment-662386624",
                "text": "&amp;quot;Error: Queries of this type are not supported&amp;quot; message on incremental pre-aggregation. Otherwise, it works fine. The primary server is AWS Athena, and the pre-aggregation is an external ...",
                "fallback": "GitHub: Athena pre-aggregation: \"Error: Queries of this type are not supported\" when refreshKey.incremental: true · Issue #404 · cube-js\/cube.js",
                "from_url": "https:\/\/github.com\/cube-js\/cube.js\/issues\/404#issuecomment-662386624",
                "thumb_url": "https:\/\/repository-images.githubusercontent.com\/149026292\/33deb000-42b4-11ea-8f24-e112f465ddf1",
                "thumb_width": 658,
                "thumb_height": 250,
                "service_icon": "https:\/\/a.slack-edge.com\/80588\/img\/unfurl_icons\/github.png",
                "id": 1,
                "original_url": "https:\/\/github.com\/cube-js\/cube.js\/issues\/404#issuecomment-662386624"
            }
        ],
        "blocks": [
            {
                "type": "rich_text",
                "block_id": "oxN",
                "elements": [
                    {
                        "type": "rich_text_section",
                        "elements": [
                            {
                                "type": "text",
                                "text": "Could someone from the Cube.js team please look at the issue "
                            },
                            {
                                "type": "link",
                                "url": "https:\/\/github.com\/cube-js\/cube.js\/issues\/404#issuecomment-662386624"
                            },
                            {
                                "type": "text",
                                "text": "? This is a real showstopper for us regarding pre-aggregation..."
                            }
                        ]
                    }
                ]
            }
        ]
    },
    {
        "type": "message",
        "subtype": "channel_join",
        "ts": "1597227149.001500",
        "user": "U018NDST15H",
        "text": "<@U018NDST15H> has joined the channel"
    },
    {
        "client_msg_id": "5e8fe649-80e9-406b-98f2-8c908766f274",
        "type": "message",
        "text": "yes",
        "user": "U011XB4BL48",
        "ts": "1597231993.001600",
        "team": "TC0C1HURK",
        "user_team": "TC0C1HURK",
        "source_team": "TC0C1HURK",
        "user_profile": {
            "avatar_hash": "gf607cc5a75a",
            "image_72": "https:\/\/secure.gravatar.com\/avatar\/f607cc5a75a357582a72402c367abf19.jpg?s=72&d=https%3A%2F%2Fa.slack-edge.com%2Fdf10d%2Fimg%2Favatars%2Fava_0025-72.png",
            "first_name": "",
            "real_name": "Gaurav Lanjekar",
            "display_name": "Gaurav Lanjekar",
            "team": "TC0C1HURK",
            "name": "gaurav.lanjekar",
            "is_restricted": false,
            "is_ultra_restricted": false
        },
        "blocks": [
            {
                "type": "rich_text",
                "block_id": "xvg9w",
                "elements": [
                    {
                        "type": "rich_text_section",
                        "elements": [
                            {
                                "type": "text",
                                "text": "yes"
                            }
                        ]
                    }
                ]
            }
        ],
        "thread_ts": "1597156929.421500",
        "parent_user_id": "U011XB4BL48"
    },
    {
        "client_msg_id": "43bd48e7-1d5b-4dfc-817c-d50ec4819abc",
        "type": "message",
        "text": "Why can't you mount your folder directly at the app root \/schema?",
        "user": "UHKB88WF2",
        "ts": "1597233038.001800",
        "team": "TC0C1HURK",
        "user_team": "TC0C1HURK",
        "source_team": "TC0C1HURK",
        "user_profile": {
            "avatar_hash": "g4e5b10f50af",
            "image_72": "https:\/\/secure.gravatar.com\/avatar\/e4e5b10f50af6fd88b666b4927b0d739.jpg?s=72&d=https%3A%2F%2Fa.slack-edge.com%2Fdf10d%2Fimg%2Favatars%2Fava_0004-72.png",
            "first_name": "",
            "real_name": "vincent",
            "display_name": "vincent",
            "team": "TC0C1HURK",
            "name": "vincent.baronnet",
            "is_restricted": false,
            "is_ultra_restricted": false
        },
        "blocks": [
            {
                "type": "rich_text",
                "block_id": "8jO23",
                "elements": [
                    {
                        "type": "rich_text_section",
                        "elements": [
                            {
                                "type": "text",
                                "text": "Why can't you mount your folder directly at the app root \/schema?"
                            }
                        ]
                    }
                ]
            }
        ],
        "thread_ts": "1597156929.421500",
        "parent_user_id": "U011XB4BL48"
    },
    {
        "type": "message",
        "subtype": "channel_join",
        "ts": "1597238713.002200",
        "user": "U018QDW4SAE",
        "text": "<@U018QDW4SAE> has joined the channel"
    },
    {
        "type": "message",
        "subtype": "channel_join",
        "ts": "1597238716.002300",
        "user": "U01932VMPPB",
        "text": "<@U01932VMPPB> has joined the channel"
    },
    {
        "client_msg_id": "fd9964d4-007d-4252-bf63-5af7361f0339",
        "type": "message",
        "text": "Hello, I've just spun on a sample app using the `cube-cli`, I'm experiencing an error when attempting to \"build\"  after what appears to be a successfully generated schema:\n\n```Error: Error: Compile errors: VwGetTableSchema cube: child \"dimensions\" fails because [child \"sql\" fails because [\"sql\" must be an object, \"sql\" must be an object, \"sql\" must be an object]]```\n",
        "user": "U018QDW4SAE",
        "ts": "1597241485.004100",
        "team": "TC0C1HURK",
        "user_team": "TC0C1HURK",
        "source_team": "TC0C1HURK",
        "user_profile": {
            "avatar_hash": "gfe02a41a7ab",
            "image_72": "https:\/\/secure.gravatar.com\/avatar\/fe02a41a7abcf29fa3fd93cfb7745e9a.jpg?s=72&d=https%3A%2F%2Fa.slack-edge.com%2Fdf10d%2Fimg%2Favatars%2Fava_0003-72.png",
            "first_name": "Cade",
            "real_name": "Cade Holmes",
            "display_name": "Cade Holmes",
            "team": "TC0C1HURK",
            "name": "cholmes",
            "is_restricted": false,
            "is_ultra_restricted": false
        },
        "blocks": [
            {
                "type": "rich_text",
                "block_id": "8fL",
                "elements": [
                    {
                        "type": "rich_text_section",
                        "elements": [
                            {
                                "type": "text",
                                "text": "Hello, I've just spun on a sample app using the "
                            },
                            {
                                "type": "text",
                                "text": "cube-cli",
                                "style": {
                                    "code": true
                                }
                            },
                            {
                                "type": "text",
                                "text": ", I'm experiencing an error when attempting to \"build\"  after what appears to be a successfully generated schema:\n\n"
                            }
                        ]
                    },
                    {
                        "type": "rich_text_preformatted",
                        "elements": [
                            {
                                "type": "text",
                                "text": "Error: Error: Compile errors: VwGetTableSchema cube: child \"dimensions\" fails because [child \"sql\" fails because [\"sql\" must be an object, \"sql\" must be an object, \"sql\" must be an object]]"
                            }
                        ]
                    },
                    {
                        "type": "rich_text_section",
                        "elements": []
                    }
                ]
            }
        ],
        "thread_ts": "1597241485.004100",
        "reply_count": 1,
        "reply_users_count": 1,
        "latest_reply": "1597248625.009500",
        "reply_users": [
            "U018QDW4SAE"
        ],
        "replies": [
            {
                "user": "U018QDW4SAE",
                "ts": "1597248625.009500"
            }
        ],
        "subscribed": false
    },
    {
        "client_msg_id": "8abcf571-470d-4caf-8d8f-f9f2ed50f6d4",
        "type": "message",
        "text": "Hi, I have been struggling with a cumulative sum in cubejs. I was expecting to get a sum over all time and view a specific time range however with this query I get only the sum over the given range. Does someone have an idea how to solve this ?\n```cumul: { \n      sql: `amount`,\n      type: `runningTotal`,\n      drillMembers: [status, tracker, project, type],\n      rollingWindow: {\n        trailing: `unbounded`\n      }\n}```\n Thanks in advance",
        "user": "U018BQFBJTX",
        "ts": "1597241813.006500",
        "team": "TC0C1HURK",
        "user_team": "TC0C1HURK",
        "source_team": "TC0C1HURK",
        "user_profile": {
            "avatar_hash": "g816c80847de",
            "image_72": "https:\/\/secure.gravatar.com\/avatar\/816c80847de57f99062d5981c1a9c6f8.jpg?s=72&d=https%3A%2F%2Fa.slack-edge.com%2Fdf10d%2Fimg%2Favatars%2Fava_0018-72.png",
            "first_name": "",
            "real_name": "Xoeseko",
            "display_name": "Xoeseko",
            "team": "TC0C1HURK",
            "name": "xoeseko",
            "is_restricted": false,
            "is_ultra_restricted": false
        },
        "edited": {
            "user": "U018BQFBJTX",
            "ts": "1597244885.000000"
        },
        "blocks": [
            {
                "type": "rich_text",
                "block_id": "8Oy",
                "elements": [
                    {
                        "type": "rich_text_section",
                        "elements": [
                            {
                                "type": "text",
                                "text": "Hi, I have been struggling with a cumulative sum in cubejs. I was expecting to get a sum over all time and view a specific time range however with this query I get only the sum over the given range. Does someone have an idea how to solve this ?\n"
                            }
                        ]
                    },
                    {
                        "type": "rich_text_preformatted",
                        "elements": [
                            {
                                "type": "text",
                                "text": "cumul: { \n      sql: `amount`,\n      type: `runningTotal`,\n      drillMembers: [status, tracker, project, type],\n      rollingWindow: {\n        trailing: `unbounded`\n      }\n}"
                            }
                        ]
                    },
                    {
                        "type": "rich_text_section",
                        "elements": [
                            {
                                "type": "text",
                                "text": " Thanks in advance"
                            }
                        ]
                    }
                ]
            }
        ],
        "thread_ts": "1597241813.006500",
        "reply_count": 2,
        "reply_users_count": 2,
        "latest_reply": "1597244133.008700",
        "reply_users": [
            "U013J5CRRDW",
            "U018BQFBJTX"
        ],
        "replies": [
            {
                "user": "U013J5CRRDW",
                "ts": "1597243890.008500"
            },
            {
                "user": "U018BQFBJTX",
                "ts": "1597244133.008700"
            }
        ],
        "subscribed": false
    },
    {
        "client_msg_id": "9b3ce20e-4735-4595-b615-9d2218ab33ed",
        "type": "message",
        "text": "Hey :wave: When running slow queries, our Cube instance suddenly times out and after that all queries time out until we restart the instance. Any tips on how to debug this? Has anyone else experienced something similar?\n\nAre there any tools for debugging\/profiling a cube instance?",
        "user": "UL55T8A72",
        "ts": "1597243836.008400",
        "team": "TC0C1HURK",
        "user_team": "TC0C1HURK",
        "source_team": "TC0C1HURK",
        "user_profile": {
            "avatar_hash": "gf36bf9009f7",
            "image_72": "https:\/\/secure.gravatar.com\/avatar\/1fd8cad84e6da0b0a98bf23a64e120a9.jpg?s=72&d=https%3A%2F%2Fa.slack-edge.com%2Fdf10d%2Fimg%2Favatars%2Fava_0009-72.png",
            "first_name": "",
            "real_name": "Anton Abilov",
            "display_name": "Anton Abilov",
            "team": "TC0C1HURK",
            "name": "anton",
            "is_restricted": false,
            "is_ultra_restricted": false
        },
        "blocks": [
            {
                "type": "rich_text",
                "block_id": "gKoJL",
                "elements": [
                    {
                        "type": "rich_text_section",
                        "elements": [
                            {
                                "type": "text",
                                "text": "Hey "
                            },
                            {
                                "type": "emoji",
                                "name": "wave"
                            },
                            {
                                "type": "text",
                                "text": " When running slow queries, our Cube instance suddenly times out and after that all queries time out until we restart the instance. Any tips on how to debug this? Has anyone else experienced something similar?\n\nAre there any tools for debugging\/profiling a cube instance?"
                            }
                        ]
                    }
                ]
            }
        ],
        "thread_ts": "1597243836.008400",
        "reply_count": 9,
        "reply_users_count": 3,
        "latest_reply": "1597330755.030800",
        "reply_users": [
            "UC1HAFW4E",
            "USMM7QR7G",
            "UL55T8A72"
        ],
        "replies": [
            {
                "user": "UC1HAFW4E",
                "ts": "1597247741.009200"
            },
            {
                "user": "USMM7QR7G",
                "ts": "1597328124.028900"
            },
            {
                "user": "UL55T8A72",
                "ts": "1597328203.029100"
            },
            {
                "user": "USMM7QR7G",
                "ts": "1597328477.029300"
            },
            {
                "user": "USMM7QR7G",
                "ts": "1597328699.029700"
            },
            {
                "user": "UL55T8A72",
                "ts": "1597328769.029900"
            },
            {
                "user": "USMM7QR7G",
                "ts": "1597328913.030300"
            },
            {
                "user": "USMM7QR7G",
                "ts": "1597329173.030500"
            },
            {
                "user": "UL55T8A72",
                "ts": "1597330755.030800"
            }
        ],
        "subscribed": true,
        "last_read": "1597352796.441631"
    },
    {
        "client_msg_id": "9b256e02-c0cb-4f42-a617-e3cfbce1a149",
        "type": "message",
        "text": "hey <@U018BQFBJTX>! What you want is\n\n```cumul: {\n  sql: `amount`,\n  type: `sum`,\n  drillMembers: [status, tracker, project, type],\n  rollingWindow: {\n    trailing: `unbounded`,\n  },\n};```",
        "user": "U013J5CRRDW",
        "ts": "1597243890.008500",
        "team": "TC0C1HURK",
        "user_team": "TC0C1HURK",
        "source_team": "TC0C1HURK",
        "user_profile": {
            "avatar_hash": "759b4f7ce0bf",
            "image_72": "https:\/\/avatars.slack-edge.com\/2020-06-23\/1224215237280_759b4f7ce0bf4b291721_72.jpg",
            "first_name": "Alex",
            "real_name": "Alex Vasilev",
            "display_name": "Alex Vasilev",
            "team": "TC0C1HURK",
            "name": "vaspiring",
            "is_restricted": false,
            "is_ultra_restricted": false
        },
        "blocks": [
            {
                "type": "rich_text",
                "block_id": "lNPY",
                "elements": [
                    {
                        "type": "rich_text_section",
                        "elements": [
                            {
                                "type": "text",
                                "text": "hey "
                            },
                            {
                                "type": "user",
                                "user_id": "U018BQFBJTX"
                            },
                            {
                                "type": "text",
                                "text": "! What you want is\n\n"
                            }
                        ]
                    },
                    {
                        "type": "rich_text_preformatted",
                        "elements": [
                            {
                                "type": "text",
                                "text": "cumul: {\n  sql: `amount`,\n  type: `sum`,\n  drillMembers: [status, tracker, project, type],\n  rollingWindow: {\n    trailing: `unbounded`,\n  },\n};"
                            }
                        ]
                    }
                ]
            }
        ],
        "thread_ts": "1597241813.006500",
        "parent_user_id": "U018BQFBJTX"
    },
    {
        "client_msg_id": "023f8e92-baa0-4607-8554-3389e781c48b",
        "type": "message",
        "text": "Amazing that was it thanks ! It makes so much sense don't know why we were so bent up on running totals.. BTW Kudos on building this great software and open sourcing it !",
        "user": "U018BQFBJTX",
        "ts": "1597244133.008700",
        "team": "TC0C1HURK",
        "user_team": "TC0C1HURK",
        "source_team": "TC0C1HURK",
        "user_profile": {
            "avatar_hash": "g816c80847de",
            "image_72": "https:\/\/secure.gravatar.com\/avatar\/816c80847de57f99062d5981c1a9c6f8.jpg?s=72&d=https%3A%2F%2Fa.slack-edge.com%2Fdf10d%2Fimg%2Favatars%2Fava_0018-72.png",
            "first_name": "",
            "real_name": "Xoeseko",
            "display_name": "Xoeseko",
            "team": "TC0C1HURK",
            "name": "xoeseko",
            "is_restricted": false,
            "is_ultra_restricted": false
        },
        "blocks": [
            {
                "type": "rich_text",
                "block_id": "=cJ",
                "elements": [
                    {
                        "type": "rich_text_section",
                        "elements": [
                            {
                                "type": "text",
                                "text": "Amazing that was it thanks ! It makes so much sense don't know why we were so bent up on running totals.. BTW Kudos on building this great software and open sourcing it !"
                            }
                        ]
                    }
                ]
            }
        ],
        "thread_ts": "1597241813.006500",
        "parent_user_id": "U018BQFBJTX",
        "reactions": [
            {
                "name": "hugging_face",
                "users": [
                    "U013J5CRRDW",
                    "UC1HAFW4E"
                ],
                "count": 2
            }
        ]
    },
    {
        "client_msg_id": "845fd8b3-052c-41cc-854e-7a42872705fd",
        "type": "message",
        "text": "Hey <@UL55T8A72> :wave: The Cube Cloud could be used to debug\/profile cube instances. Let me DM you with more details about it.",
        "user": "UC1HAFW4E",
        "ts": "1597247741.009200",
        "team": "TC0C1HURK",
        "user_team": "TC0C1HURK",
        "source_team": "TC0C1HURK",
        "user_profile": {
            "avatar_hash": "ee7b69830a11",
            "image_72": "https:\/\/avatars.slack-edge.com\/2018-08-13\/414857329600_ee7b69830a119331e10e_72.jpg",
            "first_name": "Artyom",
            "real_name": "Artyom Keydunov",
            "display_name": "Artyom Keydunov",
            "team": "TC0C1HURK",
            "name": "artyom",
            "is_restricted": false,
            "is_ultra_restricted": false
        },
        "blocks": [
            {
                "type": "rich_text",
                "block_id": "gEi",
                "elements": [
                    {
                        "type": "rich_text_section",
                        "elements": [
                            {
                                "type": "text",
                                "text": "Hey "
                            },
                            {
                                "type": "user",
                                "user_id": "UL55T8A72"
                            },
                            {
                                "type": "text",
                                "text": " "
                            },
                            {
                                "type": "emoji",
                                "name": "wave"
                            },
                            {
                                "type": "text",
                                "text": " The Cube Cloud could be used to debug\/profile cube instances. Let me DM you with more details about it."
                            }
                        ]
                    }
                ]
            }
        ],
        "thread_ts": "1597243836.008400",
        "parent_user_id": "UL55T8A72",
        "reactions": [
            {
                "name": "+1",
                "users": [
                    "UL55T8A72"
                ],
                "count": 1
            }
        ]
    },
    {
        "client_msg_id": "36dffb08-091a-4776-b053-3ca2e8d07d45",
        "type": "message",
        "text": "Apologies, <@U013J5CRRDW> and team I've resolved this, was not aware the view in reference was within our connected db!",
        "user": "U018QDW4SAE",
        "ts": "1597248625.009500",
        "team": "TC0C1HURK",
        "user_team": "TC0C1HURK",
        "source_team": "TC0C1HURK",
        "user_profile": {
            "avatar_hash": "gfe02a41a7ab",
            "image_72": "https:\/\/secure.gravatar.com\/avatar\/fe02a41a7abcf29fa3fd93cfb7745e9a.jpg?s=72&d=https%3A%2F%2Fa.slack-edge.com%2Fdf10d%2Fimg%2Favatars%2Fava_0003-72.png",
            "first_name": "Cade",
            "real_name": "Cade Holmes",
            "display_name": "Cade Holmes",
            "team": "TC0C1HURK",
            "name": "cholmes",
            "is_restricted": false,
            "is_ultra_restricted": false
        },
        "blocks": [
            {
                "type": "rich_text",
                "block_id": "L7k2A",
                "elements": [
                    {
                        "type": "rich_text_section",
                        "elements": [
                            {
                                "type": "text",
                                "text": "Apologies, "
                            },
                            {
                                "type": "user",
                                "user_id": "U013J5CRRDW"
                            },
                            {
                                "type": "text",
                                "text": " and team I've resolved this, was not aware the view in reference was within our connected db!"
                            }
                        ]
                    }
                ]
            }
        ],
        "thread_ts": "1597241485.004100",
        "parent_user_id": "U018QDW4SAE"
    },
    {
        "client_msg_id": "7a7de377-75f2-486b-8a62-de4b833b7313",
        "type": "message",
        "text": "I have a simple cube that returns the sum of some values over a time period.\n```cube (`SampleValues`, {\n  sql: `select * from values_table`,\n  measures: {\n    total_val: {\n      type: `sum`,\n      sql: `value`\n    }\n  }, \n  dimensions: {\n    timestamp:{\n      type: `time`,\n      sql: `timestamp`\n    }\n  }\n})```\nI want to get the values both in a granular way (by day) as well as calculated over the whole period. For the first one, I can send the query like this:\n```{\n  \"measures\": [\n    \"SampleValues.total_val\"],\n  \"timeDimensions\": [\n    {\n      \"dimension\": \"SampleValues.timestamp\",\n      dateRange: ['2019-01-01', '2019-12-31'],\n      \"granularity\": \"day\"\n    }\n  ]\n}```\nAnd for the second one like this:\n```{\n  \"measures\": [\n    \"SampleValues.total_val\"],\n  \"timeDimensions\": [\n    {\n      \"dimension\": \"SampleValues.timestamp\",\n      dateRange: ['2019-01-01', '2019-12-31']    }\n  ]\n}```\nIs there a way to combine these two queries? Or send two queries in one API call?  I need to get the results just by making one API call.",
        "user": "UKSVBSG3U",
        "ts": "1597256532.011600",
        "team": "TC0C1HURK",
        "user_team": "TC0C1HURK",
        "source_team": "TC0C1HURK",
        "user_profile": {
            "avatar_hash": "gffa79e19021",
            "image_72": "https:\/\/secure.gravatar.com\/avatar\/1ffa79e19021dcbe22b9d5a47ad78e61.jpg?s=72&d=https%3A%2F%2Fa.slack-edge.com%2Fdf10d%2Fimg%2Favatars%2Fava_0004-72.png",
            "first_name": "Soheyl",
            "real_name": "Soheyl",
            "display_name": "Soheyl",
            "team": "TC0C1HURK",
            "name": "vakili",
            "is_restricted": false,
            "is_ultra_restricted": false
        },
        "edited": {
            "user": "UKSVBSG3U",
            "ts": "1597256617.000000"
        },
        "blocks": [
            {
                "type": "rich_text",
                "block_id": "xKY9s",
                "elements": [
                    {
                        "type": "rich_text_section",
                        "elements": [
                            {
                                "type": "text",
                                "text": "I have a simple cube that returns the sum of some values over a time period.\n"
                            }
                        ]
                    },
                    {
                        "type": "rich_text_preformatted",
                        "elements": [
                            {
                                "type": "text",
                                "text": "cube (`SampleValues`, {\n  sql: `select * from values_table`,\n  measures: {\n    total_val: {\n      type: `sum`,\n      sql: `value`\n    }\n  }, \n  dimensions: {\n    timestamp:{\n      type: `time`,\n      sql: `timestamp`\n    }\n  }\n})"
                            }
                        ]
                    },
                    {
                        "type": "rich_text_section",
                        "elements": [
                            {
                                "type": "text",
                                "text": "I want to get the values both in a granular way (by day) as well as calculated over the whole period. For the first one, I can send the query like this:\n"
                            }
                        ]
                    },
                    {
                        "type": "rich_text_preformatted",
                        "elements": [
                            {
                                "type": "text",
                                "text": "{\n  \"measures\": [\n    \"SampleValues.total_val\"],\n  \"timeDimensions\": [\n    {\n      \"dimension\": \"SampleValues.timestamp\",\n      dateRange: ['2019-01-01', '2019-12-31'],\n      \"granularity\": \"day\"\n    }\n  ]\n}"
                            }
                        ]
                    },
                    {
                        "type": "rich_text_section",
                        "elements": [
                            {
                                "type": "text",
                                "text": "And for the second one like this:\n"
                            }
                        ]
                    },
                    {
                        "type": "rich_text_preformatted",
                        "elements": [
                            {
                                "type": "text",
                                "text": "{\n  \"measures\": [\n    \"SampleValues.total_val\"],\n  \"timeDimensions\": [\n    {\n      \"dimension\": \"SampleValues.timestamp\",\n      dateRange: ['2019-01-01', '2019-12-31']    }\n  ]\n}"
                            }
                        ]
                    },
                    {
                        "type": "rich_text_section",
                        "elements": [
                            {
                                "type": "text",
                                "text": "Is there a way to combine these two queries? Or send two queries in one API call?  I need to get the results just by making one API call."
                            }
                        ]
                    }
                ]
            }
        ],
        "thread_ts": "1597256532.011600",
        "reply_count": 2,
        "reply_users_count": 2,
        "latest_reply": "1597357500.039100",
        "reply_users": [
            "U013J5CRRDW",
            "UKSVBSG3U"
        ],
        "replies": [
            {
                "user": "U013J5CRRDW",
                "ts": "1597326962.028700"
            },
            {
                "user": "UKSVBSG3U",
                "ts": "1597357500.039100"
            }
        ],
        "subscribed": false
    },
    {
        "type": "message",
        "subtype": "channel_join",
        "ts": "1597266360.012000",
        "user": "U018JTEF0CE",
        "text": "<@U018JTEF0CE> has joined the channel"
    },
    {
        "client_msg_id": "9b61ba14-d473-49ac-869f-5b5539051b8f",
        "type": "message",
        "text": "Good afternoon, is there a script\/way to generate a model view of configured cubes?",
        "user": "U018JTEF0CE",
        "ts": "1597266425.012700",
        "team": "TC0C1HURK",
        "user_team": "TC0C1HURK",
        "source_team": "TC0C1HURK",
        "user_profile": {
            "avatar_hash": "g2e6752bc24c",
            "image_72": "https:\/\/secure.gravatar.com\/avatar\/2e6752bc24c202a99cecd42465028dc1.jpg?s=72&d=https%3A%2F%2Fa.slack-edge.com%2Fdf10d%2Fimg%2Favatars%2Fava_0014-72.png",
            "first_name": "",
            "real_name": "Geoff Whittington",
            "display_name": "Geoff Whittington",
            "team": "TC0C1HURK",
            "name": "geoff669",
            "is_restricted": false,
            "is_ultra_restricted": false
        },
        "blocks": [
            {
                "type": "rich_text",
                "block_id": "YCeXW",
                "elements": [
                    {
                        "type": "rich_text_section",
                        "elements": [
                            {
                                "type": "text",
                                "text": "Good afternoon, is there a script\/way to generate a model view of configured cubes?"
                            }
                        ]
                    }
                ]
            }
        ],
        "thread_ts": "1597266425.012700",
        "reply_count": 5,
        "reply_users_count": 2,
        "latest_reply": "1597266935.016100",
        "reply_users": [
            "U018JTEF0CE",
            "UC1HAFW4E"
        ],
        "replies": [
            {
                "user": "U018JTEF0CE",
                "ts": "1597266509.013000"
            },
            {
                "user": "UC1HAFW4E",
                "ts": "1597266587.014100"
            },
            {
                "user": "U018JTEF0CE",
                "ts": "1597266680.015700"
            },
            {
                "user": "UC1HAFW4E",
                "ts": "1597266925.015900"
            },
            {
                "user": "U018JTEF0CE",
                "ts": "1597266935.016100"
            }
        ],
        "subscribed": true,
        "last_read": "1597266935.016100"
    },
    {
        "client_msg_id": "f9379a23-efea-4c97-b081-fd2456fbf9ac",
        "type": "message",
        "text": "I am looking at the Javascript files we have that describes our cubes, but I want a PDF or some other visual way of identifying the cubes outside of the app",
        "user": "U018JTEF0CE",
        "ts": "1597266509.013000",
        "team": "TC0C1HURK",
        "user_team": "TC0C1HURK",
        "source_team": "TC0C1HURK",
        "user_profile": {
            "avatar_hash": "g2e6752bc24c",
            "image_72": "https:\/\/secure.gravatar.com\/avatar\/2e6752bc24c202a99cecd42465028dc1.jpg?s=72&d=https%3A%2F%2Fa.slack-edge.com%2Fdf10d%2Fimg%2Favatars%2Fava_0014-72.png",
            "first_name": "",
            "real_name": "Geoff Whittington",
            "display_name": "Geoff Whittington",
            "team": "TC0C1HURK",
            "name": "geoff669",
            "is_restricted": false,
            "is_ultra_restricted": false
        },
        "blocks": [
            {
                "type": "rich_text",
                "block_id": "QdW2P",
                "elements": [
                    {
                        "type": "rich_text_section",
                        "elements": [
                            {
                                "type": "text",
                                "text": "I am looking at the Javascript files we have that describes our cubes, but I want a PDF or some other visual way of identifying the cubes outside of the app"
                            }
                        ]
                    }
                ]
            }
        ],
        "thread_ts": "1597266425.012700",
        "parent_user_id": "U018JTEF0CE"
    },
    {
        "client_msg_id": "ed86176f-9195-4b39-bc44-5f0737210f2b",
        "type": "message",
        "text": "Hey <@U018JTEF0CE>, that is one of the things we're working on to be a part of the Cube Cloud.",
        "user": "UC1HAFW4E",
        "ts": "1597266587.014100",
        "team": "TC0C1HURK",
        "user_team": "TC0C1HURK",
        "source_team": "TC0C1HURK",
        "user_profile": {
            "avatar_hash": "ee7b69830a11",
            "image_72": "https:\/\/avatars.slack-edge.com\/2018-08-13\/414857329600_ee7b69830a119331e10e_72.jpg",
            "first_name": "Artyom",
            "real_name": "Artyom Keydunov",
            "display_name": "Artyom Keydunov",
            "team": "TC0C1HURK",
            "name": "artyom",
            "is_restricted": false,
            "is_ultra_restricted": false
        },
        "blocks": [
            {
                "type": "rich_text",
                "block_id": "NzZXs",
                "elements": [
                    {
                        "type": "rich_text_section",
                        "elements": [
                            {
                                "type": "text",
                                "text": "Hey "
                            },
                            {
                                "type": "user",
                                "user_id": "U018JTEF0CE"
                            },
                            {
                                "type": "text",
                                "text": ", that is one of the things we're working on to be a part of the Cube Cloud."
                            }
                        ]
                    }
                ]
            }
        ],
        "thread_ts": "1597266425.012700",
        "parent_user_id": "U018JTEF0CE"
    },
    {
        "client_msg_id": "f8408286-c82e-46a4-a277-045093a15366",
        "type": "message",
        "text": "Ah nice. We're deploying CubeJS as part of our solution and therefore cannot use the Cloud, what approach would you recommend?",
        "user": "U018JTEF0CE",
        "ts": "1597266680.015700",
        "team": "TC0C1HURK",
        "user_team": "TC0C1HURK",
        "source_team": "TC0C1HURK",
        "user_profile": {
            "avatar_hash": "g2e6752bc24c",
            "image_72": "https:\/\/secure.gravatar.com\/avatar\/2e6752bc24c202a99cecd42465028dc1.jpg?s=72&d=https%3A%2F%2Fa.slack-edge.com%2Fdf10d%2Fimg%2Favatars%2Fava_0014-72.png",
            "first_name": "",
            "real_name": "Geoff Whittington",
            "display_name": "Geoff Whittington",
            "team": "TC0C1HURK",
            "name": "geoff669",
            "is_restricted": false,
            "is_ultra_restricted": false
        },
        "blocks": [
            {
                "type": "rich_text",
                "block_id": "iA\/VN",
                "elements": [
                    {
                        "type": "rich_text_section",
                        "elements": [
                            {
                                "type": "text",
                                "text": "Ah nice. We're deploying CubeJS as part of our solution and therefore cannot use the Cloud, what approach would you recommend?"
                            }
                        ]
                    }
                ]
            }
        ],
        "thread_ts": "1597266425.012700",
        "parent_user_id": "U018JTEF0CE"
    },
    {
        "client_msg_id": "5023e7dd-71fd-4a38-aab8-d6762ecd9113",
        "type": "message",
        "text": "Just answered in separate channel. It is possible to run Cube Cloud features on-prem, so it could be an option I believe.",
        "user": "UC1HAFW4E",
        "ts": "1597266925.015900",
        "team": "TC0C1HURK",
        "user_team": "TC0C1HURK",
        "source_team": "TC0C1HURK",
        "user_profile": {
            "avatar_hash": "ee7b69830a11",
            "image_72": "https:\/\/avatars.slack-edge.com\/2018-08-13\/414857329600_ee7b69830a119331e10e_72.jpg",
            "first_name": "Artyom",
            "real_name": "Artyom Keydunov",
            "display_name": "Artyom Keydunov",
            "team": "TC0C1HURK",
            "name": "artyom",
            "is_restricted": false,
            "is_ultra_restricted": false
        },
        "blocks": [
            {
                "type": "rich_text",
                "block_id": "Vsha",
                "elements": [
                    {
                        "type": "rich_text_section",
                        "elements": [
                            {
                                "type": "text",
                                "text": "Just answered in separate channel. It is possible to run Cube Cloud features on-prem, so it could be an option I believe."
                            }
                        ]
                    }
                ]
            }
        ],
        "thread_ts": "1597266425.012700",
        "parent_user_id": "U018JTEF0CE"
    },
    {
        "client_msg_id": "252e40b7-1c29-4210-b154-87cc4c942c34",
        "type": "message",
        "text": "Yes, thank-you",
        "user": "U018JTEF0CE",
        "ts": "1597266935.016100",
        "team": "TC0C1HURK",
        "user_team": "TC0C1HURK",
        "source_team": "TC0C1HURK",
        "user_profile": {
            "avatar_hash": "g2e6752bc24c",
            "image_72": "https:\/\/secure.gravatar.com\/avatar\/2e6752bc24c202a99cecd42465028dc1.jpg?s=72&d=https%3A%2F%2Fa.slack-edge.com%2Fdf10d%2Fimg%2Favatars%2Fava_0014-72.png",
            "first_name": "",
            "real_name": "Geoff Whittington",
            "display_name": "Geoff Whittington",
            "team": "TC0C1HURK",
            "name": "geoff669",
            "is_restricted": false,
            "is_ultra_restricted": false
        },
        "blocks": [
            {
                "type": "rich_text",
                "block_id": "jaBUg",
                "elements": [
                    {
                        "type": "rich_text_section",
                        "elements": [
                            {
                                "type": "text",
                                "text": "Yes, thank-you"
                            }
                        ]
                    }
                ]
            }
        ],
        "thread_ts": "1597266425.012700",
        "parent_user_id": "U018JTEF0CE"
    },
    {
        "type": "message",
        "subtype": "channel_join",
        "ts": "1597272102.016400",
        "user": "U018GGUN0DU",
        "text": "<@U018GGUN0DU> has joined the channel"
    },
    {
        "client_msg_id": "62c92012-42e9-4f43-af8e-130219c195c3",
        "type": "message",
        "text": "It looks like it never created the SNS topic",
        "user": "U017RAB4U3E",
        "ts": "1597299118.021900",
        "team": "TC0C1HURK",
        "user_team": "TC0C1HURK",
        "source_team": "TC0C1HURK",
        "user_profile": {
            "avatar_hash": "ga1a157d4722",
            "image_72": "https:\/\/secure.gravatar.com\/avatar\/a1a157d4722fab122774f1be07139e31.jpg?s=72&d=https%3A%2F%2Fa.slack-edge.com%2Fdf10d%2Fimg%2Favatars%2Fava_0010-72.png",
            "first_name": "",
            "real_name": "Mark Watson",
            "display_name": "Mark Watson",
            "team": "TC0C1HURK",
            "name": "mkw5053",
            "is_restricted": false,
            "is_ultra_restricted": false
        },
        "blocks": [
            {
                "type": "rich_text",
                "block_id": "V95zs",
                "elements": [
                    {
                        "type": "rich_text_section",
                        "elements": [
                            {
                                "type": "text",
                                "text": "It looks like it never created the SNS topic"
                            }
                        ]
                    }
                ]
            }
        ]
    },
    {
        "client_msg_id": "b3a4caa4-5ec8-4adc-a6be-0f718f95f54a",
        "type": "message",
        "text": "I had to blow away every and redeploy the cloudformation template",
        "user": "U017RAB4U3E",
        "ts": "1597301372.022400",
        "team": "TC0C1HURK",
        "user_team": "TC0C1HURK",
        "source_team": "TC0C1HURK",
        "user_profile": {
            "avatar_hash": "ga1a157d4722",
            "image_72": "https:\/\/secure.gravatar.com\/avatar\/a1a157d4722fab122774f1be07139e31.jpg?s=72&d=https%3A%2F%2Fa.slack-edge.com%2Fdf10d%2Fimg%2Favatars%2Fava_0010-72.png",
            "first_name": "",
            "real_name": "Mark Watson",
            "display_name": "Mark Watson",
            "team": "TC0C1HURK",
            "name": "mkw5053",
            "is_restricted": false,
            "is_ultra_restricted": false
        },
        "blocks": [
            {
                "type": "rich_text",
                "block_id": "cfC\/",
                "elements": [
                    {
                        "type": "rich_text_section",
                        "elements": [
                            {
                                "type": "text",
                                "text": "I had to blow away every and redeploy the cloudformation template"
                            }
                        ]
                    }
                ]
            }
        ]
    },
    {
        "client_msg_id": "4b92b044-8906-47bd-9333-5ae418d2bd1c",
        "type": "message",
        "text": "In order to get the SNS topic set up correctly",
        "user": "U017RAB4U3E",
        "ts": "1597301382.022900",
        "team": "TC0C1HURK",
        "user_team": "TC0C1HURK",
        "source_team": "TC0C1HURK",
        "user_profile": {
            "avatar_hash": "ga1a157d4722",
            "image_72": "https:\/\/secure.gravatar.com\/avatar\/a1a157d4722fab122774f1be07139e31.jpg?s=72&d=https%3A%2F%2Fa.slack-edge.com%2Fdf10d%2Fimg%2Favatars%2Fava_0010-72.png",
            "first_name": "",
            "real_name": "Mark Watson",
            "display_name": "Mark Watson",
            "team": "TC0C1HURK",
            "name": "mkw5053",
            "is_restricted": false,
            "is_ultra_restricted": false
        },
        "blocks": [
            {
                "type": "rich_text",
                "block_id": "VoMxk",
                "elements": [
                    {
                        "type": "rich_text_section",
                        "elements": [
                            {
                                "type": "text",
                                "text": "In order to get the SNS topic set up correctly"
                            }
                        ]
                    }
                ]
            }
        ]
    }
]