[
    {
        "type": "message",
        "subtype": "channel_join",
        "ts": "1593588751.330800",
        "user": "U016C49FNPL",
        "text": "<@U016C49FNPL> has joined the channel"
    },
    {
        "client_msg_id": "1f13795c-8c15-4a00-81b6-d70f4ba0a30c",
        "type": "message",
        "text": "<@UC19HAUAK> Do you know whether it's possible to run Cube.js on AWS with HTTP APIs instead of REST APIs in API GW?",
        "user": "U012CP32EEB",
        "ts": "1593589044.332000",
        "team": "TC0C1HURK",
        "user_team": "TC0C1HURK",
        "source_team": "TC0C1HURK",
        "user_profile": {
            "avatar_hash": "g2e8dbd00857",
            "image_72": "https:\/\/secure.gravatar.com\/avatar\/2e8dbd0085704773a8a21d802a222bd1.jpg?s=72&d=https%3A%2F%2Fa.slack-edge.com%2Fdf10d%2Fimg%2Favatars%2Fava_0002-72.png",
            "first_name": "",
            "real_name": "TobiLG",
            "display_name": "TobiLG",
            "team": "TC0C1HURK",
            "name": "tobilg",
            "is_restricted": false,
            "is_ultra_restricted": false
        },
        "blocks": [
            {
                "type": "rich_text",
                "block_id": "Shi",
                "elements": [
                    {
                        "type": "rich_text_section",
                        "elements": [
                            {
                                "type": "user",
                                "user_id": "UC19HAUAK"
                            },
                            {
                                "type": "text",
                                "text": " Do you know whether it's possible to run Cube.js on AWS with HTTP APIs instead of REST APIs in API GW?"
                            }
                        ]
                    }
                ]
            }
        ],
        "thread_ts": "1593589044.332000",
        "reply_count": 1,
        "reply_users_count": 1,
        "latest_reply": "1593595284.332200",
        "reply_users": [
            "U012CP32EEB"
        ],
        "replies": [
            {
                "user": "U012CP32EEB",
                "ts": "1593595284.332200"
            }
        ],
        "subscribed": false
    },
    {
        "type": "message",
        "subtype": "channel_join",
        "ts": "1593592215.332100",
        "user": "U016QHN9F7B",
        "text": "<@U016QHN9F7B> has joined the channel"
    },
    {
        "client_msg_id": "67b65bec-39c9-4564-88d3-f799334795f6",
        "type": "message",
        "text": "Nervermind, it works",
        "user": "U012CP32EEB",
        "ts": "1593595284.332200",
        "team": "TC0C1HURK",
        "user_team": "TC0C1HURK",
        "source_team": "TC0C1HURK",
        "user_profile": {
            "avatar_hash": "g2e8dbd00857",
            "image_72": "https:\/\/secure.gravatar.com\/avatar\/2e8dbd0085704773a8a21d802a222bd1.jpg?s=72&d=https%3A%2F%2Fa.slack-edge.com%2Fdf10d%2Fimg%2Favatars%2Fava_0002-72.png",
            "first_name": "",
            "real_name": "TobiLG",
            "display_name": "TobiLG",
            "team": "TC0C1HURK",
            "name": "tobilg",
            "is_restricted": false,
            "is_ultra_restricted": false
        },
        "blocks": [
            {
                "type": "rich_text",
                "block_id": "q5m",
                "elements": [
                    {
                        "type": "rich_text_section",
                        "elements": [
                            {
                                "type": "text",
                                "text": "Nervermind, it works"
                            }
                        ]
                    }
                ]
            }
        ],
        "thread_ts": "1593589044.332000",
        "parent_user_id": "U012CP32EEB",
        "reactions": [
            {
                "name": "+1",
                "users": [
                    "UC19HAUAK"
                ],
                "count": 1
            }
        ]
    },
    {
        "type": "message",
        "subtype": "channel_join",
        "ts": "1593597735.332500",
        "user": "U01727MQN56",
        "text": "<@U01727MQN56> has joined the channel"
    },
    {
        "type": "message",
        "subtype": "channel_join",
        "ts": "1593600149.332700",
        "user": "U016JKT2E76",
        "text": "<@U016JKT2E76> has joined the channel"
    },
    {
        "client_msg_id": "09fe7a77-bd43-4bc8-9fd6-e67d4673b9c4",
        "type": "message",
        "text": "hi <@U016AC190DT>! Are there any errors? Could you maybe also share the code?",
        "user": "U013J5CRRDW",
        "ts": "1593610004.332800",
        "team": "TC0C1HURK",
        "user_team": "TC0C1HURK",
        "source_team": "TC0C1HURK",
        "user_profile": {
            "avatar_hash": "759b4f7ce0bf",
            "image_72": "https:\/\/avatars.slack-edge.com\/2020-06-23\/1224215237280_759b4f7ce0bf4b291721_72.jpg",
            "first_name": "Alex",
            "real_name": "Alex Vasilev",
            "display_name": "Alex Vasilev",
            "team": "TC0C1HURK",
            "name": "vaspiring",
            "is_restricted": false,
            "is_ultra_restricted": false
        },
        "blocks": [
            {
                "type": "rich_text",
                "block_id": "L18T",
                "elements": [
                    {
                        "type": "rich_text_section",
                        "elements": [
                            {
                                "type": "text",
                                "text": "hi "
                            },
                            {
                                "type": "user",
                                "user_id": "U016AC190DT"
                            },
                            {
                                "type": "text",
                                "text": "! Are there any errors? Could you maybe also share the code?"
                            }
                        ]
                    }
                ]
            }
        ],
        "thread_ts": "1593580943.329100",
        "parent_user_id": "U016AC190DT"
    },
    {
        "type": "message",
        "subtype": "channel_join",
        "ts": "1593615796.333100",
        "user": "U016D1WU0KU",
        "text": "<@U016D1WU0KU> has joined the channel"
    },
    {
        "client_msg_id": "4a086493-aded-4a27-b807-3c88c03ac551",
        "type": "message",
        "text": "<@UC19HAUAK> we're trying to add a new `Dimension Parameter` \"`Grouping : true`\" for some new logic we are wanting to add and when we go to compile we get an error \"`Compile errors: Property cube: child \"dimensions\" fails because [child \"Area\" fails because [child \"case\" fails because [\"case\" is required], \"sql\" is not allowed, \"Grouping\" is not allowed, \"Grouping\" is not allowed]] at...`\" and would like to know how we can add json properties to dimensions and\/or measures?",
        "user": "USVSWVBD4",
        "ts": "1593618113.337300",
        "team": "TC0C1HURK",
        "user_team": "TC0C1HURK",
        "source_team": "TC0C1HURK",
        "user_profile": {
            "avatar_hash": "gf75c8850714",
            "image_72": "https:\/\/secure.gravatar.com\/avatar\/f75c8850714fbc4f946bb6425d4dd769.jpg?s=72&d=https%3A%2F%2Fa.slack-edge.com%2Fdf10d%2Fimg%2Favatars%2Fava_0012-72.png",
            "first_name": "",
            "real_name": "Shawn W",
            "display_name": "Shawn W",
            "team": "TC0C1HURK",
            "name": "srcwhitaker",
            "is_restricted": false,
            "is_ultra_restricted": false
        },
        "blocks": [
            {
                "type": "rich_text",
                "block_id": "uc1h0",
                "elements": [
                    {
                        "type": "rich_text_section",
                        "elements": [
                            {
                                "type": "user",
                                "user_id": "UC19HAUAK"
                            },
                            {
                                "type": "text",
                                "text": " we're trying to add a new "
                            },
                            {
                                "type": "text",
                                "text": "Dimension Parameter",
                                "style": {
                                    "code": true
                                }
                            },
                            {
                                "type": "text",
                                "text": " \""
                            },
                            {
                                "type": "text",
                                "text": "Grouping : true",
                                "style": {
                                    "code": true
                                }
                            },
                            {
                                "type": "text",
                                "text": "\" for some new logic we are wanting to add and when we go to compile we get an error \""
                            },
                            {
                                "type": "text",
                                "text": "Compile errors: Property cube: child \"dimensions\" fails because [child \"Area\" fails because [child \"case\" fails because [\"case\" is required], \"sql\" is not allowed, \"Grouping\" is not allowed, \"Grouping\" is not allowed]] at...",
                                "style": {
                                    "code": true
                                }
                            },
                            {
                                "type": "text",
                                "text": "\" and would like to know how we can add json properties to dimensions and\/or measures?"
                            }
                        ]
                    }
                ]
            }
        ],
        "thread_ts": "1593618113.337300",
        "reply_count": 1,
        "reply_users_count": 1,
        "latest_reply": "1593631796.341600",
        "reply_users": [
            "UC19HAUAK"
        ],
        "replies": [
            {
                "user": "UC19HAUAK",
                "ts": "1593631796.341600"
            }
        ],
        "subscribed": false
    },
    {
        "client_msg_id": "de2abe73-b42a-403f-96ed-11f0329a35a7",
        "type": "message",
        "text": "Another question: How can I configure the external pre-aggregations when running on Lambda\/Athena\/Aurora Serverless? The docs (<https:\/\/cube.dev\/docs\/caching#pre-aggregations>) don't really mention how to configure external rollups. I found <https:\/\/cube.dev\/blog\/when-mysql-is-faster-than-bigquery\/> though, but I'm not sure what to change in the Lambda... CC <@UC19HAUAK>",
        "user": "U012CP32EEB",
        "ts": "1593624368.339600",
        "team": "TC0C1HURK",
        "user_team": "TC0C1HURK",
        "source_team": "TC0C1HURK",
        "user_profile": {
            "avatar_hash": "g2e8dbd00857",
            "image_72": "https:\/\/secure.gravatar.com\/avatar\/2e8dbd0085704773a8a21d802a222bd1.jpg?s=72&d=https%3A%2F%2Fa.slack-edge.com%2Fdf10d%2Fimg%2Favatars%2Fava_0002-72.png",
            "first_name": "",
            "real_name": "TobiLG",
            "display_name": "TobiLG",
            "team": "TC0C1HURK",
            "name": "tobilg",
            "is_restricted": false,
            "is_ultra_restricted": false
        },
        "edited": {
            "user": "U012CP32EEB",
            "ts": "1593624379.000000"
        },
        "blocks": [
            {
                "type": "rich_text",
                "block_id": "Ev\/o",
                "elements": [
                    {
                        "type": "rich_text_section",
                        "elements": [
                            {
                                "type": "text",
                                "text": "Another question: How can I configure the external pre-aggregations when running on Lambda\/Athena\/Aurora Serverless? The docs ("
                            },
                            {
                                "type": "link",
                                "url": "https:\/\/cube.dev\/docs\/caching#pre-aggregations"
                            },
                            {
                                "type": "text",
                                "text": ") don't really mention how to configure external rollups. I found "
                            },
                            {
                                "type": "link",
                                "url": "https:\/\/cube.dev\/blog\/when-mysql-is-faster-than-bigquery\/"
                            },
                            {
                                "type": "text",
                                "text": " though, but I'm not sure what to change in the Lambda... CC "
                            },
                            {
                                "type": "user",
                                "user_id": "UC19HAUAK"
                            }
                        ]
                    }
                ]
            }
        ],
        "thread_ts": "1593624368.339600",
        "reply_count": 5,
        "reply_users_count": 3,
        "latest_reply": "1593676516.345200",
        "reply_users": [
            "UQHJXP9D0",
            "UC19HAUAK",
            "U012CP32EEB"
        ],
        "replies": [
            {
                "user": "UQHJXP9D0",
                "ts": "1593628845.341200"
            },
            {
                "user": "UC19HAUAK",
                "ts": "1593631962.342300"
            },
            {
                "user": "U012CP32EEB",
                "ts": "1593633254.342900"
            },
            {
                "user": "U012CP32EEB",
                "ts": "1593676136.344900"
            },
            {
                "user": "U012CP32EEB",
                "ts": "1593676516.345200"
            }
        ],
        "subscribed": false
    },
    {
        "type": "message",
        "subtype": "channel_join",
        "ts": "1593627715.340000",
        "user": "U0166QJJ630",
        "text": "<@U0166QJJ630> has joined the channel"
    },
    {
        "client_msg_id": "988b4e55-2c9a-499a-83e4-023b50ae8178",
        "type": "message",
        "text": "How can I send you my data by Url and not by database, that is, by means of a service. and from there I can get the graphs of cube.js",
        "user": "U0166QJJ630",
        "ts": "1593628001.341100",
        "team": "TC0C1HURK",
        "user_team": "TC0C1HURK",
        "source_team": "TC0C1HURK",
        "user_profile": {
            "avatar_hash": "g5f07362bb4d",
            "image_72": "https:\/\/secure.gravatar.com\/avatar\/5f07362bb4d1e7f77bb599c1cb16c1bb.jpg?s=72&d=https%3A%2F%2Fa.slack-edge.com%2Fdf10d%2Fimg%2Favatars%2Fava_0018-72.png",
            "first_name": "",
            "real_name": "Johanna",
            "display_name": "Johanna",
            "team": "TC0C1HURK",
            "name": "jhoanna_19110",
            "is_restricted": false,
            "is_ultra_restricted": false
        },
        "blocks": [
            {
                "type": "rich_text",
                "block_id": "Qmg",
                "elements": [
                    {
                        "type": "rich_text_section",
                        "elements": [
                            {
                                "type": "text",
                                "text": "How can I send you my data by Url and not by database, that is, by means of a service. and from there I can get the graphs of cube.js"
                            }
                        ]
                    }
                ]
            }
        ],
        "thread_ts": "1593628001.341100",
        "reply_count": 3,
        "reply_users_count": 2,
        "latest_reply": "1593639194.343800",
        "reply_users": [
            "UC19HAUAK",
            "U0166QJJ630"
        ],
        "replies": [
            {
                "user": "UC19HAUAK",
                "ts": "1593631916.342000"
            },
            {
                "user": "U0166QJJ630",
                "ts": "1593639120.343600"
            },
            {
                "user": "U0166QJJ630",
                "ts": "1593639194.343800"
            }
        ],
        "subscribed": false
    },
    {
        "client_msg_id": "5b0285fa-f2a0-4a82-bc25-6ab06e2887ad",
        "type": "message",
        "text": "You need to setup a cron job to hit the REST endpoint that can trigger it: <https:\/\/cube.dev\/docs\/rest-api#api-reference-v-1-run-scheduled-refresh>",
        "user": "UQHJXP9D0",
        "ts": "1593628845.341200",
        "team": "TC0C1HURK",
        "user_team": "TC0C1HURK",
        "source_team": "TC0C1HURK",
        "user_profile": {
            "avatar_hash": "g170fdf63963",
            "image_72": "https:\/\/secure.gravatar.com\/avatar\/170fdf63963c811262a9add882baf9f3.jpg?s=72&d=https%3A%2F%2Fa.slack-edge.com%2Fdf10d%2Fimg%2Favatars%2Fava_0018-72.png",
            "first_name": "",
            "real_name": "David Vins",
            "display_name": "David Vins",
            "team": "TC0C1HURK",
            "name": "david.vins",
            "is_restricted": false,
            "is_ultra_restricted": false
        },
        "blocks": [
            {
                "type": "rich_text",
                "block_id": "zfO",
                "elements": [
                    {
                        "type": "rich_text_section",
                        "elements": [
                            {
                                "type": "text",
                                "text": "You need to setup a cron job to hit the REST endpoint that can trigger it: "
                            },
                            {
                                "type": "link",
                                "url": "https:\/\/cube.dev\/docs\/rest-api#api-reference-v-1-run-scheduled-refresh"
                            }
                        ]
                    }
                ]
            }
        ],
        "thread_ts": "1593624368.339600",
        "parent_user_id": "U012CP32EEB",
        "reactions": [
            {
                "name": "+1",
                "users": [
                    "UC19HAUAK",
                    "U012CP32EEB"
                ],
                "count": 2
            }
        ]
    },
    {
        "type": "message",
        "subtype": "channel_join",
        "ts": "1593629088.341500",
        "user": "U016DJBF9NE",
        "text": "<@U016DJBF9NE> has joined the channel"
    },
    {
        "client_msg_id": "583f07ea-57d0-43f5-95e9-7025fb2ea8e7",
        "type": "message",
        "text": "You can use metadata parameter for that <https:\/\/github.com\/cube-js\/cube.js\/issues\/625>. cc <@U013J5CRRDW> we need to add this to the docs.",
        "user": "UC19HAUAK",
        "ts": "1593631796.341600",
        "team": "TC0C1HURK",
        "user_team": "TC0C1HURK",
        "source_team": "TC0C1HURK",
        "user_profile": {
            "avatar_hash": "066a042e018c",
            "image_72": "https:\/\/avatars.slack-edge.com\/2019-12-07\/866588520998_066a042e018ca831a195_72.png",
            "first_name": "Pavel",
            "real_name": "Pavel Tiunov",
            "display_name": "pavel",
            "team": "TC0C1HURK",
            "name": "pavel",
            "is_restricted": false,
            "is_ultra_restricted": false
        },
        "attachments": [
            {
                "service_name": "GitHub",
                "title": "Feature: metadata with the measure\/dimension · Issue #625 · cube-js\/cube.js",
                "title_link": "https:\/\/github.com\/cube-js\/cube.js\/issues\/625",
                "text": "Is your feature request related to a problem? Please describe. I have some similar dimensions which want to group by the subsection and create the view for this in the UI. Describe the solution you...",
                "fallback": "GitHub: Feature: metadata with the measure\/dimension · Issue #625 · cube-js\/cube.js",
                "from_url": "https:\/\/github.com\/cube-js\/cube.js\/issues\/625",
                "thumb_url": "https:\/\/repository-images.githubusercontent.com\/149026292\/33deb000-42b4-11ea-8f24-e112f465ddf1",
                "thumb_width": 658,
                "thumb_height": 250,
                "service_icon": "https:\/\/a.slack-edge.com\/80588\/img\/unfurl_icons\/github.png",
                "id": 1,
                "original_url": "https:\/\/github.com\/cube-js\/cube.js\/issues\/625"
            }
        ],
        "blocks": [
            {
                "type": "rich_text",
                "block_id": "0XR4r",
                "elements": [
                    {
                        "type": "rich_text_section",
                        "elements": [
                            {
                                "type": "text",
                                "text": "You can use metadata parameter for that "
                            },
                            {
                                "type": "link",
                                "url": "https:\/\/github.com\/cube-js\/cube.js\/issues\/625"
                            },
                            {
                                "type": "text",
                                "text": ". cc "
                            },
                            {
                                "type": "user",
                                "user_id": "U013J5CRRDW"
                            },
                            {
                                "type": "text",
                                "text": " we need to add this to the docs."
                            }
                        ]
                    }
                ]
            }
        ],
        "thread_ts": "1593618113.337300",
        "parent_user_id": "USVSWVBD4"
    },
    {
        "client_msg_id": "f5400125-eec1-4cc1-8c9d-3a0be0f835ae",
        "type": "message",
        "text": "Hey <@U0166QJJ630>! Do you mean something like REST API?",
        "user": "UC19HAUAK",
        "ts": "1593631916.342000",
        "team": "TC0C1HURK",
        "user_team": "TC0C1HURK",
        "source_team": "TC0C1HURK",
        "user_profile": {
            "avatar_hash": "066a042e018c",
            "image_72": "https:\/\/avatars.slack-edge.com\/2019-12-07\/866588520998_066a042e018ca831a195_72.png",
            "first_name": "Pavel",
            "real_name": "Pavel Tiunov",
            "display_name": "pavel",
            "team": "TC0C1HURK",
            "name": "pavel",
            "is_restricted": false,
            "is_ultra_restricted": false
        },
        "blocks": [
            {
                "type": "rich_text",
                "block_id": "bwv",
                "elements": [
                    {
                        "type": "rich_text_section",
                        "elements": [
                            {
                                "type": "text",
                                "text": "Hey "
                            },
                            {
                                "type": "user",
                                "user_id": "U0166QJJ630"
                            },
                            {
                                "type": "text",
                                "text": "! Do you mean something like REST API?"
                            }
                        ]
                    }
                ]
            }
        ],
        "thread_ts": "1593628001.341100",
        "parent_user_id": "U0166QJJ630"
    },
    {
        "client_msg_id": "705e46ce-335d-40e2-890b-af7d20a40df6",
        "type": "message",
        "text": "<@U012CP32EEB> I believe you're also looking for this one: <https:\/\/cube.dev\/docs\/deployment#serverless-passing-server-core-options-for-serverless>",
        "user": "UC19HAUAK",
        "ts": "1593631962.342300",
        "team": "TC0C1HURK",
        "user_team": "TC0C1HURK",
        "source_team": "TC0C1HURK",
        "user_profile": {
            "avatar_hash": "066a042e018c",
            "image_72": "https:\/\/avatars.slack-edge.com\/2019-12-07\/866588520998_066a042e018ca831a195_72.png",
            "first_name": "Pavel",
            "real_name": "Pavel Tiunov",
            "display_name": "pavel",
            "team": "TC0C1HURK",
            "name": "pavel",
            "is_restricted": false,
            "is_ultra_restricted": false
        },
        "blocks": [
            {
                "type": "rich_text",
                "block_id": "YSZx",
                "elements": [
                    {
                        "type": "rich_text_section",
                        "elements": [
                            {
                                "type": "user",
                                "user_id": "U012CP32EEB"
                            },
                            {
                                "type": "text",
                                "text": " I believe you're also looking for this one: "
                            },
                            {
                                "type": "link",
                                "url": "https:\/\/cube.dev\/docs\/deployment#serverless-passing-server-core-options-for-serverless"
                            }
                        ]
                    }
                ]
            }
        ],
        "thread_ts": "1593624368.339600",
        "parent_user_id": "U012CP32EEB",
        "reactions": [
            {
                "name": "heart",
                "users": [
                    "U012CP32EEB"
                ],
                "count": 1
            }
        ]
    },
    {
        "client_msg_id": "06ef1759-e71e-4b7d-b586-25ebc61394da",
        "type": "message",
        "text": "<@U0166P8N81H> Do you want to create `avg`, `sum`, `min`, `max` measure for each dimension? If this is the question then schema generation is still way to go. Your query builder UI should be custom in this case though.",
        "user": "UC19HAUAK",
        "ts": "1593632034.342500",
        "team": "TC0C1HURK",
        "user_team": "TC0C1HURK",
        "source_team": "TC0C1HURK",
        "user_profile": {
            "avatar_hash": "066a042e018c",
            "image_72": "https:\/\/avatars.slack-edge.com\/2019-12-07\/866588520998_066a042e018ca831a195_72.png",
            "first_name": "Pavel",
            "real_name": "Pavel Tiunov",
            "display_name": "pavel",
            "team": "TC0C1HURK",
            "name": "pavel",
            "is_restricted": false,
            "is_ultra_restricted": false
        },
        "edited": {
            "user": "UC19HAUAK",
            "ts": "1593632087.000000"
        },
        "blocks": [
            {
                "type": "rich_text",
                "block_id": "G+E",
                "elements": [
                    {
                        "type": "rich_text_section",
                        "elements": [
                            {
                                "type": "user",
                                "user_id": "U0166P8N81H"
                            },
                            {
                                "type": "text",
                                "text": " Do you want to create "
                            },
                            {
                                "type": "text",
                                "text": "avg",
                                "style": {
                                    "code": true
                                }
                            },
                            {
                                "type": "text",
                                "text": ", "
                            },
                            {
                                "type": "text",
                                "text": "sum",
                                "style": {
                                    "code": true
                                }
                            },
                            {
                                "type": "text",
                                "text": ", "
                            },
                            {
                                "type": "text",
                                "text": "min",
                                "style": {
                                    "code": true
                                }
                            },
                            {
                                "type": "text",
                                "text": ", "
                            },
                            {
                                "type": "text",
                                "text": "max",
                                "style": {
                                    "code": true
                                }
                            },
                            {
                                "type": "text",
                                "text": " measure for each dimension? If this is the question then schema generation is still way to go. Your query builder UI should be custom in this case though."
                            }
                        ]
                    }
                ]
            }
        ],
        "thread_ts": "1593558850.324100",
        "parent_user_id": "U0166P8N81H"
    },
    {
        "client_msg_id": "b8bdb7b6-a14b-4ca3-9f4e-db1bdbea5134",
        "type": "message",
        "text": "Thanks <@UC19HAUAK>! I got it running, but now I'm facing a `ER_ACCESS_DENIED_ERROR: Access denied` error. SecurityGroup looks fine though, still searching",
        "user": "U012CP32EEB",
        "ts": "1593633254.342900",
        "team": "TC0C1HURK",
        "user_team": "TC0C1HURK",
        "source_team": "TC0C1HURK",
        "user_profile": {
            "avatar_hash": "g2e8dbd00857",
            "image_72": "https:\/\/secure.gravatar.com\/avatar\/2e8dbd0085704773a8a21d802a222bd1.jpg?s=72&d=https%3A%2F%2Fa.slack-edge.com%2Fdf10d%2Fimg%2Favatars%2Fava_0002-72.png",
            "first_name": "",
            "real_name": "TobiLG",
            "display_name": "TobiLG",
            "team": "TC0C1HURK",
            "name": "tobilg",
            "is_restricted": false,
            "is_ultra_restricted": false
        },
        "blocks": [
            {
                "type": "rich_text",
                "block_id": "gyR1",
                "elements": [
                    {
                        "type": "rich_text_section",
                        "elements": [
                            {
                                "type": "text",
                                "text": "Thanks "
                            },
                            {
                                "type": "user",
                                "user_id": "UC19HAUAK"
                            },
                            {
                                "type": "text",
                                "text": "! I got it running, but now I'm facing a "
                            },
                            {
                                "type": "text",
                                "text": "ER_ACCESS_DENIED_ERROR: Access denied",
                                "style": {
                                    "code": true
                                }
                            },
                            {
                                "type": "text",
                                "text": " error. SecurityGroup looks fine though, still searching"
                            }
                        ]
                    }
                ]
            }
        ],
        "thread_ts": "1593624368.339600",
        "parent_user_id": "U012CP32EEB"
    },
    {
        "client_msg_id": "5932e6cb-b3bd-4e5e-aedc-00241908797e",
        "type": "message",
        "text": "Yep that's it, makes sense, thanks!",
        "user": "U0166P8N81H",
        "ts": "1593637807.343200",
        "team": "TC0C1HURK",
        "user_team": "TC0C1HURK",
        "source_team": "TC0C1HURK",
        "user_profile": {
            "avatar_hash": "g53b4068e248",
            "image_72": "https:\/\/secure.gravatar.com\/avatar\/53b4068e248d55be677dbc7b1ec78efe.jpg?s=72&d=https%3A%2F%2Fa.slack-edge.com%2Fdf10d%2Fimg%2Favatars%2Fava_0024-72.png",
            "first_name": "",
            "real_name": "Ivan P",
            "display_name": "Ivan P",
            "team": "TC0C1HURK",
            "name": "ivan507",
            "is_restricted": false,
            "is_ultra_restricted": false
        },
        "blocks": [
            {
                "type": "rich_text",
                "block_id": "v+hV",
                "elements": [
                    {
                        "type": "rich_text_section",
                        "elements": [
                            {
                                "type": "text",
                                "text": "Yep that's it, makes sense, thanks!"
                            }
                        ]
                    }
                ]
            }
        ],
        "thread_ts": "1593558850.324100",
        "parent_user_id": "U0166P8N81H",
        "reactions": [
            {
                "name": "raised_hands",
                "users": [
                    "UC19HAUAK"
                ],
                "count": 1
            }
        ]
    },
    {
        "type": "message",
        "subtype": "channel_join",
        "ts": "1593639092.343500",
        "user": "U015Z6ETM2T",
        "text": "<@U015Z6ETM2T> has joined the channel"
    },
    {
        "client_msg_id": "4fb8dcad-84a3-48bb-a3d1-514c4bd3e574",
        "type": "message",
        "text": "Por ejemplo tengo esta URL: <https:\/\/jsonplaceholder.typicode.com\/posts>",
        "user": "U0166QJJ630",
        "ts": "1593639120.343600",
        "team": "TC0C1HURK",
        "user_team": "TC0C1HURK",
        "source_team": "TC0C1HURK",
        "user_profile": {
            "avatar_hash": "g5f07362bb4d",
            "image_72": "https:\/\/secure.gravatar.com\/avatar\/5f07362bb4d1e7f77bb599c1cb16c1bb.jpg?s=72&d=https%3A%2F%2Fa.slack-edge.com%2Fdf10d%2Fimg%2Favatars%2Fava_0018-72.png",
            "first_name": "",
            "real_name": "Johanna",
            "display_name": "Johanna",
            "team": "TC0C1HURK",
            "name": "jhoanna_19110",
            "is_restricted": false,
            "is_ultra_restricted": false
        },
        "blocks": [
            {
                "type": "rich_text",
                "block_id": "dYJ",
                "elements": [
                    {
                        "type": "rich_text_section",
                        "elements": [
                            {
                                "type": "text",
                                "text": "Por ejemplo tengo esta URL: "
                            },
                            {
                                "type": "link",
                                "url": "https:\/\/jsonplaceholder.typicode.com\/posts"
                            }
                        ]
                    }
                ]
            }
        ],
        "thread_ts": "1593628001.341100",
        "parent_user_id": "U0166QJJ630"
    },
    {
        "client_msg_id": "0938ff76-a99d-4741-9d67-8085c38fa690",
        "type": "message",
        "text": "How do I send it and generate the data to use it with cube.js",
        "user": "U0166QJJ630",
        "ts": "1593639194.343800",
        "team": "TC0C1HURK",
        "user_team": "TC0C1HURK",
        "source_team": "TC0C1HURK",
        "user_profile": {
            "avatar_hash": "g5f07362bb4d",
            "image_72": "https:\/\/secure.gravatar.com\/avatar\/5f07362bb4d1e7f77bb599c1cb16c1bb.jpg?s=72&d=https%3A%2F%2Fa.slack-edge.com%2Fdf10d%2Fimg%2Favatars%2Fava_0018-72.png",
            "first_name": "",
            "real_name": "Johanna",
            "display_name": "Johanna",
            "team": "TC0C1HURK",
            "name": "jhoanna_19110",
            "is_restricted": false,
            "is_ultra_restricted": false
        },
        "blocks": [
            {
                "type": "rich_text",
                "block_id": "7Oc",
                "elements": [
                    {
                        "type": "rich_text_section",
                        "elements": [
                            {
                                "type": "text",
                                "text": "How do I send it and generate the data to use it with cube.js"
                            }
                        ]
                    }
                ]
            }
        ],
        "thread_ts": "1593628001.341100",
        "parent_user_id": "U0166QJJ630"
    },
    {
        "client_msg_id": "cf1f437a-312d-4f4f-b65f-00cc3cb2702e",
        "type": "message",
        "text": "How can I send you my data by Url and not by database, that is, by means of a service. and from there I can get the graphs of cube.js -- For example I have this URL: <https:\/\/jsonplaceholder.typicode.com\/posts>  -- How do I send it and generate the data to use it with cube.js",
        "user": "U0166QJJ630",
        "ts": "1593639232.344200",
        "team": "TC0C1HURK",
        "user_team": "TC0C1HURK",
        "source_team": "TC0C1HURK",
        "user_profile": {
            "avatar_hash": "g5f07362bb4d",
            "image_72": "https:\/\/secure.gravatar.com\/avatar\/5f07362bb4d1e7f77bb599c1cb16c1bb.jpg?s=72&d=https%3A%2F%2Fa.slack-edge.com%2Fdf10d%2Fimg%2Favatars%2Fava_0018-72.png",
            "first_name": "",
            "real_name": "Johanna",
            "display_name": "Johanna",
            "team": "TC0C1HURK",
            "name": "jhoanna_19110",
            "is_restricted": false,
            "is_ultra_restricted": false
        },
        "edited": {
            "user": "U0166QJJ630",
            "ts": "1593639267.000000"
        },
        "blocks": [
            {
                "type": "rich_text",
                "block_id": "Dkg",
                "elements": [
                    {
                        "type": "rich_text_section",
                        "elements": [
                            {
                                "type": "text",
                                "text": "How can I send you my data by Url and not by database, that is, by means of a service. and from there I can get the graphs of cube.js -- For example I have this URL: "
                            },
                            {
                                "type": "link",
                                "url": "https:\/\/jsonplaceholder.typicode.com\/posts"
                            },
                            {
                                "type": "text",
                                "text": "  -- How do I send it and generate the data to use it with cube.js"
                            }
                        ]
                    }
                ]
            }
        ],
        "thread_ts": "1593639232.344200",
        "reply_count": 2,
        "reply_users_count": 2,
        "latest_reply": "1593639428.344600",
        "reply_users": [
            "UC19HAUAK",
            "U0166QJJ630"
        ],
        "replies": [
            {
                "user": "UC19HAUAK",
                "ts": "1593639332.344400"
            },
            {
                "user": "U0166QJJ630",
                "ts": "1593639428.344600"
            }
        ],
        "subscribed": false
    },
    {
        "client_msg_id": "5f4a8333-d92e-48a2-8a9f-c9b9c9544afc",
        "type": "message",
        "text": "Hey <@U0166QJJ630>! You'd need to download those to some SQL DB first.",
        "user": "UC19HAUAK",
        "ts": "1593639332.344400",
        "team": "TC0C1HURK",
        "user_team": "TC0C1HURK",
        "source_team": "TC0C1HURK",
        "user_profile": {
            "avatar_hash": "066a042e018c",
            "image_72": "https:\/\/avatars.slack-edge.com\/2019-12-07\/866588520998_066a042e018ca831a195_72.png",
            "first_name": "Pavel",
            "real_name": "Pavel Tiunov",
            "display_name": "pavel",
            "team": "TC0C1HURK",
            "name": "pavel",
            "is_restricted": false,
            "is_ultra_restricted": false
        },
        "blocks": [
            {
                "type": "rich_text",
                "block_id": "P3TN",
                "elements": [
                    {
                        "type": "rich_text_section",
                        "elements": [
                            {
                                "type": "text",
                                "text": "Hey "
                            },
                            {
                                "type": "user",
                                "user_id": "U0166QJJ630"
                            },
                            {
                                "type": "text",
                                "text": "! You'd need to download those to some SQL DB first."
                            }
                        ]
                    }
                ]
            }
        ],
        "thread_ts": "1593639232.344200",
        "parent_user_id": "U0166QJJ630"
    },
    {
        "client_msg_id": "dcbe05f3-9f28-44c5-843e-c25fdccb0b88",
        "type": "message",
        "text": "it is so that it does not depend on a database, just pass it the URL",
        "user": "U0166QJJ630",
        "ts": "1593639428.344600",
        "team": "TC0C1HURK",
        "user_team": "TC0C1HURK",
        "source_team": "TC0C1HURK",
        "user_profile": {
            "avatar_hash": "g5f07362bb4d",
            "image_72": "https:\/\/secure.gravatar.com\/avatar\/5f07362bb4d1e7f77bb599c1cb16c1bb.jpg?s=72&d=https%3A%2F%2Fa.slack-edge.com%2Fdf10d%2Fimg%2Favatars%2Fava_0018-72.png",
            "first_name": "",
            "real_name": "Johanna",
            "display_name": "Johanna",
            "team": "TC0C1HURK",
            "name": "jhoanna_19110",
            "is_restricted": false,
            "is_ultra_restricted": false
        },
        "blocks": [
            {
                "type": "rich_text",
                "block_id": "u2D=",
                "elements": [
                    {
                        "type": "rich_text_section",
                        "elements": [
                            {
                                "type": "text",
                                "text": "it is so that it does not depend on a database, just pass it the URL"
                            }
                        ]
                    }
                ]
            }
        ],
        "thread_ts": "1593639232.344200",
        "parent_user_id": "U0166QJJ630"
    }
]