[
    {
        "client_msg_id": "402ef5c1-b7dd-4139-a7c3-f9d5b2050c74",
        "type": "message",
        "text": "hey!\n\n1. Depends on the framework. If you’re using React it might be a context where you would store the time range and then pass it in to your queries. You may even want to create your custom hook\n2. Take a look at <https:\/\/cube.dev\/docs\/security#security-context>, <https:\/\/cube.dev\/docs\/multitenancy-setup#user-context-vs-query-transformer>",
        "user": "U013J5CRRDW",
        "ts": "1597046059.406300",
        "team": "TC0C1HURK",
        "user_team": "TC0C1HURK",
        "source_team": "TC0C1HURK",
        "user_profile": {
            "avatar_hash": "759b4f7ce0bf",
            "image_72": "https:\/\/avatars.slack-edge.com\/2020-06-23\/1224215237280_759b4f7ce0bf4b291721_72.jpg",
            "first_name": "Alex",
            "real_name": "Alex Vasilev",
            "display_name": "Alex Vasilev",
            "team": "TC0C1HURK",
            "name": "vaspiring",
            "is_restricted": false,
            "is_ultra_restricted": false
        },
        "attachments": [
            {
                "title": "Multitenancy Setup | Cube.js Docs",
                "title_link": "https:\/\/cube.dev\/docs\/multitenancy-setup#user-context-vs-query-transformer",
                "text": "Documentation for working with Cube.js, the open-source analytics framework.",
                "fallback": "Multitenancy Setup | Cube.js Docs",
                "from_url": "https:\/\/cube.dev\/docs\/multitenancy-setup#user-context-vs-query-transformer",
                "service_icon": "https:\/\/cube.dev\/docs\/icons-c79b6ee44cd5a2d74a48cb83170cce6f\/apple-touch-icon-57x57.png",
                "service_name": "docs",
                "id": 1,
                "original_url": "https:\/\/cube.dev\/docs\/multitenancy-setup#user-context-vs-query-transformer"
            }
        ],
        "blocks": [
            {
                "type": "rich_text",
                "block_id": "QHR",
                "elements": [
                    {
                        "type": "rich_text_section",
                        "elements": [
                            {
                                "type": "text",
                                "text": "hey!\n\n"
                            }
                        ]
                    },
                    {
                        "type": "rich_text_list",
                        "elements": [
                            {
                                "type": "rich_text_section",
                                "elements": [
                                    {
                                        "type": "text",
                                        "text": "Depends on the framework. If you’re using React it might be a context where you would store the time range and then pass it in to your queries. You may even want to create your custom hook"
                                    }
                                ]
                            },
                            {
                                "type": "rich_text_section",
                                "elements": [
                                    {
                                        "type": "text",
                                        "text": "Take a look at "
                                    },
                                    {
                                        "type": "link",
                                        "url": "https:\/\/cube.dev\/docs\/security#security-context"
                                    },
                                    {
                                        "type": "text",
                                        "text": ", "
                                    },
                                    {
                                        "type": "link",
                                        "url": "https:\/\/cube.dev\/docs\/multitenancy-setup#user-context-vs-query-transformer"
                                    }
                                ]
                            }
                        ],
                        "style": "ordered",
                        "indent": 0
                    }
                ]
            }
        ],
        "thread_ts": "1596927966.405000",
        "parent_user_id": "U018BTTJXKL"
    },
    {
        "type": "message",
        "subtype": "channel_join",
        "ts": "1597055335.406700",
        "user": "U018RBAH10U",
        "text": "<@U018RBAH10U> has joined the channel"
    },
    {
        "type": "message",
        "text": "hi, I have a frustrating issue with external preaggregations.  My underlying data store is bigquery and I have tried both mysql and postgres and both are failing... its something to do with the migration of the data from the temp tables in bigquery stb_pre_aggregations schema, in mysql the error was caused by the column count not being equal to the value count.  I ran the test project from githib (bigquery public data hackernews with external rollups in mysql) and that project worked.   My project is very simple but keep getting these errors related to the source data when it is being migrated to the external database.  This seems like such a rudimentary issue, but I can find no documentation on this error in relation to cubejs, so I am seeking help here.  The below screenshot is with postgres as the external db",
        "files": [
            {
                "id": "F018KCE5U03",
                "created": 1597056024,
                "timestamp": 1597056024,
                "name": "Screen Shot 2020-08-10 at 12.39.10 PM.png",
                "title": "Screen Shot 2020-08-10 at 12.39.10 PM.png",
                "mimetype": "image\/png",
                "filetype": "png",
                "pretty_type": "PNG",
                "user": "U018RBAH10U",
                "editable": false,
                "size": 176463,
                "mode": "hosted",
                "is_external": false,
                "external_type": "",
                "is_public": true,
                "public_url_shared": false,
                "display_as_bot": false,
                "username": "",
                "url_private": "https:\/\/files.slack.com\/files-pri\/TC0C1HURK-F018KCE5U03\/screen_shot_2020-08-10_at_12.39.10_pm.png?t=xoxe-408409606869-1300049925941-1294691254950-5e5ba619551397a2daf3223fc6c48b4a",
                "url_private_download": "https:\/\/files.slack.com\/files-pri\/TC0C1HURK-F018KCE5U03\/download\/screen_shot_2020-08-10_at_12.39.10_pm.png?t=xoxe-408409606869-1300049925941-1294691254950-5e5ba619551397a2daf3223fc6c48b4a",
                "thumb_64": "https:\/\/files.slack.com\/files-tmb\/TC0C1HURK-F018KCE5U03-5e28be25bc\/screen_shot_2020-08-10_at_12.39.10_pm_64.png?t=xoxe-408409606869-1300049925941-1294691254950-5e5ba619551397a2daf3223fc6c48b4a",
                "thumb_80": "https:\/\/files.slack.com\/files-tmb\/TC0C1HURK-F018KCE5U03-5e28be25bc\/screen_shot_2020-08-10_at_12.39.10_pm_80.png?t=xoxe-408409606869-1300049925941-1294691254950-5e5ba619551397a2daf3223fc6c48b4a",
                "thumb_360": "https:\/\/files.slack.com\/files-tmb\/TC0C1HURK-F018KCE5U03-5e28be25bc\/screen_shot_2020-08-10_at_12.39.10_pm_360.png?t=xoxe-408409606869-1300049925941-1294691254950-5e5ba619551397a2daf3223fc6c48b4a",
                "thumb_360_w": 360,
                "thumb_360_h": 189,
                "thumb_480": "https:\/\/files.slack.com\/files-tmb\/TC0C1HURK-F018KCE5U03-5e28be25bc\/screen_shot_2020-08-10_at_12.39.10_pm_480.png?t=xoxe-408409606869-1300049925941-1294691254950-5e5ba619551397a2daf3223fc6c48b4a",
                "thumb_480_w": 480,
                "thumb_480_h": 251,
                "thumb_160": "https:\/\/files.slack.com\/files-tmb\/TC0C1HURK-F018KCE5U03-5e28be25bc\/screen_shot_2020-08-10_at_12.39.10_pm_160.png?t=xoxe-408409606869-1300049925941-1294691254950-5e5ba619551397a2daf3223fc6c48b4a",
                "thumb_720": "https:\/\/files.slack.com\/files-tmb\/TC0C1HURK-F018KCE5U03-5e28be25bc\/screen_shot_2020-08-10_at_12.39.10_pm_720.png?t=xoxe-408409606869-1300049925941-1294691254950-5e5ba619551397a2daf3223fc6c48b4a",
                "thumb_720_w": 720,
                "thumb_720_h": 377,
                "thumb_800": "https:\/\/files.slack.com\/files-tmb\/TC0C1HURK-F018KCE5U03-5e28be25bc\/screen_shot_2020-08-10_at_12.39.10_pm_800.png?t=xoxe-408409606869-1300049925941-1294691254950-5e5ba619551397a2daf3223fc6c48b4a",
                "thumb_800_w": 800,
                "thumb_800_h": 419,
                "thumb_960": "https:\/\/files.slack.com\/files-tmb\/TC0C1HURK-F018KCE5U03-5e28be25bc\/screen_shot_2020-08-10_at_12.39.10_pm_960.png?t=xoxe-408409606869-1300049925941-1294691254950-5e5ba619551397a2daf3223fc6c48b4a",
                "thumb_960_w": 960,
                "thumb_960_h": 503,
                "thumb_1024": "https:\/\/files.slack.com\/files-tmb\/TC0C1HURK-F018KCE5U03-5e28be25bc\/screen_shot_2020-08-10_at_12.39.10_pm_1024.png?t=xoxe-408409606869-1300049925941-1294691254950-5e5ba619551397a2daf3223fc6c48b4a",
                "thumb_1024_w": 1024,
                "thumb_1024_h": 536,
                "original_w": 1495,
                "original_h": 783,
                "thumb_tiny": "AwAZADCn07kUhPvRz\/kUmSPT8qAAkUlLuPt+VGfp+VACUUuTSZNAEgPFBz2\/pQKRulACZPqKQ5PcUlFABiiiigD\/2Q==",
                "permalink": "https:\/\/cube-js.slack.com\/files\/U018RBAH10U\/F018KCE5U03\/screen_shot_2020-08-10_at_12.39.10_pm.png",
                "permalink_public": "https:\/\/slack-files.com\/TC0C1HURK-F018KCE5U03-3cd86e65db",
                "is_starred": false,
                "has_rich_preview": false
            }
        ],
        "upload": false,
        "blocks": [
            {
                "type": "rich_text",
                "block_id": "M=Ucg",
                "elements": [
                    {
                        "type": "rich_text_section",
                        "elements": [
                            {
                                "type": "text",
                                "text": "hi, I have a frustrating issue with external preaggregations.  My underlying data store is bigquery and I have tried both mysql and postgres and both are failing... its something to do with the migration of the data from the temp tables in bigquery stb_pre_aggregations schema, in mysql the error was caused by the column count not being equal to the value count.  I ran the test project from githib (bigquery public data hackernews with external rollups in mysql) and that project worked.   My project is very simple but keep getting these errors related to the source data when it is being migrated to the external database.  This seems like such a rudimentary issue, but I can find no documentation on this error in relation to cubejs, so I am seeking help here.  The below screenshot is with postgres as the external db"
                            }
                        ]
                    }
                ]
            }
        ],
        "user": "U018RBAH10U",
        "display_as_bot": false,
        "ts": "1597056028.412200",
        "thread_ts": "1597056028.412200",
        "reply_count": 1,
        "reply_users_count": 1,
        "latest_reply": "1597303812.023000",
        "reply_users": [
            "USMM7QR7G"
        ],
        "replies": [
            {
                "user": "USMM7QR7G",
                "ts": "1597303812.023000"
            }
        ],
        "subscribed": false
    },
    {
        "client_msg_id": "a8c13fde-9638-46ef-87f0-77853f4a69b3",
        "type": "message",
        "text": "(Y) thanks",
        "user": "U017RV7C1D2",
        "ts": "1597059157.412500",
        "team": "TC0C1HURK",
        "user_team": "TC0C1HURK",
        "source_team": "TC0C1HURK",
        "user_profile": {
            "avatar_hash": "g251041a2e5c",
            "image_72": "https:\/\/secure.gravatar.com\/avatar\/251041a2e5c70087dae2aeb401d39644.jpg?s=72&d=https%3A%2F%2Fa.slack-edge.com%2Fdf10d%2Fimg%2Favatars%2Fava_0016-72.png",
            "first_name": "",
            "real_name": "Zak Hoosen",
            "display_name": "Zak Hoosen",
            "team": "TC0C1HURK",
            "name": "zak",
            "is_restricted": false,
            "is_ultra_restricted": false
        },
        "blocks": [
            {
                "type": "rich_text",
                "block_id": "tG=",
                "elements": [
                    {
                        "type": "rich_text_section",
                        "elements": [
                            {
                                "type": "text",
                                "text": "(Y) thanks"
                            }
                        ]
                    }
                ]
            }
        ],
        "thread_ts": "1596484556.322400",
        "parent_user_id": "U017RV7C1D2"
    },
    {
        "type": "message",
        "subtype": "channel_join",
        "ts": "1597061682.412800",
        "user": "U018KAHA010",
        "text": "<@U018KAHA010> has joined the channel"
    },
    {
        "type": "message",
        "subtype": "channel_join",
        "ts": "1597065548.413000",
        "user": "U018RKTJLG4",
        "text": "<@U018RKTJLG4> has joined the channel"
    },
    {
        "client_msg_id": "d106ffd8-7e27-4d4b-b9e5-dfa343fbcaba",
        "type": "message",
        "text": "thanks, i will look into those.",
        "user": "U018BTTJXKL",
        "ts": "1597066349.413100",
        "team": "TC0C1HURK",
        "user_team": "TC0C1HURK",
        "source_team": "TC0C1HURK",
        "user_profile": {
            "avatar_hash": "g278f0ba7e56",
            "image_72": "https:\/\/secure.gravatar.com\/avatar\/278f0ba7e56dc29aa6742141f22dccb5.jpg?s=72&d=https%3A%2F%2Fa.slack-edge.com%2Fdf10d%2Fimg%2Favatars%2Fava_0013-72.png",
            "first_name": "Lawrence",
            "real_name": "Lawrence Pang",
            "display_name": "Lawrence Pang",
            "team": "TC0C1HURK",
            "name": "lypang",
            "is_restricted": false,
            "is_ultra_restricted": false
        },
        "blocks": [
            {
                "type": "rich_text",
                "block_id": "96Q2F",
                "elements": [
                    {
                        "type": "rich_text_section",
                        "elements": [
                            {
                                "type": "text",
                                "text": "thanks, i will look into those."
                            }
                        ]
                    }
                ]
            }
        ],
        "thread_ts": "1596927966.405000",
        "parent_user_id": "U018BTTJXKL"
    },
    {
        "type": "message",
        "subtype": "channel_join",
        "ts": "1597087173.413400",
        "user": "U018SGT9VFW",
        "text": "<@U018SGT9VFW> has joined the channel"
    },
    {
        "type": "message",
        "subtype": "channel_join",
        "ts": "1597087374.413600",
        "user": "U018Z0HMTTK",
        "text": "<@U018Z0HMTTK> has joined the channel"
    },
    {
        "client_msg_id": "5479b0d4-8f3b-4a5b-bac2-d3a4b9d35bd1",
        "type": "message",
        "text": "hey <@UKSVBSG3U>! that’s an interesting question and would be nice to save the answer for all users. Could you please post it on <https:\/\/stackoverflow.com\/>?",
        "user": "U013J5CRRDW",
        "ts": "1597088090.413700",
        "team": "TC0C1HURK",
        "user_team": "TC0C1HURK",
        "source_team": "TC0C1HURK",
        "user_profile": {
            "avatar_hash": "759b4f7ce0bf",
            "image_72": "https:\/\/avatars.slack-edge.com\/2020-06-23\/1224215237280_759b4f7ce0bf4b291721_72.jpg",
            "first_name": "Alex",
            "real_name": "Alex Vasilev",
            "display_name": "Alex Vasilev",
            "team": "TC0C1HURK",
            "name": "vaspiring",
            "is_restricted": false,
            "is_ultra_restricted": false
        },
        "edited": {
            "user": "U013J5CRRDW",
            "ts": "1597088094.000000"
        },
        "blocks": [
            {
                "type": "rich_text",
                "block_id": "4q1",
                "elements": [
                    {
                        "type": "rich_text_section",
                        "elements": [
                            {
                                "type": "text",
                                "text": "hey "
                            },
                            {
                                "type": "user",
                                "user_id": "UKSVBSG3U"
                            },
                            {
                                "type": "text",
                                "text": "! that’s an interesting question and would be nice to save the answer for all users. Could you please post it on "
                            },
                            {
                                "type": "link",
                                "url": "https:\/\/stackoverflow.com\/"
                            },
                            {
                                "type": "text",
                                "text": "?"
                            }
                        ]
                    }
                ]
            }
        ],
        "thread_ts": "1596819366.402300",
        "parent_user_id": "UKSVBSG3U"
    },
    {
        "client_msg_id": "86d4998e-d39c-498f-8c39-69667706f053",
        "type": "message",
        "text": "Done already! :slightly_smiling_face:\n<https:\/\/stackoverflow.com\/questions\/63345894\/implementing-distinct-on-in-cubejs>",
        "user": "UKSVBSG3U",
        "ts": "1597088188.414100",
        "team": "TC0C1HURK",
        "user_team": "TC0C1HURK",
        "source_team": "TC0C1HURK",
        "user_profile": {
            "avatar_hash": "gffa79e19021",
            "image_72": "https:\/\/secure.gravatar.com\/avatar\/1ffa79e19021dcbe22b9d5a47ad78e61.jpg?s=72&d=https%3A%2F%2Fa.slack-edge.com%2Fdf10d%2Fimg%2Favatars%2Fava_0004-72.png",
            "first_name": "Soheyl",
            "real_name": "Soheyl",
            "display_name": "Soheyl",
            "team": "TC0C1HURK",
            "name": "vakili",
            "is_restricted": false,
            "is_ultra_restricted": false
        },
        "attachments": [
            {
                "service_name": "Stack Overflow",
                "title": "Implementing DISTINCT ON in CubeJS",
                "title_link": "https:\/\/stackoverflow.com\/questions\/63345894\/implementing-distinct-on-in-cubejs",
                "text": "I have a Postgres table like this, with device ID, timestamp, and the status of the device at that time: dev_id | timestamp | status ---------------------------------------- 1 | ...",
                "fallback": "Stack Overflow: Implementing DISTINCT ON in CubeJS",
                "thumb_url": "https:\/\/cdn.sstatic.net\/Sites\/stackoverflow\/Img\/apple-touch-icon@2.png?v=73d79a89bded",
                "from_url": "https:\/\/stackoverflow.com\/questions\/63345894\/implementing-distinct-on-in-cubejs",
                "thumb_width": 316,
                "thumb_height": 316,
                "service_icon": "https:\/\/cdn.sstatic.net\/Sites\/stackoverflow\/Img\/apple-touch-icon.png?v=c78bd457575a",
                "id": 1,
                "original_url": "https:\/\/stackoverflow.com\/questions\/63345894\/implementing-distinct-on-in-cubejs"
            }
        ],
        "blocks": [
            {
                "type": "rich_text",
                "block_id": "B3W2",
                "elements": [
                    {
                        "type": "rich_text_section",
                        "elements": [
                            {
                                "type": "text",
                                "text": "Done already! "
                            },
                            {
                                "type": "emoji",
                                "name": "slightly_smiling_face"
                            },
                            {
                                "type": "text",
                                "text": "\n"
                            },
                            {
                                "type": "link",
                                "url": "https:\/\/stackoverflow.com\/questions\/63345894\/implementing-distinct-on-in-cubejs"
                            }
                        ]
                    }
                ]
            }
        ],
        "thread_ts": "1596819366.402300",
        "parent_user_id": "UKSVBSG3U",
        "reactions": [
            {
                "name": "+1",
                "users": [
                    "U013J5CRRDW"
                ],
                "count": 1
            }
        ]
    },
    {
        "type": "message",
        "subtype": "channel_join",
        "ts": "1597092220.414700",
        "user": "U018SN2DPQU",
        "text": "<@U018SN2DPQU> has joined the channel"
    },
    {
        "type": "message",
        "subtype": "channel_join",
        "ts": "1597093356.414800",
        "user": "U018Z2MQ1DF",
        "text": "<@U018Z2MQ1DF> has joined the channel"
    },
    {
        "type": "message",
        "subtype": "channel_join",
        "ts": "1597095593.414900",
        "user": "U0183513007",
        "text": "<@U0183513007> has joined the channel"
    },
    {
        "type": "message",
        "subtype": "channel_join",
        "ts": "1597098527.415100",
        "user": "U018LN2Q8D8",
        "text": "<@U018LN2Q8D8> has joined the channel"
    },
    {
        "type": "message",
        "text": "Hello, I am a student trying to use OLAP to model my data for a school project, but even though I have an 18 dimensional table in my PostgreSQL database, the data that's being returned by the Cube.js is a meager 3 dimensional json. I expected it to have 18 dimensions as well. Am I expecting something wrong?",
        "files": [
            {
                "id": "F018LUMMA11",
                "created": 1597099197,
                "timestamp": 1597099197,
                "name": "image.png",
                "title": "image.png",
                "mimetype": "image\/png",
                "filetype": "png",
                "pretty_type": "PNG",
                "user": "U018LN2Q8D8",
                "editable": false,
                "size": 67490,
                "mode": "hosted",
                "is_external": false,
                "external_type": "",
                "is_public": true,
                "public_url_shared": false,
                "display_as_bot": false,
                "username": "",
                "url_private": "https:\/\/files.slack.com\/files-pri\/TC0C1HURK-F018LUMMA11\/image.png?t=xoxe-408409606869-1300049925941-1294691254950-5e5ba619551397a2daf3223fc6c48b4a",
                "url_private_download": "https:\/\/files.slack.com\/files-pri\/TC0C1HURK-F018LUMMA11\/download\/image.png?t=xoxe-408409606869-1300049925941-1294691254950-5e5ba619551397a2daf3223fc6c48b4a",
                "thumb_64": "https:\/\/files.slack.com\/files-tmb\/TC0C1HURK-F018LUMMA11-f0ff1b8ee6\/image_64.png?t=xoxe-408409606869-1300049925941-1294691254950-5e5ba619551397a2daf3223fc6c48b4a",
                "thumb_80": "https:\/\/files.slack.com\/files-tmb\/TC0C1HURK-F018LUMMA11-f0ff1b8ee6\/image_80.png?t=xoxe-408409606869-1300049925941-1294691254950-5e5ba619551397a2daf3223fc6c48b4a",
                "thumb_360": "https:\/\/files.slack.com\/files-tmb\/TC0C1HURK-F018LUMMA11-f0ff1b8ee6\/image_360.png?t=xoxe-408409606869-1300049925941-1294691254950-5e5ba619551397a2daf3223fc6c48b4a",
                "thumb_360_w": 187,
                "thumb_360_h": 360,
                "thumb_480": "https:\/\/files.slack.com\/files-tmb\/TC0C1HURK-F018LUMMA11-f0ff1b8ee6\/image_480.png?t=xoxe-408409606869-1300049925941-1294691254950-5e5ba619551397a2daf3223fc6c48b4a",
                "thumb_480_w": 249,
                "thumb_480_h": 480,
                "thumb_160": "https:\/\/files.slack.com\/files-tmb\/TC0C1HURK-F018LUMMA11-f0ff1b8ee6\/image_160.png?t=xoxe-408409606869-1300049925941-1294691254950-5e5ba619551397a2daf3223fc6c48b4a",
                "thumb_720": "https:\/\/files.slack.com\/files-tmb\/TC0C1HURK-F018LUMMA11-f0ff1b8ee6\/image_720.png?t=xoxe-408409606869-1300049925941-1294691254950-5e5ba619551397a2daf3223fc6c48b4a",
                "thumb_720_w": 374,
                "thumb_720_h": 720,
                "thumb_800": "https:\/\/files.slack.com\/files-tmb\/TC0C1HURK-F018LUMMA11-f0ff1b8ee6\/image_800.png?t=xoxe-408409606869-1300049925941-1294691254950-5e5ba619551397a2daf3223fc6c48b4a",
                "thumb_800_w": 416,
                "thumb_800_h": 800,
                "original_w": 426,
                "original_h": 820,
                "thumb_tiny": "AwAwABi4YkJyV\/WgQx56GpDnd0BoPHagCMW8R7H8zS\/ZovQ\/99GpPof0pef71AAeooajvQ1ACdqKB92igBe9DdqO9DUAHakpR92kxQB\/\/9k=",
                "permalink": "https:\/\/cube-js.slack.com\/files\/U018LN2Q8D8\/F018LUMMA11\/image.png",
                "permalink_public": "https:\/\/slack-files.com\/TC0C1HURK-F018LUMMA11-312c28139e",
                "is_starred": false,
                "has_rich_preview": false
            },
            {
                "id": "F019AHWEY9W",
                "created": 1597099231,
                "timestamp": 1597099231,
                "name": "image.png",
                "title": "image.png",
                "mimetype": "image\/png",
                "filetype": "png",
                "pretty_type": "PNG",
                "user": "U018LN2Q8D8",
                "editable": false,
                "size": 72566,
                "mode": "hosted",
                "is_external": false,
                "external_type": "",
                "is_public": true,
                "public_url_shared": false,
                "display_as_bot": false,
                "username": "",
                "url_private": "https:\/\/files.slack.com\/files-pri\/TC0C1HURK-F019AHWEY9W\/image.png?t=xoxe-408409606869-1300049925941-1294691254950-5e5ba619551397a2daf3223fc6c48b4a",
                "url_private_download": "https:\/\/files.slack.com\/files-pri\/TC0C1HURK-F019AHWEY9W\/download\/image.png?t=xoxe-408409606869-1300049925941-1294691254950-5e5ba619551397a2daf3223fc6c48b4a",
                "thumb_64": "https:\/\/files.slack.com\/files-tmb\/TC0C1HURK-F019AHWEY9W-3d23d3dc40\/image_64.png?t=xoxe-408409606869-1300049925941-1294691254950-5e5ba619551397a2daf3223fc6c48b4a",
                "thumb_80": "https:\/\/files.slack.com\/files-tmb\/TC0C1HURK-F019AHWEY9W-3d23d3dc40\/image_80.png?t=xoxe-408409606869-1300049925941-1294691254950-5e5ba619551397a2daf3223fc6c48b4a",
                "thumb_360": "https:\/\/files.slack.com\/files-tmb\/TC0C1HURK-F019AHWEY9W-3d23d3dc40\/image_360.png?t=xoxe-408409606869-1300049925941-1294691254950-5e5ba619551397a2daf3223fc6c48b4a",
                "thumb_360_w": 360,
                "thumb_360_h": 349,
                "thumb_480": "https:\/\/files.slack.com\/files-tmb\/TC0C1HURK-F019AHWEY9W-3d23d3dc40\/image_480.png?t=xoxe-408409606869-1300049925941-1294691254950-5e5ba619551397a2daf3223fc6c48b4a",
                "thumb_480_w": 480,
                "thumb_480_h": 466,
                "thumb_160": "https:\/\/files.slack.com\/files-tmb\/TC0C1HURK-F019AHWEY9W-3d23d3dc40\/image_160.png?t=xoxe-408409606869-1300049925941-1294691254950-5e5ba619551397a2daf3223fc6c48b4a",
                "thumb_720": "https:\/\/files.slack.com\/files-tmb\/TC0C1HURK-F019AHWEY9W-3d23d3dc40\/image_720.png?t=xoxe-408409606869-1300049925941-1294691254950-5e5ba619551397a2daf3223fc6c48b4a",
                "thumb_720_w": 720,
                "thumb_720_h": 698,
                "thumb_800": "https:\/\/files.slack.com\/files-tmb\/TC0C1HURK-F019AHWEY9W-3d23d3dc40\/image_800.png?t=xoxe-408409606869-1300049925941-1294691254950-5e5ba619551397a2daf3223fc6c48b4a",
                "thumb_800_w": 800,
                "thumb_800_h": 776,
                "thumb_960": "https:\/\/files.slack.com\/files-tmb\/TC0C1HURK-F019AHWEY9W-3d23d3dc40\/image_960.png?t=xoxe-408409606869-1300049925941-1294691254950-5e5ba619551397a2daf3223fc6c48b4a",
                "thumb_960_w": 960,
                "thumb_960_h": 931,
                "original_w": 963,
                "original_h": 934,
                "thumb_tiny": "AwAuADDQCKP\/ANdLinYHpRQAwigjjtTu9FADcH2pcH2paKAFooooAQjNHNIRk0tABRRRQAbh6ijcPUUtFADT1paDRQAUUUUAf\/\/Z",
                "permalink": "https:\/\/cube-js.slack.com\/files\/U018LN2Q8D8\/F019AHWEY9W\/image.png",
                "permalink_public": "https:\/\/slack-files.com\/TC0C1HURK-F019AHWEY9W-03c86edc44",
                "is_starred": false,
                "has_rich_preview": false
            }
        ],
        "upload": false,
        "blocks": [
            {
                "type": "rich_text",
                "block_id": "c5pa",
                "elements": [
                    {
                        "type": "rich_text_section",
                        "elements": [
                            {
                                "type": "text",
                                "text": "Hello, I am a student trying to use OLAP to model my data for a school project, but even though I have an 18 dimensional table in my PostgreSQL database, the data that's being returned by the Cube.js is a meager 3 dimensional json. I expected it to have 18 dimensions as well. Am I expecting something wrong?"
                            }
                        ]
                    }
                ]
            }
        ],
        "user": "U018LN2Q8D8",
        "ts": "1597099241.417100",
        "thread_ts": "1597099241.417100",
        "reply_count": 9,
        "reply_users_count": 2,
        "latest_reply": "1597100368.419300",
        "reply_users": [
            "U0172ELKEQM",
            "U018LN2Q8D8"
        ],
        "replies": [
            {
                "user": "U0172ELKEQM",
                "ts": "1597099939.417600"
            },
            {
                "user": "U0172ELKEQM",
                "ts": "1597100022.417800"
            },
            {
                "user": "U018LN2Q8D8",
                "ts": "1597100070.418000"
            },
            {
                "user": "U0172ELKEQM",
                "ts": "1597100098.418200"
            },
            {
                "user": "U018LN2Q8D8",
                "ts": "1597100105.418400"
            },
            {
                "user": "U018LN2Q8D8",
                "ts": "1597100118.418600"
            },
            {
                "user": "U0172ELKEQM",
                "ts": "1597100161.418800"
            },
            {
                "user": "U018LN2Q8D8",
                "ts": "1597100172.419000"
            },
            {
                "user": "U0172ELKEQM",
                "ts": "1597100368.419300"
            }
        ],
        "subscribed": false
    },
    {
        "client_msg_id": "3b7eac9c-dcdb-451d-b19f-a22a94274ba7",
        "type": "message",
        "text": "You can add more by editing your Schema. Go to your app folder and you will see another folder called Schema, open it up and in it you will find `Tabel.js` you can add more dimensions there",
        "user": "U0172ELKEQM",
        "ts": "1597099939.417600",
        "team": "TC0C1HURK",
        "user_team": "TC0C1HURK",
        "source_team": "TC0C1HURK",
        "user_profile": {
            "avatar_hash": "g2205aac540b",
            "image_72": "https:\/\/secure.gravatar.com\/avatar\/2205aac540b50a6dbd251e017c704627.jpg?s=72&d=https%3A%2F%2Fa.slack-edge.com%2Fdf10d%2Fimg%2Favatars%2Fava_0012-72.png",
            "first_name": "",
            "real_name": "Adefemi Afuwape",
            "display_name": "Adefemi Afuwape",
            "team": "TC0C1HURK",
            "name": "adefemi171",
            "is_restricted": false,
            "is_ultra_restricted": false
        },
        "blocks": [
            {
                "type": "rich_text",
                "block_id": "JA8",
                "elements": [
                    {
                        "type": "rich_text_section",
                        "elements": [
                            {
                                "type": "text",
                                "text": "You can add more by editing your Schema. Go to your app folder and you will see another folder called Schema, open it up and in it you will find "
                            },
                            {
                                "type": "text",
                                "text": "Tabel.js",
                                "style": {
                                    "code": true
                                }
                            },
                            {
                                "type": "text",
                                "text": " you can add more dimensions there"
                            }
                        ]
                    }
                ]
            }
        ],
        "thread_ts": "1597099241.417100",
        "parent_user_id": "U018LN2Q8D8"
    },
    {
        "client_msg_id": "b11ba26f-e25e-481d-b409-f63299a0c2b3",
        "type": "message",
        "text": "```web-dev\\hello-world\\schema\\Tabel.js```\nIn this you will find what to add",
        "user": "U0172ELKEQM",
        "ts": "1597100022.417800",
        "team": "TC0C1HURK",
        "user_team": "TC0C1HURK",
        "source_team": "TC0C1HURK",
        "user_profile": {
            "avatar_hash": "g2205aac540b",
            "image_72": "https:\/\/secure.gravatar.com\/avatar\/2205aac540b50a6dbd251e017c704627.jpg?s=72&d=https%3A%2F%2Fa.slack-edge.com%2Fdf10d%2Fimg%2Favatars%2Fava_0012-72.png",
            "first_name": "",
            "real_name": "Adefemi Afuwape",
            "display_name": "Adefemi Afuwape",
            "team": "TC0C1HURK",
            "name": "adefemi171",
            "is_restricted": false,
            "is_ultra_restricted": false
        },
        "blocks": [
            {
                "type": "rich_text",
                "block_id": "F7Z8n",
                "elements": [
                    {
                        "type": "rich_text_preformatted",
                        "elements": [
                            {
                                "type": "text",
                                "text": "web-dev\\hello-world\\schema\\Tabel.js"
                            }
                        ]
                    },
                    {
                        "type": "rich_text_section",
                        "elements": [
                            {
                                "type": "text",
                                "text": "\nIn this you will find what to add"
                            }
                        ]
                    }
                ]
            }
        ],
        "thread_ts": "1597099241.417100",
        "parent_user_id": "U018LN2Q8D8"
    },
    {
        "client_msg_id": "43181b7c-d839-4bf4-bbdc-ff13e6fd5575",
        "type": "message",
        "text": "So basically I should manually modify the Schema file called 'Tabel.js' if I should want a complete render of my initial database.",
        "user": "U018LN2Q8D8",
        "ts": "1597100070.418000",
        "team": "TC0C1HURK",
        "user_team": "TC0C1HURK",
        "source_team": "TC0C1HURK",
        "user_profile": {
            "avatar_hash": "gd36ca5d7c0f",
            "image_72": "https:\/\/secure.gravatar.com\/avatar\/d36ca5d7c0f597d93539a2e61ddbdaae.jpg?s=72&d=https%3A%2F%2Fa.slack-edge.com%2Fdf10d%2Fimg%2Favatars%2Fava_0005-72.png",
            "first_name": "",
            "real_name": "Dan Iliescu",
            "display_name": "Dan Iliescu",
            "team": "TC0C1HURK",
            "name": "dan.iliescu97",
            "is_restricted": false,
            "is_ultra_restricted": false
        },
        "blocks": [
            {
                "type": "rich_text",
                "block_id": "Fri",
                "elements": [
                    {
                        "type": "rich_text_section",
                        "elements": [
                            {
                                "type": "text",
                                "text": "So basically I should manually modify the Schema file called 'Tabel.js' if I should want a complete render of my initial database."
                            }
                        ]
                    }
                ]
            }
        ],
        "thread_ts": "1597099241.417100",
        "parent_user_id": "U018LN2Q8D8"
    },
    {
        "client_msg_id": "36a585d0-f7aa-40b9-b0f8-722abdb02d17",
        "type": "message",
        "text": "Thats what I did in my case",
        "user": "U0172ELKEQM",
        "ts": "1597100098.418200",
        "team": "TC0C1HURK",
        "user_team": "TC0C1HURK",
        "source_team": "TC0C1HURK",
        "user_profile": {
            "avatar_hash": "g2205aac540b",
            "image_72": "https:\/\/secure.gravatar.com\/avatar\/2205aac540b50a6dbd251e017c704627.jpg?s=72&d=https%3A%2F%2Fa.slack-edge.com%2Fdf10d%2Fimg%2Favatars%2Fava_0012-72.png",
            "first_name": "",
            "real_name": "Adefemi Afuwape",
            "display_name": "Adefemi Afuwape",
            "team": "TC0C1HURK",
            "name": "adefemi171",
            "is_restricted": false,
            "is_ultra_restricted": false
        },
        "blocks": [
            {
                "type": "rich_text",
                "block_id": "fuZ8o",
                "elements": [
                    {
                        "type": "rich_text_section",
                        "elements": [
                            {
                                "type": "text",
                                "text": "Thats what I did in my case"
                            }
                        ]
                    }
                ]
            }
        ],
        "thread_ts": "1597099241.417100",
        "parent_user_id": "U018LN2Q8D8"
    },
    {
        "client_msg_id": "bb840fc4-eee4-420c-abf2-af0f95bc4504",
        "type": "message",
        "text": "For some reason I thought that Cube.Js takes care of all of that automatically.",
        "user": "U018LN2Q8D8",
        "ts": "1597100105.418400",
        "team": "TC0C1HURK",
        "user_team": "TC0C1HURK",
        "source_team": "TC0C1HURK",
        "user_profile": {
            "avatar_hash": "gd36ca5d7c0f",
            "image_72": "https:\/\/secure.gravatar.com\/avatar\/d36ca5d7c0f597d93539a2e61ddbdaae.jpg?s=72&d=https%3A%2F%2Fa.slack-edge.com%2Fdf10d%2Fimg%2Favatars%2Fava_0005-72.png",
            "first_name": "",
            "real_name": "Dan Iliescu",
            "display_name": "Dan Iliescu",
            "team": "TC0C1HURK",
            "name": "dan.iliescu97",
            "is_restricted": false,
            "is_ultra_restricted": false
        },
        "blocks": [
            {
                "type": "rich_text",
                "block_id": "Bar",
                "elements": [
                    {
                        "type": "rich_text_section",
                        "elements": [
                            {
                                "type": "text",
                                "text": "For some reason I thought that Cube.Js takes care of all of that automatically."
                            }
                        ]
                    }
                ]
            }
        ],
        "thread_ts": "1597099241.417100",
        "parent_user_id": "U018LN2Q8D8"
    },
    {
        "client_msg_id": "77dde3a9-adeb-40e4-ad49-c0fbb19ddb08",
        "type": "message",
        "text": "Thank you for your answer.",
        "user": "U018LN2Q8D8",
        "ts": "1597100118.418600",
        "team": "TC0C1HURK",
        "user_team": "TC0C1HURK",
        "source_team": "TC0C1HURK",
        "user_profile": {
            "avatar_hash": "gd36ca5d7c0f",
            "image_72": "https:\/\/secure.gravatar.com\/avatar\/d36ca5d7c0f597d93539a2e61ddbdaae.jpg?s=72&d=https%3A%2F%2Fa.slack-edge.com%2Fdf10d%2Fimg%2Favatars%2Fava_0005-72.png",
            "first_name": "",
            "real_name": "Dan Iliescu",
            "display_name": "Dan Iliescu",
            "team": "TC0C1HURK",
            "name": "dan.iliescu97",
            "is_restricted": false,
            "is_ultra_restricted": false
        },
        "blocks": [
            {
                "type": "rich_text",
                "block_id": "DgdKr",
                "elements": [
                    {
                        "type": "rich_text_section",
                        "elements": [
                            {
                                "type": "text",
                                "text": "Thank you for your answer."
                            }
                        ]
                    }
                ]
            }
        ],
        "thread_ts": "1597099241.417100",
        "parent_user_id": "U018LN2Q8D8"
    },
    {
        "client_msg_id": "ae21ca53-d453-4222-80b0-218b70e3943a",
        "type": "message",
        "text": "Maybe a more technical approach could be made though",
        "user": "U0172ELKEQM",
        "ts": "1597100161.418800",
        "team": "TC0C1HURK",
        "user_team": "TC0C1HURK",
        "source_team": "TC0C1HURK",
        "user_profile": {
            "avatar_hash": "g2205aac540b",
            "image_72": "https:\/\/secure.gravatar.com\/avatar\/2205aac540b50a6dbd251e017c704627.jpg?s=72&d=https%3A%2F%2Fa.slack-edge.com%2Fdf10d%2Fimg%2Favatars%2Fava_0012-72.png",
            "first_name": "",
            "real_name": "Adefemi Afuwape",
            "display_name": "Adefemi Afuwape",
            "team": "TC0C1HURK",
            "name": "adefemi171",
            "is_restricted": false,
            "is_ultra_restricted": false
        },
        "blocks": [
            {
                "type": "rich_text",
                "block_id": "OrIEb",
                "elements": [
                    {
                        "type": "rich_text_section",
                        "elements": [
                            {
                                "type": "text",
                                "text": "Maybe a more technical approach could be made though"
                            }
                        ]
                    }
                ]
            }
        ],
        "thread_ts": "1597099241.417100",
        "parent_user_id": "U018LN2Q8D8"
    },
    {
        "client_msg_id": "fbd0096b-e28c-4869-9682-1274481df442",
        "type": "message",
        "text": "Also, do you have any idea about what is the difference between measure and dimension?",
        "user": "U018LN2Q8D8",
        "ts": "1597100172.419000",
        "team": "TC0C1HURK",
        "user_team": "TC0C1HURK",
        "source_team": "TC0C1HURK",
        "user_profile": {
            "avatar_hash": "gd36ca5d7c0f",
            "image_72": "https:\/\/secure.gravatar.com\/avatar\/d36ca5d7c0f597d93539a2e61ddbdaae.jpg?s=72&d=https%3A%2F%2Fa.slack-edge.com%2Fdf10d%2Fimg%2Favatars%2Fava_0005-72.png",
            "first_name": "",
            "real_name": "Dan Iliescu",
            "display_name": "Dan Iliescu",
            "team": "TC0C1HURK",
            "name": "dan.iliescu97",
            "is_restricted": false,
            "is_ultra_restricted": false
        },
        "blocks": [
            {
                "type": "rich_text",
                "block_id": "UXJzy",
                "elements": [
                    {
                        "type": "rich_text_section",
                        "elements": [
                            {
                                "type": "text",
                                "text": "Also, do you have any idea about what is the difference between measure and dimension?"
                            }
                        ]
                    }
                ]
            }
        ],
        "thread_ts": "1597099241.417100",
        "parent_user_id": "U018LN2Q8D8"
    },
    {
        "client_msg_id": "75ebe3d9-6c43-4e72-98f8-0bf64f863362",
        "type": "message",
        "text": "I'd look here\n<https:\/\/cube.dev\/docs\/dimensions#top>\n\n<https:\/\/cube.dev\/docs\/measures#top>",
        "user": "U0172ELKEQM",
        "ts": "1597100368.419300",
        "team": "TC0C1HURK",
        "user_team": "TC0C1HURK",
        "source_team": "TC0C1HURK",
        "user_profile": {
            "avatar_hash": "g2205aac540b",
            "image_72": "https:\/\/secure.gravatar.com\/avatar\/2205aac540b50a6dbd251e017c704627.jpg?s=72&d=https%3A%2F%2Fa.slack-edge.com%2Fdf10d%2Fimg%2Favatars%2Fava_0012-72.png",
            "first_name": "",
            "real_name": "Adefemi Afuwape",
            "display_name": "Adefemi Afuwape",
            "team": "TC0C1HURK",
            "name": "adefemi171",
            "is_restricted": false,
            "is_ultra_restricted": false
        },
        "blocks": [
            {
                "type": "rich_text",
                "block_id": "o66Y",
                "elements": [
                    {
                        "type": "rich_text_section",
                        "elements": [
                            {
                                "type": "text",
                                "text": "I'd look here\n"
                            },
                            {
                                "type": "link",
                                "url": "https:\/\/cube.dev\/docs\/dimensions#top"
                            },
                            {
                                "type": "text",
                                "text": "\n\n"
                            },
                            {
                                "type": "link",
                                "url": "https:\/\/cube.dev\/docs\/measures#top"
                            }
                        ]
                    }
                ]
            }
        ],
        "thread_ts": "1597099241.417100",
        "parent_user_id": "U018LN2Q8D8"
    }
]