[
    {
        "type": "message",
        "subtype": "channel_join",
        "ts": "1586682045.285700",
        "user": "U011ZB906V7",
        "text": "<@U011ZB906V7> has joined the channel"
    },
    {
        "type": "message",
        "subtype": "channel_join",
        "ts": "1586692665.286200",
        "user": "U011KF1JEMC",
        "text": "<@U011KF1JEMC> has joined the channel"
    },
    {
        "type": "message",
        "subtype": "channel_join",
        "ts": "1586753076.286400",
        "user": "U011Q4KNLAH",
        "text": "<@U011Q4KNLAH> has joined the channel"
    }
]