[
    {
        "type": "message",
        "subtype": "channel_join",
        "ts": "1561648577.000200",
        "user": "UC1HAFW4E",
        "text": "<@UC1HAFW4E> has joined the channel"
    },
    {
        "type": "message",
        "subtype": "channel_join",
        "ts": "1561649286.000400",
        "user": "UC19HAUAK",
        "text": "<@UC19HAUAK> has joined the channel"
    },
    {
        "type": "message",
        "subtype": "channel_archive",
        "ts": "1561649321.000500",
        "user": "UC19HAUAK",
        "text": "<@UC19HAUAK> archived the channel"
    }
]